target_id,disease_id
P0000,C048
P0000,C231
P0000,C279
P0000,C349
P0001,C048
P0001,C113
P0001,C114
P0001,C130
P0001,C231
P0001,C332
P0002,C033
P0002,C034
P0002,C039
P0002,C180
P0002,C258
P0002,C299
P0002,C319
P0002,C323
P0003,C332
P0004,C332
P0005,C019
P0005,C104
P0005,C105
P0005,C113
P0005,C114
P0005,C224
P0005,C237
P0005,C331
P0006,C008
P0006,C017
P0006,C051
P0006,C053
P0006,C079
P0006,C080
P0006,C113
P0006,C114
P0006,C183
P0006,C224
P0006,C248
P0006,C293
P0006,C313
P0006,C322
P0006,C332
P0006,C350
P0006,C352
P0007,C121
P0007,C135
P0007,C251
P0007,C260
P0007,C309
P0007,C332
P0008,C019
P0008,C033
P0008,C034
P0008,C044
P0008,C046
P0008,C051
P0008,C053
P0008,C082
P0008,C091
P0008,C104
P0008,C105
P0008,C115
P0008,C135
P0008,C178
P0008,C224
P0008,C237
P0008,C248
P0008,C252
P0008,C262
P0008,C293
P0008,C309
P0008,C313
P0008,C331
P0008,C332
P0008,C350
P0008,C352
P0009,C033
P0009,C034
P0009,C085
P0009,C127
P0009,C178
P0009,C252
P0009,C260
P0009,C332
P0009,C363
P0010,C019
P0010,C033
P0010,C034
P0010,C044
P0010,C051
P0010,C053
P0010,C091
P0010,C104
P0010,C105
P0010,C115
P0010,C135
P0010,C178
P0010,C237
P0010,C248
P0010,C293
P0010,C309
P0010,C313
P0010,C331
P0010,C332
P0010,C350
P0010,C352
P0011,C033
P0011,C034
P0011,C162
P0011,C163
P0011,C178
P0011,C343
P0012,C033
P0012,C034
P0012,C046
P0012,C162
P0012,C163
P0012,C231
P0012,C343
P0013,C008
P0013,C013
P0013,C017
P0013,C019
P0013,C031
P0013,C033
P0013,C034
P0013,C044
P0013,C046
P0013,C051
P0013,C053
P0013,C069
P0013,C079
P0013,C080
P0013,C082
P0013,C085
P0013,C091
P0013,C104
P0013,C105
P0013,C115
P0013,C130
P0013,C135
P0013,C171
P0013,C178
P0013,C183
P0013,C215
P0013,C216
P0013,C217
P0013,C224
P0013,C225
P0013,C237
P0013,C248
P0013,C251
P0013,C252
P0013,C262
P0013,C279
P0013,C284
P0013,C293
P0013,C294
P0013,C309
P0013,C313
P0013,C322
P0013,C331
P0013,C332
P0013,C349
P0013,C350
P0013,C352
P0014,C015
P0014,C019
P0014,C033
P0014,C034
P0014,C044
P0014,C046
P0014,C051
P0014,C053
P0014,C069
P0014,C082
P0014,C085
P0014,C104
P0014,C105
P0014,C113
P0014,C114
P0014,C121
P0014,C130
P0014,C135
P0014,C162
P0014,C163
P0014,C178
P0014,C183
P0014,C185
P0014,C186
P0014,C223
P0014,C237
P0014,C248
P0014,C252
P0014,C293
P0014,C309
P0014,C313
P0014,C322
P0014,C331
P0014,C332
P0014,C343
P0014,C347
P0014,C352
P0014,C358
P0014,C359
P0014,C362
P0015,C008
P0015,C017
P0015,C028
P0015,C031
P0015,C033
P0015,C034
P0015,C113
P0015,C114
P0015,C185
P0015,C186
P0015,C279
P0015,C349
P0015,C350
P0016,C033
P0016,C034
P0016,C085
P0016,C135
P0016,C224
P0016,C309
P0017,C015
P0017,C019
P0017,C028
P0017,C033
P0017,C034
P0017,C044
P0017,C046
P0017,C051
P0017,C053
P0017,C069
P0017,C079
P0017,C080
P0017,C082
P0017,C085
P0017,C091
P0017,C104
P0017,C105
P0017,C130
P0017,C135
P0017,C162
P0017,C163
P0017,C178
P0017,C235
P0017,C237
P0017,C248
P0017,C252
P0017,C293
P0017,C309
P0017,C313
P0017,C331
P0017,C332
P0017,C343
P0017,C350
P0017,C352
P0018,C033
P0018,C034
P0018,C044
P0018,C046
P0018,C113
P0018,C114
P0018,C135
P0018,C183
P0018,C309
P0018,C322
P0018,C332
P0018,C350
P0019,C258
P0020,C033
P0020,C034
P0020,C046
P0020,C051
P0020,C053
P0020,C135
P0020,C248
P0020,C252
P0020,C293
P0020,C309
P0020,C313
P0020,C350
P0020,C352
P0021,C019
P0021,C031
P0021,C033
P0021,C034
P0021,C044
P0021,C046
P0021,C048
P0021,C069
P0021,C079
P0021,C080
P0021,C085
P0021,C098
P0021,C104
P0021,C105
P0021,C113
P0021,C114
P0021,C115
P0021,C121
P0021,C131
P0021,C135
P0021,C145
P0021,C178
P0021,C183
P0021,C224
P0021,C235
P0021,C237
P0021,C245
P0021,C252
P0021,C260
P0021,C269
P0021,C294
P0021,C309
P0021,C322
P0021,C331
P0021,C332
P0021,C340
P0021,C347
P0021,C350
P0021,C358
P0021,C359
P0021,C362
P0022,C224
P0022,C350
P0023,C051
P0023,C053
P0023,C248
P0023,C293
P0023,C313
P0023,C352
P0024,C130
P0024,C135
P0024,C309
P0025,C008
P0025,C013
P0025,C017
P0025,C028
P0025,C033
P0025,C034
P0025,C044
P0025,C046
P0025,C048
P0025,C051
P0025,C053
P0025,C069
P0025,C079
P0025,C080
P0025,C082
P0025,C091
P0025,C098
P0025,C101
P0025,C113
P0025,C114
P0025,C115
P0025,C130
P0025,C135
P0025,C145
P0025,C178
P0025,C183
P0025,C231
P0025,C248
P0025,C251
P0025,C269
P0025,C279
P0025,C293
P0025,C305
P0025,C309
P0025,C313
P0025,C322
P0025,C332
P0025,C349
P0025,C350
P0025,C352
P0026,C113
P0026,C114
P0026,C164
P0027,C033
P0027,C034
P0027,C185
P0027,C186
P0028,C019
P0028,C033
P0028,C034
P0028,C085
P0028,C101
P0028,C104
P0028,C105
P0028,C113
P0028,C114
P0028,C162
P0028,C163
P0028,C185
P0028,C186
P0028,C224
P0028,C237
P0028,C331
P0028,C343
P0029,C044
P0029,C079
P0029,C080
P0029,C085
P0029,C145
P0029,C183
P0029,C252
P0029,C269
P0029,C320
P0029,C322
P0029,C332
P0029,C350
P0030,C085
P0030,C130
P0030,C180
P0030,C332
P0031,C028
P0031,C031
P0031,C185
P0031,C186
P0031,C223
P0032,C031
P0032,C224
P0033,C033
P0033,C034
P0033,C051
P0033,C053
P0033,C069
P0033,C130
P0033,C135
P0033,C138
P0033,C160
P0033,C178
P0033,C248
P0033,C252
P0033,C293
P0033,C309
P0033,C313
P0033,C352
P0034,C008
P0034,C017
P0034,C033
P0034,C034
P0034,C051
P0034,C053
P0034,C101
P0034,C113
P0034,C114
P0034,C135
P0034,C147
P0034,C248
P0034,C252
P0034,C293
P0034,C309
P0034,C313
P0034,C332
P0034,C350
P0034,C352
P0035,C031
P0035,C113
P0035,C114
P0036,C224
P0037,C044
P0038,C178
P0039,C085
P0040,C069
P0040,C121
P0040,C130
P0041,C033
P0041,C034
P0041,C127
P0042,C019
P0042,C085
P0042,C104
P0042,C105
P0042,C113
P0042,C114
P0042,C135
P0042,C138
P0042,C178
P0042,C237
P0042,C309
P0042,C331
P0042,C332
P0042,C350
P0043,C085
P0043,C113
P0043,C114
P0043,C138
P0044,C085
P0044,C138
P0044,C183
P0044,C252
P0044,C322
P0045,C019
P0045,C079
P0045,C080
P0045,C082
P0045,C085
P0045,C104
P0045,C105
P0045,C113
P0045,C114
P0045,C130
P0045,C135
P0045,C173
P0045,C203
P0045,C204
P0045,C237
P0045,C252
P0045,C309
P0045,C331
P0045,C332
P0045,C340
P0046,C079
P0046,C080
P0046,C085
P0046,C332
P0046,C340
P0047,C044
P0047,C183
P0047,C224
P0047,C322
P0047,C332
P0048,C332
P0049,C015
P0049,C019
P0049,C082
P0049,C085
P0049,C098
P0049,C104
P0049,C105
P0049,C113
P0049,C114
P0049,C130
P0049,C135
P0049,C173
P0049,C203
P0049,C204
P0049,C237
P0049,C252
P0049,C309
P0049,C331
P0049,C332
P0049,C340
P0050,C019
P0050,C033
P0050,C034
P0050,C044
P0050,C046
P0050,C048
P0050,C051
P0050,C053
P0050,C069
P0050,C085
P0050,C101
P0050,C104
P0050,C105
P0050,C113
P0050,C114
P0050,C120
P0050,C130
P0050,C135
P0050,C183
P0050,C224
P0050,C237
P0050,C245
P0050,C248
P0050,C252
P0050,C293
P0050,C309
P0050,C313
P0050,C322
P0050,C331
P0050,C332
P0050,C350
P0050,C352
P0051,C028
P0051,C113
P0051,C114
P0051,C183
P0051,C231
P0051,C234
P0051,C322
P0051,C332
P0051,C350
P0052,C113
P0052,C114
P0052,C121
P0052,C262
P0053,C015
P0053,C033
P0053,C034
P0053,C135
P0053,C180
P0053,C309
P0054,C033
P0054,C034
P0054,C051
P0054,C053
P0054,C098
P0054,C225
P0054,C248
P0054,C252
P0054,C293
P0054,C313
P0054,C352
P0055,C019
P0055,C028
P0055,C082
P0055,C085
P0055,C098
P0055,C104
P0055,C105
P0055,C113
P0055,C114
P0055,C130
P0055,C135
P0055,C173
P0055,C203
P0055,C204
P0055,C237
P0055,C252
P0055,C309
P0055,C331
P0055,C332
P0055,C340
P0056,C028
P0056,C121
P0056,C173
P0056,C178
P0056,C182
P0056,C223
P0056,C305
P0056,C332
P0057,C121
P0057,C173
P0058,C001
P0058,C008
P0058,C017
P0058,C019
P0058,C044
P0058,C048
P0058,C051
P0058,C053
P0058,C069
P0058,C078
P0058,C085
P0058,C093
P0058,C094
P0058,C098
P0058,C101
P0058,C104
P0058,C105
P0058,C113
P0058,C114
P0058,C121
P0058,C122
P0058,C130
P0058,C135
P0058,C147
P0058,C150
P0058,C178
P0058,C183
P0058,C215
P0058,C216
P0058,C217
P0058,C232
P0058,C235
P0058,C237
P0058,C245
P0058,C246
P0058,C248
P0058,C252
P0058,C258
P0058,C260
P0058,C279
P0058,C282
P0058,C293
P0058,C301
P0058,C305
P0058,C309
P0058,C311
P0058,C313
P0058,C322
P0058,C331
P0058,C332
P0058,C340
P0058,C347
P0058,C349
P0058,C350
P0058,C352
P0058,C358
P0058,C359
P0058,C362
P0059,C019
P0059,C048
P0059,C104
P0059,C105
P0059,C237
P0059,C331
P0060,C019
P0060,C104
P0060,C105
P0060,C121
P0060,C237
P0060,C331
P0060,C350
P0061,C033
P0061,C034
P0061,C046
P0061,C131
P0061,C135
P0061,C203
P0061,C204
P0061,C252
P0061,C309
P0062,C101
P0062,C135
P0062,C162
P0062,C163
P0062,C252
P0062,C309
P0062,C332
P0062,C343
P0063,C185
P0063,C186
P0064,C051
P0064,C053
P0064,C248
P0064,C293
P0064,C313
P0064,C352
P0065,C135
P0065,C309
P0066,C183
P0066,C322
P0067,C028
P0067,C051
P0067,C053
P0067,C069
P0067,C248
P0067,C293
P0067,C313
P0067,C352
P0068,C028
P0068,C051
P0068,C053
P0068,C185
P0068,C186
P0068,C248
P0068,C293
P0068,C313
P0068,C352
P0069,C178
P0070,C028
P0070,C033
P0070,C034
P0070,C051
P0070,C053
P0070,C069
P0070,C127
P0070,C180
P0070,C248
P0070,C252
P0070,C293
P0070,C313
P0070,C352
P0071,C051
P0071,C053
P0071,C152
P0071,C223
P0071,C248
P0071,C293
P0071,C305
P0071,C313
P0071,C352
P0072,C127
P0073,C051
P0073,C053
P0073,C071
P0073,C121
P0073,C162
P0073,C163
P0073,C248
P0073,C279
P0073,C293
P0073,C313
P0073,C332
P0073,C343
P0073,C349
P0073,C350
P0073,C352
P0074,C008
P0074,C017
P0074,C051
P0074,C053
P0074,C185
P0074,C186
P0074,C248
P0074,C293
P0074,C313
P0074,C352
P0074,C353
P0075,C033
P0075,C034
P0075,C051
P0075,C053
P0075,C127
P0075,C162
P0075,C163
P0075,C185
P0075,C186
P0075,C248
P0075,C293
P0075,C313
P0075,C343
P0075,C352
P0076,C033
P0076,C034
P0076,C048
P0076,C051
P0076,C053
P0076,C113
P0076,C114
P0076,C127
P0076,C135
P0076,C160
P0076,C162
P0076,C163
P0076,C185
P0076,C186
P0076,C248
P0076,C293
P0076,C309
P0076,C313
P0076,C343
P0076,C352
P0076,C353
P0077,C033
P0077,C034
P0077,C051
P0077,C053
P0077,C180
P0077,C248
P0077,C293
P0077,C313
P0077,C352
P0078,C033
P0078,C034
P0078,C051
P0078,C053
P0078,C101
P0078,C185
P0078,C186
P0078,C248
P0078,C293
P0078,C313
P0078,C352
P0079,C028
P0079,C033
P0079,C034
P0079,C044
P0079,C051
P0079,C053
P0079,C248
P0079,C293
P0079,C313
P0079,C352
P0080,C033
P0080,C034
P0081,C044
P0081,C113
P0081,C114
P0081,C180
P0081,C350
P0082,C019
P0082,C033
P0082,C034
P0082,C051
P0082,C053
P0082,C104
P0082,C105
P0082,C180
P0082,C237
P0082,C248
P0082,C262
P0082,C293
P0082,C313
P0082,C320
P0082,C331
P0082,C350
P0082,C352
P0082,C353
P0083,C008
P0083,C017
P0083,C019
P0083,C028
P0083,C031
P0083,C033
P0083,C034
P0083,C044
P0083,C046
P0083,C048
P0083,C051
P0083,C053
P0083,C063
P0083,C082
P0083,C085
P0083,C101
P0083,C104
P0083,C105
P0083,C113
P0083,C114
P0083,C121
P0083,C122
P0083,C135
P0083,C138
P0083,C145
P0083,C147
P0083,C178
P0083,C182
P0083,C183
P0083,C224
P0083,C237
P0083,C245
P0083,C248
P0083,C251
P0083,C252
P0083,C260
P0083,C269
P0083,C293
P0083,C309
P0083,C313
P0083,C322
P0083,C331
P0083,C332
P0083,C347
P0083,C350
P0083,C352
P0083,C358
P0083,C359
P0083,C362
P0084,C019
P0084,C033
P0084,C034
P0084,C051
P0084,C053
P0084,C082
P0084,C085
P0084,C104
P0084,C105
P0084,C113
P0084,C114
P0084,C122
P0084,C183
P0084,C237
P0084,C248
P0084,C293
P0084,C313
P0084,C322
P0084,C331
P0084,C332
P0084,C350
P0084,C352
P0085,C008
P0085,C013
P0085,C017
P0085,C019
P0085,C031
P0085,C033
P0085,C034
P0085,C044
P0085,C046
P0085,C048
P0085,C051
P0085,C053
P0085,C069
P0085,C079
P0085,C080
P0085,C082
P0085,C085
P0085,C091
P0085,C098
P0085,C101
P0085,C104
P0085,C105
P0085,C113
P0085,C114
P0085,C121
P0085,C130
P0085,C135
P0085,C138
P0085,C145
P0085,C147
P0085,C183
P0085,C218
P0085,C224
P0085,C237
P0085,C248
P0085,C252
P0085,C260
P0085,C269
P0085,C279
P0085,C293
P0085,C305
P0085,C309
P0085,C313
P0085,C322
P0085,C331
P0085,C332
P0085,C347
P0085,C349
P0085,C350
P0085,C352
P0085,C358
P0085,C359
P0085,C362
P0086,C113
P0086,C114
P0086,C135
P0086,C252
P0086,C309
P0086,C332
P0087,C183
P0087,C322
P0087,C332
P0087,C350
P0088,C079
P0088,C080
P0088,C332
P0089,C051
P0089,C053
P0089,C113
P0089,C114
P0089,C135
P0089,C248
P0089,C252
P0089,C293
P0089,C309
P0089,C313
P0089,C332
P0089,C352
P0090,C028
P0090,C033
P0090,C034
P0090,C051
P0090,C053
P0090,C085
P0090,C115
P0090,C135
P0090,C183
P0090,C248
P0090,C293
P0090,C309
P0090,C313
P0090,C322
P0090,C332
P0090,C352
P0091,C015
P0091,C033
P0091,C034
P0091,C044
P0091,C048
P0091,C051
P0091,C053
P0091,C085
P0091,C113
P0091,C114
P0091,C120
P0091,C130
P0091,C135
P0091,C183
P0091,C203
P0091,C204
P0091,C248
P0091,C252
P0091,C260
P0091,C262
P0091,C293
P0091,C309
P0091,C313
P0091,C322
P0091,C332
P0091,C347
P0091,C350
P0091,C352
P0091,C358
P0091,C359
P0091,C362
P0092,C019
P0092,C033
P0092,C034
P0092,C044
P0092,C046
P0092,C048
P0092,C051
P0092,C053
P0092,C079
P0092,C080
P0092,C082
P0092,C085
P0092,C091
P0092,C098
P0092,C104
P0092,C105
P0092,C113
P0092,C114
P0092,C121
P0092,C130
P0092,C135
P0092,C178
P0092,C183
P0092,C225
P0092,C237
P0092,C248
P0092,C252
P0092,C293
P0092,C309
P0092,C313
P0092,C320
P0092,C322
P0092,C331
P0092,C332
P0092,C347
P0092,C350
P0092,C352
P0092,C358
P0092,C359
P0092,C362
P0093,C350
P0094,C033
P0094,C034
P0094,C051
P0094,C053
P0094,C248
P0094,C293
P0094,C313
P0094,C352
P0095,C033
P0095,C034
P0095,C122
P0095,C127
P0095,C162
P0095,C163
P0095,C185
P0095,C186
P0095,C262
P0095,C343
P0096,C127
P0096,C178
P0096,C183
P0096,C205
P0096,C305
P0096,C319
P0096,C322
P0096,C323
P0096,C347
P0096,C358
P0096,C359
P0096,C362
P0097,C350
P0098,C033
P0098,C034
P0098,C044
P0099,C305
P0100,C008
P0100,C017
P0100,C019
P0100,C031
P0100,C033
P0100,C034
P0100,C079
P0100,C080
P0100,C082
P0100,C085
P0100,C091
P0100,C098
P0100,C104
P0100,C105
P0100,C178
P0100,C225
P0100,C232
P0100,C237
P0100,C260
P0100,C262
P0100,C331
P0100,C332
P0100,C347
P0100,C350
P0100,C358
P0100,C359
P0100,C362
P0101,C048
P0102,C152
P0102,C162
P0102,C163
P0102,C343
P0103,C046
P0103,C121
P0103,C122
P0103,C127
P0103,C162
P0103,C163
P0103,C185
P0103,C186
P0103,C343
P0104,C252
P0104,C340
P0104,C350
P0105,C019
P0105,C031
P0105,C069
P0105,C085
P0105,C098
P0105,C104
P0105,C105
P0105,C113
P0105,C114
P0105,C130
P0105,C135
P0105,C237
P0105,C252
P0105,C309
P0105,C331
P0105,C332
P0105,C340
P0105,C350
P0106,C109
P0107,C113
P0107,C114
P0107,C252
P0107,C350
P0108,C031
P0108,C033
P0108,C034
P0108,C069
P0108,C126
P0108,C127
P0108,C231
P0108,C332
P0109,C031
P0109,C033
P0109,C034
P0109,C069
P0109,C113
P0109,C114
P0109,C126
P0109,C127
P0109,C231
P0109,C332
P0109,C350
P0110,C006
P0110,C252
P0110,C332
P0111,C224
P0112,C044
P0112,C079
P0112,C080
P0112,C135
P0112,C252
P0112,C309
P0112,C332
P0113,C008
P0113,C017
P0113,C071
P0113,C098
P0113,C113
P0113,C114
P0113,C183
P0113,C224
P0113,C279
P0113,C322
P0113,C332
P0113,C347
P0113,C349
P0113,C358
P0113,C359
P0113,C362
P0114,C019
P0114,C044
P0114,C082
P0114,C085
P0114,C104
P0114,C105
P0114,C113
P0114,C114
P0114,C122
P0114,C135
P0114,C145
P0114,C178
P0114,C183
P0114,C212
P0114,C237
P0114,C251
P0114,C252
P0114,C269
P0114,C309
P0114,C322
P0114,C331
P0114,C332
P0114,C347
P0114,C350
P0114,C358
P0114,C359
P0114,C362
P0115,C044
P0115,C046
P0115,C085
P0115,C098
P0115,C113
P0115,C114
P0115,C130
P0115,C135
P0115,C147
P0115,C224
P0115,C252
P0115,C279
P0115,C309
P0115,C332
P0115,C349
P0115,C350
P0116,C044
P0116,C183
P0116,C252
P0116,C322
P0117,C019
P0117,C033
P0117,C034
P0117,C044
P0117,C046
P0117,C048
P0117,C051
P0117,C053
P0117,C085
P0117,C098
P0117,C104
P0117,C105
P0117,C113
P0117,C114
P0117,C115
P0117,C183
P0117,C224
P0117,C237
P0117,C248
P0117,C252
P0117,C260
P0117,C262
P0117,C293
P0117,C305
P0117,C313
P0117,C322
P0117,C331
P0117,C332
P0117,C350
P0117,C352
P0118,C013
P0118,C019
P0118,C028
P0118,C033
P0118,C034
P0118,C044
P0118,C046
P0118,C048
P0118,C051
P0118,C053
P0118,C079
P0118,C080
P0118,C082
P0118,C085
P0118,C098
P0118,C104
P0118,C105
P0118,C113
P0118,C114
P0118,C130
P0118,C135
P0118,C183
P0118,C215
P0118,C216
P0118,C217
P0118,C224
P0118,C232
P0118,C235
P0118,C237
P0118,C248
P0118,C252
P0118,C262
P0118,C293
P0118,C309
P0118,C313
P0118,C322
P0118,C331
P0118,C332
P0118,C340
P0118,C347
P0118,C350
P0118,C352
P0118,C358
P0118,C359
P0118,C362
P0119,C019
P0119,C033
P0119,C034
P0119,C044
P0119,C048
P0119,C051
P0119,C053
P0119,C085
P0119,C098
P0119,C104
P0119,C105
P0119,C113
P0119,C114
P0119,C121
P0119,C183
P0119,C237
P0119,C248
P0119,C252
P0119,C260
P0119,C262
P0119,C293
P0119,C305
P0119,C313
P0119,C322
P0119,C331
P0119,C332
P0119,C350
P0119,C352
P0120,C019
P0120,C104
P0120,C105
P0120,C113
P0120,C114
P0120,C237
P0120,C331
P0121,C033
P0121,C034
P0121,C183
P0121,C252
P0121,C322
P0122,C127
P0122,C135
P0122,C309
P0122,C332
P0123,C252
P0123,C279
P0123,C332
P0123,C349
P0124,C019
P0124,C098
P0124,C104
P0124,C105
P0124,C237
P0124,C331
P0124,C332
P0125,C033
P0125,C034
P0125,C082
P0126,C332
P0127,C031
P0127,C262
P0128,C019
P0128,C044
P0128,C079
P0128,C080
P0128,C082
P0128,C085
P0128,C091
P0128,C104
P0128,C105
P0128,C121
P0128,C122
P0128,C130
P0128,C145
P0128,C183
P0128,C237
P0128,C269
P0128,C322
P0128,C331
P0128,C350
P0129,C019
P0129,C046
P0129,C048
P0129,C051
P0129,C053
P0129,C104
P0129,C105
P0129,C113
P0129,C114
P0129,C135
P0129,C183
P0129,C224
P0129,C237
P0129,C245
P0129,C248
P0129,C251
P0129,C252
P0129,C279
P0129,C293
P0129,C309
P0129,C313
P0129,C322
P0129,C331
P0129,C332
P0129,C349
P0129,C352
P0130,C028
P0130,C044
P0130,C046
P0130,C048
P0130,C051
P0130,C053
P0130,C135
P0130,C145
P0130,C164
P0130,C183
P0130,C248
P0130,C252
P0130,C269
P0130,C293
P0130,C294
P0130,C309
P0130,C313
P0130,C322
P0130,C332
P0130,C352
P0131,C019
P0131,C028
P0131,C033
P0131,C034
P0131,C051
P0131,C053
P0131,C104
P0131,C105
P0131,C237
P0131,C248
P0131,C252
P0131,C293
P0131,C313
P0131,C331
P0131,C332
P0131,C352
P0132,C028
P0132,C044
P0132,C046
P0132,C048
P0132,C051
P0132,C053
P0132,C069
P0132,C079
P0132,C080
P0132,C085
P0132,C091
P0132,C113
P0132,C114
P0132,C135
P0132,C138
P0132,C147
P0132,C183
P0132,C248
P0132,C251
P0132,C293
P0132,C309
P0132,C313
P0132,C320
P0132,C322
P0132,C332
P0132,C350
P0132,C352
P0133,C008
P0133,C015
P0133,C017
P0133,C019
P0133,C028
P0133,C031
P0133,C033
P0133,C034
P0133,C044
P0133,C046
P0133,C048
P0133,C051
P0133,C053
P0133,C078
P0133,C079
P0133,C080
P0133,C082
P0133,C085
P0133,C091
P0133,C098
P0133,C104
P0133,C105
P0133,C113
P0133,C114
P0133,C121
P0133,C130
P0133,C135
P0133,C138
P0133,C145
P0133,C147
P0133,C162
P0133,C163
P0133,C178
P0133,C183
P0133,C215
P0133,C216
P0133,C217
P0133,C223
P0133,C224
P0133,C237
P0133,C248
P0133,C251
P0133,C260
P0133,C262
P0133,C269
P0133,C293
P0133,C309
P0133,C313
P0133,C322
P0133,C331
P0133,C332
P0133,C343
P0133,C347
P0133,C350
P0133,C352
P0133,C358
P0133,C359
P0133,C362
P0134,C044
P0134,C051
P0134,C053
P0134,C183
P0134,C248
P0134,C293
P0134,C313
P0134,C322
P0134,C352
P0135,C008
P0135,C015
P0135,C017
P0135,C033
P0135,C034
P0135,C046
P0135,C051
P0135,C053
P0135,C091
P0135,C130
P0135,C183
P0135,C224
P0135,C231
P0135,C248
P0135,C252
P0135,C293
P0135,C313
P0135,C322
P0135,C332
P0135,C350
P0135,C352
P0136,C019
P0136,C044
P0136,C046
P0136,C048
P0136,C051
P0136,C053
P0136,C069
P0136,C079
P0136,C080
P0136,C085
P0136,C091
P0136,C098
P0136,C101
P0136,C104
P0136,C105
P0136,C113
P0136,C114
P0136,C122
P0136,C130
P0136,C135
P0136,C138
P0136,C147
P0136,C183
P0136,C224
P0136,C237
P0136,C246
P0136,C248
P0136,C251
P0136,C252
P0136,C293
P0136,C309
P0136,C313
P0136,C322
P0136,C331
P0136,C332
P0136,C347
P0136,C350
P0136,C352
P0136,C358
P0136,C359
P0136,C362
P0137,C033
P0137,C034
P0137,C051
P0137,C053
P0137,C135
P0137,C162
P0137,C163
P0137,C248
P0137,C293
P0137,C309
P0137,C313
P0137,C343
P0137,C350
P0137,C352
P0138,C015
P0138,C033
P0138,C034
P0138,C305
P0138,C350
P0139,C033
P0139,C034
P0139,C051
P0139,C053
P0139,C135
P0139,C138
P0139,C162
P0139,C163
P0139,C248
P0139,C252
P0139,C293
P0139,C309
P0139,C313
P0139,C343
P0139,C352
P0140,C001
P0140,C033
P0140,C034
P0140,C046
P0140,C051
P0140,C053
P0140,C085
P0140,C101
P0140,C135
P0140,C138
P0140,C162
P0140,C163
P0140,C185
P0140,C186
P0140,C248
P0140,C252
P0140,C293
P0140,C309
P0140,C313
P0140,C332
P0140,C343
P0140,C352
P0141,C044
P0141,C079
P0141,C080
P0141,C224
P0141,C225
P0141,C332
P0142,C332
P0143,C033
P0143,C034
P0143,C069
P0143,C135
P0143,C138
P0143,C252
P0143,C309
P0143,C332
P0143,C350
P0144,C019
P0144,C044
P0144,C048
P0144,C079
P0144,C080
P0144,C093
P0144,C094
P0144,C101
P0144,C104
P0144,C105
P0144,C113
P0144,C114
P0144,C130
P0144,C183
P0144,C224
P0144,C237
P0144,C279
P0144,C301
P0144,C305
P0144,C311
P0144,C322
P0144,C331
P0144,C332
P0144,C349
P0144,C350
P0145,C033
P0145,C034
P0145,C183
P0145,C322
P0146,C051
P0146,C053
P0146,C113
P0146,C114
P0146,C130
P0146,C248
P0146,C293
P0146,C313
P0146,C352
P0147,C051
P0147,C053
P0147,C248
P0147,C252
P0147,C293
P0147,C313
P0147,C332
P0147,C352
P0148,C019
P0148,C044
P0148,C048
P0148,C051
P0148,C053
P0148,C079
P0148,C080
P0148,C093
P0148,C094
P0148,C101
P0148,C104
P0148,C105
P0148,C113
P0148,C114
P0148,C130
P0148,C162
P0148,C163
P0148,C183
P0148,C224
P0148,C237
P0148,C248
P0148,C279
P0148,C293
P0148,C301
P0148,C305
P0148,C313
P0148,C322
P0148,C331
P0148,C332
P0148,C343
P0148,C349
P0148,C350
P0148,C352
P0149,C028
P0149,C033
P0149,C034
P0149,C279
P0149,C332
P0149,C349
P0150,C033
P0150,C034
P0150,C044
P0150,C069
P0150,C082
P0150,C091
P0150,C113
P0150,C114
P0150,C130
P0150,C135
P0150,C162
P0150,C163
P0150,C183
P0150,C252
P0150,C279
P0150,C309
P0150,C322
P0150,C332
P0150,C343
P0150,C349
P0150,C350
P0151,C082
P0151,C091
P0151,C113
P0151,C114
P0151,C252
P0151,C332
P0151,C350
P0152,C001
P0152,C033
P0152,C034
P0152,C044
P0152,C046
P0152,C048
P0152,C051
P0152,C053
P0152,C085
P0152,C113
P0152,C114
P0152,C135
P0152,C138
P0152,C160
P0152,C248
P0152,C252
P0152,C293
P0152,C309
P0152,C313
P0152,C320
P0152,C332
P0152,C350
P0152,C352
P0153,C001
P0153,C048
P0153,C085
P0153,C098
P0153,C135
P0153,C138
P0153,C178
P0153,C252
P0153,C309
P0153,C332
P0154,C001
P0154,C033
P0154,C034
P0154,C046
P0154,C048
P0154,C069
P0154,C121
P0154,C135
P0154,C138
P0154,C224
P0154,C252
P0154,C309
P0154,C332
P0155,C033
P0155,C034
P0155,C051
P0155,C053
P0155,C162
P0155,C163
P0155,C185
P0155,C186
P0155,C248
P0155,C293
P0155,C313
P0155,C343
P0155,C352
P0156,C033
P0156,C034
P0156,C051
P0156,C053
P0156,C248
P0156,C293
P0156,C313
P0156,C332
P0156,C352
P0157,C044
P0157,C051
P0157,C053
P0157,C113
P0157,C114
P0157,C162
P0157,C163
P0157,C248
P0157,C279
P0157,C293
P0157,C313
P0157,C332
P0157,C343
P0157,C349
P0157,C352
P0158,C001
P0158,C033
P0158,C034
P0158,C051
P0158,C053
P0158,C185
P0158,C186
P0158,C248
P0158,C293
P0158,C313
P0158,C352
P0159,C033
P0159,C034
P0159,C051
P0159,C053
P0159,C248
P0159,C293
P0159,C313
P0159,C352
P0160,C051
P0160,C053
P0160,C248
P0160,C293
P0160,C313
P0160,C332
P0160,C352
P0161,C033
P0161,C034
P0161,C185
P0161,C186
P0162,C033
P0162,C034
P0162,C051
P0162,C053
P0162,C127
P0162,C162
P0162,C163
P0162,C185
P0162,C186
P0162,C248
P0162,C252
P0162,C293
P0162,C313
P0162,C343
P0162,C352
P0163,C033
P0163,C034
P0163,C051
P0163,C053
P0163,C185
P0163,C186
P0163,C248
P0163,C252
P0163,C293
P0163,C294
P0163,C313
P0163,C352
P0164,C031
P0164,C033
P0164,C034
P0164,C051
P0164,C053
P0164,C121
P0164,C127
P0164,C162
P0164,C163
P0164,C185
P0164,C186
P0164,C231
P0164,C248
P0164,C252
P0164,C293
P0164,C313
P0164,C332
P0164,C343
P0164,C352
P0165,C033
P0165,C034
P0165,C051
P0165,C053
P0165,C127
P0165,C162
P0165,C163
P0165,C185
P0165,C186
P0165,C248
P0165,C293
P0165,C313
P0165,C343
P0165,C352
P0166,C231
P0167,C162
P0167,C163
P0167,C183
P0167,C322
P0167,C343
P0168,C350
P0169,C262
P0170,C085
P0170,C113
P0170,C114
P0170,C135
P0170,C138
P0170,C251
P0170,C252
P0170,C309
P0171,C019
P0171,C033
P0171,C034
P0171,C044
P0171,C051
P0171,C053
P0171,C079
P0171,C080
P0171,C085
P0171,C091
P0171,C098
P0171,C104
P0171,C105
P0171,C113
P0171,C114
P0171,C130
P0171,C135
P0171,C138
P0171,C183
P0171,C185
P0171,C186
P0171,C237
P0171,C248
P0171,C252
P0171,C293
P0171,C309
P0171,C313
P0171,C320
P0171,C322
P0171,C331
P0171,C332
P0171,C352
P0172,C033
P0172,C034
P0172,C048
P0172,C051
P0172,C053
P0172,C098
P0172,C113
P0172,C114
P0172,C135
P0172,C224
P0172,C248
P0172,C252
P0172,C293
P0172,C309
P0172,C313
P0172,C332
P0172,C352
P0173,C033
P0173,C034
P0173,C252
P0173,C332
P0174,C019
P0174,C028
P0174,C033
P0174,C034
P0174,C051
P0174,C053
P0174,C104
P0174,C105
P0174,C183
P0174,C224
P0174,C237
P0174,C248
P0174,C252
P0174,C293
P0174,C313
P0174,C322
P0174,C331
P0174,C350
P0174,C352
P0175,C028
P0175,C051
P0175,C053
P0175,C248
P0175,C293
P0175,C313
P0175,C332
P0175,C352
P0176,C008
P0176,C017
P0176,C019
P0176,C048
P0176,C051
P0176,C053
P0176,C104
P0176,C105
P0176,C113
P0176,C114
P0176,C122
P0176,C135
P0176,C164
P0176,C168
P0176,C182
P0176,C183
P0176,C237
P0176,C248
P0176,C260
P0176,C279
P0176,C293
P0176,C309
P0176,C313
P0176,C322
P0176,C331
P0176,C347
P0176,C349
P0176,C350
P0176,C352
P0176,C358
P0176,C359
P0176,C362
P0177,C033
P0177,C034
P0177,C046
P0177,C051
P0177,C053
P0177,C183
P0177,C248
P0177,C293
P0177,C313
P0177,C322
P0177,C352
P0178,C019
P0178,C033
P0178,C034
P0178,C048
P0178,C051
P0178,C053
P0178,C104
P0178,C105
P0178,C113
P0178,C114
P0178,C135
P0178,C145
P0178,C147
P0178,C183
P0178,C237
P0178,C248
P0178,C252
P0178,C260
P0178,C262
P0178,C269
P0178,C293
P0178,C309
P0178,C313
P0178,C322
P0178,C331
P0178,C350
P0178,C352
P0179,C015
P0179,C033
P0179,C034
P0179,C051
P0179,C053
P0179,C135
P0179,C162
P0179,C163
P0179,C185
P0179,C186
P0179,C248
P0179,C262
P0179,C293
P0179,C309
P0179,C313
P0179,C343
P0179,C352
P0179,C353
P0180,C033
P0180,C034
P0180,C051
P0180,C053
P0180,C135
P0180,C164
P0180,C248
P0180,C262
P0180,C293
P0180,C309
P0180,C313
P0180,C332
P0180,C352
P0181,C033
P0181,C034
P0181,C051
P0181,C053
P0181,C113
P0181,C114
P0181,C135
P0181,C185
P0181,C186
P0181,C248
P0181,C262
P0181,C293
P0181,C309
P0181,C313
P0181,C352
P0182,C015
P0182,C033
P0182,C034
P0182,C044
P0182,C046
P0182,C051
P0182,C053
P0182,C135
P0182,C185
P0182,C186
P0182,C248
P0182,C262
P0182,C293
P0182,C309
P0182,C313
P0182,C352
P0183,C033
P0183,C034
P0183,C051
P0183,C053
P0183,C135
P0183,C248
P0183,C293
P0183,C309
P0183,C313
P0183,C352
P0184,C033
P0184,C034
P0184,C048
P0184,C051
P0184,C053
P0184,C127
P0184,C135
P0184,C162
P0184,C163
P0184,C185
P0184,C186
P0184,C248
P0184,C293
P0184,C309
P0184,C313
P0184,C343
P0184,C352
P0185,C051
P0185,C053
P0185,C248
P0185,C293
P0185,C313
P0185,C352
P0186,C033
P0186,C034
P0186,C051
P0186,C053
P0186,C085
P0186,C135
P0186,C162
P0186,C163
P0186,C183
P0186,C248
P0186,C293
P0186,C309
P0186,C313
P0186,C322
P0186,C332
P0186,C343
P0186,C352
P0187,C019
P0187,C046
P0187,C104
P0187,C105
P0187,C237
P0187,C331
P0188,C033
P0188,C034
P0188,C046
P0188,C085
P0188,C113
P0188,C114
P0188,C178
P0189,C028
P0189,C085
P0189,C121
P0189,C122
P0189,C126
P0189,C180
P0189,C224
P0189,C350
P0190,C033
P0190,C034
P0190,C051
P0190,C053
P0190,C085
P0190,C113
P0190,C114
P0190,C135
P0190,C162
P0190,C163
P0190,C183
P0190,C248
P0190,C293
P0190,C309
P0190,C313
P0190,C322
P0190,C332
P0190,C343
P0190,C350
P0190,C352
P0191,C113
P0191,C114
P0191,C305
P0192,C135
P0192,C309
P0193,C048
P0193,C113
P0193,C114
P0194,C033
P0194,C034
P0194,C085
P0194,C135
P0194,C162
P0194,C163
P0194,C309
P0194,C343
P0195,C113
P0195,C114
P0195,C135
P0195,C183
P0195,C224
P0195,C309
P0195,C322
P0195,C350
P0196,C113
P0196,C114
P0197,C069
P0197,C135
P0197,C309
P0198,C113
P0198,C114
P0198,C350
P0199,C145
P0199,C269
P0199,C332
P0199,C350
P0200,C082
P0200,C332
P0201,C028
P0201,C091
P0201,C113
P0201,C114
P0201,C130
P0201,C138
P0201,C145
P0201,C182
P0201,C231
P0201,C251
P0201,C269
P0201,C311
P0201,C332
P0202,C121
P0202,C130
P0202,C138
P0202,C183
P0202,C231
P0202,C322
P0202,C332
P0203,C044
P0203,C135
P0203,C183
P0203,C309
P0203,C322
P0203,C350
P0204,C113
P0204,C114
P0205,C121
P0205,C130
P0205,C135
P0205,C138
P0205,C231
P0205,C309
P0206,C046
P0207,C031
P0207,C069
P0207,C126
P0207,C127
P0207,C231
P0207,C332
P0208,C031
P0208,C069
P0208,C126
P0208,C127
P0208,C231
P0208,C332
P0209,C019
P0209,C085
P0209,C104
P0209,C105
P0209,C113
P0209,C114
P0209,C224
P0209,C237
P0209,C252
P0209,C331
P0209,C332
P0210,C019
P0210,C028
P0210,C031
P0210,C033
P0210,C034
P0210,C044
P0210,C046
P0210,C048
P0210,C051
P0210,C053
P0210,C069
P0210,C079
P0210,C080
P0210,C082
P0210,C085
P0210,C098
P0210,C101
P0210,C104
P0210,C105
P0210,C113
P0210,C114
P0210,C130
P0210,C131
P0210,C135
P0210,C138
P0210,C147
P0210,C183
P0210,C185
P0210,C186
P0210,C224
P0210,C237
P0210,C245
P0210,C246
P0210,C248
P0210,C251
P0210,C252
P0210,C262
P0210,C279
P0210,C293
P0210,C305
P0210,C309
P0210,C311
P0210,C313
P0210,C322
P0210,C331
P0210,C332
P0210,C340
P0210,C347
P0210,C349
P0210,C350
P0210,C352
P0210,C358
P0210,C359
P0210,C362
P0211,C019
P0211,C028
P0211,C031
P0211,C033
P0211,C034
P0211,C038
P0211,C044
P0211,C046
P0211,C048
P0211,C051
P0211,C053
P0211,C069
P0211,C071
P0211,C079
P0211,C080
P0211,C082
P0211,C085
P0211,C098
P0211,C101
P0211,C104
P0211,C105
P0211,C113
P0211,C114
P0211,C127
P0211,C130
P0211,C131
P0211,C135
P0211,C138
P0211,C147
P0211,C150
P0211,C178
P0211,C183
P0211,C185
P0211,C186
P0211,C224
P0211,C234
P0211,C237
P0211,C245
P0211,C246
P0211,C248
P0211,C251
P0211,C252
P0211,C262
P0211,C279
P0211,C293
P0211,C305
P0211,C309
P0211,C311
P0211,C313
P0211,C320
P0211,C322
P0211,C331
P0211,C332
P0211,C340
P0211,C347
P0211,C349
P0211,C350
P0211,C352
P0211,C358
P0211,C359
P0211,C362
P0212,C019
P0212,C021
P0212,C028
P0212,C031
P0212,C033
P0212,C034
P0212,C044
P0212,C046
P0212,C048
P0212,C051
P0212,C053
P0212,C069
P0212,C079
P0212,C080
P0212,C082
P0212,C085
P0212,C098
P0212,C101
P0212,C104
P0212,C105
P0212,C113
P0212,C114
P0212,C130
P0212,C131
P0212,C135
P0212,C138
P0212,C147
P0212,C183
P0212,C185
P0212,C186
P0212,C224
P0212,C237
P0212,C245
P0212,C246
P0212,C248
P0212,C251
P0212,C252
P0212,C262
P0212,C279
P0212,C293
P0212,C305
P0212,C309
P0212,C311
P0212,C313
P0212,C322
P0212,C331
P0212,C332
P0212,C340
P0212,C347
P0212,C349
P0212,C350
P0212,C352
P0212,C358
P0212,C359
P0212,C362
P0213,C028
P0213,C085
P0213,C113
P0213,C114
P0213,C135
P0213,C162
P0213,C163
P0213,C183
P0213,C185
P0213,C186
P0213,C252
P0213,C309
P0213,C322
P0213,C343
P0214,C085
P0214,C252
P0214,C332
P0214,C350
P0215,C028
P0215,C044
P0215,C098
P0215,C113
P0215,C114
P0215,C135
P0215,C183
P0215,C252
P0215,C279
P0215,C309
P0215,C322
P0215,C332
P0215,C349
P0215,C350
P0216,C019
P0216,C028
P0216,C031
P0216,C033
P0216,C034
P0216,C044
P0216,C046
P0216,C048
P0216,C051
P0216,C053
P0216,C085
P0216,C101
P0216,C104
P0216,C105
P0216,C113
P0216,C114
P0216,C135
P0216,C162
P0216,C163
P0216,C183
P0216,C185
P0216,C186
P0216,C224
P0216,C237
P0216,C248
P0216,C252
P0216,C293
P0216,C309
P0216,C313
P0216,C322
P0216,C331
P0216,C332
P0216,C340
P0216,C343
P0216,C347
P0216,C350
P0216,C352
P0216,C358
P0216,C359
P0216,C362
P0217,C113
P0217,C114
P0217,C332
P0218,C332
P0218,C350
P0219,C031
P0219,C069
P0219,C126
P0219,C127
P0219,C231
P0219,C332
P0220,C028
P0220,C033
P0220,C034
P0220,C051
P0220,C053
P0220,C248
P0220,C293
P0220,C313
P0220,C352
P0221,C252
P0222,C008
P0222,C017
P0222,C019
P0222,C048
P0222,C085
P0222,C104
P0222,C105
P0222,C113
P0222,C114
P0222,C138
P0222,C145
P0222,C183
P0222,C224
P0222,C237
P0222,C252
P0222,C269
P0222,C322
P0222,C331
P0222,C350
P0223,C044
P0223,C051
P0223,C053
P0223,C171
P0223,C178
P0223,C183
P0223,C248
P0223,C284
P0223,C293
P0223,C313
P0223,C322
P0223,C332
P0223,C350
P0223,C352
P0224,C019
P0224,C048
P0224,C085
P0224,C104
P0224,C105
P0224,C113
P0224,C114
P0224,C168
P0224,C237
P0224,C246
P0224,C252
P0224,C311
P0224,C331
P0224,C350
P0225,C019
P0225,C104
P0225,C105
P0225,C130
P0225,C237
P0225,C252
P0225,C311
P0225,C331
P0225,C350
P0226,C252
P0227,C085
P0228,C019
P0228,C048
P0228,C085
P0228,C104
P0228,C105
P0228,C113
P0228,C114
P0228,C135
P0228,C237
P0228,C252
P0228,C309
P0228,C331
P0228,C350
P0229,C019
P0229,C048
P0229,C051
P0229,C053
P0229,C085
P0229,C096
P0229,C104
P0229,C105
P0229,C113
P0229,C114
P0229,C130
P0229,C145
P0229,C183
P0229,C224
P0229,C237
P0229,C248
P0229,C252
P0229,C269
P0229,C293
P0229,C313
P0229,C322
P0229,C331
P0229,C347
P0229,C350
P0229,C352
P0229,C358
P0229,C359
P0229,C362
P0230,C019
P0230,C033
P0230,C034
P0230,C044
P0230,C046
P0230,C048
P0230,C079
P0230,C080
P0230,C082
P0230,C091
P0230,C098
P0230,C104
P0230,C105
P0230,C108
P0230,C113
P0230,C114
P0230,C131
P0230,C135
P0230,C147
P0230,C183
P0230,C235
P0230,C237
P0230,C245
P0230,C252
P0230,C260
P0230,C279
P0230,C309
P0230,C322
P0230,C331
P0230,C332
P0230,C340
P0230,C347
P0230,C349
P0230,C350
P0230,C358
P0230,C359
P0230,C362
P0231,C019
P0231,C044
P0231,C098
P0231,C104
P0231,C105
P0231,C113
P0231,C114
P0231,C178
P0231,C183
P0231,C224
P0231,C237
P0231,C252
P0231,C322
P0231,C331
P0231,C350
P0232,C113
P0232,C114
P0232,C183
P0232,C322
P0233,C130
P0233,C183
P0233,C305
P0233,C322
P0234,C044
P0234,C350
P0235,C033
P0235,C034
P0235,C051
P0235,C053
P0235,C078
P0235,C130
P0235,C248
P0235,C293
P0235,C305
P0235,C313
P0235,C352
P0236,C033
P0236,C034
P0236,C051
P0236,C053
P0236,C115
P0236,C183
P0236,C248
P0236,C260
P0236,C293
P0236,C313
P0236,C322
P0236,C352
P0237,C044
P0237,C120
P0237,C183
P0237,C322
P0238,C332
P0239,C033
P0239,C034
P0239,C135
P0239,C252
P0239,C309
P0239,C332
P0240,C015
P0240,C033
P0240,C034
P0240,C046
P0240,C051
P0240,C053
P0240,C069
P0240,C135
P0240,C162
P0240,C163
P0240,C224
P0240,C248
P0240,C252
P0240,C293
P0240,C309
P0240,C313
P0240,C343
P0240,C352
P0241,C019
P0241,C063
P0241,C104
P0241,C105
P0241,C113
P0241,C114
P0241,C185
P0241,C186
P0241,C224
P0241,C235
P0241,C237
P0241,C252
P0241,C331
P0242,C033
P0242,C034
P0242,C051
P0242,C053
P0242,C180
P0242,C185
P0242,C186
P0242,C248
P0242,C293
P0242,C313
P0242,C332
P0242,C352
P0243,C033
P0243,C034
P0243,C251
P0244,C019
P0244,C028
P0244,C033
P0244,C034
P0244,C044
P0244,C091
P0244,C104
P0244,C105
P0244,C113
P0244,C114
P0244,C122
P0244,C135
P0244,C180
P0244,C185
P0244,C186
P0244,C237
P0244,C309
P0244,C331
P0244,C332
P0244,C350
P0245,C019
P0245,C044
P0245,C079
P0245,C080
P0245,C104
P0245,C105
P0245,C113
P0245,C114
P0245,C131
P0245,C183
P0245,C224
P0245,C237
P0245,C322
P0245,C331
P0245,C340
P0245,C350
P0246,C252
P0246,C350
P0247,C019
P0247,C044
P0247,C048
P0247,C069
P0247,C078
P0247,C085
P0247,C104
P0247,C105
P0247,C113
P0247,C114
P0247,C127
P0247,C130
P0247,C135
P0247,C178
P0247,C183
P0247,C237
P0247,C252
P0247,C260
P0247,C309
P0247,C322
P0247,C331
P0247,C350
P0248,C031
P0248,C069
P0248,C085
P0248,C126
P0248,C127
P0248,C231
P0248,C332
P0249,C019
P0249,C033
P0249,C034
P0249,C046
P0249,C051
P0249,C053
P0249,C104
P0249,C105
P0249,C113
P0249,C114
P0249,C121
P0249,C135
P0249,C180
P0249,C185
P0249,C186
P0249,C237
P0249,C248
P0249,C252
P0249,C293
P0249,C309
P0249,C313
P0249,C331
P0249,C332
P0249,C352
P0250,C033
P0250,C034
P0250,C044
P0250,C051
P0250,C053
P0250,C135
P0250,C248
P0250,C252
P0250,C293
P0250,C309
P0250,C313
P0250,C352
P0251,C033
P0251,C034
P0251,C051
P0251,C053
P0251,C248
P0251,C293
P0251,C313
P0251,C352
P0252,C113
P0252,C114
P0253,C085
P0253,C113
P0253,C114
P0253,C218
P0253,C350
P0254,C031
P0254,C033
P0254,C034
P0254,C046
P0254,C071
P0254,C113
P0254,C114
P0254,C121
P0254,C130
P0254,C178
P0254,C185
P0254,C186
P0254,C252
P0255,C033
P0255,C034
P0255,C121
P0255,C231
P0256,C033
P0256,C034
P0256,C046
P0256,C048
P0256,C113
P0256,C114
P0256,C231
P0257,C046
P0257,C224
P0257,C332
P0258,C019
P0258,C104
P0258,C105
P0258,C131
P0258,C237
P0258,C331
P0259,C113
P0259,C114
P0259,C130
P0259,C131
P0259,C162
P0259,C163
P0259,C178
P0259,C185
P0259,C186
P0259,C224
P0259,C252
P0259,C343
P0260,C048
P0260,C113
P0260,C114
P0260,C350
P0261,C046
P0261,C079
P0261,C080
P0261,C085
P0261,C091
P0261,C113
P0261,C114
P0261,C131
P0261,C135
P0261,C224
P0261,C309
P0261,C332
P0261,C347
P0261,C350
P0261,C358
P0261,C359
P0261,C362
P0262,C019
P0262,C027
P0262,C028
P0262,C044
P0262,C046
P0262,C048
P0262,C051
P0262,C053
P0262,C078
P0262,C082
P0262,C101
P0262,C104
P0262,C105
P0262,C131
P0262,C135
P0262,C150
P0262,C178
P0262,C182
P0262,C183
P0262,C190
P0262,C224
P0262,C237
P0262,C248
P0262,C251
P0262,C260
P0262,C262
P0262,C293
P0262,C309
P0262,C313
P0262,C322
P0262,C331
P0262,C332
P0262,C347
P0262,C350
P0262,C352
P0262,C358
P0262,C359
P0262,C362
P0263,C033
P0263,C034
P0263,C085
P0263,C113
P0263,C114
P0263,C135
P0263,C309
P0263,C332
P0264,C135
P0264,C160
P0264,C309
P0264,C332
P0265,C033
P0265,C034
P0265,C046
P0265,C051
P0265,C053
P0265,C135
P0265,C248
P0265,C252
P0265,C260
P0265,C293
P0265,C309
P0265,C313
P0265,C332
P0265,C350
P0265,C352
P0266,C001
P0266,C033
P0266,C034
P0266,C046
P0266,C135
P0266,C162
P0266,C163
P0266,C309
P0266,C343
P0267,C001
P0267,C028
P0267,C033
P0267,C034
P0267,C051
P0267,C053
P0267,C135
P0267,C248
P0267,C293
P0267,C309
P0267,C313
P0267,C332
P0267,C352
P0268,C033
P0268,C034
P0268,C046
P0268,C135
P0268,C309
P0268,C332
P0269,C121
P0269,C252
P0270,C051
P0270,C053
P0270,C183
P0270,C248
P0270,C293
P0270,C313
P0270,C322
P0270,C332
P0270,C352
P0271,C162
P0271,C163
P0271,C343
P0272,C332
P0273,C121
P0274,C113
P0274,C114
P0274,C145
P0274,C269
P0274,C332
P0275,C028
P0275,C033
P0275,C034
P0275,C051
P0275,C053
P0275,C121
P0275,C173
P0275,C180
P0275,C223
P0275,C248
P0275,C293
P0275,C313
P0275,C352
P0276,C028
P0276,C033
P0276,C034
P0276,C051
P0276,C053
P0276,C135
P0276,C162
P0276,C163
P0276,C185
P0276,C186
P0276,C248
P0276,C252
P0276,C293
P0276,C309
P0276,C313
P0276,C332
P0276,C343
P0276,C352
P0276,C353
P0277,C028
P0277,C033
P0277,C034
P0277,C051
P0277,C053
P0277,C162
P0277,C163
P0277,C185
P0277,C186
P0277,C248
P0277,C293
P0277,C313
P0277,C343
P0277,C352
P0278,C033
P0278,C034
P0278,C051
P0278,C053
P0278,C127
P0278,C162
P0278,C163
P0278,C185
P0278,C186
P0278,C248
P0278,C293
P0278,C313
P0278,C343
P0278,C352
P0279,C033
P0279,C034
P0279,C044
P0279,C051
P0279,C053
P0279,C127
P0279,C135
P0279,C162
P0279,C163
P0279,C180
P0279,C183
P0279,C185
P0279,C186
P0279,C248
P0279,C293
P0279,C309
P0279,C313
P0279,C322
P0279,C343
P0279,C347
P0279,C352
P0279,C353
P0279,C358
P0279,C359
P0279,C362
P0280,C019
P0280,C028
P0280,C031
P0280,C033
P0280,C034
P0280,C044
P0280,C046
P0280,C048
P0280,C051
P0280,C053
P0280,C063
P0280,C071
P0280,C078
P0280,C079
P0280,C080
P0280,C082
P0280,C085
P0280,C098
P0280,C104
P0280,C105
P0280,C113
P0280,C114
P0280,C115
P0280,C130
P0280,C135
P0280,C164
P0280,C178
P0280,C183
P0280,C224
P0280,C225
P0280,C231
P0280,C237
P0280,C248
P0280,C251
P0280,C252
P0280,C279
P0280,C293
P0280,C309
P0280,C311
P0280,C313
P0280,C320
P0280,C322
P0280,C331
P0280,C332
P0280,C349
P0280,C350
P0280,C352
P0281,C028
P0281,C085
P0281,C135
P0281,C309
P0281,C332
P0282,C028
P0282,C044
P0282,C046
P0282,C048
P0282,C051
P0282,C053
P0282,C071
P0282,C082
P0282,C085
P0282,C113
P0282,C114
P0282,C121
P0282,C130
P0282,C135
P0282,C145
P0282,C183
P0282,C224
P0282,C248
P0282,C252
P0282,C269
P0282,C279
P0282,C293
P0282,C309
P0282,C311
P0282,C313
P0282,C320
P0282,C322
P0282,C332
P0282,C347
P0282,C349
P0282,C350
P0282,C352
P0282,C358
P0282,C359
P0282,C362
P0283,C079
P0283,C080
P0283,C082
P0283,C085
P0283,C113
P0283,C114
P0283,C130
P0283,C138
P0283,C252
P0283,C332
P0284,C048
P0284,C079
P0284,C080
P0284,C085
P0284,C183
P0284,C322
P0284,C332
P0284,C350
P0285,C019
P0285,C044
P0285,C101
P0285,C104
P0285,C105
P0285,C237
P0285,C331
P0285,C332
P0286,C008
P0286,C017
P0286,C019
P0286,C033
P0286,C034
P0286,C044
P0286,C048
P0286,C051
P0286,C053
P0286,C079
P0286,C080
P0286,C082
P0286,C085
P0286,C101
P0286,C104
P0286,C105
P0286,C113
P0286,C114
P0286,C121
P0286,C130
P0286,C135
P0286,C162
P0286,C163
P0286,C164
P0286,C178
P0286,C180
P0286,C183
P0286,C185
P0286,C186
P0286,C224
P0286,C231
P0286,C237
P0286,C248
P0286,C252
P0286,C293
P0286,C305
P0286,C309
P0286,C311
P0286,C313
P0286,C322
P0286,C331
P0286,C332
P0286,C343
P0286,C350
P0286,C352
P0287,C225
P0288,C033
P0288,C034
P0288,C044
P0288,C069
P0288,C135
P0288,C309
P0288,C332
P0288,C347
P0288,C358
P0288,C359
P0288,C362
P0289,C033
P0289,C034
P0289,C044
P0289,C079
P0289,C080
P0289,C082
P0289,C113
P0289,C114
P0289,C130
P0289,C135
P0289,C178
P0289,C183
P0289,C252
P0289,C309
P0289,C322
P0289,C332
P0290,C019
P0290,C028
P0290,C033
P0290,C034
P0290,C044
P0290,C104
P0290,C105
P0290,C183
P0290,C223
P0290,C237
P0290,C252
P0290,C305
P0290,C322
P0290,C331
P0290,C332
P0291,C019
P0291,C033
P0291,C034
P0291,C048
P0291,C104
P0291,C105
P0291,C237
P0291,C331
P0292,C015
P0292,C028
P0292,C051
P0292,C053
P0292,C121
P0292,C126
P0292,C183
P0292,C248
P0292,C262
P0292,C293
P0292,C313
P0292,C322
P0292,C352
P0293,C033
P0293,C034
P0293,C051
P0293,C053
P0293,C203
P0293,C204
P0293,C248
P0293,C252
P0293,C293
P0293,C313
P0293,C352
P0294,C019
P0294,C033
P0294,C034
P0294,C051
P0294,C053
P0294,C104
P0294,C105
P0294,C135
P0294,C162
P0294,C163
P0294,C185
P0294,C186
P0294,C237
P0294,C248
P0294,C262
P0294,C293
P0294,C309
P0294,C313
P0294,C331
P0294,C343
P0294,C352
P0294,C353
P0295,C033
P0295,C034
P0295,C051
P0295,C053
P0295,C248
P0295,C293
P0295,C313
P0295,C352
P0296,C135
P0296,C309
P0297,C033
P0297,C034
P0297,C051
P0297,C053
P0297,C113
P0297,C114
P0297,C248
P0297,C293
P0297,C313
P0297,C350
P0297,C352
P0298,C332
P0298,C350
P0299,C147
P0299,C183
P0299,C322
P0299,C332
P0300,C008
P0300,C011
P0300,C017
P0300,C019
P0300,C021
P0300,C027
P0300,C028
P0300,C031
P0300,C033
P0300,C034
P0300,C044
P0300,C046
P0300,C048
P0300,C051
P0300,C053
P0300,C069
P0300,C071
P0300,C078
P0300,C079
P0300,C080
P0300,C082
P0300,C085
P0300,C091
P0300,C098
P0300,C101
P0300,C104
P0300,C105
P0300,C121
P0300,C130
P0300,C135
P0300,C147
P0300,C162
P0300,C163
P0300,C164
P0300,C178
P0300,C182
P0300,C190
P0300,C225
P0300,C231
P0300,C237
P0300,C246
P0300,C248
P0300,C251
P0300,C252
P0300,C260
P0300,C262
P0300,C293
P0300,C305
P0300,C309
P0300,C313
P0300,C331
P0300,C332
P0300,C343
P0300,C347
P0300,C350
P0300,C352
P0300,C358
P0300,C359
P0300,C362
P0301,C113
P0301,C114
P0301,C245
P0301,C340
P0302,C224
P0303,C008
P0303,C017
P0303,C019
P0303,C044
P0303,C048
P0303,C051
P0303,C053
P0303,C085
P0303,C104
P0303,C105
P0303,C113
P0303,C114
P0303,C115
P0303,C135
P0303,C138
P0303,C164
P0303,C178
P0303,C183
P0303,C185
P0303,C186
P0303,C224
P0303,C237
P0303,C245
P0303,C248
P0303,C252
P0303,C279
P0303,C293
P0303,C309
P0303,C313
P0303,C322
P0303,C331
P0303,C332
P0303,C347
P0303,C349
P0303,C350
P0303,C352
P0303,C358
P0303,C359
P0303,C362
P0304,C044
P0304,C135
P0304,C309
P0305,C013
P0305,C028
P0305,C033
P0305,C034
P0305,C048
P0305,C051
P0305,C053
P0305,C082
P0305,C085
P0305,C135
P0305,C145
P0305,C171
P0305,C178
P0305,C182
P0305,C225
P0305,C248
P0305,C251
P0305,C269
P0305,C284
P0305,C293
P0305,C305
P0305,C309
P0305,C313
P0305,C332
P0305,C350
P0305,C352
P0306,C048
P0306,C115
P0306,C178
P0306,C222
P0306,C252
P0306,C332
P0307,C019
P0307,C071
P0307,C085
P0307,C104
P0307,C105
P0307,C113
P0307,C114
P0307,C231
P0307,C237
P0307,C279
P0307,C331
P0307,C332
P0307,C349
P0308,C019
P0308,C031
P0308,C048
P0308,C085
P0308,C101
P0308,C104
P0308,C105
P0308,C113
P0308,C114
P0308,C130
P0308,C135
P0308,C183
P0308,C185
P0308,C186
P0308,C224
P0308,C237
P0308,C252
P0308,C279
P0308,C309
P0308,C311
P0308,C322
P0308,C331
P0308,C332
P0308,C349
P0308,C350
P0309,C028
P0309,C033
P0309,C034
P0309,C051
P0309,C053
P0309,C248
P0309,C293
P0309,C313
P0309,C352
P0310,C028
P0310,C051
P0310,C053
P0310,C126
P0310,C248
P0310,C293
P0310,C313
P0310,C352
P0311,C164
P0312,C008
P0312,C017
P0312,C019
P0312,C027
P0312,C031
P0312,C044
P0312,C046
P0312,C048
P0312,C051
P0312,C053
P0312,C078
P0312,C079
P0312,C080
P0312,C082
P0312,C085
P0312,C104
P0312,C105
P0312,C113
P0312,C114
P0312,C130
P0312,C135
P0312,C138
P0312,C150
P0312,C152
P0312,C164
P0312,C178
P0312,C183
P0312,C190
P0312,C218
P0312,C224
P0312,C237
P0312,C248
P0312,C252
P0312,C260
P0312,C262
P0312,C293
P0312,C297
P0312,C309
P0312,C311
P0312,C313
P0312,C322
P0312,C331
P0312,C332
P0312,C340
P0312,C347
P0312,C350
P0312,C352
P0312,C358
P0312,C359
P0312,C362
P0313,C113
P0313,C114
P0313,C130
P0313,C162
P0313,C163
P0313,C332
P0313,C343
P0314,C113
P0314,C114
P0314,C130
P0314,C162
P0314,C163
P0314,C343
P0315,C008
P0315,C017
P0315,C019
P0315,C031
P0315,C033
P0315,C034
P0315,C044
P0315,C048
P0315,C051
P0315,C053
P0315,C069
P0315,C079
P0315,C080
P0315,C085
P0315,C101
P0315,C104
P0315,C105
P0315,C113
P0315,C114
P0315,C130
P0315,C131
P0315,C135
P0315,C138
P0315,C178
P0315,C185
P0315,C186
P0315,C224
P0315,C237
P0315,C248
P0315,C252
P0315,C260
P0315,C293
P0315,C309
P0315,C313
P0315,C331
P0315,C332
P0315,C350
P0315,C352
P0316,C008
P0316,C017
P0316,C019
P0316,C033
P0316,C034
P0316,C044
P0316,C051
P0316,C053
P0316,C079
P0316,C080
P0316,C085
P0316,C104
P0316,C105
P0316,C113
P0316,C114
P0316,C115
P0316,C131
P0316,C135
P0316,C183
P0316,C224
P0316,C237
P0316,C248
P0316,C252
P0316,C279
P0316,C293
P0316,C309
P0316,C313
P0316,C322
P0316,C331
P0316,C349
P0316,C352
P0317,C079
P0317,C080
P0317,C082
P0317,C121
P0317,C135
P0317,C162
P0317,C163
P0317,C215
P0317,C216
P0317,C217
P0317,C309
P0317,C332
P0317,C343
P0318,C121
P0318,C173
P0318,C185
P0318,C186
P0319,C079
P0319,C080
P0319,C082
P0319,C121
P0319,C135
P0319,C162
P0319,C163
P0319,C215
P0319,C216
P0319,C217
P0319,C305
P0319,C309
P0319,C332
P0319,C343
P0320,C082
P0320,C260
P0320,C332
P0321,C048
P0321,C069
P0322,C252
P0323,C085
P0323,C252
P0324,C019
P0324,C104
P0324,C105
P0324,C185
P0324,C186
P0324,C237
P0324,C246
P0324,C252
P0324,C331
P0325,C098
P0325,C183
P0325,C322
P0325,C332
P0325,C350
P0326,C183
P0326,C322
P0327,C011
P0327,C013
P0327,C019
P0327,C033
P0327,C034
P0327,C044
P0327,C048
P0327,C069
P0327,C082
P0327,C085
P0327,C104
P0327,C105
P0327,C113
P0327,C114
P0327,C130
P0327,C135
P0327,C154
P0327,C171
P0327,C183
P0327,C224
P0327,C237
P0327,C251
P0327,C284
P0327,C305
P0327,C309
P0327,C322
P0327,C331
P0327,C332
P0327,C347
P0327,C350
P0327,C358
P0327,C359
P0327,C362
P0328,C008
P0328,C017
P0328,C033
P0328,C034
P0328,C039
P0328,C048
P0328,C085
P0328,C113
P0328,C114
P0328,C183
P0328,C262
P0328,C299
P0328,C322
P0328,C332
P0328,C350
P0329,C130
P0330,C033
P0330,C034
P0330,C044
P0330,C051
P0330,C053
P0330,C248
P0330,C293
P0330,C313
P0330,C352
P0331,C008
P0331,C017
P0331,C019
P0331,C033
P0331,C034
P0331,C048
P0331,C051
P0331,C053
P0331,C079
P0331,C080
P0331,C085
P0331,C104
P0331,C105
P0331,C113
P0331,C114
P0331,C121
P0331,C135
P0331,C183
P0331,C215
P0331,C216
P0331,C217
P0331,C224
P0331,C237
P0331,C248
P0331,C252
P0331,C293
P0331,C309
P0331,C313
P0331,C322
P0331,C331
P0331,C350
P0331,C352
P0332,C135
P0332,C185
P0332,C186
P0332,C252
P0332,C309
P0333,C033
P0333,C034
P0333,C051
P0333,C053
P0333,C185
P0333,C186
P0333,C248
P0333,C293
P0333,C313
P0333,C352
P0334,C051
P0334,C053
P0334,C131
P0334,C248
P0334,C293
P0334,C313
P0334,C352
P0335,C028
P0335,C051
P0335,C053
P0335,C248
P0335,C293
P0335,C313
P0335,C352
P0336,C033
P0336,C034
P0337,C135
P0337,C162
P0337,C163
P0337,C309
P0337,C343
P0338,C019
P0338,C028
P0338,C051
P0338,C053
P0338,C069
P0338,C071
P0338,C085
P0338,C101
P0338,C104
P0338,C105
P0338,C113
P0338,C114
P0338,C130
P0338,C135
P0338,C138
P0338,C183
P0338,C185
P0338,C186
P0338,C224
P0338,C237
P0338,C248
P0338,C252
P0338,C260
P0338,C293
P0338,C309
P0338,C313
P0338,C322
P0338,C331
P0338,C350
P0338,C352
P0339,C033
P0339,C034
P0339,C046
P0339,C048
P0339,C051
P0339,C053
P0339,C069
P0339,C127
P0339,C135
P0339,C162
P0339,C163
P0339,C185
P0339,C186
P0339,C248
P0339,C252
P0339,C293
P0339,C309
P0339,C313
P0339,C332
P0339,C343
P0339,C352
P0340,C015
P0340,C033
P0340,C034
P0340,C048
P0340,C051
P0340,C053
P0340,C248
P0340,C293
P0340,C313
P0340,C352
P0341,C033
P0341,C034
P0341,C051
P0341,C053
P0341,C162
P0341,C163
P0341,C185
P0341,C186
P0341,C248
P0341,C293
P0341,C313
P0341,C343
P0341,C352
P0342,C113
P0342,C114
P0343,C044
P0343,C115
P0343,C183
P0343,C322
P0343,C350
P0344,C028
P0344,C033
P0344,C034
P0344,C046
P0344,C069
P0344,C135
P0344,C262
P0344,C309
P0345,C033
P0345,C034
P0345,C051
P0345,C053
P0345,C248
P0345,C293
P0345,C313
P0345,C352
P0346,C015
P0346,C031
P0346,C033
P0346,C034
P0346,C044
P0346,C046
P0346,C048
P0346,C051
P0346,C053
P0346,C069
P0346,C079
P0346,C080
P0346,C085
P0346,C093
P0346,C094
P0346,C127
P0346,C130
P0346,C135
P0346,C138
P0346,C168
P0346,C183
P0346,C224
P0346,C248
P0346,C252
P0346,C293
P0346,C301
P0346,C309
P0346,C313
P0346,C322
P0346,C332
P0346,C352
P0347,C332
P0348,C033
P0348,C034
P0348,C044
P0348,C048
P0348,C079
P0348,C080
P0348,C082
P0348,C098
P0348,C113
P0348,C114
P0348,C183
P0348,C252
P0348,C260
P0348,C279
P0348,C322
P0348,C332
P0348,C349
P0348,C350
P0349,C044
P0350,C001
P0350,C033
P0350,C034
P0350,C044
P0350,C051
P0350,C053
P0350,C113
P0350,C114
P0350,C130
P0350,C248
P0350,C251
P0350,C279
P0350,C293
P0350,C313
P0350,C332
P0350,C349
P0350,C352
P0351,C135
P0351,C183
P0351,C224
P0351,C309
P0351,C322
P0352,C019
P0352,C048
P0352,C051
P0352,C053
P0352,C069
P0352,C085
P0352,C104
P0352,C105
P0352,C237
P0352,C248
P0352,C293
P0352,C313
P0352,C331
P0352,C332
P0352,C347
P0352,C352
P0352,C358
P0352,C359
P0352,C362
P0353,C121
P0353,C332
P0354,C079
P0354,C080
P0354,C091
P0354,C332
P0355,C033
P0355,C034
P0355,C079
P0355,C080
P0355,C183
P0355,C252
P0355,C322
P0355,C332
P0356,C033
P0356,C034
P0356,C046
P0356,C051
P0356,C053
P0356,C248
P0356,C293
P0356,C313
P0356,C352
P0357,C013
P0357,C019
P0357,C031
P0357,C033
P0357,C034
P0357,C044
P0357,C046
P0357,C048
P0357,C051
P0357,C053
P0357,C069
P0357,C079
P0357,C080
P0357,C085
P0357,C091
P0357,C101
P0357,C104
P0357,C105
P0357,C113
P0357,C114
P0357,C121
P0357,C130
P0357,C135
P0357,C138
P0357,C145
P0357,C183
P0357,C224
P0357,C237
P0357,C245
P0357,C248
P0357,C252
P0357,C269
P0357,C279
P0357,C293
P0357,C305
P0357,C309
P0357,C311
P0357,C313
P0357,C322
P0357,C331
P0357,C332
P0357,C340
P0357,C347
P0357,C349
P0357,C350
P0357,C352
P0357,C358
P0357,C359
P0357,C362
P0358,C085
P0358,C135
P0358,C224
P0358,C279
P0358,C309
P0358,C349
P0359,C008
P0359,C017
P0359,C019
P0359,C031
P0359,C044
P0359,C046
P0359,C048
P0359,C069
P0359,C082
P0359,C085
P0359,C104
P0359,C105
P0359,C113
P0359,C114
P0359,C126
P0359,C127
P0359,C130
P0359,C135
P0359,C178
P0359,C182
P0359,C183
P0359,C224
P0359,C231
P0359,C237
P0359,C252
P0359,C260
P0359,C309
P0359,C320
P0359,C322
P0359,C331
P0359,C332
P0359,C340
P0359,C347
P0359,C350
P0359,C358
P0359,C359
P0359,C362
P0360,C001
P0360,C019
P0360,C028
P0360,C031
P0360,C033
P0360,C034
P0360,C044
P0360,C046
P0360,C048
P0360,C051
P0360,C053
P0360,C079
P0360,C080
P0360,C082
P0360,C085
P0360,C091
P0360,C104
P0360,C105
P0360,C113
P0360,C114
P0360,C130
P0360,C135
P0360,C138
P0360,C178
P0360,C182
P0360,C183
P0360,C237
P0360,C248
P0360,C251
P0360,C262
P0360,C293
P0360,C309
P0360,C313
P0360,C322
P0360,C331
P0360,C332
P0360,C347
P0360,C350
P0360,C352
P0360,C358
P0360,C359
P0360,C362
P0361,C033
P0361,C034
P0361,C044
P0361,C051
P0361,C053
P0361,C085
P0361,C113
P0361,C114
P0361,C135
P0361,C145
P0361,C185
P0361,C186
P0361,C248
P0361,C269
P0361,C293
P0361,C309
P0361,C313
P0361,C332
P0361,C350
P0361,C352
P0362,C008
P0362,C017
P0362,C028
P0362,C031
P0362,C033
P0362,C034
P0362,C046
P0362,C048
P0362,C051
P0362,C053
P0362,C079
P0362,C080
P0362,C082
P0362,C113
P0362,C114
P0362,C130
P0362,C162
P0362,C163
P0362,C231
P0362,C235
P0362,C248
P0362,C252
P0362,C279
P0362,C293
P0362,C311
P0362,C313
P0362,C332
P0362,C343
P0362,C349
P0362,C350
P0362,C352
P0363,C033
P0363,C034
P0363,C048
P0363,C130
P0363,C183
P0363,C231
P0363,C322
P0363,C332
P0364,C021
P0364,C185
P0364,C186
P0365,C019
P0365,C028
P0365,C031
P0365,C044
P0365,C048
P0365,C069
P0365,C085
P0365,C098
P0365,C104
P0365,C105
P0365,C113
P0365,C114
P0365,C130
P0365,C135
P0365,C147
P0365,C178
P0365,C183
P0365,C224
P0365,C237
P0365,C251
P0365,C252
P0365,C260
P0365,C262
P0365,C309
P0365,C322
P0365,C331
P0365,C332
P0365,C350
P0366,C019
P0366,C031
P0366,C033
P0366,C034
P0366,C048
P0366,C079
P0366,C080
P0366,C085
P0366,C101
P0366,C104
P0366,C105
P0366,C113
P0366,C114
P0366,C121
P0366,C130
P0366,C135
P0366,C145
P0366,C147
P0366,C164
P0366,C178
P0366,C183
P0366,C224
P0366,C232
P0366,C237
P0366,C245
P0366,C246
P0366,C251
P0366,C252
P0366,C262
P0366,C269
P0366,C309
P0366,C311
P0366,C320
P0366,C322
P0366,C331
P0366,C332
P0366,C347
P0366,C350
P0366,C358
P0366,C359
P0366,C362
P0367,C008
P0367,C017
P0367,C019
P0367,C027
P0367,C028
P0367,C031
P0367,C033
P0367,C034
P0367,C044
P0367,C048
P0367,C085
P0367,C101
P0367,C104
P0367,C105
P0367,C109
P0367,C113
P0367,C114
P0367,C135
P0367,C138
P0367,C183
P0367,C190
P0367,C218
P0367,C224
P0367,C237
P0367,C252
P0367,C309
P0367,C311
P0367,C320
P0367,C322
P0367,C331
P0367,C332
P0367,C347
P0367,C350
P0367,C358
P0367,C359
P0367,C362
P0368,C013
P0368,C048
P0368,C098
P0368,C130
P0368,C145
P0368,C176
P0368,C183
P0368,C251
P0368,C252
P0368,C260
P0368,C269
P0368,C322
P0369,C085
P0369,C130
P0369,C135
P0369,C176
P0369,C260
P0369,C309
P0369,C332
P0369,C350
P0370,C135
P0370,C176
P0370,C260
P0370,C309
P0370,C332
P0371,C019
P0371,C078
P0371,C079
P0371,C080
P0371,C085
P0371,C093
P0371,C094
P0371,C098
P0371,C104
P0371,C105
P0371,C113
P0371,C114
P0371,C135
P0371,C178
P0371,C224
P0371,C225
P0371,C237
P0371,C252
P0371,C301
P0371,C309
P0371,C331
P0371,C332
P0371,C350
P0372,C008
P0372,C017
P0372,C048
P0372,C311
P0372,C332
P0373,C031
P0373,C033
P0373,C034
P0373,C113
P0373,C114
P0373,C130
P0373,C135
P0373,C162
P0373,C163
P0373,C185
P0373,C186
P0373,C205
P0373,C252
P0373,C309
P0373,C343
P0374,C183
P0374,C322
P0375,C252
P0376,C019
P0376,C044
P0376,C046
P0376,C079
P0376,C080
P0376,C091
P0376,C104
P0376,C105
P0376,C113
P0376,C114
P0376,C130
P0376,C135
P0376,C138
P0376,C183
P0376,C185
P0376,C186
P0376,C215
P0376,C216
P0376,C217
P0376,C237
P0376,C309
P0376,C322
P0376,C331
P0376,C332
P0376,C350
P0377,C019
P0377,C079
P0377,C080
P0377,C082
P0377,C091
P0377,C104
P0377,C105
P0377,C237
P0377,C331
P0377,C332
P0378,C028
P0378,C085
P0378,C251
P0379,C028
P0379,C251
P0379,C252
P0380,C051
P0380,C053
P0380,C113
P0380,C114
P0380,C248
P0380,C293
P0380,C313
P0380,C352
P0381,C028
P0381,C078
P0382,C033
P0382,C034
P0382,C085
P0382,C350
P0383,C008
P0383,C017
P0383,C019
P0383,C028
P0383,C031
P0383,C044
P0383,C048
P0383,C079
P0383,C080
P0383,C082
P0383,C085
P0383,C091
P0383,C104
P0383,C105
P0383,C135
P0383,C162
P0383,C163
P0383,C237
P0383,C251
P0383,C309
P0383,C331
P0383,C332
P0383,C343
P0383,C347
P0383,C358
P0383,C359
P0383,C362
P0384,C044
P0384,C048
P0384,C079
P0384,C080
P0384,C098
P0384,C130
P0384,C135
P0384,C224
P0384,C231
P0384,C262
P0384,C309
P0384,C311
P0384,C332
P0384,C350
P0385,C019
P0385,C069
P0385,C085
P0385,C101
P0385,C104
P0385,C105
P0385,C113
P0385,C114
P0385,C224
P0385,C237
P0385,C245
P0385,C252
P0385,C331
P0385,C347
P0385,C350
P0385,C358
P0385,C359
P0385,C362
P0386,C019
P0386,C028
P0386,C044
P0386,C048
P0386,C082
P0386,C085
P0386,C104
P0386,C105
P0386,C113
P0386,C114
P0386,C115
P0386,C121
P0386,C183
P0386,C224
P0386,C237
P0386,C245
P0386,C252
P0386,C322
P0386,C331
P0386,C350
P0387,C019
P0387,C044
P0387,C048
P0387,C071
P0387,C079
P0387,C080
P0387,C085
P0387,C101
P0387,C104
P0387,C105
P0387,C113
P0387,C114
P0387,C135
P0387,C138
P0387,C147
P0387,C178
P0387,C183
P0387,C224
P0387,C235
P0387,C237
P0387,C251
P0387,C252
P0387,C262
P0387,C309
P0387,C311
P0387,C322
P0387,C331
P0387,C350
P0388,C008
P0388,C017
P0388,C019
P0388,C028
P0388,C033
P0388,C034
P0388,C048
P0388,C051
P0388,C053
P0388,C071
P0388,C078
P0388,C085
P0388,C104
P0388,C105
P0388,C113
P0388,C114
P0388,C127
P0388,C135
P0388,C138
P0388,C147
P0388,C150
P0388,C224
P0388,C234
P0388,C236
P0388,C237
P0388,C248
P0388,C251
P0388,C252
P0388,C260
P0388,C262
P0388,C293
P0388,C309
P0388,C313
P0388,C331
P0388,C332
P0388,C347
P0388,C350
P0388,C352
P0388,C358
P0388,C359
P0388,C362
P0389,C019
P0389,C085
P0389,C104
P0389,C105
P0389,C113
P0389,C114
P0389,C130
P0389,C178
P0389,C224
P0389,C237
P0389,C246
P0389,C252
P0389,C331
P0389,C332
P0389,C347
P0389,C350
P0389,C358
P0389,C359
P0389,C362
P0390,C019
P0390,C033
P0390,C034
P0390,C048
P0390,C069
P0390,C078
P0390,C085
P0390,C101
P0390,C104
P0390,C105
P0390,C113
P0390,C114
P0390,C138
P0390,C162
P0390,C163
P0390,C178
P0390,C183
P0390,C224
P0390,C237
P0390,C246
P0390,C252
P0390,C322
P0390,C331
P0390,C343
P0391,C019
P0391,C063
P0391,C085
P0391,C101
P0391,C104
P0391,C105
P0391,C113
P0391,C114
P0391,C130
P0391,C138
P0391,C178
P0391,C183
P0391,C185
P0391,C186
P0391,C224
P0391,C237
P0391,C245
P0391,C246
P0391,C252
P0391,C322
P0391,C331
P0391,C350
P0392,C008
P0392,C017
P0392,C019
P0392,C033
P0392,C034
P0392,C039
P0392,C044
P0392,C051
P0392,C053
P0392,C071
P0392,C082
P0392,C085
P0392,C101
P0392,C104
P0392,C105
P0392,C113
P0392,C114
P0392,C130
P0392,C131
P0392,C138
P0392,C145
P0392,C147
P0392,C162
P0392,C163
P0392,C183
P0392,C185
P0392,C186
P0392,C224
P0392,C231
P0392,C232
P0392,C237
P0392,C245
P0392,C248
P0392,C252
P0392,C258
P0392,C269
P0392,C293
P0392,C299
P0392,C313
P0392,C322
P0392,C331
P0392,C332
P0392,C343
P0392,C350
P0392,C352
P0393,C015
P0393,C019
P0393,C033
P0393,C034
P0393,C051
P0393,C053
P0393,C071
P0393,C078
P0393,C085
P0393,C104
P0393,C105
P0393,C113
P0393,C114
P0393,C121
P0393,C135
P0393,C138
P0393,C162
P0393,C163
P0393,C212
P0393,C224
P0393,C237
P0393,C248
P0393,C252
P0393,C279
P0393,C293
P0393,C297
P0393,C309
P0393,C313
P0393,C331
P0393,C343
P0393,C349
P0393,C350
P0393,C352
P0394,C019
P0394,C046
P0394,C048
P0394,C071
P0394,C079
P0394,C080
P0394,C085
P0394,C104
P0394,C105
P0394,C113
P0394,C114
P0394,C138
P0394,C147
P0394,C183
P0394,C237
P0394,C246
P0394,C251
P0394,C252
P0394,C279
P0394,C322
P0394,C331
P0394,C332
P0394,C349
P0394,C350
P0395,C013
P0395,C019
P0395,C082
P0395,C104
P0395,C105
P0395,C224
P0395,C237
P0395,C251
P0395,C331
P0395,C350
P0396,C082
P0397,C019
P0397,C028
P0397,C033
P0397,C034
P0397,C046
P0397,C104
P0397,C105
P0397,C178
P0397,C215
P0397,C216
P0397,C217
P0397,C237
P0397,C331
P0397,C350
P0398,C008
P0398,C017
P0398,C048
P0398,C311
P0399,C031
P0399,C033
P0399,C034
P0399,C069
P0399,C127
P0399,C185
P0399,C186
P0400,C085
P0400,C113
P0400,C114
P0400,C232
P0400,C332
P0401,C033
P0401,C034
P0401,C051
P0401,C053
P0401,C135
P0401,C215
P0401,C216
P0401,C217
P0401,C248
P0401,C293
P0401,C309
P0401,C313
P0401,C332
P0401,C352
P0402,C033
P0402,C034
P0402,C051
P0402,C053
P0402,C078
P0402,C085
P0402,C101
P0402,C130
P0402,C185
P0402,C186
P0402,C248
P0402,C252
P0402,C279
P0402,C293
P0402,C313
P0402,C319
P0402,C323
P0402,C332
P0402,C349
P0402,C352
P0403,C008
P0403,C017
P0403,C079
P0403,C080
P0403,C098
P0403,C121
P0403,C183
P0403,C260
P0403,C305
P0403,C322
P0403,C332
P0404,C001
P0404,C008
P0404,C017
P0404,C019
P0404,C046
P0404,C085
P0404,C101
P0404,C104
P0404,C105
P0404,C113
P0404,C114
P0404,C135
P0404,C178
P0404,C182
P0404,C224
P0404,C237
P0404,C252
P0404,C260
P0404,C262
P0404,C309
P0404,C311
P0404,C331
P0404,C350
P0405,C019
P0405,C104
P0405,C105
P0405,C113
P0405,C114
P0405,C237
P0405,C252
P0405,C331
P0406,C008
P0406,C017
P0406,C033
P0406,C034
P0406,C044
P0406,C046
P0406,C051
P0406,C053
P0406,C069
P0406,C113
P0406,C114
P0406,C135
P0406,C160
P0406,C162
P0406,C163
P0406,C248
P0406,C252
P0406,C262
P0406,C293
P0406,C309
P0406,C313
P0406,C332
P0406,C343
P0406,C350
P0406,C352
P0407,C048
P0407,C085
P0407,C101
P0407,C113
P0407,C114
P0407,C130
P0407,C252
P0407,C342
P0407,C350
P0408,C019
P0408,C048
P0408,C101
P0408,C104
P0408,C105
P0408,C113
P0408,C114
P0408,C178
P0408,C183
P0408,C237
P0408,C322
P0408,C331
P0409,C019
P0409,C028
P0409,C031
P0409,C033
P0409,C034
P0409,C051
P0409,C053
P0409,C104
P0409,C105
P0409,C237
P0409,C248
P0409,C293
P0409,C313
P0409,C331
P0409,C352
P0410,C033
P0410,C034
P0410,C044
P0410,C082
P0410,C135
P0410,C183
P0410,C260
P0410,C309
P0410,C322
P0410,C332
P0410,C350
P0411,C013
P0411,C019
P0411,C051
P0411,C053
P0411,C104
P0411,C105
P0411,C113
P0411,C114
P0411,C135
P0411,C162
P0411,C163
P0411,C237
P0411,C248
P0411,C293
P0411,C309
P0411,C311
P0411,C313
P0411,C331
P0411,C332
P0411,C343
P0411,C352
P0412,C033
P0412,C034
P0412,C183
P0412,C322
P0413,C033
P0413,C034
P0413,C044
P0413,C046
P0413,C048
P0413,C051
P0413,C053
P0413,C069
P0413,C082
P0413,C113
P0413,C114
P0413,C120
P0413,C135
P0413,C182
P0413,C224
P0413,C248
P0413,C252
P0413,C260
P0413,C293
P0413,C309
P0413,C313
P0413,C332
P0413,C350
P0413,C352
P0414,C015
P0414,C019
P0414,C033
P0414,C034
P0414,C044
P0414,C051
P0414,C053
P0414,C085
P0414,C101
P0414,C104
P0414,C105
P0414,C120
P0414,C130
P0414,C135
P0414,C183
P0414,C237
P0414,C248
P0414,C252
P0414,C260
P0414,C262
P0414,C293
P0414,C309
P0414,C313
P0414,C322
P0414,C331
P0414,C350
P0414,C352
P0415,C145
P0415,C183
P0415,C269
P0415,C322
P0415,C350
P0416,C033
P0416,C034
P0416,C051
P0416,C053
P0416,C183
P0416,C248
P0416,C293
P0416,C313
P0416,C322
P0416,C332
P0416,C352
P0417,C033
P0417,C034
P0417,C135
P0417,C309
P0417,C332
P0418,C048
P0418,C085
P0418,C113
P0418,C114
P0418,C224
P0419,C019
P0419,C028
P0419,C033
P0419,C034
P0419,C044
P0419,C085
P0419,C104
P0419,C105
P0419,C113
P0419,C114
P0419,C130
P0419,C152
P0419,C164
P0419,C185
P0419,C186
P0419,C224
P0419,C237
P0419,C252
P0419,C331
P0419,C350
P0420,C033
P0420,C034
P0420,C130
P0420,C225
P0420,C252
P0420,C262
P0421,C015
P0421,C044
P0421,C051
P0421,C053
P0421,C078
P0421,C085
P0421,C091
P0421,C113
P0421,C114
P0421,C127
P0421,C130
P0421,C131
P0421,C162
P0421,C163
P0421,C178
P0421,C224
P0421,C232
P0421,C248
P0421,C252
P0421,C258
P0421,C293
P0421,C313
P0421,C332
P0421,C343
P0421,C350
P0421,C352
P0422,C085
P0422,C113
P0422,C114
P0422,C252
P0423,C113
P0423,C114
P0424,C183
P0424,C322
P0424,C350
P0425,C051
P0425,C053
P0425,C085
P0425,C113
P0425,C114
P0425,C135
P0425,C248
P0425,C293
P0425,C309
P0425,C313
P0425,C350
P0425,C352
P0426,C044
P0427,C113
P0427,C114
P0427,C135
P0427,C252
P0427,C309
P0427,C332
P0428,C085
P0428,C183
P0428,C252
P0428,C322
P0429,C019
P0429,C028
P0429,C044
P0429,C051
P0429,C053
P0429,C069
P0429,C079
P0429,C080
P0429,C082
P0429,C104
P0429,C105
P0429,C113
P0429,C114
P0429,C130
P0429,C131
P0429,C135
P0429,C145
P0429,C147
P0429,C178
P0429,C183
P0429,C237
P0429,C248
P0429,C252
P0429,C269
P0429,C279
P0429,C293
P0429,C309
P0429,C313
P0429,C322
P0429,C331
P0429,C332
P0429,C349
P0429,C350
P0429,C352
P0430,C019
P0430,C069
P0430,C079
P0430,C080
P0430,C104
P0430,C105
P0430,C131
P0430,C145
P0430,C183
P0430,C237
P0430,C269
P0430,C322
P0430,C331
P0430,C332
P0430,C350
P0431,C044
P0431,C079
P0431,C080
P0431,C130
P0431,C131
P0431,C188
P0431,C224
P0431,C305
P0431,C332
P0431,C350
P0432,C082
P0432,C122
P0432,C131
P0432,C332
P0432,C350
P0433,C131
P0433,C350
P0434,C019
P0434,C031
P0434,C033
P0434,C034
P0434,C085
P0434,C101
P0434,C104
P0434,C105
P0434,C113
P0434,C114
P0434,C131
P0434,C135
P0434,C138
P0434,C178
P0434,C183
P0434,C224
P0434,C237
P0434,C251
P0434,C252
P0434,C309
P0434,C322
P0434,C331
P0434,C332
P0434,C350
P0435,C019
P0435,C044
P0435,C104
P0435,C105
P0435,C113
P0435,C114
P0435,C178
P0435,C224
P0435,C237
P0435,C279
P0435,C331
P0435,C347
P0435,C349
P0435,C350
P0435,C358
P0435,C359
P0435,C362
P0436,C079
P0436,C080
P0436,C091
P0436,C113
P0436,C114
P0436,C178
P0436,C340
P0436,C350
P0437,C031
P0437,C044
P0437,C046
P0437,C113
P0437,C114
P0437,C135
P0437,C183
P0437,C251
P0437,C260
P0437,C309
P0437,C311
P0437,C322
P0437,C332
P0437,C350
P0438,C001
P0438,C019
P0438,C104
P0438,C105
P0438,C113
P0438,C114
P0438,C135
P0438,C178
P0438,C237
P0438,C251
P0438,C260
P0438,C309
P0438,C331
P0438,C332
P0438,C350
P0439,C113
P0439,C114
P0439,C135
P0439,C309
P0440,C044
P0440,C046
P0440,C048
P0440,C085
P0440,C091
P0440,C113
P0440,C114
P0440,C183
P0440,C252
P0440,C311
P0440,C322
P0440,C332
P0440,C350
P0441,C135
P0441,C218
P0441,C309
P0441,C332
P0441,C340
P0441,C350
P0442,C028
P0442,C046
P0442,C130
P0442,C135
P0442,C183
P0442,C260
P0442,C285
P0442,C309
P0442,C322
P0442,C332
P0442,C350
P0443,C033
P0443,C034
P0443,C185
P0443,C186
P0444,C101
P0444,C135
P0444,C215
P0444,C216
P0444,C217
P0444,C309
P0444,C350
P0445,C046
P0445,C051
P0445,C053
P0445,C135
P0445,C248
P0445,C252
P0445,C262
P0445,C293
P0445,C309
P0445,C313
P0445,C352
P0446,C044
P0446,C135
P0446,C309
P0447,C098
P0447,C130
P0447,C225
P0447,C350
P0448,C019
P0448,C031
P0448,C044
P0448,C069
P0448,C104
P0448,C105
P0448,C113
P0448,C114
P0448,C135
P0448,C164
P0448,C237
P0448,C252
P0448,C309
P0448,C331
P0448,C347
P0448,C358
P0448,C359
P0448,C362
P0449,C046
P0449,C051
P0449,C053
P0449,C071
P0449,C122
P0449,C135
P0449,C162
P0449,C163
P0449,C185
P0449,C186
P0449,C246
P0449,C248
P0449,C250
P0449,C279
P0449,C293
P0449,C309
P0449,C313
P0449,C343
P0449,C349
P0449,C350
P0449,C352
P0450,C008
P0450,C017
P0450,C019
P0450,C044
P0450,C046
P0450,C048
P0450,C051
P0450,C053
P0450,C079
P0450,C080
P0450,C082
P0450,C085
P0450,C104
P0450,C105
P0450,C113
P0450,C114
P0450,C135
P0450,C147
P0450,C178
P0450,C183
P0450,C218
P0450,C224
P0450,C225
P0450,C231
P0450,C237
P0450,C248
P0450,C251
P0450,C293
P0450,C309
P0450,C313
P0450,C322
P0450,C331
P0450,C332
P0450,C340
P0450,C350
P0450,C352
P0451,C033
P0451,C034
P0451,C126
P0451,C180
P0452,C033
P0452,C034
P0452,C051
P0452,C053
P0452,C248
P0452,C293
P0452,C313
P0452,C350
P0452,C352
P0453,C019
P0453,C044
P0453,C069
P0453,C085
P0453,C101
P0453,C104
P0453,C105
P0453,C113
P0453,C114
P0453,C138
P0453,C145
P0453,C183
P0453,C185
P0453,C186
P0453,C212
P0453,C237
P0453,C252
P0453,C269
P0453,C322
P0453,C331
P0453,C332
P0453,C350
P0454,C008
P0454,C017
P0454,C019
P0454,C044
P0454,C048
P0454,C069
P0454,C079
P0454,C080
P0454,C085
P0454,C093
P0454,C094
P0454,C101
P0454,C104
P0454,C105
P0454,C113
P0454,C114
P0454,C130
P0454,C138
P0454,C145
P0454,C183
P0454,C224
P0454,C237
P0454,C251
P0454,C252
P0454,C260
P0454,C269
P0454,C279
P0454,C301
P0454,C305
P0454,C322
P0454,C331
P0454,C332
P0454,C349
P0454,C350
P0455,C019
P0455,C101
P0455,C104
P0455,C105
P0455,C113
P0455,C114
P0455,C178
P0455,C185
P0455,C186
P0455,C237
P0455,C331
P0455,C340
P0455,C350
P0456,C019
P0456,C033
P0456,C034
P0456,C085
P0456,C104
P0456,C105
P0456,C127
P0456,C130
P0456,C224
P0456,C237
P0456,C331
P0456,C332
P0456,C350
P0457,C013
P0457,C044
P0457,C113
P0457,C114
P0457,C130
P0457,C178
P0457,C183
P0457,C224
P0457,C231
P0457,C252
P0457,C322
P0457,C332
P0457,C350
P0458,C033
P0458,C034
P0458,C051
P0458,C053
P0458,C135
P0458,C185
P0458,C186
P0458,C248
P0458,C293
P0458,C309
P0458,C313
P0458,C352
P0459,C033
P0459,C034
P0459,C051
P0459,C053
P0459,C248
P0459,C293
P0459,C313
P0459,C352
P0460,C015
P0460,C033
P0460,C034
P0460,C051
P0460,C053
P0460,C185
P0460,C186
P0460,C248
P0460,C293
P0460,C313
P0460,C352
P0460,C353
P0461,C028
P0461,C091
P0461,C121
P0461,C135
P0461,C183
P0461,C194
P0461,C262
P0461,C309
P0461,C322
P0461,C350
P0461,C363
P0462,C015
P0462,C028
P0462,C031
P0462,C033
P0462,C034
P0462,C082
P0462,C091
P0462,C121
P0462,C332
P0463,C028
P0463,C033
P0463,C034
P0463,C044
P0463,C051
P0463,C053
P0463,C082
P0463,C091
P0463,C113
P0463,C114
P0463,C130
P0463,C248
P0463,C293
P0463,C313
P0463,C332
P0463,C352
P0464,C033
P0464,C034
P0464,C126
P0464,C135
P0464,C162
P0464,C163
P0464,C309
P0464,C343
P0465,C019
P0465,C033
P0465,C034
P0465,C044
P0465,C104
P0465,C105
P0465,C130
P0465,C183
P0465,C194
P0465,C237
P0465,C322
P0465,C331
P0466,C019
P0466,C104
P0466,C105
P0466,C183
P0466,C212
P0466,C237
P0466,C262
P0466,C279
P0466,C322
P0466,C331
P0466,C349
P0466,C350
P0467,C031
P0467,C033
P0467,C034
P0467,C044
P0467,C051
P0467,C053
P0467,C069
P0467,C113
P0467,C114
P0467,C183
P0467,C248
P0467,C252
P0467,C293
P0467,C313
P0467,C322
P0467,C332
P0467,C347
P0467,C350
P0467,C352
P0467,C358
P0467,C359
P0467,C362
P0468,C015
P0468,C033
P0468,C034
P0468,C044
P0468,C046
P0468,C048
P0468,C051
P0468,C053
P0468,C085
P0468,C130
P0468,C147
P0468,C183
P0468,C224
P0468,C235
P0468,C248
P0468,C252
P0468,C293
P0468,C313
P0468,C322
P0468,C332
P0468,C340
P0468,C347
P0468,C350
P0468,C352
P0468,C358
P0468,C359
P0468,C362
P0469,C013
P0469,C019
P0469,C044
P0469,C048
P0469,C079
P0469,C080
P0469,C085
P0469,C104
P0469,C105
P0469,C113
P0469,C114
P0469,C122
P0469,C130
P0469,C147
P0469,C183
P0469,C224
P0469,C235
P0469,C237
P0469,C252
P0469,C260
P0469,C322
P0469,C331
P0469,C332
P0469,C350
P0470,C069
P0470,C279
P0470,C349
P0470,C350
P0471,C085
P0471,C183
P0471,C322
P0471,C350
P0472,C013
P0472,C015
P0472,C044
P0472,C069
P0472,C085
P0472,C113
P0472,C114
P0472,C121
P0472,C135
P0472,C183
P0472,C224
P0472,C252
P0472,C309
P0472,C322
P0472,C350
P0473,C033
P0473,C034
P0473,C135
P0473,C183
P0473,C309
P0473,C322
P0473,C350
P0474,C033
P0474,C034
P0474,C044
P0474,C051
P0474,C053
P0474,C085
P0474,C130
P0474,C135
P0474,C248
P0474,C252
P0474,C293
P0474,C309
P0474,C313
P0474,C352
P0475,C044
P0475,C127
P0475,C252
P0475,C350
P0476,C019
P0476,C051
P0476,C053
P0476,C085
P0476,C104
P0476,C105
P0476,C113
P0476,C114
P0476,C185
P0476,C186
P0476,C237
P0476,C248
P0476,C293
P0476,C313
P0476,C331
P0476,C352
P0477,C019
P0477,C033
P0477,C034
P0477,C046
P0477,C048
P0477,C051
P0477,C053
P0477,C085
P0477,C104
P0477,C105
P0477,C113
P0477,C114
P0477,C183
P0477,C237
P0477,C248
P0477,C293
P0477,C313
P0477,C322
P0477,C331
P0477,C332
P0477,C347
P0477,C350
P0477,C352
P0477,C358
P0477,C359
P0477,C362
P0478,C019
P0478,C028
P0478,C031
P0478,C033
P0478,C034
P0478,C044
P0478,C046
P0478,C051
P0478,C053
P0478,C079
P0478,C080
P0478,C082
P0478,C085
P0478,C098
P0478,C104
P0478,C105
P0478,C113
P0478,C114
P0478,C121
P0478,C130
P0478,C135
P0478,C138
P0478,C162
P0478,C163
P0478,C178
P0478,C183
P0478,C224
P0478,C225
P0478,C237
P0478,C246
P0478,C248
P0478,C251
P0478,C252
P0478,C262
P0478,C279
P0478,C293
P0478,C309
P0478,C313
P0478,C322
P0478,C331
P0478,C332
P0478,C343
P0478,C349
P0478,C350
P0478,C352
P0479,C028
P0479,C138
P0479,C183
P0479,C252
P0479,C322
P0480,C019
P0480,C031
P0480,C044
P0480,C046
P0480,C048
P0480,C082
P0480,C091
P0480,C104
P0480,C105
P0480,C121
P0480,C130
P0480,C135
P0480,C183
P0480,C237
P0480,C252
P0480,C262
P0480,C309
P0480,C322
P0480,C331
P0480,C332
P0481,C019
P0481,C028
P0481,C031
P0481,C033
P0481,C034
P0481,C046
P0481,C048
P0481,C069
P0481,C079
P0481,C080
P0481,C085
P0481,C098
P0481,C104
P0481,C105
P0481,C113
P0481,C114
P0481,C120
P0481,C130
P0481,C135
P0481,C138
P0481,C164
P0481,C183
P0481,C224
P0481,C237
P0481,C252
P0481,C309
P0481,C322
P0481,C331
P0481,C332
P0481,C340
P0481,C347
P0481,C350
P0481,C358
P0481,C359
P0481,C362
P0482,C113
P0482,C114
P0482,C235
P0482,C260
P0483,C001
P0483,C008
P0483,C013
P0483,C017
P0483,C019
P0483,C027
P0483,C028
P0483,C031
P0483,C033
P0483,C034
P0483,C044
P0483,C046
P0483,C048
P0483,C051
P0483,C053
P0483,C062
P0483,C069
P0483,C078
P0483,C079
P0483,C080
P0483,C082
P0483,C085
P0483,C091
P0483,C098
P0483,C101
P0483,C104
P0483,C105
P0483,C113
P0483,C114
P0483,C115
P0483,C122
P0483,C127
P0483,C130
P0483,C131
P0483,C135
P0483,C138
P0483,C145
P0483,C147
P0483,C162
P0483,C163
P0483,C164
P0483,C178
P0483,C182
P0483,C183
P0483,C190
P0483,C215
P0483,C216
P0483,C217
P0483,C223
P0483,C224
P0483,C225
P0483,C235
P0483,C237
P0483,C245
P0483,C246
P0483,C248
P0483,C251
P0483,C252
P0483,C260
P0483,C262
P0483,C269
P0483,C279
P0483,C293
P0483,C305
P0483,C309
P0483,C313
P0483,C320
P0483,C322
P0483,C331
P0483,C332
P0483,C340
P0483,C343
P0483,C347
P0483,C349
P0483,C350
P0483,C352
P0483,C358
P0483,C359
P0483,C362
P0484,C008
P0484,C017
P0484,C019
P0484,C033
P0484,C034
P0484,C044
P0484,C079
P0484,C080
P0484,C101
P0484,C104
P0484,C105
P0484,C113
P0484,C114
P0484,C122
P0484,C131
P0484,C135
P0484,C147
P0484,C178
P0484,C183
P0484,C224
P0484,C237
P0484,C245
P0484,C252
P0484,C279
P0484,C309
P0484,C322
P0484,C331
P0484,C347
P0484,C349
P0484,C350
P0484,C358
P0484,C359
P0484,C362
P0485,C013
P0485,C019
P0485,C028
P0485,C033
P0485,C034
P0485,C044
P0485,C046
P0485,C048
P0485,C051
P0485,C053
P0485,C085
P0485,C098
P0485,C104
P0485,C105
P0485,C113
P0485,C114
P0485,C122
P0485,C135
P0485,C145
P0485,C147
P0485,C183
P0485,C224
P0485,C225
P0485,C237
P0485,C248
P0485,C252
P0485,C260
P0485,C262
P0485,C269
P0485,C293
P0485,C305
P0485,C309
P0485,C311
P0485,C313
P0485,C322
P0485,C331
P0485,C332
P0485,C350
P0485,C352
P0486,C019
P0486,C031
P0486,C033
P0486,C034
P0486,C044
P0486,C048
P0486,C051
P0486,C053
P0486,C069
P0486,C085
P0486,C091
P0486,C098
P0486,C104
P0486,C105
P0486,C113
P0486,C114
P0486,C115
P0486,C130
P0486,C135
P0486,C146
P0486,C147
P0486,C150
P0486,C178
P0486,C183
P0486,C224
P0486,C225
P0486,C235
P0486,C237
P0486,C248
P0486,C251
P0486,C252
P0486,C260
P0486,C262
P0486,C279
P0486,C293
P0486,C305
P0486,C309
P0486,C313
P0486,C322
P0486,C331
P0486,C332
P0486,C349
P0486,C350
P0486,C352
P0487,C019
P0487,C028
P0487,C044
P0487,C046
P0487,C069
P0487,C104
P0487,C105
P0487,C130
P0487,C135
P0487,C147
P0487,C183
P0487,C237
P0487,C251
P0487,C260
P0487,C309
P0487,C322
P0487,C331
P0487,C332
P0488,C019
P0488,C021
P0488,C027
P0488,C033
P0488,C034
P0488,C044
P0488,C101
P0488,C104
P0488,C105
P0488,C113
P0488,C114
P0488,C135
P0488,C190
P0488,C224
P0488,C232
P0488,C237
P0488,C245
P0488,C246
P0488,C252
P0488,C309
P0488,C331
P0488,C350
P0489,C019
P0489,C033
P0489,C034
P0489,C044
P0489,C046
P0489,C048
P0489,C051
P0489,C053
P0489,C085
P0489,C104
P0489,C105
P0489,C113
P0489,C114
P0489,C121
P0489,C130
P0489,C135
P0489,C183
P0489,C185
P0489,C186
P0489,C218
P0489,C224
P0489,C237
P0489,C248
P0489,C252
P0489,C262
P0489,C293
P0489,C309
P0489,C313
P0489,C322
P0489,C331
P0489,C332
P0489,C350
P0489,C352
P0490,C019
P0490,C048
P0490,C085
P0490,C104
P0490,C105
P0490,C113
P0490,C114
P0490,C178
P0490,C183
P0490,C224
P0490,C237
P0490,C246
P0490,C252
P0490,C322
P0490,C331
P0490,C350
P0491,C019
P0491,C044
P0491,C104
P0491,C105
P0491,C113
P0491,C114
P0491,C183
P0491,C224
P0491,C237
P0491,C320
P0491,C322
P0491,C331
P0491,C350
P0492,C019
P0492,C044
P0492,C104
P0492,C105
P0492,C113
P0492,C114
P0492,C135
P0492,C178
P0492,C224
P0492,C237
P0492,C246
P0492,C279
P0492,C309
P0492,C331
P0492,C349
P0493,C252
P0493,C332
P0494,C252
P0495,C051
P0495,C053
P0495,C082
P0495,C085
P0495,C113
P0495,C114
P0495,C135
P0495,C248
P0495,C252
P0495,C293
P0495,C309
P0495,C313
P0495,C332
P0495,C352
P0496,C019
P0496,C033
P0496,C034
P0496,C044
P0496,C051
P0496,C053
P0496,C104
P0496,C105
P0496,C237
P0496,C248
P0496,C293
P0496,C313
P0496,C331
P0496,C352
P0497,C332
P0498,C183
P0498,C322
P0498,C332
P0499,C021
P0499,C031
P0499,C033
P0499,C034
P0499,C046
P0499,C051
P0499,C053
P0499,C127
P0499,C162
P0499,C163
P0499,C185
P0499,C186
P0499,C248
P0499,C293
P0499,C313
P0499,C343
P0499,C352
P0500,C252
P0500,C350
P0501,C033
P0501,C034
P0501,C044
P0501,C051
P0501,C053
P0501,C085
P0501,C135
P0501,C185
P0501,C186
P0501,C248
P0501,C252
P0501,C293
P0501,C309
P0501,C313
P0501,C352
P0502,C008
P0502,C017
P0502,C019
P0502,C031
P0502,C033
P0502,C034
P0502,C046
P0502,C069
P0502,C085
P0502,C104
P0502,C105
P0502,C113
P0502,C114
P0502,C127
P0502,C183
P0502,C237
P0502,C252
P0502,C322
P0502,C331
P0502,C332
P0502,C350
P0503,C019
P0503,C033
P0503,C034
P0503,C051
P0503,C053
P0503,C104
P0503,C105
P0503,C113
P0503,C114
P0503,C121
P0503,C130
P0503,C135
P0503,C224
P0503,C237
P0503,C248
P0503,C251
P0503,C260
P0503,C293
P0503,C309
P0503,C313
P0503,C331
P0503,C332
P0503,C352
P0504,C044
P0504,C113
P0504,C114
P0504,C183
P0504,C252
P0504,C322
P0505,C135
P0505,C162
P0505,C163
P0505,C164
P0505,C185
P0505,C186
P0505,C309
P0505,C343
P0506,C113
P0506,C114
P0506,C252
P0506,C332
P0507,C183
P0507,C322
P0507,C350
P0508,C019
P0508,C085
P0508,C091
P0508,C104
P0508,C105
P0508,C113
P0508,C114
P0508,C121
P0508,C237
P0508,C252
P0508,C331
P0508,C332
P0508,C350
P0509,C019
P0509,C044
P0509,C048
P0509,C051
P0509,C053
P0509,C069
P0509,C085
P0509,C098
P0509,C101
P0509,C104
P0509,C105
P0509,C113
P0509,C114
P0509,C130
P0509,C135
P0509,C138
P0509,C164
P0509,C183
P0509,C224
P0509,C237
P0509,C246
P0509,C248
P0509,C252
P0509,C293
P0509,C305
P0509,C309
P0509,C313
P0509,C320
P0509,C322
P0509,C331
P0509,C332
P0509,C347
P0509,C350
P0509,C352
P0509,C358
P0509,C359
P0509,C362
P0510,C130
P0510,C332
P0511,C019
P0511,C044
P0511,C048
P0511,C104
P0511,C105
P0511,C113
P0511,C114
P0511,C135
P0511,C183
P0511,C237
P0511,C252
P0511,C309
P0511,C322
P0511,C331
P0511,C332
P0511,C350
P0512,C019
P0512,C101
P0512,C104
P0512,C105
P0512,C113
P0512,C114
P0512,C237
P0512,C320
P0512,C331
P0512,C350
P0513,C130
P0513,C182
P0513,C183
P0513,C260
P0513,C322
P0513,C332
P0514,C131
P0514,C332
P0515,C113
P0515,C114
P0515,C183
P0515,C322
P0516,C019
P0516,C048
P0516,C104
P0516,C105
P0516,C113
P0516,C114
P0516,C237
P0516,C252
P0516,C331
P0516,C350
P0517,C183
P0517,C224
P0517,C252
P0517,C322
P0517,C332
P0518,C019
P0518,C044
P0518,C051
P0518,C053
P0518,C079
P0518,C080
P0518,C093
P0518,C094
P0518,C101
P0518,C104
P0518,C105
P0518,C113
P0518,C114
P0518,C130
P0518,C135
P0518,C138
P0518,C178
P0518,C183
P0518,C215
P0518,C216
P0518,C217
P0518,C224
P0518,C237
P0518,C248
P0518,C252
P0518,C293
P0518,C301
P0518,C305
P0518,C309
P0518,C313
P0518,C322
P0518,C331
P0518,C332
P0518,C350
P0518,C352
P0519,C183
P0519,C322
P0520,C033
P0520,C034
P0521,C162
P0521,C163
P0521,C343
P0522,C113
P0522,C114
P0522,C185
P0522,C186
P0523,C019
P0523,C091
P0523,C098
P0523,C104
P0523,C105
P0523,C178
P0523,C224
P0523,C237
P0523,C260
P0523,C331
P0523,C332
P0524,C019
P0524,C031
P0524,C046
P0524,C048
P0524,C085
P0524,C091
P0524,C104
P0524,C105
P0524,C113
P0524,C114
P0524,C127
P0524,C135
P0524,C178
P0524,C183
P0524,C185
P0524,C186
P0524,C224
P0524,C237
P0524,C279
P0524,C309
P0524,C320
P0524,C322
P0524,C331
P0524,C332
P0524,C349
P0524,C350
P0525,C019
P0525,C021
P0525,C033
P0525,C034
P0525,C048
P0525,C051
P0525,C053
P0525,C085
P0525,C104
P0525,C105
P0525,C113
P0525,C114
P0525,C224
P0525,C237
P0525,C246
P0525,C248
P0525,C293
P0525,C313
P0525,C320
P0525,C331
P0525,C332
P0525,C352
P0526,C008
P0526,C017
P0526,C019
P0526,C044
P0526,C051
P0526,C053
P0526,C085
P0526,C101
P0526,C104
P0526,C105
P0526,C113
P0526,C114
P0526,C122
P0526,C147
P0526,C178
P0526,C183
P0526,C223
P0526,C224
P0526,C237
P0526,C245
P0526,C248
P0526,C279
P0526,C293
P0526,C313
P0526,C322
P0526,C331
P0526,C347
P0526,C349
P0526,C350
P0526,C352
P0526,C358
P0526,C359
P0526,C362
P0527,C044
P0527,C113
P0527,C114
P0527,C115
P0527,C183
P0527,C279
P0527,C322
P0527,C332
P0527,C349
P0527,C350
P0528,C019
P0528,C104
P0528,C105
P0528,C237
P0528,C331
P0528,C350
P0529,C019
P0529,C048
P0529,C085
P0529,C104
P0529,C105
P0529,C237
P0529,C331
P0530,C044
P0530,C085
P0530,C135
P0530,C309
P0531,C085
P0531,C135
P0531,C182
P0531,C309
P0532,C046
P0532,C085
P0532,C091
P0532,C101
P0532,C130
P0532,C183
P0532,C322
P0532,C332
P0532,C350
P0533,C332
P0534,C048
P0534,C098
P0534,C252
P0534,C350
P0535,C252
P0535,C332
P0535,C350
P0536,C008
P0536,C017
P0536,C019
P0536,C031
P0536,C033
P0536,C034
P0536,C044
P0536,C046
P0536,C048
P0536,C051
P0536,C053
P0536,C069
P0536,C079
P0536,C080
P0536,C085
P0536,C104
P0536,C105
P0536,C113
P0536,C114
P0536,C115
P0536,C121
P0536,C130
P0536,C135
P0536,C150
P0536,C183
P0536,C224
P0536,C237
P0536,C248
P0536,C252
P0536,C293
P0536,C305
P0536,C309
P0536,C313
P0536,C322
P0536,C331
P0536,C332
P0536,C347
P0536,C350
P0536,C352
P0536,C358
P0536,C359
P0536,C362
P0537,C008
P0537,C015
P0537,C017
P0537,C033
P0537,C034
P0537,C044
P0537,C046
P0537,C051
P0537,C053
P0537,C069
P0537,C085
P0537,C113
P0537,C114
P0537,C121
P0537,C135
P0537,C162
P0537,C163
P0537,C164
P0537,C183
P0537,C185
P0537,C186
P0537,C248
P0537,C252
P0537,C262
P0537,C293
P0537,C309
P0537,C313
P0537,C322
P0537,C332
P0537,C343
P0537,C352
P0538,C019
P0538,C044
P0538,C046
P0538,C082
P0538,C104
P0538,C105
P0538,C178
P0538,C237
P0538,C252
P0538,C331
P0538,C332
P0538,C350
P0539,C019
P0539,C033
P0539,C034
P0539,C104
P0539,C105
P0539,C113
P0539,C114
P0539,C178
P0539,C185
P0539,C186
P0539,C224
P0539,C237
P0539,C252
P0539,C331
P0540,C001
P0540,C008
P0540,C015
P0540,C017
P0540,C044
P0540,C051
P0540,C053
P0540,C069
P0540,C135
P0540,C138
P0540,C152
P0540,C162
P0540,C163
P0540,C183
P0540,C218
P0540,C224
P0540,C248
P0540,C252
P0540,C293
P0540,C309
P0540,C313
P0540,C322
P0540,C332
P0540,C343
P0540,C352
P0541,C044
P0541,C135
P0541,C309
P0541,C332
P0542,C027
P0542,C028
P0542,C044
P0542,C048
P0542,C085
P0542,C113
P0542,C114
P0542,C131
P0542,C183
P0542,C190
P0542,C235
P0542,C252
P0542,C279
P0542,C322
P0542,C349
P0542,C350
P0543,C044
P0543,C078
P0543,C085
P0543,C098
P0543,C130
P0543,C131
P0543,C138
P0543,C183
P0543,C252
P0543,C260
P0543,C279
P0543,C322
P0543,C332
P0543,C349
P0543,C350
P0544,C019
P0544,C027
P0544,C033
P0544,C034
P0544,C044
P0544,C046
P0544,C048
P0544,C051
P0544,C053
P0544,C069
P0544,C085
P0544,C104
P0544,C105
P0544,C113
P0544,C114
P0544,C127
P0544,C131
P0544,C135
P0544,C183
P0544,C185
P0544,C186
P0544,C190
P0544,C235
P0544,C237
P0544,C248
P0544,C252
P0544,C262
P0544,C279
P0544,C293
P0544,C309
P0544,C313
P0544,C322
P0544,C331
P0544,C332
P0544,C349
P0544,C350
P0544,C352
P0545,C113
P0545,C114
P0546,C113
P0546,C114
P0547,C033
P0547,C034
P0547,C048
P0547,C069
P0547,C135
P0547,C183
P0547,C252
P0547,C309
P0547,C322
P0547,C350
P0548,C019
P0548,C085
P0548,C104
P0548,C105
P0548,C113
P0548,C114
P0548,C171
P0548,C178
P0548,C237
P0548,C252
P0548,C284
P0548,C331
P0548,C350
P0549,C044
P0549,C113
P0549,C114
P0549,C121
P0549,C332
P0550,C019
P0550,C048
P0550,C079
P0550,C080
P0550,C098
P0550,C104
P0550,C105
P0550,C130
P0550,C135
P0550,C237
P0550,C309
P0550,C331
P0550,C332
P0550,C347
P0550,C350
P0550,C358
P0550,C359
P0550,C362
P0551,C015
P0551,C028
P0551,C033
P0551,C034
P0551,C044
P0551,C046
P0551,C121
P0551,C126
P0551,C127
P0551,C130
P0551,C185
P0551,C186
P0551,C262
P0551,C332
P0552,C019
P0552,C033
P0552,C034
P0552,C048
P0552,C051
P0552,C053
P0552,C069
P0552,C079
P0552,C080
P0552,C085
P0552,C104
P0552,C105
P0552,C113
P0552,C114
P0552,C135
P0552,C182
P0552,C183
P0552,C224
P0552,C237
P0552,C248
P0552,C252
P0552,C293
P0552,C309
P0552,C313
P0552,C322
P0552,C331
P0552,C332
P0552,C350
P0552,C352
P0553,C085
P0553,C130
P0553,C183
P0553,C232
P0553,C258
P0553,C322
P0553,C332
P0553,C350
P0554,C044
P0554,C051
P0554,C053
P0554,C101
P0554,C113
P0554,C114
P0554,C135
P0554,C248
P0554,C293
P0554,C309
P0554,C313
P0554,C352
P0555,C008
P0555,C017
P0555,C033
P0555,C034
P0555,C079
P0555,C080
P0555,C082
P0555,C185
P0555,C186
P0555,C251
P0555,C252
P0556,C178
P0556,C183
P0556,C322
P0557,C019
P0557,C033
P0557,C034
P0557,C044
P0557,C051
P0557,C053
P0557,C071
P0557,C079
P0557,C080
P0557,C082
P0557,C098
P0557,C104
P0557,C105
P0557,C135
P0557,C147
P0557,C162
P0557,C163
P0557,C183
P0557,C237
P0557,C248
P0557,C251
P0557,C252
P0557,C279
P0557,C293
P0557,C309
P0557,C313
P0557,C322
P0557,C331
P0557,C332
P0557,C343
P0557,C347
P0557,C349
P0557,C350
P0557,C352
P0557,C358
P0557,C359
P0557,C362
P0558,C019
P0558,C031
P0558,C033
P0558,C034
P0558,C044
P0558,C048
P0558,C051
P0558,C053
P0558,C079
P0558,C080
P0558,C082
P0558,C085
P0558,C104
P0558,C105
P0558,C113
P0558,C114
P0558,C131
P0558,C135
P0558,C183
P0558,C224
P0558,C237
P0558,C248
P0558,C251
P0558,C252
P0558,C293
P0558,C309
P0558,C313
P0558,C322
P0558,C331
P0558,C350
P0558,C352
P0559,C044
P0559,C069
P0559,C085
P0559,C135
P0559,C224
P0559,C309
P0560,C122
P0560,C183
P0560,C322
P0561,C033
P0561,C034
P0562,C048
P0562,C051
P0562,C053
P0562,C069
P0562,C085
P0562,C098
P0562,C113
P0562,C114
P0562,C115
P0562,C131
P0562,C135
P0562,C178
P0562,C182
P0562,C248
P0562,C251
P0562,C260
P0562,C293
P0562,C305
P0562,C309
P0562,C313
P0562,C340
P0562,C350
P0562,C352
P0563,C113
P0563,C114
P0563,C121
P0563,C350
P0564,C019
P0564,C048
P0564,C085
P0564,C104
P0564,C105
P0564,C113
P0564,C114
P0564,C122
P0564,C130
P0564,C183
P0564,C224
P0564,C231
P0564,C237
P0564,C252
P0564,C322
P0564,C331
P0564,C332
P0564,C350
P0565,C008
P0565,C013
P0565,C017
P0565,C019
P0565,C028
P0565,C079
P0565,C080
P0565,C085
P0565,C091
P0565,C104
P0565,C105
P0565,C113
P0565,C114
P0565,C135
P0565,C162
P0565,C163
P0565,C178
P0565,C183
P0565,C231
P0565,C237
P0565,C252
P0565,C279
P0565,C305
P0565,C309
P0565,C311
P0565,C322
P0565,C331
P0565,C332
P0565,C343
P0565,C349
P0565,C350
P0566,C001
P0566,C019
P0566,C031
P0566,C033
P0566,C034
P0566,C044
P0566,C046
P0566,C048
P0566,C085
P0566,C104
P0566,C105
P0566,C113
P0566,C114
P0566,C115
P0566,C121
P0566,C135
P0566,C178
P0566,C183
P0566,C224
P0566,C237
P0566,C245
P0566,C251
P0566,C252
P0566,C260
P0566,C262
P0566,C294
P0566,C309
P0566,C319
P0566,C322
P0566,C323
P0566,C331
P0566,C332
P0566,C350
P0567,C001
P0567,C008
P0567,C013
P0567,C017
P0567,C019
P0567,C027
P0567,C028
P0567,C031
P0567,C033
P0567,C034
P0567,C044
P0567,C046
P0567,C048
P0567,C051
P0567,C053
P0567,C069
P0567,C078
P0567,C079
P0567,C080
P0567,C082
P0567,C085
P0567,C091
P0567,C098
P0567,C101
P0567,C104
P0567,C105
P0567,C113
P0567,C114
P0567,C121
P0567,C122
P0567,C130
P0567,C131
P0567,C135
P0567,C146
P0567,C147
P0567,C164
P0567,C178
P0567,C182
P0567,C183
P0567,C190
P0567,C203
P0567,C204
P0567,C212
P0567,C224
P0567,C235
P0567,C237
P0567,C245
P0567,C246
P0567,C248
P0567,C251
P0567,C252
P0567,C260
P0567,C262
P0567,C279
P0567,C293
P0567,C305
P0567,C309
P0567,C313
P0567,C322
P0567,C331
P0567,C332
P0567,C340
P0567,C342
P0567,C347
P0567,C349
P0567,C350
P0567,C352
P0567,C358
P0567,C359
P0567,C362
P0568,C008
P0568,C017
P0568,C044
P0568,C085
P0568,C113
P0568,C114
P0568,C121
P0568,C127
P0568,C130
P0568,C135
P0568,C183
P0568,C224
P0568,C279
P0568,C309
P0568,C322
P0568,C349
P0569,C019
P0569,C033
P0569,C034
P0569,C044
P0569,C048
P0569,C051
P0569,C053
P0569,C069
P0569,C085
P0569,C101
P0569,C104
P0569,C105
P0569,C113
P0569,C114
P0569,C115
P0569,C130
P0569,C135
P0569,C183
P0569,C224
P0569,C237
P0569,C248
P0569,C252
P0569,C260
P0569,C279
P0569,C293
P0569,C309
P0569,C313
P0569,C322
P0569,C331
P0569,C332
P0569,C349
P0569,C350
P0569,C352
P0570,C033
P0570,C034
P0570,C051
P0570,C053
P0570,C248
P0570,C252
P0570,C293
P0570,C313
P0570,C332
P0570,C352
P0571,C019
P0571,C104
P0571,C105
P0571,C183
P0571,C237
P0571,C322
P0571,C331
P0572,C085
P0572,C113
P0572,C114
P0572,C127
P0572,C130
P0572,C178
P0572,C183
P0572,C224
P0572,C322
P0572,C350
P0573,C113
P0573,C114
P0573,C252
P0574,C069
P0574,C085
P0574,C113
P0574,C114
P0574,C135
P0574,C224
P0574,C252
P0574,C309
P0574,C350
P0575,C033
P0575,C034
P0575,C044
P0575,C051
P0575,C053
P0575,C079
P0575,C080
P0575,C113
P0575,C114
P0575,C183
P0575,C248
P0575,C252
P0575,C260
P0575,C293
P0575,C311
P0575,C313
P0575,C322
P0575,C332
P0575,C350
P0575,C352
P0576,C019
P0576,C044
P0576,C082
P0576,C085
P0576,C104
P0576,C105
P0576,C113
P0576,C114
P0576,C135
P0576,C183
P0576,C212
P0576,C237
P0576,C252
P0576,C309
P0576,C322
P0576,C331
P0576,C332
P0577,C252
P0578,C109
P0578,C113
P0578,C114
P0578,C183
P0578,C224
P0578,C322
P0578,C332
P0579,C224
P0580,C019
P0580,C033
P0580,C034
P0580,C044
P0580,C048
P0580,C051
P0580,C053
P0580,C085
P0580,C091
P0580,C104
P0580,C105
P0580,C113
P0580,C114
P0580,C121
P0580,C130
P0580,C147
P0580,C164
P0580,C183
P0580,C224
P0580,C237
P0580,C248
P0580,C252
P0580,C260
P0580,C293
P0580,C313
P0580,C322
P0580,C331
P0580,C332
P0580,C347
P0580,C350
P0580,C352
P0580,C358
P0580,C359
P0580,C362
P0581,C008
P0581,C017
P0581,C019
P0581,C031
P0581,C044
P0581,C048
P0581,C051
P0581,C053
P0581,C071
P0581,C078
P0581,C079
P0581,C080
P0581,C085
P0581,C091
P0581,C098
P0581,C104
P0581,C105
P0581,C113
P0581,C114
P0581,C122
P0581,C131
P0581,C147
P0581,C178
P0581,C182
P0581,C183
P0581,C224
P0581,C225
P0581,C235
P0581,C237
P0581,C245
P0581,C248
P0581,C251
P0581,C252
P0581,C262
P0581,C279
P0581,C293
P0581,C313
P0581,C322
P0581,C331
P0581,C332
P0581,C347
P0581,C349
P0581,C350
P0581,C352
P0581,C358
P0581,C359
P0581,C362
P0582,C015
P0582,C033
P0582,C034
P0582,C051
P0582,C053
P0582,C248
P0582,C293
P0582,C313
P0582,C352
P0583,C019
P0583,C033
P0583,C034
P0583,C048
P0583,C078
P0583,C091
P0583,C098
P0583,C104
P0583,C105
P0583,C147
P0583,C178
P0583,C182
P0583,C183
P0583,C215
P0583,C216
P0583,C217
P0583,C224
P0583,C237
P0583,C260
P0583,C322
P0583,C331
P0583,C332
P0583,C350
P0584,C046
P0584,C051
P0584,C053
P0584,C248
P0584,C293
P0584,C313
P0584,C352
P0585,C033
P0585,C034
P0585,C044
P0585,C051
P0585,C053
P0585,C248
P0585,C293
P0585,C313
P0585,C352
P0586,C019
P0586,C044
P0586,C051
P0586,C053
P0586,C104
P0586,C105
P0586,C224
P0586,C237
P0586,C248
P0586,C293
P0586,C313
P0586,C331
P0586,C352
P0587,C033
P0587,C034
P0587,C051
P0587,C053
P0587,C135
P0587,C248
P0587,C293
P0587,C309
P0587,C313
P0587,C352
P0588,C015
P0588,C019
P0588,C044
P0588,C046
P0588,C048
P0588,C051
P0588,C053
P0588,C079
P0588,C080
P0588,C082
P0588,C085
P0588,C091
P0588,C098
P0588,C101
P0588,C104
P0588,C105
P0588,C113
P0588,C114
P0588,C130
P0588,C135
P0588,C145
P0588,C183
P0588,C224
P0588,C237
P0588,C248
P0588,C252
P0588,C269
P0588,C279
P0588,C293
P0588,C309
P0588,C313
P0588,C322
P0588,C331
P0588,C332
P0588,C347
P0588,C349
P0588,C350
P0588,C352
P0588,C358
P0588,C359
P0588,C362
P0589,C019
P0589,C033
P0589,C034
P0589,C104
P0589,C105
P0589,C178
P0589,C237
P0589,C331
P0590,C028
P0590,C033
P0590,C034
P0590,C039
P0590,C138
P0590,C223
P0590,C252
P0590,C299
P0590,C332
P0591,C033
P0591,C034
P0591,C079
P0591,C080
P0591,C135
P0591,C183
P0591,C309
P0591,C322
P0591,C332
P0592,C135
P0592,C309
P0593,C019
P0593,C104
P0593,C105
P0593,C237
P0593,C331
P0594,C001
P0594,C033
P0594,C034
P0594,C048
P0594,C085
P0594,C113
P0594,C114
P0594,C135
P0594,C138
P0594,C152
P0594,C180
P0594,C234
P0594,C252
P0594,C309
P0595,C019
P0595,C063
P0595,C085
P0595,C104
P0595,C105
P0595,C113
P0595,C114
P0595,C224
P0595,C237
P0595,C252
P0595,C331
P0596,C015
P0596,C183
P0596,C322
P0597,C033
P0597,C034
P0597,C051
P0597,C053
P0597,C185
P0597,C186
P0597,C248
P0597,C293
P0597,C313
P0597,C352
P0598,C178
P0598,C332
P0599,C031
P0599,C033
P0599,C034
P0599,C085
P0599,C130
P0599,C135
P0599,C162
P0599,C163
P0599,C185
P0599,C186
P0599,C252
P0599,C309
P0599,C343
P0600,C069
P0600,C085
P0600,C113
P0600,C114
P0600,C138
P0600,C145
P0600,C224
P0600,C252
P0600,C269
P0600,C311
P0601,C130
P0601,C183
P0601,C322
P0602,C046
P0602,C252
P0603,C044
P0603,C113
P0603,C114
P0604,C019
P0604,C044
P0604,C048
P0604,C085
P0604,C104
P0604,C105
P0604,C130
P0604,C135
P0604,C183
P0604,C224
P0604,C237
P0604,C309
P0604,C322
P0604,C331
P0604,C350
P0605,C028
P0605,C051
P0605,C053
P0605,C135
P0605,C183
P0605,C248
P0605,C252
P0605,C293
P0605,C309
P0605,C313
P0605,C322
P0605,C352
P0606,C013
P0606,C019
P0606,C031
P0606,C033
P0606,C034
P0606,C044
P0606,C046
P0606,C048
P0606,C051
P0606,C053
P0606,C069
P0606,C079
P0606,C080
P0606,C082
P0606,C085
P0606,C091
P0606,C101
P0606,C104
P0606,C105
P0606,C113
P0606,C114
P0606,C122
P0606,C130
P0606,C131
P0606,C135
P0606,C147
P0606,C178
P0606,C183
P0606,C185
P0606,C186
P0606,C234
P0606,C235
P0606,C237
P0606,C245
P0606,C246
P0606,C248
P0606,C251
P0606,C252
P0606,C260
P0606,C279
P0606,C293
P0606,C309
P0606,C311
P0606,C313
P0606,C322
P0606,C331
P0606,C332
P0606,C340
P0606,C347
P0606,C349
P0606,C350
P0606,C352
P0606,C358
P0606,C359
P0606,C362
P0607,C019
P0607,C104
P0607,C105
P0607,C162
P0607,C163
P0607,C237
P0607,C331
P0607,C343
P0608,C048
P0609,C008
P0609,C017
P0609,C019
P0609,C031
P0609,C033
P0609,C034
P0609,C039
P0609,C044
P0609,C046
P0609,C048
P0609,C051
P0609,C053
P0609,C063
P0609,C069
P0609,C071
P0609,C078
P0609,C085
P0609,C098
P0609,C101
P0609,C104
P0609,C105
P0609,C113
P0609,C114
P0609,C130
P0609,C135
P0609,C138
P0609,C150
P0609,C164
P0609,C178
P0609,C182
P0609,C183
P0609,C185
P0609,C186
P0609,C218
P0609,C224
P0609,C231
P0609,C237
P0609,C245
P0609,C246
P0609,C248
P0609,C251
P0609,C252
P0609,C260
P0609,C262
P0609,C279
P0609,C293
P0609,C299
P0609,C309
P0609,C311
P0609,C313
P0609,C320
P0609,C322
P0609,C331
P0609,C332
P0609,C347
P0609,C349
P0609,C350
P0609,C352
P0609,C358
P0609,C359
P0609,C362
P0610,C019
P0610,C044
P0610,C079
P0610,C080
P0610,C085
P0610,C091
P0610,C104
P0610,C105
P0610,C113
P0610,C114
P0610,C121
P0610,C122
P0610,C135
P0610,C183
P0610,C218
P0610,C224
P0610,C237
P0610,C252
P0610,C279
P0610,C309
P0610,C322
P0610,C331
P0610,C332
P0610,C349
P0610,C350
P0611,C019
P0611,C031
P0611,C033
P0611,C034
P0611,C101
P0611,C104
P0611,C105
P0611,C113
P0611,C114
P0611,C127
P0611,C237
P0611,C252
P0611,C331
P0611,C332
P0611,C350
P0612,C044
P0612,C048
P0612,C113
P0612,C114
P0612,C130
P0612,C135
P0612,C183
P0612,C224
P0612,C309
P0612,C322
P0612,C350
P0613,C028
P0613,C031
P0613,C044
P0613,C046
P0613,C082
P0613,C085
P0613,C098
P0613,C113
P0613,C114
P0613,C130
P0613,C131
P0613,C135
P0613,C183
P0613,C203
P0613,C204
P0613,C224
P0613,C252
P0613,C260
P0613,C309
P0613,C322
P0613,C332
P0613,C342
P0613,C347
P0613,C350
P0613,C358
P0613,C359
P0613,C362
P0614,C019
P0614,C021
P0614,C033
P0614,C034
P0614,C044
P0614,C046
P0614,C048
P0614,C051
P0614,C053
P0614,C079
P0614,C080
P0614,C082
P0614,C085
P0614,C091
P0614,C098
P0614,C101
P0614,C104
P0614,C105
P0614,C113
P0614,C114
P0614,C130
P0614,C135
P0614,C164
P0614,C183
P0614,C185
P0614,C186
P0614,C215
P0614,C216
P0614,C217
P0614,C224
P0614,C237
P0614,C245
P0614,C248
P0614,C251
P0614,C252
P0614,C260
P0614,C262
P0614,C293
P0614,C309
P0614,C313
P0614,C320
P0614,C322
P0614,C331
P0614,C332
P0614,C340
P0614,C347
P0614,C350
P0614,C352
P0614,C358
P0614,C359
P0614,C362
P0615,C340
P0616,C113
P0616,C114
P0617,C019
P0617,C104
P0617,C105
P0617,C113
P0617,C114
P0617,C130
P0617,C237
P0617,C252
P0617,C331
P0617,C332
P0618,C019
P0618,C033
P0618,C034
P0618,C044
P0618,C048
P0618,C071
P0618,C078
P0618,C085
P0618,C101
P0618,C104
P0618,C105
P0618,C113
P0618,C114
P0618,C138
P0618,C150
P0618,C178
P0618,C183
P0618,C185
P0618,C186
P0618,C224
P0618,C237
P0618,C245
P0618,C251
P0618,C252
P0618,C320
P0618,C322
P0618,C331
P0618,C332
P0618,C350
P0619,C019
P0619,C048
P0619,C085
P0619,C101
P0619,C104
P0619,C105
P0619,C113
P0619,C114
P0619,C130
P0619,C135
P0619,C138
P0619,C145
P0619,C164
P0619,C182
P0619,C183
P0619,C224
P0619,C237
P0619,C252
P0619,C269
P0619,C279
P0619,C309
P0619,C320
P0619,C322
P0619,C331
P0619,C332
P0619,C349
P0619,C350
P0620,C183
P0620,C262
P0620,C322
P0621,C079
P0621,C080
P0621,C082
P0621,C332
P0622,C008
P0622,C017
P0622,C019
P0622,C044
P0622,C079
P0622,C080
P0622,C082
P0622,C085
P0622,C091
P0622,C104
P0622,C105
P0622,C113
P0622,C114
P0622,C130
P0622,C135
P0622,C147
P0622,C178
P0622,C183
P0622,C224
P0622,C237
P0622,C246
P0622,C252
P0622,C309
P0622,C322
P0622,C331
P0622,C332
P0622,C340
P0622,C350
P0623,C019
P0623,C027
P0623,C044
P0623,C082
P0623,C085
P0623,C098
P0623,C101
P0623,C104
P0623,C105
P0623,C113
P0623,C114
P0623,C130
P0623,C183
P0623,C190
P0623,C224
P0623,C237
P0623,C245
P0623,C322
P0623,C331
P0623,C332
P0623,C350
P0624,C101
P0624,C113
P0624,C114
P0624,C224
P0624,C252
P0624,C332
P0624,C350
P0625,C135
P0625,C279
P0625,C309
P0625,C349
P0626,C008
P0626,C017
P0626,C019
P0626,C028
P0626,C031
P0626,C033
P0626,C034
P0626,C039
P0626,C044
P0626,C046
P0626,C048
P0626,C051
P0626,C053
P0626,C069
P0626,C079
P0626,C080
P0626,C082
P0626,C104
P0626,C105
P0626,C113
P0626,C114
P0626,C121
P0626,C122
P0626,C130
P0626,C135
P0626,C162
P0626,C163
P0626,C178
P0626,C182
P0626,C183
P0626,C185
P0626,C186
P0626,C237
P0626,C248
P0626,C252
P0626,C260
P0626,C262
P0626,C293
P0626,C299
P0626,C309
P0626,C313
P0626,C322
P0626,C331
P0626,C332
P0626,C343
P0626,C350
P0626,C352
P0627,C031
P0627,C044
P0627,C046
P0627,C051
P0627,C053
P0627,C071
P0627,C113
P0627,C114
P0627,C135
P0627,C152
P0627,C162
P0627,C163
P0627,C248
P0627,C252
P0627,C279
P0627,C293
P0627,C309
P0627,C313
P0627,C332
P0627,C340
P0627,C343
P0627,C349
P0627,C350
P0627,C352
P0628,C033
P0628,C034
P0628,C051
P0628,C053
P0628,C183
P0628,C248
P0628,C293
P0628,C313
P0628,C322
P0628,C352
P0629,C113
P0629,C114
P0630,C130
P0631,C019
P0631,C044
P0631,C048
P0631,C085
P0631,C101
P0631,C104
P0631,C105
P0631,C113
P0631,C114
P0631,C178
P0631,C183
P0631,C237
P0631,C262
P0631,C322
P0631,C331
P0631,C350
P0632,C008
P0632,C017
P0632,C019
P0632,C028
P0632,C031
P0632,C033
P0632,C034
P0632,C048
P0632,C078
P0632,C079
P0632,C080
P0632,C085
P0632,C091
P0632,C093
P0632,C094
P0632,C098
P0632,C104
P0632,C105
P0632,C113
P0632,C114
P0632,C127
P0632,C130
P0632,C135
P0632,C145
P0632,C178
P0632,C224
P0632,C225
P0632,C232
P0632,C234
P0632,C237
P0632,C252
P0632,C260
P0632,C269
P0632,C279
P0632,C301
P0632,C305
P0632,C309
P0632,C320
P0632,C331
P0632,C332
P0632,C349
P0632,C350
P0633,C021
P0633,C028
P0633,C033
P0633,C034
P0633,C048
P0633,C051
P0633,C053
P0633,C121
P0633,C130
P0633,C173
P0633,C183
P0633,C248
P0633,C293
P0633,C313
P0633,C322
P0633,C352
P0634,C079
P0634,C080
P0634,C098
P0634,C176
P0634,C225
P0635,C013
P0635,C044
P0635,C046
P0635,C051
P0635,C053
P0635,C069
P0635,C079
P0635,C080
P0635,C082
P0635,C091
P0635,C098
P0635,C113
P0635,C114
P0635,C135
P0635,C162
P0635,C163
P0635,C178
P0635,C183
P0635,C248
P0635,C252
P0635,C293
P0635,C309
P0635,C313
P0635,C322
P0635,C332
P0635,C343
P0635,C347
P0635,C352
P0635,C358
P0635,C359
P0635,C362
P0636,C028
P0636,C130
P0637,C028
P0637,C044
P0637,C223
P0638,C019
P0638,C031
P0638,C033
P0638,C034
P0638,C044
P0638,C046
P0638,C048
P0638,C051
P0638,C053
P0638,C069
P0638,C082
P0638,C085
P0638,C104
P0638,C105
P0638,C113
P0638,C114
P0638,C121
P0638,C122
P0638,C130
P0638,C131
P0638,C135
P0638,C138
P0638,C145
P0638,C147
P0638,C164
P0638,C182
P0638,C183
P0638,C224
P0638,C237
P0638,C245
P0638,C248
P0638,C252
P0638,C262
P0638,C269
P0638,C279
P0638,C293
P0638,C305
P0638,C309
P0638,C311
P0638,C313
P0638,C320
P0638,C322
P0638,C331
P0638,C332
P0638,C347
P0638,C349
P0638,C350
P0638,C352
P0638,C358
P0638,C359
P0638,C362
P0639,C019
P0639,C028
P0639,C031
P0639,C033
P0639,C034
P0639,C044
P0639,C048
P0639,C051
P0639,C053
P0639,C069
P0639,C071
P0639,C079
P0639,C080
P0639,C082
P0639,C085
P0639,C101
P0639,C104
P0639,C105
P0639,C108
P0639,C113
P0639,C114
P0639,C122
P0639,C130
P0639,C131
P0639,C135
P0639,C138
P0639,C145
P0639,C146
P0639,C147
P0639,C178
P0639,C182
P0639,C183
P0639,C212
P0639,C215
P0639,C216
P0639,C217
P0639,C218
P0639,C224
P0639,C235
P0639,C237
P0639,C245
P0639,C246
P0639,C248
P0639,C251
P0639,C252
P0639,C260
P0639,C262
P0639,C269
P0639,C279
P0639,C293
P0639,C309
P0639,C311
P0639,C313
P0639,C320
P0639,C322
P0639,C331
P0639,C332
P0639,C349
P0639,C350
P0639,C352
P0640,C205
P0640,C332
P0640,C350
P0641,C033
P0641,C034
P0641,C051
P0641,C053
P0641,C069
P0641,C135
P0641,C248
P0641,C252
P0641,C293
P0641,C309
P0641,C313
P0641,C332
P0641,C350
P0641,C352
P0641,C365
P0642,C019
P0642,C104
P0642,C105
P0642,C237
P0642,C331
P0643,C085
P0643,C113
P0643,C114
P0644,C098
P0644,C350
P0645,C019
P0645,C033
P0645,C034
P0645,C044
P0645,C048
P0645,C082
P0645,C085
P0645,C098
P0645,C104
P0645,C105
P0645,C113
P0645,C114
P0645,C130
P0645,C135
P0645,C138
P0645,C164
P0645,C183
P0645,C185
P0645,C186
P0645,C215
P0645,C216
P0645,C217
P0645,C224
P0645,C237
P0645,C245
P0645,C251
P0645,C252
P0645,C260
P0645,C262
P0645,C309
P0645,C311
P0645,C320
P0645,C322
P0645,C331
P0645,C332
P0645,C347
P0645,C350
P0645,C358
P0645,C359
P0645,C362
P0646,C019
P0646,C028
P0646,C069
P0646,C104
P0646,C105
P0646,C113
P0646,C114
P0646,C164
P0646,C183
P0646,C237
P0646,C252
P0646,C322
P0646,C331
P0646,C332
P0646,C350
P0647,C044
P0647,C048
P0647,C147
P0647,C279
P0647,C332
P0647,C349
P0647,C350
P0648,C019
P0648,C033
P0648,C034
P0648,C044
P0648,C048
P0648,C104
P0648,C105
P0648,C113
P0648,C114
P0648,C122
P0648,C130
P0648,C178
P0648,C224
P0648,C237
P0648,C252
P0648,C305
P0648,C331
P0648,C350
P0649,C085
P0650,C031
P0650,C033
P0650,C034
P0650,C069
P0650,C108
P0650,C126
P0650,C127
P0650,C231
P0650,C332
P0651,C044
P0651,C113
P0651,C114
P0651,C350
P0652,C019
P0652,C033
P0652,C034
P0652,C048
P0652,C085
P0652,C101
P0652,C104
P0652,C105
P0652,C113
P0652,C114
P0652,C127
P0652,C182
P0652,C234
P0652,C237
P0652,C252
P0652,C311
P0652,C320
P0652,C331
P0653,C051
P0653,C053
P0653,C248
P0653,C293
P0653,C313
P0653,C332
P0653,C352
P0654,C033
P0654,C034
P0654,C051
P0654,C053
P0654,C185
P0654,C186
P0654,C248
P0654,C293
P0654,C313
P0654,C352
P0655,C051
P0655,C053
P0655,C248
P0655,C293
P0655,C313
P0655,C352
P0656,C008
P0656,C017
P0656,C019
P0656,C031
P0656,C033
P0656,C034
P0656,C044
P0656,C046
P0656,C048
P0656,C051
P0656,C053
P0656,C069
P0656,C079
P0656,C080
P0656,C085
P0656,C098
P0656,C101
P0656,C104
P0656,C105
P0656,C113
P0656,C114
P0656,C121
P0656,C122
P0656,C127
P0656,C130
P0656,C135
P0656,C138
P0656,C145
P0656,C147
P0656,C150
P0656,C178
P0656,C183
P0656,C218
P0656,C224
P0656,C225
P0656,C237
P0656,C245
P0656,C248
P0656,C251
P0656,C252
P0656,C269
P0656,C279
P0656,C293
P0656,C309
P0656,C311
P0656,C313
P0656,C322
P0656,C331
P0656,C332
P0656,C340
P0656,C349
P0656,C350
P0656,C352
P0657,C013
P0657,C113
P0657,C114
P0657,C183
P0657,C262
P0657,C322
P0657,C332
P0657,C347
P0657,C350
P0657,C358
P0657,C359
P0657,C362
P0658,C079
P0658,C080
P0658,C082
P0658,C091
P0658,C178
P0658,C332
P0659,C013
P0659,C033
P0659,C034
P0659,C171
P0659,C183
P0659,C284
P0659,C322
P0660,C113
P0660,C114
P0660,C332
P0660,C347
P0660,C358
P0660,C359
P0660,C362
P0661,C008
P0661,C017
P0661,C019
P0661,C031
P0661,C069
P0661,C082
P0661,C085
P0661,C104
P0661,C105
P0661,C113
P0661,C114
P0661,C183
P0661,C237
P0661,C252
P0661,C322
P0661,C331
P0661,C332
P0662,C019
P0662,C033
P0662,C034
P0662,C085
P0662,C101
P0662,C104
P0662,C105
P0662,C237
P0662,C252
P0662,C331
P0662,C350
P0663,C044
P0663,C113
P0663,C114
P0663,C147
P0663,C311
P0663,C350
P0664,C069
P0664,C085
P0664,C183
P0664,C279
P0664,C305
P0664,C322
P0664,C349
P0665,C044
P0665,C079
P0665,C080
P0665,C113
P0665,C114
P0665,C115
P0665,C130
P0665,C135
P0665,C279
P0665,C309
P0665,C332
P0665,C349
P0665,C350
P0666,C183
P0666,C322
P0667,C013
P0667,C019
P0667,C028
P0667,C085
P0667,C104
P0667,C105
P0667,C113
P0667,C114
P0667,C135
P0667,C164
P0667,C178
P0667,C223
P0667,C224
P0667,C237
P0667,C246
P0667,C251
P0667,C252
P0667,C279
P0667,C309
P0667,C331
P0667,C332
P0667,C347
P0667,C349
P0667,C350
P0667,C358
P0667,C359
P0667,C362
P0668,C044
P0669,C113
P0669,C114
P0669,C135
P0669,C252
P0669,C309
P0670,C332
P0671,C008
P0671,C017
P0671,C031
P0672,C028
P0672,C044
P0672,C135
P0672,C252
P0672,C309
P0672,C350
P0673,C028
P0673,C033
P0673,C034
P0673,C044
P0673,C051
P0673,C053
P0673,C135
P0673,C248
P0673,C252
P0673,C293
P0673,C309
P0673,C313
P0673,C350
P0673,C352
P0674,C028
P0674,C033
P0674,C034
P0674,C044
P0674,C048
P0674,C135
P0674,C164
P0674,C252
P0674,C262
P0674,C309
P0674,C350
P0675,C028
P0675,C033
P0675,C034
P0675,C044
P0675,C051
P0675,C053
P0675,C135
P0675,C180
P0675,C248
P0675,C252
P0675,C293
P0675,C309
P0675,C313
P0675,C350
P0675,C352
P0676,C019
P0676,C028
P0676,C044
P0676,C048
P0676,C104
P0676,C105
P0676,C135
P0676,C237
P0676,C252
P0676,C309
P0676,C331
P0676,C350
P0677,C028
P0677,C044
P0677,C135
P0677,C252
P0677,C309
P0677,C350
P0678,C019
P0678,C028
P0678,C033
P0678,C034
P0678,C044
P0678,C051
P0678,C053
P0678,C069
P0678,C104
P0678,C105
P0678,C113
P0678,C114
P0678,C130
P0678,C135
P0678,C164
P0678,C180
P0678,C183
P0678,C224
P0678,C237
P0678,C248
P0678,C252
P0678,C293
P0678,C309
P0678,C313
P0678,C322
P0678,C331
P0678,C332
P0678,C350
P0678,C352
P0679,C019
P0679,C028
P0679,C044
P0679,C085
P0679,C104
P0679,C105
P0679,C135
P0679,C237
P0679,C252
P0679,C309
P0679,C331
P0679,C350
P0680,C046
P0680,C332
P0680,C350
P0681,C113
P0681,C114
P0682,C028
P0682,C044
P0682,C135
P0682,C252
P0682,C309
P0682,C332
P0682,C350
P0683,C113
P0683,C114
P0683,C252
P0684,C019
P0684,C104
P0684,C105
P0684,C237
P0684,C331
P0685,C033
P0685,C034
P0685,C051
P0685,C053
P0685,C127
P0685,C162
P0685,C163
P0685,C185
P0685,C186
P0685,C248
P0685,C293
P0685,C313
P0685,C343
P0685,C352
P0685,C353
P0686,C044
P0686,C224
P0687,C028
P0687,C350
P0688,C028
P0688,C135
P0688,C145
P0688,C185
P0688,C186
P0688,C269
P0688,C309
P0689,C185
P0689,C186
P0690,C033
P0690,C034
P0690,C051
P0690,C053
P0690,C127
P0690,C162
P0690,C163
P0690,C185
P0690,C186
P0690,C248
P0690,C293
P0690,C313
P0690,C343
P0690,C352
P0691,C033
P0691,C034
P0691,C051
P0691,C053
P0691,C162
P0691,C163
P0691,C185
P0691,C186
P0691,C248
P0691,C293
P0691,C313
P0691,C343
P0691,C352
P0691,C353
P0692,C185
P0692,C186
P0693,C033
P0693,C034
P0693,C127
P0693,C160
P0693,C185
P0693,C186
P0694,C028
P0695,C028
P0695,C033
P0695,C034
P0695,C115
P0695,C363
P0696,C028
P0696,C033
P0696,C034
P0696,C178
P0696,C332
P0697,C028
P0697,C115
P0698,C028
P0698,C183
P0698,C322
P0699,C019
P0699,C104
P0699,C105
P0699,C237
P0699,C331
P0700,C085
P0700,C113
P0700,C114
P0700,C252
P0701,C051
P0701,C053
P0701,C113
P0701,C114
P0701,C248
P0701,C293
P0701,C313
P0701,C352
P0702,C085
P0702,C252
P0703,C028
P0703,C031
P0703,C033
P0703,C034
P0703,C048
P0703,C051
P0703,C053
P0703,C173
P0703,C178
P0703,C248
P0703,C293
P0703,C305
P0703,C313
P0703,C332
P0703,C350
P0703,C352
P0704,C051
P0704,C053
P0704,C248
P0704,C252
P0704,C293
P0704,C313
P0704,C352
P0705,C183
P0705,C322
P0706,C051
P0706,C053
P0706,C248
P0706,C293
P0706,C313
P0706,C352
P0707,C051
P0707,C053
P0707,C248
P0707,C293
P0707,C313
P0707,C352
P0708,C031
P0708,C033
P0708,C034
P0708,C051
P0708,C053
P0708,C121
P0708,C127
P0708,C231
P0708,C248
P0708,C252
P0708,C293
P0708,C313
P0708,C320
P0708,C332
P0708,C352
P0709,C019
P0709,C104
P0709,C105
P0709,C224
P0709,C237
P0709,C252
P0709,C331
P0709,C350
P0710,C011
P0710,C019
P0710,C033
P0710,C034
P0710,C044
P0710,C046
P0710,C048
P0710,C051
P0710,C053
P0710,C071
P0710,C079
P0710,C080
P0710,C085
P0710,C091
P0710,C104
P0710,C105
P0710,C113
P0710,C114
P0710,C121
P0710,C122
P0710,C130
P0710,C135
P0710,C182
P0710,C183
P0710,C224
P0710,C237
P0710,C245
P0710,C248
P0710,C260
P0710,C293
P0710,C309
P0710,C311
P0710,C313
P0710,C322
P0710,C331
P0710,C332
P0710,C340
P0710,C350
P0710,C352
P0711,C031
P0711,C033
P0711,C034
P0711,C044
P0711,C069
P0711,C071
P0711,C121
P0711,C126
P0711,C130
P0712,C085
P0712,C121
P0712,C178
P0713,C033
P0713,C034
P0714,C260
P0714,C332
P0715,C019
P0715,C079
P0715,C080
P0715,C082
P0715,C104
P0715,C105
P0715,C113
P0715,C114
P0715,C130
P0715,C135
P0715,C237
P0715,C309
P0715,C331
P0715,C332
P0716,C011
P0716,C013
P0716,C019
P0716,C033
P0716,C034
P0716,C044
P0716,C051
P0716,C053
P0716,C104
P0716,C105
P0716,C113
P0716,C114
P0716,C237
P0716,C248
P0716,C251
P0716,C252
P0716,C293
P0716,C313
P0716,C331
P0716,C332
P0716,C347
P0716,C350
P0716,C352
P0716,C358
P0716,C359
P0716,C362
P0717,C021
P0717,C028
P0717,C121
P0717,C252
P0717,C279
P0717,C349
P0718,C135
P0718,C309
P0719,C028
P0719,C082
P0719,C113
P0719,C114
P0719,C183
P0719,C305
P0719,C322
P0719,C332
P0719,C350
P0720,C130
P0721,C279
P0721,C349
P0722,C019
P0722,C044
P0722,C085
P0722,C101
P0722,C104
P0722,C105
P0722,C113
P0722,C114
P0722,C121
P0722,C122
P0722,C135
P0722,C178
P0722,C183
P0722,C224
P0722,C237
P0722,C252
P0722,C309
P0722,C322
P0722,C331
P0722,C332
P0722,C340
P0723,C008
P0723,C017
P0723,C033
P0723,C034
P0723,C046
P0723,C051
P0723,C053
P0723,C091
P0723,C171
P0723,C248
P0723,C284
P0723,C293
P0723,C313
P0723,C352
P0724,C015
P0724,C033
P0724,C034
P0724,C044
P0724,C127
P0724,C131
P0724,C162
P0724,C163
P0724,C178
P0724,C232
P0724,C245
P0724,C343
P0725,C305
P0726,C031
P0726,C033
P0726,C034
P0726,C051
P0726,C053
P0726,C248
P0726,C293
P0726,C313
P0726,C352
P0727,C305
P0728,C113
P0728,C114
P0729,C033
P0729,C034
P0729,C046
P0730,C130
P0730,C350
P0731,C122
P0731,C350
P0732,C130
P0732,C350
P0733,C033
P0733,C034
P0733,C135
P0733,C145
P0733,C178
P0733,C269
P0733,C309
P0733,C332
P0733,C350
P0734,C008
P0734,C017
P0734,C019
P0734,C021
P0734,C028
P0734,C031
P0734,C033
P0734,C034
P0734,C044
P0734,C048
P0734,C051
P0734,C053
P0734,C069
P0734,C078
P0734,C079
P0734,C080
P0734,C104
P0734,C105
P0734,C113
P0734,C114
P0734,C127
P0734,C145
P0734,C183
P0734,C185
P0734,C186
P0734,C237
P0734,C248
P0734,C252
P0734,C269
P0734,C279
P0734,C293
P0734,C313
P0734,C322
P0734,C331
P0734,C332
P0734,C349
P0734,C350
P0734,C352
P0735,C019
P0735,C044
P0735,C046
P0735,C048
P0735,C069
P0735,C079
P0735,C080
P0735,C085
P0735,C101
P0735,C104
P0735,C105
P0735,C113
P0735,C114
P0735,C135
P0735,C147
P0735,C183
P0735,C224
P0735,C237
P0735,C252
P0735,C260
P0735,C279
P0735,C309
P0735,C322
P0735,C331
P0735,C332
P0735,C349
P0735,C350
P0736,C019
P0736,C031
P0736,C044
P0736,C048
P0736,C051
P0736,C053
P0736,C069
P0736,C079
P0736,C080
P0736,C082
P0736,C085
P0736,C101
P0736,C104
P0736,C105
P0736,C113
P0736,C114
P0736,C121
P0736,C130
P0736,C135
P0736,C138
P0736,C145
P0736,C147
P0736,C178
P0736,C183
P0736,C224
P0736,C235
P0736,C237
P0736,C248
P0736,C251
P0736,C252
P0736,C260
P0736,C269
P0736,C279
P0736,C293
P0736,C309
P0736,C311
P0736,C313
P0736,C320
P0736,C322
P0736,C331
P0736,C332
P0736,C340
P0736,C347
P0736,C349
P0736,C350
P0736,C352
P0736,C358
P0736,C359
P0736,C362
P0736,C363
P0737,C008
P0737,C017
P0737,C019
P0737,C028
P0737,C031
P0737,C033
P0737,C034
P0737,C044
P0737,C046
P0737,C048
P0737,C051
P0737,C053
P0737,C069
P0737,C079
P0737,C080
P0737,C082
P0737,C085
P0737,C091
P0737,C101
P0737,C104
P0737,C105
P0737,C113
P0737,C114
P0737,C121
P0737,C122
P0737,C126
P0737,C127
P0737,C130
P0737,C135
P0737,C147
P0737,C156
P0737,C178
P0737,C182
P0737,C183
P0737,C185
P0737,C186
P0737,C212
P0737,C223
P0737,C224
P0737,C231
P0737,C235
P0737,C237
P0737,C245
P0737,C246
P0737,C248
P0737,C251
P0737,C252
P0737,C258
P0737,C260
P0737,C262
P0737,C279
P0737,C293
P0737,C305
P0737,C309
P0737,C311
P0737,C313
P0737,C320
P0737,C322
P0737,C331
P0737,C332
P0737,C340
P0737,C347
P0737,C349
P0737,C350
P0737,C352
P0737,C358
P0737,C359
P0737,C362
P0738,C027
P0738,C031
P0738,C079
P0738,C080
P0738,C190
P0738,C340
P0739,C033
P0739,C034
P0739,C044
P0739,C051
P0739,C053
P0739,C113
P0739,C114
P0739,C127
P0739,C130
P0739,C135
P0739,C152
P0739,C248
P0739,C252
P0739,C293
P0739,C309
P0739,C313
P0739,C350
P0739,C352
P0740,C019
P0740,C028
P0740,C031
P0740,C033
P0740,C034
P0740,C039
P0740,C044
P0740,C046
P0740,C048
P0740,C051
P0740,C053
P0740,C069
P0740,C071
P0740,C082
P0740,C085
P0740,C098
P0740,C101
P0740,C104
P0740,C105
P0740,C113
P0740,C114
P0740,C121
P0740,C130
P0740,C131
P0740,C135
P0740,C138
P0740,C178
P0740,C183
P0740,C185
P0740,C186
P0740,C218
P0740,C224
P0740,C234
P0740,C237
P0740,C245
P0740,C246
P0740,C248
P0740,C252
P0740,C279
P0740,C293
P0740,C299
P0740,C309
P0740,C311
P0740,C313
P0740,C320
P0740,C322
P0740,C331
P0740,C332
P0740,C340
P0740,C342
P0740,C349
P0740,C350
P0740,C352
P0741,C019
P0741,C046
P0741,C048
P0741,C069
P0741,C078
P0741,C085
P0741,C101
P0741,C104
P0741,C105
P0741,C113
P0741,C114
P0741,C135
P0741,C145
P0741,C147
P0741,C183
P0741,C185
P0741,C186
P0741,C218
P0741,C224
P0741,C237
P0741,C252
P0741,C260
P0741,C269
P0741,C309
P0741,C322
P0741,C331
P0741,C332
P0741,C350
P0742,C019
P0742,C044
P0742,C048
P0742,C069
P0742,C085
P0742,C101
P0742,C104
P0742,C105
P0742,C113
P0742,C114
P0742,C130
P0742,C135
P0742,C145
P0742,C183
P0742,C237
P0742,C252
P0742,C269
P0742,C309
P0742,C322
P0742,C331
P0742,C350
P0743,C019
P0743,C028
P0743,C044
P0743,C085
P0743,C104
P0743,C105
P0743,C113
P0743,C114
P0743,C178
P0743,C224
P0743,C237
P0743,C252
P0743,C331
P0743,C350
P0744,C048
P0744,C079
P0744,C080
P0744,C098
P0744,C224
P0744,C332
P0745,C019
P0745,C048
P0745,C085
P0745,C104
P0745,C105
P0745,C113
P0745,C114
P0745,C130
P0745,C183
P0745,C235
P0745,C237
P0745,C251
P0745,C322
P0745,C331
P0745,C332
P0745,C350
P0746,C033
P0746,C034
P0746,C332
P0747,C015
P0747,C028
P0747,C031
P0747,C044
P0747,C046
P0747,C071
P0747,C093
P0747,C094
P0747,C121
P0747,C126
P0747,C127
P0747,C135
P0747,C162
P0747,C163
P0747,C173
P0747,C180
P0747,C185
P0747,C186
P0747,C223
P0747,C251
P0747,C260
P0747,C301
P0747,C309
P0747,C332
P0747,C343
P0747,C350
P0748,C113
P0748,C114
P0748,C135
P0748,C309
P0748,C347
P0748,C358
P0748,C359
P0748,C362
P0749,C260
P0750,C031
P0751,C031
P0751,C044
P0751,C305
P0752,C046
P0752,C162
P0752,C163
P0752,C185
P0752,C186
P0752,C343
P0753,C113
P0753,C114
P0753,C152
P0753,C178
P0753,C252
P0753,C340
P0754,C121
P0755,C028
P0755,C033
P0755,C034
P0755,C145
P0755,C183
P0755,C269
P0755,C322
P0755,C332
P0756,C028
P0756,C033
P0756,C034
P0756,C051
P0756,C053
P0756,C113
P0756,C114
P0756,C121
P0756,C122
P0756,C183
P0756,C248
P0756,C251
P0756,C252
P0756,C293
P0756,C313
P0756,C322
P0756,C332
P0756,C352
P0757,C044
P0757,C046
P0757,C048
P0757,C113
P0757,C114
P0757,C135
P0757,C252
P0757,C309
P0758,C019
P0758,C031
P0758,C033
P0758,C034
P0758,C044
P0758,C046
P0758,C048
P0758,C051
P0758,C053
P0758,C069
P0758,C071
P0758,C082
P0758,C085
P0758,C098
P0758,C101
P0758,C104
P0758,C105
P0758,C108
P0758,C113
P0758,C114
P0758,C121
P0758,C130
P0758,C131
P0758,C135
P0758,C147
P0758,C183
P0758,C218
P0758,C237
P0758,C245
P0758,C248
P0758,C252
P0758,C279
P0758,C293
P0758,C309
P0758,C311
P0758,C313
P0758,C320
P0758,C322
P0758,C331
P0758,C332
P0758,C347
P0758,C349
P0758,C350
P0758,C352
P0758,C358
P0758,C359
P0758,C362
P0759,C113
P0759,C114
P0759,C183
P0759,C251
P0759,C322
P0760,C033
P0760,C034
P0760,C051
P0760,C053
P0760,C248
P0760,C293
P0760,C313
P0760,C352
P0761,C262
P0762,C262
P0763,C033
P0763,C034
P0763,C091
P0763,C130
P0763,C218
P0763,C231
P0763,C251
P0763,C252
P0763,C320
P0763,C332
P0764,C145
P0764,C269
P0765,C079
P0765,C080
P0765,C082
P0765,C098
P0765,C121
P0765,C122
P0765,C225
P0765,C279
P0765,C305
P0765,C349
P0766,C332
P0767,C051
P0767,C053
P0767,C079
P0767,C080
P0767,C183
P0767,C248
P0767,C293
P0767,C313
P0767,C322
P0767,C352
P0768,C098
P0768,C178
P0768,C225
P0768,C260
P0769,C008
P0769,C017
P0769,C019
P0769,C044
P0769,C104
P0769,C105
P0769,C178
P0769,C237
P0769,C260
P0769,C331
P0769,C350
P0770,C008
P0770,C013
P0770,C017
P0770,C019
P0770,C031
P0770,C033
P0770,C034
P0770,C044
P0770,C046
P0770,C048
P0770,C051
P0770,C053
P0770,C078
P0770,C085
P0770,C101
P0770,C104
P0770,C105
P0770,C113
P0770,C114
P0770,C115
P0770,C121
P0770,C122
P0770,C130
P0770,C131
P0770,C135
P0770,C138
P0770,C147
P0770,C156
P0770,C162
P0770,C163
P0770,C173
P0770,C178
P0770,C183
P0770,C185
P0770,C186
P0770,C203
P0770,C204
P0770,C224
P0770,C225
P0770,C235
P0770,C237
P0770,C245
P0770,C246
P0770,C248
P0770,C252
P0770,C260
P0770,C262
P0770,C279
P0770,C293
P0770,C309
P0770,C313
P0770,C322
P0770,C331
P0770,C332
P0770,C340
P0770,C343
P0770,C347
P0770,C349
P0770,C350
P0770,C352
P0770,C358
P0770,C359
P0770,C362
P0771,C019
P0771,C048
P0771,C085
P0771,C104
P0771,C105
P0771,C113
P0771,C114
P0771,C130
P0771,C138
P0771,C178
P0771,C224
P0771,C237
P0771,C252
P0771,C331
P0771,C332
P0771,C350
P0772,C031
P0772,C085
P0772,C101
P0772,C113
P0772,C114
P0772,C130
P0772,C147
P0772,C252
P0772,C297
P0773,C019
P0773,C104
P0773,C105
P0773,C113
P0773,C114
P0773,C178
P0773,C224
P0773,C237
P0773,C252
P0773,C331
P0773,C350
P0774,C019
P0774,C044
P0774,C085
P0774,C104
P0774,C105
P0774,C113
P0774,C114
P0774,C156
P0774,C178
P0774,C183
P0774,C224
P0774,C237
P0774,C246
P0774,C252
P0774,C322
P0774,C331
P0774,C332
P0774,C347
P0774,C350
P0774,C358
P0774,C359
P0774,C362
P0775,C019
P0775,C104
P0775,C105
P0775,C237
P0775,C331
P0776,C044
P0776,C051
P0776,C053
P0776,C130
P0776,C135
P0776,C183
P0776,C224
P0776,C248
P0776,C252
P0776,C293
P0776,C309
P0776,C313
P0776,C322
P0776,C332
P0776,C352
P0777,C008
P0777,C017
P0777,C019
P0777,C033
P0777,C034
P0777,C044
P0777,C048
P0777,C104
P0777,C105
P0777,C131
P0777,C178
P0777,C183
P0777,C224
P0777,C237
P0777,C252
P0777,C322
P0777,C331
P0777,C350
P0778,C001
P0778,C019
P0778,C027
P0778,C044
P0778,C078
P0778,C079
P0778,C080
P0778,C104
P0778,C105
P0778,C183
P0778,C190
P0778,C224
P0778,C237
P0778,C245
P0778,C252
P0778,C322
P0778,C331
P0778,C332
P0778,C350
P0779,C048
P0779,C113
P0779,C114
P0779,C252
P0779,C332
P0779,C350
P0780,C183
P0780,C322
P0781,C048
P0781,C085
P0781,C101
P0781,C113
P0781,C114
P0782,C027
P0782,C113
P0782,C114
P0782,C135
P0782,C190
P0782,C252
P0782,C309
P0782,C350
P0783,C019
P0783,C048
P0783,C104
P0783,C105
P0783,C224
P0783,C237
P0783,C252
P0783,C331
P0784,C019
P0784,C033
P0784,C034
P0784,C104
P0784,C105
P0784,C126
P0784,C185
P0784,C186
P0784,C224
P0784,C237
P0784,C331
P0785,C008
P0785,C017
P0785,C019
P0785,C039
P0785,C048
P0785,C085
P0785,C101
P0785,C104
P0785,C105
P0785,C113
P0785,C114
P0785,C135
P0785,C138
P0785,C162
P0785,C163
P0785,C164
P0785,C178
P0785,C180
P0785,C182
P0785,C183
P0785,C185
P0785,C186
P0785,C218
P0785,C224
P0785,C235
P0785,C237
P0785,C252
P0785,C299
P0785,C309
P0785,C311
P0785,C322
P0785,C331
P0785,C332
P0785,C343
P0785,C350
P0786,C019
P0786,C048
P0786,C085
P0786,C104
P0786,C105
P0786,C113
P0786,C114
P0786,C135
P0786,C178
P0786,C224
P0786,C237
P0786,C252
P0786,C279
P0786,C309
P0786,C331
P0786,C349
P0786,C350
P0787,C013
P0787,C019
P0787,C031
P0787,C044
P0787,C046
P0787,C048
P0787,C069
P0787,C079
P0787,C080
P0787,C082
P0787,C085
P0787,C091
P0787,C098
P0787,C104
P0787,C105
P0787,C130
P0787,C135
P0787,C147
P0787,C178
P0787,C183
P0787,C224
P0787,C237
P0787,C309
P0787,C311
P0787,C322
P0787,C331
P0787,C332
P0787,C350
P0788,C019
P0788,C027
P0788,C031
P0788,C044
P0788,C046
P0788,C048
P0788,C085
P0788,C104
P0788,C105
P0788,C113
P0788,C114
P0788,C130
P0788,C147
P0788,C178
P0788,C183
P0788,C190
P0788,C224
P0788,C235
P0788,C237
P0788,C245
P0788,C252
P0788,C260
P0788,C279
P0788,C322
P0788,C331
P0788,C332
P0788,C347
P0788,C349
P0788,C350
P0788,C358
P0788,C359
P0788,C362
P0789,C008
P0789,C017
P0789,C019
P0789,C033
P0789,C034
P0789,C046
P0789,C048
P0789,C051
P0789,C053
P0789,C085
P0789,C104
P0789,C105
P0789,C113
P0789,C114
P0789,C135
P0789,C138
P0789,C224
P0789,C237
P0789,C248
P0789,C252
P0789,C262
P0789,C293
P0789,C309
P0789,C313
P0789,C331
P0789,C332
P0789,C347
P0789,C350
P0789,C352
P0789,C358
P0789,C359
P0789,C362
P0790,C033
P0790,C034
P0790,C182
P0791,C048
P0792,C008
P0792,C013
P0792,C017
P0792,C019
P0792,C027
P0792,C031
P0792,C033
P0792,C034
P0792,C044
P0792,C046
P0792,C048
P0792,C051
P0792,C053
P0792,C069
P0792,C079
P0792,C080
P0792,C082
P0792,C085
P0792,C104
P0792,C105
P0792,C113
P0792,C114
P0792,C122
P0792,C130
P0792,C131
P0792,C135
P0792,C145
P0792,C147
P0792,C178
P0792,C182
P0792,C183
P0792,C190
P0792,C203
P0792,C204
P0792,C215
P0792,C216
P0792,C217
P0792,C224
P0792,C237
P0792,C248
P0792,C251
P0792,C252
P0792,C260
P0792,C269
P0792,C293
P0792,C305
P0792,C309
P0792,C311
P0792,C313
P0792,C322
P0792,C331
P0792,C332
P0792,C340
P0792,C347
P0792,C350
P0792,C352
P0792,C358
P0792,C359
P0792,C362
P0793,C019
P0793,C033
P0793,C034
P0793,C039
P0793,C051
P0793,C053
P0793,C085
P0793,C104
P0793,C105
P0793,C113
P0793,C114
P0793,C127
P0793,C135
P0793,C162
P0793,C163
P0793,C183
P0793,C185
P0793,C186
P0793,C215
P0793,C216
P0793,C217
P0793,C231
P0793,C235
P0793,C237
P0793,C248
P0793,C252
P0793,C293
P0793,C299
P0793,C309
P0793,C313
P0793,C322
P0793,C331
P0793,C340
P0793,C343
P0793,C350
P0793,C352
P0794,C031
P0794,C033
P0794,C034
P0794,C069
P0794,C168
P0794,C231
P0794,C252
P0795,C044
P0795,C048
P0795,C113
P0795,C114
P0795,C130
P0795,C224
P0795,C252
P0795,C332
P0795,C347
P0795,C350
P0795,C358
P0795,C359
P0795,C362
P0796,C019
P0796,C069
P0796,C085
P0796,C104
P0796,C105
P0796,C113
P0796,C114
P0796,C135
P0796,C138
P0796,C183
P0796,C224
P0796,C237
P0796,C252
P0796,C262
P0796,C309
P0796,C322
P0796,C331
P0796,C332
P0796,C350
P0797,C121
P0797,C205
P0798,C051
P0798,C053
P0798,C145
P0798,C183
P0798,C248
P0798,C260
P0798,C269
P0798,C293
P0798,C313
P0798,C322
P0798,C332
P0798,C350
P0798,C352
P0799,C019
P0799,C046
P0799,C063
P0799,C085
P0799,C104
P0799,C105
P0799,C113
P0799,C114
P0799,C147
P0799,C178
P0799,C237
P0799,C331
P0800,C019
P0800,C048
P0800,C069
P0800,C071
P0800,C085
P0800,C101
P0800,C104
P0800,C105
P0800,C113
P0800,C114
P0800,C178
P0800,C183
P0800,C237
P0800,C252
P0800,C322
P0800,C331
P0800,C332
P0800,C347
P0800,C350
P0800,C358
P0800,C359
P0800,C362
P0801,C102
P0801,C113
P0801,C114
P0801,C130
P0801,C350
P0802,C019
P0802,C033
P0802,C034
P0802,C038
P0802,C051
P0802,C053
P0802,C078
P0802,C085
P0802,C104
P0802,C105
P0802,C113
P0802,C114
P0802,C127
P0802,C131
P0802,C138
P0802,C150
P0802,C224
P0802,C232
P0802,C234
P0802,C237
P0802,C248
P0802,C252
P0802,C293
P0802,C313
P0802,C331
P0802,C332
P0802,C350
P0802,C352
P0803,C078
P0803,C079
P0803,C080
P0803,C085
P0803,C113
P0803,C114
P0803,C252
P0803,C311
P0803,C320
P0804,C027
P0804,C031
P0804,C033
P0804,C034
P0804,C046
P0804,C051
P0804,C053
P0804,C079
P0804,C080
P0804,C082
P0804,C085
P0804,C091
P0804,C113
P0804,C114
P0804,C190
P0804,C248
P0804,C293
P0804,C305
P0804,C313
P0804,C332
P0804,C352
