disease_id_1,disease_id_2,score
D102100,D102300,0.10395
D102100,D102400,0.29165
D102100,D102500,0.28702
D102100,D103100,0.14587
D102100,D103780,0.024705
D102100,D104130,0.12809
D102100,D104300,0.10928
D102100,D106400,0.18175
D102100,D107320,0.071945
D102100,D107550,0.2402
D102100,D107650,0.20926
D102100,D109100,0.044219
D102100,D109200,0.056733
D102100,D109800,0.045038
D102100,D110100,0.22825
D102100,D113610,0.077269
D102100,D114480,0.12202
D102100,D114500,0.029271
D102100,D114550,0.058957
D102100,D114580,0.10873
D102100,D115300,0.20381
D102100,D115645,0.20112
D102100,D119500,0.31442
D102100,D125310,0.14261
D102100,D125600,0.56147
D102100,D125700,0.12097
D102100,D125850,0.055505
D102100,D125852,0.065243
D102100,D125853,0.14042
D102100,D126200,0.062445
D102100,D127350,0.22703
D102100,D127750,0.018497
D102100,D128101,0.026052
D102100,D131300,0.26119
D102100,D131440,0.070893
D102100,D132100,0.04073
D102100,D132300,0.24934
D102100,D133600,0.15423
D102100,D133690,0.13148
D102100,D134520,0.12506
D102100,D134750,0.059397
D102100,D135550,0.10695
D102100,D136200,0.24257
D102100,D137400,0.10482
D102100,D137580,0.046851
D102100,D137750,0.11297
D102100,D137760,0.092757
D102100,D137800,0.070287
D102100,D140300,0.061841
D102100,D140600,0.22503
D102100,D140850,0.080812
D102100,D143100,0.1459
D102100,D143465,0.063135
D102100,D143880,0.14006
D102100,D144010,0.23911
D102100,D144110,0.15193
D102100,D144700,0.043532
D102100,D145100,0.27289
D102100,D145200,0.30589
D102100,D145500,0.055065
D102100,D145590,0.25912
D102100,D145600,0.16101
D102100,D146110,0.050368
D102100,D146255,0.11625
D102100,D146500,0.12714
D102100,D147480,0.065526
D102100,D147540,0.086217
D102100,D148000,0.081212
D102100,D148100,0.17822
D102100,D150600,0.098654
D102100,D150699,0.11031
D102100,D151590,0.082505
D102100,D152700,0.12744
D102100,D153880,0.21315
D102100,D154276,0.027947
D102100,D155100,0.072837
D102100,D155600,0.17527
D102100,D155601,0.16618
D102100,D156000,0.055622
D102100,D156190,0.1211
D102100,D157300,0.020914
D102100,D157700,0.23823
D102100,D157950,0.29675
D102100,D158280,0.19556
D102100,D160300,0.24646
D102100,D160750,0.030029
D102100,D165150,0.19758
D102100,D165199,0.16717
D102100,D165720,0.21587
D102100,D166300,0.34242
D102100,D166710,0.13681
D102100,D166760,0.18948
D102100,D167320,0.13868
D102100,D168100,0.19839
D102100,D168600,0.11983
D102100,D171300,0.10952
D102100,D173200,0.29919
D102100,D174800,0.16552
D102100,D175100,0.15505
D102100,D176800,0.0876
D102100,D176807,0.069267
D102100,D178600,0.050292
D102100,D179600,0.17961
D102100,D179800,0.019553
D102100,D181000,0.13424
D102100,D181500,0.1359
D102100,D182000,0.08061
D102100,D182280,0.050444
D102100,D182830,0.17482
D102100,D184700,0.069142
D102100,D187950,0.059684
D102100,D188050,0.08925
D102100,D188470,0.058539
D102100,D189600,0.22299
D102100,D190300,0.25476
D102100,D191390,0.13805
D102100,D194070,0.093733
D102100,D194200,0.080113
D102100,D200170,0.15707
D102100,D203700,0.10882
D102100,D208085,0.084066
D102100,D208230,0.16491
D102100,D208300,0.2228
D102100,D208550,0.12852
D102100,D208750,0.10589
D102100,D208920,0.064188
D102100,D212050,0.15741
D102100,D212112,0.03038
D102100,D212130,0.037052
D102100,D212140,0.084444
D102100,D212350,0.11338
D102100,D215140,0.23199
D102100,D215470,0.11999
D102100,D217150,0.28575
D102100,D217200,0.028231
D102100,D218200,0.022051
D102100,D218800,0.045772
D102100,D225740,0.14234
D102100,D225755,0.025673
D102100,D230450,0.029942
D102100,D230800,0.1391
D102100,D231090,0.026121
D102100,D231200,0.11494
D102100,D233810,0.33186
D102100,D236000,0.075302
D102100,D237450,0.089821
D102100,D237500,0.051308
D102100,D238800,0.029215
D102100,D240400,0.065692
D102100,D241100,0.067331
D102100,D243200,0.027059
D102100,D246300,0.064129
D102100,D246400,0.093594
D102100,D247200,0.22929
D102100,D247640,0.022079
D102100,D248190,0.026584
D102100,D249100,0.097222
D102100,D250790,0.063538
D102100,D252320,0.092668
D102100,D254200,0.080764
D102100,D254400,0.081282
D102100,D254500,0.016152
D102100,D254800,0.070708
D102100,D255900,0.21735
D102100,D256700,0.16256
D102100,D258360,0.14108
D102100,D259050,0.32205
D102100,D259500,0.16908
D102100,D259660,0.10677
D102100,D260480,0.16184
D102100,D261515,0.17077
D102100,D263800,0.079532
D102100,D266600,0.15465
D102100,D267740,0.20098
D102100,D268220,0.11192
D102100,D268320,0.22867
D102100,D273300,0.040664
D102100,D273800,0.11468
D102100,D275000,0.14703
D102100,D276300,0.16687
D102100,D277350,0.22383
D102100,D277440,0.1661
D102100,D277460,0.069193
D102100,D278200,0.17924
D102100,D300125,0.027881
D102100,D300232,0.34704
D102100,D300491,0.047878
D102100,D300494,0.25517
D102100,D303110,0.12926
D102100,D304790,0.093832
D102100,D305300,0.12006
D102100,D308205,0.18772
D102100,D308600,0.11125
D102100,D311360,0.12601
D102100,D312910,0.1074
D102100,D540000,0.088925
D102100,D600263,0.082591
D102100,D600496,0.052608
D102100,D600807,0.084654
D102100,D601042,0.19041
D102100,D601367,0.064953
D102100,D601608,0.087268
D102100,D601665,0.059871
D102100,D601682,0.22914
D102100,D602068,0.10307
D102100,D602080,0.12594
D102100,D602522,0.17769
D102100,D603165,0.18009
D102100,D604278,0.25547
D102100,D604416,0.20737
D102100,D605839,0.07602
D102100,D606703,0.080527
D102100,D606798,0.16176
D102100,D606842,0.084459
D102100,D607225,0.12095
D102100,D607459,0.070498
D102100,D607498,0.024371
D102100,D607501,0.02513
D102100,D607508,0.026073
D102100,D607516,0.049159
D102100,D607685,0.064828
D102100,D607850,0.17917
D102100,D608033,0.017399
D102100,D608088,0.099807
D102100,D608105,0.1691
D102300,D102400,0.18205
D102300,D102500,0.10492
D102300,D103100,0.082231
D102300,D103780,0.17499
D102300,D104130,0.12907
D102300,D104300,0.10269
D102300,D107320,0.067015
D102300,D107650,0.123
D102300,D109100,0.052341
D102300,D109800,0.025038
D102300,D110100,0.11358
D102300,D113610,0.14856
D102300,D114480,0.065148
D102300,D114500,0.01628
D102300,D114550,0.037869
D102300,D114580,0.0412
D102300,D115195,0.042939
D102300,D119500,0.12863
D102300,D121200,0.12913
D102300,D121201,0.17336
D102300,D125310,0.1185
D102300,D125320,0.16858
D102300,D125700,0.076706
D102300,D125852,0.077777
D102300,D125853,0.10839
D102300,D126200,0.17594
D102300,D127350,0.030918
D102300,D127750,0.17948
D102300,D128101,0.15112
D102300,D131300,0.14074
D102300,D132090,0.11895
D102300,D132100,0.14393
D102300,D132300,0.081556
D102300,D133600,0.15455
D102300,D133690,0.037613
D102300,D134520,0.057565
D102300,D135550,0.092809
D102300,D137580,0.14864
D102300,D137750,0.10233
D102300,D137760,0.08372
D102300,D137800,0.10406
D102300,D140300,0.039076
D102300,D140600,0.048745
D102300,D143100,0.12548
D102300,D143465,0.17071
D102300,D143500,0.020645
D102300,D143880,0.074385
D102300,D144010,0.074385
D102300,D144700,0.032765
D102300,D145200,0.11771
D102300,D145500,0.035471
D102300,D145590,0.081924
D102300,D145600,0.10064
D102300,D146110,0.059253
D102300,D146255,0.14419
D102300,D146500,0.13194
D102300,D147530,0.090358
D102300,D148000,0.025632
D102300,D150600,0.022708
D102300,D152700,0.12546
D102300,D153880,0.029854
D102300,D154276,0.032549
D102300,D155100,0.064127
D102300,D155600,0.05159
D102300,D155601,0.04105
D102300,D156000,0.12975
D102300,D156190,0.10755
D102300,D157300,0.12337
D102300,D157700,0.074905
D102300,D157950,0.025211
D102300,D160300,0.18899
D102300,D160750,0.070375
D102300,D161900,0.06405
D102300,D164230,0.23048
D102300,D165150,0.10716
D102300,D165199,0.11154
D102300,D165720,0.12908
D102300,D166300,0.063538
D102300,D166710,0.048949
D102300,D167320,0.16866
D102300,D167870,0.046433
D102300,D168100,0.2731
D102300,D168600,0.15731
D102300,D171300,0.032724
D102300,D173200,0.16524
D102300,D174800,0.03829
D102300,D175100,0.068149
D102300,D176800,0.048295
D102300,D176807,0.044718
D102300,D179600,0.060049
D102300,D179800,0.045871
D102300,D181000,0.079838
D102300,D181500,0.16703
D102300,D182830,0.077231
D102300,D184700,0.15045
D102300,D187950,0.12096
D102300,D188050,0.056761
D102300,D188470,0.032522
D102300,D189600,0.13762
D102300,D190300,0.17765
D102300,D190310,0.11804
D102300,D190400,0.063596
D102300,D191390,0.018258
D102300,D194070,0.063369
D102300,D194200,0.1024
D102300,D200170,0.083314
D102300,D203700,0.14885
D102300,D208085,0.040991
D102300,D208230,0.14678
D102300,D208300,0.037051
D102300,D208550,0.029624
D102300,D208700,0.089279
D102300,D208750,0.12071
D102300,D208920,0.16442
D102300,D210050,0.11624
D102300,D212050,0.030881
D102300,D212112,0.10726
D102300,D212130,0.043274
D102300,D212140,0.11781
D102300,D212350,0.042653
D102300,D215140,0.019437
D102300,D215470,0.16337
D102300,D217150,0.028427
D102300,D217200,0.24245
D102300,D218200,0.077728
D102300,D218800,0.09965
D102300,D220120,0.10116
D102300,D225740,0.13906
D102300,D225755,0.12176
D102300,D226000,0.064419
D102300,D230450,0.1449
D102300,D230800,0.040807
D102300,D233810,0.27755
D102300,D236000,0.024443
D102300,D238800,0.034222
D102300,D239350,0.056691
D102300,D240400,0.078867
D102300,D241519,0.12068
D102300,D243200,0.12816
D102300,D246300,0.027913
D102300,D246400,0.019395
D102300,D247200,0.094302
D102300,D249100,0.11315
D102300,D250790,0.13754
D102300,D252320,0.085092
D102300,D254200,0.069573
D102300,D254500,0.037918
D102300,D254770,0.16196
D102300,D254800,0.19686
D102300,D255900,0.17246
D102300,D256700,0.094003
D102300,D258360,0.077888
D102300,D259050,0.19645
D102300,D259500,0.026164
D102300,D260480,0.076137
D102300,D260970,0.2245
D102300,D261515,0.095902
D102300,D263800,0.18155
D102300,D264120,0.10279
D102300,D266600,0.058332
D102300,D267740,0.083568
D102300,D268320,0.11905
D102300,D273300,0.07665
D102300,D273800,0.060174
D102300,D275000,0.058341
D102300,D276300,0.098938
D102300,D277440,0.065235
D102300,D277460,0.087877
D102300,D300125,0.16499
D102300,D300232,0.17462
D102300,D300491,0.18609
D102300,D300494,0.14787
D102300,D303110,0.086559
D102300,D304790,0.03164
D102300,D304900,0.10824
D102300,D305300,0.060086
D102300,D308205,0.17957
D102300,D308350,0.17824
D102300,D311360,0.08069
D102300,D312910,0.11873
D102300,D540000,0.14217
D102300,D600131,0.18025
D102300,D600263,0.026484
D102300,D600807,0.01957
D102300,D601042,0.37989
D102300,D601367,0.1477
D102300,D601608,0.30306
D102300,D601665,0.10547
D102300,D602080,0.12114
D102300,D602522,0.065632
D102300,D603165,0.059776
D102300,D604278,0.13339
D102300,D604416,0.07867
D102300,D604827,0.10447
D102300,D605021,0.18044
D102300,D605055,0.15826
D102300,D606703,0.27103
D102300,D606798,0.21328
D102300,D606842,0.099528
D102300,D607225,0.11043
D102300,D607459,0.18881
D102300,D607498,0.14552
D102300,D607499,0.1418
D102300,D607501,0.15048
D102300,D607508,0.15418
D102300,D607516,0.14418
D102300,D607554,0.041997
D102300,D607628,0.32992
D102300,D607631,0.24627
D102300,D607681,0.18237
D102300,D607682,0.18491
D102300,D607685,0.060138
D102300,D607850,0.035373
D102300,D608033,0.12653
D102300,D608088,0.26121
D102300,D608105,0.18951
D102300,D608217,0.19313
D102300,D608583,0.046158
D102300,D608622,0.042092
D102400,D102500,0.31504
D102400,D103100,0.024559
D102400,D104300,0.039558
D102400,D106400,0.24624
D102400,D107320,0.094871
D102400,D107550,0.030786
D102400,D107650,0.082011
D102400,D109100,0.085291
D102400,D109350,0.054585
D102400,D109800,0.068436
D102400,D110100,0.18202
D102400,D113610,0.047431
D102400,D114480,0.093803
D102400,D114500,0.044489
D102400,D114550,0.07259
D102400,D115195,0.076291
D102400,D115645,0.022547
D102400,D119500,0.32476
D102400,D121200,0.028417
D102400,D121201,0.037578
D102400,D125310,0.045795
D102400,D125600,0.14789
D102400,D125700,0.17848
D102400,D125852,0.068502
D102400,D125853,0.16699
D102400,D126200,0.037647
D102400,D127350,0.24377
D102400,D128101,0.026407
D102400,D131300,0.22691
D102400,D132300,0.16685
D102400,D133239,0.077869
D102400,D133600,0.23501
D102400,D133690,0.15804
D102400,D134430,0.042532
D102400,D134500,0.034508
D102400,D134510,0.033795
D102400,D134520,0.18995
D102400,D134750,0.093602
D102400,D135550,0.027323
D102400,D137215,0.064248
D102400,D137580,0.016171
D102400,D137750,0.045371
D102400,D137760,0.037117
D102400,D137800,0.077644
D102400,D140300,0.034653
D102400,D140600,0.34475
D102400,D140850,0.029165
D102400,D143100,0.15795
D102400,D143465,0.065312
D102400,D143500,0.018315
D102400,D143880,0.021961
D102400,D144010,0.021947
D102400,D144700,0.059604
D102400,D145200,0.23556
D102400,D145500,0.09619
D102400,D145600,0.16834
D102400,D146110,0.076995
D102400,D146255,0.11221
D102400,D146500,0.033224
D102400,D147530,0.026685
D102400,D147540,0.031669
D102400,D148000,0.024616
D102400,D148100,0.14447
D102400,D150600,0.20821
D102400,D150699,0.024494
D102400,D151400,0.017974
D102400,D152700,0.20869
D102400,D153880,0.14631
D102400,D154276,0.058205
D102400,D155100,0.064547
D102400,D155600,0.077803
D102400,D155601,0.076363
D102400,D156190,0.095138
D102400,D157700,0.19916
D102400,D157950,0.32612
D102400,D160300,0.41215
D102400,D160750,0.062626
D102400,D161900,0.037862
D102400,D164230,0.033304
D102400,D165720,0.25428
D102400,D166300,0.37719
D102400,D166710,0.29093
D102400,D166760,0.15052
D102400,D167320,0.17736
D102400,D167870,0.020596
D102400,D168100,0.19928
D102400,D168600,0.06665
D102400,D171300,0.01451
D102400,D173200,0.1895
D102400,D174800,0.1111
D102400,D175100,0.11136
D102400,D175505,0.023002
D102400,D176800,0.3011
D102400,D176807,0.08542
D102400,D178600,0.094456
D102400,D179600,0.28976
D102400,D179800,0.10191
D102400,D179830,0.057302
D102400,D181000,0.042443
D102400,D181500,0.078116
D102400,D182000,0.11996
D102400,D184700,0.031125
D102400,D187950,0.10537
D102400,D188050,0.10954
D102400,D188470,0.060549
D102400,D189600,0.1681
D102400,D189800,0.025805
D102400,D190300,0.21124
D102400,D191390,0.081774
D102400,D192200,0.15607
D102400,D194070,0.14305
D102400,D194200,0.098594
D102400,D200170,0.10949
D102400,D203700,0.10231
D102400,D208085,0.091048
D102400,D208230,0.32514
D102400,D208300,0.068023
D102400,D208550,0.055145
D102400,D208700,0.026167
D102400,D208920,0.018022
D102400,D212130,0.077244
D102400,D212140,0.075982
D102400,D212350,0.056936
D102400,D215140,0.21865
D102400,D215470,0.023029
D102400,D217150,0.23018
D102400,D218800,0.017179
D102400,D220120,0.029781
D102400,D225740,0.047227
D102400,D225755,0.16114
D102400,D226000,0.028537
D102400,D227300,0.032794
D102400,D230450,0.062448
D102400,D230800,0.11497
D102400,D231200,0.020804
D102400,D233810,0.1928
D102400,D236000,0.071452
D102400,D237450,0.033208
D102400,D237500,0.019321
D102400,D238800,0.060923
D102400,D240400,0.12296
D102400,D241100,0.10289
D102400,D243200,0.028163
D102400,D246400,0.10813
D102400,D247200,0.17015
D102400,D248190,0.028525
D102400,D249100,0.089878
D102400,D252320,0.050491
D102400,D254200,0.083753
D102400,D254500,0.016814
D102400,D254800,0.062922
D102400,D255900,0.12646
D102400,D256370,0.022126
D102400,D256700,0.10193
D102400,D259050,0.36359
D102400,D259500,0.24709
D102400,D259660,0.36772
D102400,D260480,0.049691
D102400,D260570,0.030657
D102400,D261515,0.1417
D102400,D263800,0.053264
D102400,D266120,0.029932
D102400,D266600,0.12069
D102400,D268220,0.027905
D102400,D268320,0.026264
D102400,D270960,0.026835
D102400,D273300,0.042144
D102400,D273800,0.017756
D102400,D275000,0.034562
D102400,D276300,0.11116
D102400,D277440,0.20938
D102400,D277460,0.038952
D102400,D300232,0.30923
D102400,D303110,0.025568
D102400,D304790,0.043313
D102400,D305300,0.14269
D102400,D308205,0.048806
D102400,D308350,0.026023
D102400,D308600,0.040696
D102400,D310468,0.07384
D102400,D311360,0.055825
D102400,D312910,0.020922
D102400,D540000,0.044872
D102400,D600263,0.078264
D102400,D600634,0.034349
D102400,D600807,0.036388
D102400,D601042,0.17051
D102400,D601367,0.080005
D102400,D601608,0.18406
D102400,D601665,0.046586
D102400,D602080,0.23242
D102400,D602522,0.066059
D102400,D603165,0.051078
D102400,D604278,0.085759
D102400,D604416,0.16832
D102400,D606703,0.083314
D102400,D606798,0.026837
D102400,D606842,0.096449
D102400,D607225,0.062483
D102400,D607459,0.016741
D102400,D607554,0.037256
D102400,D607685,0.017571
D102400,D607850,0.29671
D102400,D608033,0.036211
D102400,D608088,0.1206
D102400,D608105,0.058663
D102400,D608217,0.033355
D102400,D608320,0.021276
D102500,D103100,0.11842
D102500,D103780,0.11197
D102500,D104130,0.27043
D102500,D104300,0.14941
D102500,D106400,0.18018
D102500,D107320,0.20443
D102500,D107550,0.13966
D102500,D107650,0.20045
D102500,D109100,0.14269
D102500,D109200,0.19024
D102500,D109350,0.067182
D102500,D109543,0.053395
D102500,D109800,0.11575
D102500,D110100,0.371
D102500,D113610,0.15552
D102500,D114480,0.23425
D102500,D114500,0.15006
D102500,D114550,0.1693
D102500,D114580,0.23452
D102500,D115000,0.066591
D102500,D115195,0.11956
D102500,D115300,0.11843
D102500,D115645,0.31343
D102500,D119500,0.38835
D102500,D121200,0.13597
D102500,D121201,0.13207
D102500,D125310,0.1374
D102500,D125320,0.0647
D102500,D125600,0.24311
D102500,D125700,0.25896
D102500,D125850,0.070491
D102500,D125851,0.046274
D102500,D125852,0.11782
D102500,D125853,0.18717
D102500,D126200,0.15461
D102500,D127350,0.22984
D102500,D127750,0.050434
D102500,D128101,0.14197
D102500,D131200,0.136
D102500,D131300,0.34334
D102500,D131440,0.068905
D102500,D132090,0.091496
D102500,D132100,0.091938
D102500,D132300,0.18252
D102500,D133239,0.11208
D102500,D133600,0.096458
D102500,D133690,0.17899
D102500,D134430,0.018338
D102500,D134500,0.029776
D102500,D134510,0.014571
D102500,D134520,0.15742
D102500,D134750,0.079684
D102500,D135550,0.24184
D102500,D136200,0.12995
D102500,D137215,0.13313
D102500,D137400,0.12827
D102500,D137580,0.11401
D102500,D137750,0.12946
D102500,D137760,0.14628
D102500,D137800,0.14098
D102500,D138800,0.083274
D102500,D140300,0.12967
D102500,D140600,0.14727
D102500,D140850,0.13255
D102500,D143100,0.20502
D102500,D143465,0.054178
D102500,D143500,0.079188
D102500,D143880,0.16884
D102500,D144010,0.14658
D102500,D144110,0.11755
D102500,D144650,0.039207
D102500,D144700,0.13365
D102500,D145100,0.17777
D102500,D145200,0.16957
D102500,D145500,0.19255
D102500,D145590,0.15363
D102500,D145600,0.34036
D102500,D146110,0.19559
D102500,D146255,0.2179
D102500,D146500,0.17492
D102500,D146850,0.034179
D102500,D147480,0.099028
D102500,D147530,0.070988
D102500,D147540,0.071373
D102500,D148000,0.099025
D102500,D148100,0.16193
D102500,D150600,0.18441
D102500,D150699,0.2139
D102500,D151400,0.087934
D102500,D151590,0.12339
D102500,D152700,0.24089
D102500,D153880,0.14568
D102500,D154276,0.079216
D102500,D155100,0.18925
D102500,D155600,0.18101
D102500,D155601,0.09691
D102500,D156000,0.16756
D102500,D156190,0.14718
D102500,D157300,0.16216
D102500,D157700,0.37506
D102500,D157950,0.2871
D102500,D158280,0.1092
D102500,D160300,0.16587
D102500,D160750,0.094603
D102500,D161900,0.23929
D102500,D164230,0.1016
D102500,D165150,0.15121
D102500,D165199,0.18666
D102500,D165720,0.17015
D102500,D166300,0.36503
D102500,D166710,0.2527
D102500,D166760,0.16668
D102500,D167320,0.16051
D102500,D167870,0.18816
D102500,D168100,0.13311
D102500,D168600,0.12224
D102500,D170900,0.055649
D102500,D171300,0.19023
D102500,D173200,0.17112
D102500,D174800,0.35525
D102500,D175100,0.25251
D102500,D175505,0.079744
D102500,D175510,0.13188
D102500,D176800,0.14646
D102500,D176807,0.20669
D102500,D178600,0.16157
D102500,D179600,0.12045
D102500,D179800,0.18575
D102500,D179830,0.051976
D102500,D181000,0.21759
D102500,D181460,0.062949
D102500,D181500,0.14196
D102500,D182000,0.15748
D102500,D182280,0.10446
D102500,D182830,0.12346
D102500,D184700,0.20656
D102500,D187950,0.1059
D102500,D188030,0.03057
D102500,D188050,0.10909
D102500,D188470,0.075059
D102500,D189600,0.1718
D102500,D189800,0.11252
D102500,D190300,0.21451
D102500,D190310,0.075146
D102500,D190400,0.024334
D102500,D191390,0.18412
D102500,D191800,0.029282
D102500,D192000,0.05328
D102500,D192200,0.1177
D102500,D194070,0.22254
D102500,D194200,0.16057
D102500,D200170,0.14626
D102500,D203700,0.19807
D102500,D206200,0.023332
D102500,D208085,0.13734
D102500,D208230,0.19923
D102500,D208300,0.12783
D102500,D208550,0.17173
D102500,D208700,0.083009
D102500,D208750,0.21825
D102500,D208920,0.14239
D102500,D210050,0.098113
D102500,D211980,0.078644
D102500,D212050,0.21547
D102500,D212110,0.044073
D102500,D212112,0.11168
D102500,D212130,0.12061
D102500,D212140,0.17481
D102500,D212350,0.14312
D102500,D215140,0.28013
D102500,D215470,0.17947
D102500,D217150,0.25005
D102500,D217200,0.11498
D102500,D218200,0.089382
D102500,D218800,0.1462
D102500,D220120,0.090691
D102500,D223350,0.047428
D102500,D225740,0.14953
D102500,D225755,0.11591
D102500,D226000,0.25042
D102500,D226150,0.062033
D102500,D227300,0.027997
D102500,D230450,0.11013
D102500,D230800,0.27078
D102500,D231090,0.10935
D102500,D231200,0.18832
D102500,D231900,0.016542
D102500,D233810,0.22513
D102500,D236000,0.084066
D102500,D237450,0.060113
D102500,D237500,0.1316
D102500,D238800,0.039325
D102500,D239350,0.076063
D102500,D240400,0.12056
D102500,D241100,0.20507
D102500,D241519,0.075413
D102500,D243200,0.15289
D102500,D246300,0.076907
D102500,D246400,0.17191
D102500,D246470,0.10226
D102500,D247200,0.4356
D102500,D247640,0.041743
D102500,D248190,0.17355
D102500,D249100,0.2717
D102500,D250790,0.084377
D102500,D252320,0.11102
D102500,D254200,0.16024
D102500,D254400,0.062015
D102500,D254450,0.064073
D102500,D254500,0.11629
D102500,D254770,0.10314
D102500,D254800,0.14683
D102500,D255900,0.1678
D102500,D256370,0.14743
D102500,D256700,0.28473
D102500,D258360,0.18219
D102500,D259050,0.38035
D102500,D259500,0.18478
D102500,D259660,0.24228
D102500,D260480,0.16885
D102500,D260570,0.054041
D102500,D260970,0.053922
D102500,D261515,0.27147
D102500,D263300,0.066303
D102500,D263800,0.18801
D102500,D264120,0.080931
D102500,D266120,0.051715
D102500,D266600,0.24162
D102500,D267730,0.034763
D102500,D267740,0.13847
D102500,D268220,0.13972
D102500,D268320,0.23697
D102500,D270960,0.10456
D102500,D273300,0.21679
D102500,D273800,0.25318
D102500,D275000,0.17627
D102500,D276300,0.20897
D102500,D277350,0.11822
D102500,D277440,0.29424
D102500,D277460,0.14368
D102500,D278200,0.20863
D102500,D300125,0.15301
D102500,D300232,0.38541
D102500,D300491,0.15319
D102500,D300494,0.17143
D102500,D303110,0.1503
D102500,D304790,0.18397
D102500,D304900,0.092778
D102500,D305300,0.13042
D102500,D308205,0.28589
D102500,D308350,0.1137
D102500,D308600,0.074047
D102500,D310468,0.10771
D102500,D311360,0.15709
D102500,D312910,0.16122
D102500,D540000,0.15224
D102500,D600082,0.096605
D102500,D600131,0.10415
D102500,D600263,0.15291
D102500,D600351,0.042311
D102500,D600496,0.066781
D102500,D600631,0.05282
D102500,D600634,0.059938
D102500,D600803,0.079867
D102500,D600807,0.14317
D102500,D600808,0.052581
D102500,D601004,0.040321
D102500,D601042,0.14645
D102500,D601367,0.16016
D102500,D601518,0.12151
D102500,D601608,0.087453
D102500,D601626,0.043352
D102500,D601665,0.16162
D102500,D601682,0.083778
D102500,D602068,0.1011
D102500,D602080,0.30391
D102500,D602522,0.24379
D102500,D603165,0.18634
D102500,D604278,0.2112
D102500,D604416,0.16987
D102500,D604827,0.065426
D102500,D605021,0.10339
D102500,D605055,0.073291
D102500,D605839,0.13713
D102500,D606703,0.11792
D102500,D606798,0.15915
D102500,D606842,0.20175
D102500,D607225,0.12946
D102500,D607459,0.13051
D102500,D607498,0.14715
D102500,D607499,0.035725
D102500,D607501,0.15147
D102500,D607508,0.15472
D102500,D607516,0.16824
D102500,D607554,0.14693
D102500,D607628,0.094445
D102500,D607631,0.091811
D102500,D607681,0.10496
D102500,D607682,0.10653
D102500,D607685,0.17409
D102500,D607850,0.14213
D102500,D608033,0.089556
D102500,D608088,0.14625
D102500,D608105,0.16174
D102500,D608217,0.11788
D102500,D608320,0.077038
D102500,D608583,0.14407
D102500,D608622,0.098586
D103100,D103780,0.094739
D103100,D104130,0.14548
D103100,D104300,0.094209
D103100,D106400,0.06055
D103100,D107320,0.094941
D103100,D107550,0.17521
D103100,D107650,0.14949
D103100,D109100,0.063842
D103100,D109200,0.10614
D103100,D109350,0.024265
D103100,D109543,0.074682
D103100,D109800,0.024731
D103100,D110100,0.17289
D103100,D113610,0.13302
D103100,D114480,0.081014
D103100,D114500,0.018319
D103100,D114550,0.065368
D103100,D114580,0.084413
D103100,D115195,0.035211
D103100,D115300,0.081368
D103100,D115645,0.13013
D103100,D119500,0.21055
D103100,D121200,0.078815
D103100,D121201,0.10442
D103100,D125310,0.19686
D103100,D125320,0.068593
D103100,D125600,0.18912
D103100,D125700,0.10921
D103100,D125850,0.051196
D103100,D125852,0.062649
D103100,D125853,0.052564
D103100,D126200,0.14061
D103100,D127350,0.046531
D103100,D127750,0.1068
D103100,D128101,0.0983
D103100,D131200,0.060601
D103100,D131300,0.15001
D103100,D131440,0.023394
D103100,D132090,0.097522
D103100,D132100,0.11769
D103100,D132300,0.10046
D103100,D133239,0.040992
D103100,D133690,0.028073
D103100,D134520,0.023366
D103100,D134750,0.085028
D103100,D135550,0.12734
D103100,D136200,0.095611
D103100,D137215,0.046007
D103100,D137400,0.06691
D103100,D137580,0.16462
D103100,D137750,0.34909
D103100,D137760,0.29939
D103100,D137800,0.075343
D103100,D138800,0.028963
D103100,D140300,0.0803
D103100,D140600,0.03734
D103100,D140850,0.026911
D103100,D143100,0.11912
D103100,D143465,0.027899
D103100,D143500,0.033828
D103100,D143880,0.17104
D103100,D144010,0.16455
D103100,D144110,0.088389
D103100,D144700,0.045792
D103100,D145100,0.18525
D103100,D145200,0.028153
D103100,D145500,0.028988
D103100,D145590,0.2066
D103100,D145600,0.14896
D103100,D146110,0.064675
D103100,D146255,0.10031
D103100,D146500,0.20163
D103100,D147480,0.022946
D103100,D147530,0.14877
D103100,D148000,0.023302
D103100,D148100,0.089879
D103100,D150600,0.072926
D103100,D150699,0.092941
D103100,D151400,0.050824
D103100,D151590,0.057367
D103100,D152700,0.078633
D103100,D153880,0.22563
D103100,D154276,0.053749
D103100,D155100,0.087636
D103100,D155600,0.095082
D103100,D155601,0.03751
D103100,D156000,0.10627
D103100,D156190,0.20224
D103100,D157300,0.080561
D103100,D157700,0.097447
D103100,D157950,0.06009
D103100,D158280,0.18345
D103100,D160300,0.032241
D103100,D160750,0.1444
D103100,D161900,0.10496
D103100,D164230,0.092341
D103100,D165150,0.27387
D103100,D165199,0.24877
D103100,D165720,0.078861
D103100,D166300,0.083387
D103100,D166710,0.059464
D103100,D166760,0.12087
D103100,D167320,0.081908
D103100,D167870,0.038067
D103100,D168100,0.065129
D103100,D168600,0.16102
D103100,D170900,0.023792
D103100,D171300,0.12243
D103100,D173200,0.030644
D103100,D174800,0.11641
D103100,D175100,0.10899
D103100,D175505,0.021224
D103100,D175510,0.02236
D103100,D176807,0.056222
D103100,D178600,0.064796
D103100,D179800,0.056537
D103100,D181000,0.15765
D103100,D181500,0.11638
D103100,D182000,0.082981
D103100,D182280,0.023807
D103100,D182830,0.2596
D103100,D184700,0.067478
D103100,D187950,0.03198
D103100,D188050,0.069161
D103100,D188470,0.02866
D103100,D189600,0.1139
D103100,D190300,0.10696
D103100,D190310,0.06411
D103100,D190400,0.10481
D103100,D191390,0.13583
D103100,D192200,0.071924
D103100,D194070,0.067369
D103100,D194200,0.041795
D103100,D200170,0.067831
D103100,D203700,0.11603
D103100,D208085,0.033274
D103100,D208230,0.081471
D103100,D208300,0.14797
D103100,D208550,0.095673
D103100,D208700,0.048453
D103100,D208750,0.09789
D103100,D208920,0.10056
D103100,D210050,0.05674
D103100,D211980,0.028601
D103100,D212050,0.10129
D103100,D212112,0.087626
D103100,D212130,0.071358
D103100,D212140,0.054388
D103100,D212350,0.17755
D103100,D215140,0.069497
D103100,D215470,0.18016
D103100,D217150,0.087106
D103100,D217200,0.081657
D103100,D218200,0.2074
D103100,D218800,0.095759
D103100,D220120,0.055109
D103100,D223350,0.025186
D103100,D225740,0.1997
D103100,D225755,0.074062
D103100,D226000,0.052813
D103100,D230450,0.14908
D103100,D230800,0.089283
D103100,D231090,0.025091
D103100,D231200,0.057682
D103100,D233810,0.077563
D103100,D236000,0.020041
D103100,D237500,0.017826
D103100,D238800,0.056347
D103100,D239350,0.046478
D103100,D240400,0.041406
D103100,D241100,0.043175
D103100,D241519,0.031444
D103100,D243200,0.10405
D103100,D246300,0.069525
D103100,D246400,0.06221
D103100,D246470,0.021825
D103100,D247200,0.11275
D103100,D247640,0.046815
D103100,D248190,0.051062
D103100,D249100,0.056408
D103100,D250790,0.065928
D103100,D252320,0.16319
D103100,D254200,0.17013
D103100,D254400,0.024255
D103100,D254450,0.021422
D103100,D254500,0.1259
D103100,D254770,0.086776
D103100,D254800,0.056616
D103100,D255900,0.17217
D103100,D256370,0.020417
D103100,D256700,0.23481
D103100,D258360,0.15288
D103100,D259050,0.13953
D103100,D259500,0.065121
D103100,D259660,0.031701
D103100,D260480,0.12524
D103100,D260970,0.14081
D103100,D261515,0.13869
D103100,D263800,0.079039
D103100,D264120,0.055788
D103100,D266600,0.11971
D103100,D267730,0.037182
D103100,D267740,0.25726
D103100,D268220,0.13841
D103100,D268320,0.17587
D103100,D270960,0.02476
D103100,D273300,0.080844
D103100,D273800,0.08199
D103100,D275000,0.19845
D103100,D276300,0.083377
D103100,D277350,0.13708
D103100,D277440,0.080563
D103100,D277460,0.15218
D103100,D278200,0.13447
D103100,D300125,0.10727
D103100,D300232,0.12377
D103100,D300491,0.15239
D103100,D300494,0.28498
D103100,D303110,0.16904
D103100,D304790,0.038414
D103100,D304900,0.04396
D103100,D305300,0.048989
D103100,D308205,0.12964
D103100,D308350,0.12027
D103100,D311360,0.11704
D103100,D312910,0.13995
D103100,D540000,0.16697
D103100,D600131,0.11022
D103100,D600263,0.021311
D103100,D600496,0.048524
D103100,D600634,0.033171
D103100,D600807,0.047407
D103100,D601042,0.20464
D103100,D601367,0.067903
D103100,D601518,0.037364
D103100,D601608,0.066475
D103100,D601626,0.02303
D103100,D601665,0.063953
D103100,D601682,0.21585
D103100,D602068,0.034768
D103100,D602080,0.12853
D103100,D602522,0.1272
D103100,D603165,0.10683
D103100,D604278,0.14639
D103100,D604416,0.041753
D103100,D604827,0.05367
D103100,D605021,0.10758
D103100,D605055,0.076609
D103100,D605839,0.031811
D103100,D606703,0.1045
D103100,D606798,0.22703
D103100,D606842,0.13025
D103100,D607225,0.1567
D103100,D607459,0.17213
D103100,D607498,0.093854
D103100,D607499,0.037277
D103100,D607501,0.13393
D103100,D607508,0.10031
D103100,D607516,0.11741
D103100,D607554,0.034438
D103100,D607628,0.098386
D103100,D607631,0.097041
D103100,D607681,0.11024
D103100,D607682,0.11211
D103100,D607685,0.082617
D103100,D607850,0.028715
D103100,D608033,0.067083
D103100,D608088,0.11185
D103100,D608105,0.25711
D103100,D608217,0.092804
D103100,D608583,0.03785
D103100,D608622,0.034515
D103780,D104130,0.13427
D103780,D104300,0.25049
D103780,D107320,0.14389
D103780,D107550,0.030058
D103780,D107650,0.14022
D103780,D109100,0.14997
D103780,D109200,0.059162
D103780,D109350,0.025185
D103780,D109800,0.021334
D103780,D110100,0.11202
D103780,D113610,0.13944
D103780,D114480,0.15528
D103780,D114500,0.083632
D103780,D114550,0.16753
D103780,D114580,0.12493
D103780,D115000,0.091328
D103780,D115195,0.15052
D103780,D115300,0.17868
D103780,D115645,0.067242
D103780,D119500,0.044079
D103780,D121200,0.11149
D103780,D121201,0.14968
D103780,D125310,0.13052
D103780,D125320,0.14526
D103780,D125600,0.03174
D103780,D125700,0.13241
D103780,D125850,0.13118
D103780,D125851,0.17525
D103780,D125852,0.26849
D103780,D125853,0.24478
D103780,D126200,0.19935
D103780,D127350,0.048769
D103780,D127750,0.11405
D103780,D128101,0.20797
D103780,D131300,0.15749
D103780,D131440,0.10944
D103780,D132090,0.10276
D103780,D132100,0.082797
D103780,D132300,0.070457
D103780,D133239,0.096517
D103780,D134500,0.13907
D103780,D134520,0.024721
D103780,D135550,0.080271
D103780,D136200,0.050325
D103780,D137215,0.1277
D103780,D137400,0.035294
D103780,D137580,0.30347
D103780,D137750,0.08842
D103780,D137760,0.14546
D103780,D137800,0.11915
D103780,D140300,0.17287
D103780,D140850,0.085812
D103780,D143100,0.15088
D103780,D143465,0.11667
D103780,D143500,0.12641
D103780,D143880,0.236
D103780,D144010,0.28327
D103780,D144110,0.030778
D103780,D144650,0.39585
D103780,D144700,0.084636
D103780,D145100,0.038225
D103780,D145500,0.17237
D103780,D145590,0.10626
D103780,D145600,0.18199
D103780,D146110,0.11971
D103780,D146255,0.21242
D103780,D146500,0.24306
D103780,D146850,0.11663
D103780,D147480,0.15229
D103780,D147530,0.078062
D103780,D147540,0.061829
D103780,D148000,0.06532
D103780,D148100,0.031685
D103780,D150600,0.11564
D103780,D151400,0.089235
D103780,D151590,0.091703
D103780,D152700,0.11864
D103780,D153880,0.051646
D103780,D154276,0.17329
D103780,D155100,0.15023
D103780,D155600,0.098979
D103780,D156000,0.1119
D103780,D156190,0.092914
D103780,D157300,0.12774
D103780,D157700,0.10246
D103780,D157950,0.086592
D103780,D158280,0.095063
D103780,D160300,0.033973
D103780,D160750,0.15396
D103780,D161900,0.11221
D103780,D164230,0.16576
D103780,D165150,0.12322
D103780,D165199,0.096463
D103780,D165720,0.055275
D103780,D166300,0.10318
D103780,D166710,0.13013
D103780,D166760,0.031869
D103780,D167320,0.13016
D103780,D167870,0.19113
D103780,D168100,0.13781
D103780,D168600,0.12247
D103780,D170900,0.050241
D103780,D171300,0.15574
D103780,D173200,0.031407
D103780,D174800,0.099531
D103780,D175100,0.15907
D103780,D175505,0.022411
D103780,D175510,0.090498
D103780,D176807,0.076985
D103780,D178600,0.17524
D103780,D179600,0.047235
D103780,D179800,0.17889
D103780,D179830,0.14099
D103780,D181000,0.2227
D103780,D181460,0.034523
D103780,D181500,0.23056
D103780,D182280,0.09494
D103780,D182830,0.10017
D103780,D184700,0.17306
D103780,D187950,0.1462
D103780,D188030,0.18616
D103780,D188050,0.25331
D103780,D188470,0.083534
D103780,D189600,0.090391
D103780,D189800,0.15354
D103780,D190300,0.1126
D103780,D190310,0.10135
D103780,D190400,0.05495
D103780,D191390,0.094965
D103780,D192200,0.075915
D103780,D194070,0.12331
D103780,D194200,0.18013
D103780,D200170,0.095393
D103780,D203700,0.16781
D103780,D206200,0.16237
D103780,D208085,0.087965
D103780,D208230,0.086146
D103780,D208300,0.06106
D103780,D208550,0.10135
D103780,D208700,0.10206
D103780,D208750,0.1589
D103780,D208920,0.26553
D103780,D210050,0.17317
D103780,D211980,0.12524
D103780,D212050,0.053412
D103780,D212110,0.15082
D103780,D212112,0.21493
D103780,D212130,0.16084
D103780,D212140,0.22659
D103780,D212350,0.15648
D103780,D215140,0.073006
D103780,D215470,0.18732
D103780,D217150,0.022949
D103780,D217200,0.086653
D103780,D218200,0.13424
D103780,D218800,0.18679
D103780,D220120,0.23969
D103780,D223350,0.080282
D103780,D225740,0.22632
D103780,D225755,0.078526
D103780,D226000,0.157
D103780,D226150,0.031912
D103780,D227300,0.13203
D103780,D230450,0.21702
D103780,D230800,0.15291
D103780,D231200,0.14431
D103780,D231900,0.18797
D103780,D233810,0.1369
D103780,D236000,0.12737
D103780,D237450,0.097443
D103780,D237500,0.15115
D103780,D238800,0.088748
D103780,D239350,0.097913
D103780,D240400,0.20036
D103780,D241519,0.27538
D103780,D243200,0.19276
D103780,D246300,0.096892
D103780,D246400,0.033052
D103780,D247200,0.16619
D103780,D247640,0.022426
D103780,D248190,0.080823
D103780,D249100,0.16676
D103780,D250790,0.18796
D103780,D252320,0.1225
D103780,D254200,0.099643
D103780,D254400,0.025585
D103780,D254450,0.055809
D103780,D254500,0.19967
D103780,D254770,0.13981
D103780,D254800,0.16615
D103780,D255900,0.067399
D103780,D256700,0.13623
D103780,D258360,0.15914
D103780,D259050,0.10187
D103780,D259500,0.067144
D103780,D260480,0.13588
D103780,D260570,0.090933
D103780,D260970,0.16258
D103780,D261515,0.19997
D103780,D263300,0.12509
D103780,D263800,0.18424
D103780,D264120,0.20823
D103780,D266120,0.11794
D103780,D266600,0.19056
D103780,D267740,0.10835
D103780,D268220,0.054479
D103780,D268320,0.10309
D103780,D273300,0.10554
D103780,D273800,0.22715
D103780,D275000,0.22156
D103780,D276300,0.07092
D103780,D277350,0.14106
D103780,D277440,0.11218
D103780,D277460,0.2484
D103780,D278200,0.035652
D103780,D300125,0.14239
D103780,D300232,0.11194
D103780,D300491,0.20918
D103780,D300494,0.17591
D103780,D303110,0.099903
D103780,D304790,0.13594
D103780,D304900,0.1395
D103780,D305300,0.10653
D103780,D308205,0.14379
D103780,D308350,0.17902
D103780,D308600,0.079349
D103780,D310468,0.07044
D103780,D311360,0.1566
D103780,D312910,0.12269
D103780,D540000,0.19343
D103780,D600131,0.15563
D103780,D600263,0.11399
D103780,D600351,0.057957
D103780,D600496,0.12433
D103780,D600803,0.15071
D103780,D600807,0.16911
D103780,D601004,0.045562
D103780,D601042,0.12415
D103780,D601367,0.29218
D103780,D601608,0.16048
D103780,D601626,0.103
D103780,D601665,0.1585
D103780,D601682,0.044242
D103780,D602068,0.073671
D103780,D602080,0.14859
D103780,D602522,0.15207
D103780,D603165,0.098609
D103780,D604278,0.2116
D103780,D604416,0.043781
D103780,D604827,0.17807
D103780,D605021,0.15578
D103780,D605055,0.1363
D103780,D606703,0.14978
D103780,D606798,0.15804
D103780,D606842,0.17659
D103780,D607225,0.11367
D103780,D607459,0.16914
D103780,D607498,0.12552
D103780,D607499,0.12186
D103780,D607501,0.12983
D103780,D607508,0.21357
D103780,D607516,0.17443
D103780,D607554,0.10889
D103780,D607628,0.14244
D103780,D607631,0.13729
D103780,D607681,0.15746
D103780,D607682,0.15965
D103780,D607685,0.21028
D103780,D608033,0.14413
D103780,D608088,0.10883
D103780,D608105,0.13609
D103780,D608217,0.16676
D103780,D608320,0.11589
D103780,D608583,0.11968
D103780,D608622,0.23123
D104130,D104300,0.20078
D104130,D106400,0.11676
D104130,D107320,0.10138
D104130,D107550,0.24221
D104130,D107650,0.18862
D104130,D109100,0.11165
D104130,D109200,0.32858
D104130,D109350,0.08829
D104130,D109543,0.10503
D104130,D109800,0.041274
D104130,D110100,0.24752
D104130,D113610,0.2095
D104130,D114480,0.16404
D104130,D114500,0.065215
D104130,D114550,0.11657
D104130,D114580,0.36264
D104130,D115195,0.032285
D104130,D115300,0.19682
D104130,D115645,0.30877
D104130,D119500,0.24607
D104130,D121200,0.25809
D104130,D121201,0.32111
D104130,D125310,0.17182
D104130,D125320,0.1496
D104130,D125600,0.20603
D104130,D125700,0.14706
D104130,D125850,0.022838
D104130,D125852,0.079579
D104130,D125853,0.10074
D104130,D126200,0.11021
D104130,D127350,0.023183
D104130,D127750,0.1166
D104130,D128101,0.18986
D104130,D131200,0.0528
D104130,D131300,0.12924
D104130,D131440,0.093461
D104130,D132090,0.33151
D104130,D132100,0.24536
D104130,D132300,0.23885
D104130,D133239,0.08841
D104130,D133690,0.14435
D104130,D134750,0.051976
D104130,D135550,0.27342
D104130,D136200,0.14681
D104130,D137215,0.11065
D104130,D137400,0.25211
D104130,D137580,0.17027
D104130,D137750,0.13579
D104130,D137760,0.12682
D104130,D137800,0.21678
D104130,D138800,0.13682
D104130,D140300,0.15225
D104130,D140850,0.10676
D104130,D143100,0.17525
D104130,D143465,0.055308
D104130,D143500,0.077791
D104130,D143880,0.21451
D104130,D144010,0.20003
D104130,D144110,0.17197
D104130,D144700,0.06654
D104130,D145100,0.21495
D104130,D145200,0.1496
D104130,D145500,0.066327
D104130,D145590,0.20185
D104130,D145600,0.17288
D104130,D146110,0.04447
D104130,D146255,0.14374
D104130,D146500,0.2306
D104130,D147480,0.11009
D104130,D147530,0.068155
D104130,D147540,0.061165
D104130,D148000,0.080816
D104130,D148100,0.11534
D104130,D150600,0.053495
D104130,D150699,0.21565
D104130,D151400,0.062043
D104130,D151590,0.16414
D104130,D152700,0.16233
D104130,D153880,0.091164
D104130,D154276,0.024473
D104130,D155100,0.064373
D104130,D155600,0.20441
D104130,D155601,0.16267
D104130,D156000,0.1229
D104130,D156190,0.1741
D104130,D157300,0.11303
D104130,D157700,0.19027
D104130,D157950,0.14379
D104130,D158280,0.084505
D104130,D160300,0.029563
D104130,D160750,0.10588
D104130,D161900,0.08034
D104130,D164230,0.17283
D104130,D165150,0.30588
D104130,D165199,0.11343
D104130,D165720,0.048152
D104130,D166300,0.045826
D104130,D166710,0.040977
D104130,D166760,0.084296
D104130,D167320,0.11273
D104130,D167870,0.069854
D104130,D168100,0.14195
D104130,D168600,0.12188
D104130,D170900,0.087669
D104130,D171300,0.17601
D104130,D173200,0.16238
D104130,D174800,0.2017
D104130,D175100,0.21142
D104130,D175505,0.098346
D104130,D175510,0.099373
D104130,D176807,0.11836
D104130,D178600,0.058984
D104130,D179800,0.034521
D104130,D181000,0.18707
D104130,D181500,0.15667
D104130,D182000,0.18427
D104130,D182280,0.074275
D104130,D182830,0.17608
D104130,D184700,0.19883
D104130,D187950,0.088146
D104130,D188050,0.084633
D104130,D188470,0.050431
D104130,D189600,0.16668
D104130,D189800,0.021929
D104130,D190300,0.23581
D104130,D190310,0.088272
D104130,D190400,0.047817
D104130,D191390,0.19571
D104130,D192200,0.033021
D104130,D194070,0.088642
D104130,D194200,0.11551
D104130,D200170,0.13061
D104130,D203700,0.20929
D104130,D208085,0.082818
D104130,D208230,0.065508
D104130,D208300,0.054489
D104130,D208550,0.11077
D104130,D208700,0.16652
D104130,D208750,0.20734
D104130,D208920,0.19701
D104130,D210050,0.1698
D104130,D211980,0.069882
D104130,D212050,0.37246
D104130,D212112,0.11664
D104130,D212130,0.032537
D104130,D212140,0.16106
D104130,D212350,0.12009
D104130,D215140,0.15924
D104130,D215470,0.20953
D104130,D217150,0.16533
D104130,D217200,0.2381
D104130,D218200,0.1366
D104130,D218800,0.2177
D104130,D220120,0.25347
D104130,D223350,0.046904
D104130,D225740,0.12338
D104130,D225755,0.11016
D104130,D226000,0.15497
D104130,D230450,0.13862
D104130,D230800,0.16902
D104130,D231090,0.094695
D104130,D231200,0.13523
D104130,D233810,0.21488
D104130,D236000,0.036535
D104130,D237450,0.063763
D104130,D237500,0.12419
D104130,D238800,0.02573
D104130,D239350,0.14175
D104130,D240400,0.078741
D104130,D241100,0.039524
D104130,D241519,0.061223
D104130,D243200,0.12187
D104130,D246300,0.066864
D104130,D246400,0.14591
D104130,D246470,0.10073
D104130,D247200,0.24761
D104130,D247640,0.043062
D104130,D248190,0.070426
D104130,D249100,0.15233
D104130,D250790,0.14829
D104130,D252320,0.11273
D104130,D254200,0.10392
D104130,D254400,0.10136
D104130,D254450,0.12043
D104130,D254500,0.10023
D104130,D254770,0.24932
D104130,D254800,0.16656
D104130,D255900,0.14516
D104130,D256370,0.037576
D104130,D256700,0.17631
D104130,D258360,0.22329
D104130,D259050,0.23849
D104130,D259500,0.040351
D104130,D260480,0.20364
D104130,D260970,0.10731
D104130,D261515,0.20638
D104130,D263300,0.021829
D104130,D263800,0.21582
D104130,D264120,0.11531
D104130,D266600,0.14552
D104130,D267730,0.0684
D104130,D267740,0.28636
D104130,D268220,0.1029
D104130,D268320,0.27082
D104130,D270960,0.022747
D104130,D273300,0.097973
D104130,D273800,0.25362
D104130,D275000,0.13877
D104130,D276300,0.21928
D104130,D277350,0.15527
D104130,D277440,0.30009
D104130,D277460,0.16803
D104130,D278200,0.38601
D104130,D300125,0.15108
D104130,D300232,0.34221
D104130,D300491,0.44009
D104130,D300494,0.20456
D104130,D303110,0.088054
D104130,D304790,0.12615
D104130,D304900,0.1028
D104130,D305300,0.022395
D104130,D308205,0.38244
D104130,D308350,0.24055
D104130,D308600,0.078895
D104130,D311360,0.12519
D104130,D312910,0.14742
D104130,D540000,0.14816
D104130,D600131,0.29376
D104130,D600263,0.07965
D104130,D600351,0.033368
D104130,D600496,0.021587
D104130,D600634,0.059648
D104130,D600803,0.052411
D104130,D600807,0.10391
D104130,D601042,0.14387
D104130,D601367,0.14226
D104130,D601518,0.034325
D104130,D601608,0.086134
D104130,D601626,0.042481
D104130,D601665,0.20157
D104130,D601682,0.078986
D104130,D602068,0.13697
D104130,D602080,0.12158
D104130,D602522,0.13487
D104130,D603165,0.19653
D104130,D604278,0.23177
D104130,D604416,0.08238
D104130,D604827,0.22299
D104130,D605021,0.32149
D104130,D605055,0.19786
D104130,D605839,0.1065
D104130,D606703,0.16593
D104130,D606798,0.18965
D104130,D606842,0.11998
D104130,D607225,0.11791
D104130,D607459,0.1735
D104130,D607498,0.15719
D104130,D607499,0.072429
D104130,D607501,0.13753
D104130,D607508,0.16542
D104130,D607516,0.17796
D104130,D607554,0.094734
D104130,D607628,0.28763
D104130,D607631,0.26578
D104130,D607681,0.30017
D104130,D607682,0.3015
D104130,D607685,0.17472
D104130,D608033,0.17872
D104130,D608088,0.076352
D104130,D608105,0.31146
D104130,D608217,0.31409
D104130,D608320,0.018169
D104130,D608583,0.10412
D104130,D608622,0.094949
D104300,D106400,0.04783
D104300,D107320,0.21527
D104300,D107550,0.16619
D104300,D107650,0.22084
D104300,D109100,0.16599
D104300,D109200,0.069117
D104300,D109350,0.062503
D104300,D109543,0.091037
D104300,D109800,0.13044
D104300,D110100,0.18183
D104300,D113610,0.27786
D104300,D114480,0.24315
D104300,D114500,0.1538
D104300,D114550,0.24604
D104300,D114580,0.22517
D104300,D115000,0.046277
D104300,D115195,0.054861
D104300,D115300,0.20026
D104300,D115645,0.1664
D104300,D119500,0.1248
D104300,D121200,0.18054
D104300,D121201,0.1737
D104300,D125310,0.31314
D104300,D125320,0.32568
D104300,D125600,0.09914
D104300,D125700,0.26442
D104300,D125850,0.19729
D104300,D125851,0.14177
D104300,D125852,0.25728
D104300,D125853,0.27301
D104300,D126200,0.30246
D104300,D127350,0.072506
D104300,D127750,0.35783
D104300,D128101,0.19161
D104300,D131200,0.029869
D104300,D131300,0.16976
D104300,D131440,0.20515
D104300,D132090,0.18279
D104300,D132100,0.13405
D104300,D132300,0.1139
D104300,D133239,0.12642
D104300,D133600,0.022311
D104300,D133690,0.12996
D104300,D134430,0.061264
D104300,D134500,0.15475
D104300,D134510,0.11388
D104300,D134520,0.073827
D104300,D134750,0.058798
D104300,D135550,0.092427
D104300,D136200,0.10253
D104300,D137215,0.1487
D104300,D137400,0.052215
D104300,D137580,0.28339
D104300,D137750,0.098242
D104300,D137760,0.19874
D104300,D137800,0.29655
D104300,D138800,0.075547
D104300,D140300,0.21249
D104300,D140600,0.039803
D104300,D140850,0.15884
D104300,D143100,0.45976
D104300,D143465,0.24191
D104300,D143500,0.23414
D104300,D143880,0.2225
D104300,D144010,0.25686
D104300,D144110,0.11345
D104300,D144650,0.16536
D104300,D144700,0.25409
D104300,D145100,0.11834
D104300,D145200,0.090795
D104300,D145500,0.35069
D104300,D145590,0.14641
D104300,D145600,0.24525
D104300,D146110,0.17352
D104300,D146255,0.26366
D104300,D146500,0.34222
D104300,D146850,0.095435
D104300,D147480,0.1247
D104300,D147530,0.10382
D104300,D147540,0.10811
D104300,D148000,0.1836
D104300,D148100,0.11162
D104300,D150600,0.12282
D104300,D150699,0.083666
D104300,D151400,0.18949
D104300,D151590,0.10563
D104300,D152700,0.2523
D104300,D153880,0.13206
D104300,D154276,0.085258
D104300,D155100,0.22163
D104300,D155600,0.1887
D104300,D155601,0.14064
D104300,D156000,0.12422
D104300,D156190,0.14168
D104300,D157300,0.21045
D104300,D157700,0.15974
D104300,D157950,0.084247
D104300,D158280,0.11711
D104300,D160300,0.067565
D104300,D160750,0.092316
D104300,D161900,0.19402
D104300,D164230,0.18044
D104300,D165150,0.1471
D104300,D165199,0.096634
D104300,D165720,0.13653
D104300,D166300,0.12807
D104300,D166710,0.11509
D104300,D166760,0.031447
D104300,D167320,0.19253
D104300,D167870,0.090942
D104300,D168100,0.17222
D104300,D168600,0.32577
D104300,D170900,0.14891
D104300,D171300,0.21755
D104300,D173200,0.10146
D104300,D174800,0.19166
D104300,D175100,0.31129
D104300,D175505,0.077426
D104300,D175510,0.16768
D104300,D176800,0.061039
D104300,D176807,0.20912
D104300,D178600,0.18653
D104300,D179600,0.095489
D104300,D179800,0.13701
D104300,D179830,0.12172
D104300,D181000,0.22565
D104300,D181460,0.045384
D104300,D181500,0.40951
D104300,D182000,0.087471
D104300,D182280,0.2488
D104300,D182830,0.17225
D104300,D184700,0.23174
D104300,D187950,0.26611
D104300,D188030,0.198
D104300,D188050,0.23264
D104300,D188470,0.18267
D104300,D189600,0.11745
D104300,D189800,0.15054
D104300,D190300,0.23404
D104300,D190310,0.067047
D104300,D190400,0.027084
D104300,D191390,0.19514
D104300,D192200,0.074934
D104300,D194070,0.21054
D104300,D194200,0.17454
D104300,D200170,0.12134
D104300,D203700,0.29054
D104300,D205700,0.082617
D104300,D206200,0.13127
D104300,D208085,0.15348
D104300,D208230,0.085194
D104300,D208300,0.13999
D104300,D208550,0.14998
D104300,D208700,0.20022
D104300,D208750,0.12207
D104300,D208920,0.29772
D104300,D210050,0.2397
D104300,D211980,0.13661
D104300,D212050,0.1079
D104300,D212110,0.024498
D104300,D212112,0.10797
D104300,D212130,0.036872
D104300,D212140,0.27404
D104300,D212350,0.17448
D104300,D215140,0.19384
D104300,D215470,0.2335
D104300,D217150,0.057198
D104300,D217200,0.1492
D104300,D218200,0.1881
D104300,D218800,0.28249
D104300,D220120,0.27869
D104300,D223350,0.20768
D104300,D225740,0.16468
D104300,D225755,0.10956
D104300,D226000,0.14031
D104300,D227300,0.14657
D104300,D230450,0.16896
D104300,D230800,0.32437
D104300,D231090,0.065552
D104300,D231200,0.22215
D104300,D231900,0.1293
D104300,D233810,0.1615
D104300,D236000,0.21921
D104300,D237450,0.132
D104300,D237500,0.22875
D104300,D238800,0.10221
D104300,D239350,0.1138
D104300,D240400,0.24097
D104300,D241100,0.022409
D104300,D241519,0.1379
D104300,D243200,0.18127
D104300,D246300,0.15517
D104300,D246400,0.19553
D104300,D246470,0.1253
D104300,D247200,0.32269
D104300,D247640,0.14682
D104300,D248190,0.039827
D104300,D249100,0.25964
D104300,D250790,0.24023
D104300,D252320,0.085887
D104300,D254200,0.12771
D104300,D254400,0.21937
D104300,D254450,0.15876
D104300,D254500,0.27256
D104300,D254770,0.13879
D104300,D254800,0.36272
D104300,D255900,0.11661
D104300,D256370,0.042512
D104300,D256700,0.27038
D104300,D258360,0.19165
D104300,D259050,0.12404
D104300,D259500,0.1107
D104300,D259660,0.016312
D104300,D260480,0.12124
D104300,D260570,0.1188
D104300,D260970,0.18753
D104300,D261515,0.29407
D104300,D263300,0.21029
D104300,D263800,0.1825
D104300,D264120,0.1599
D104300,D266120,0.13251
D104300,D266600,0.28598
D104300,D267730,0.15504
D104300,D267740,0.19947
D104300,D268220,0.19353
D104300,D268320,0.13318
D104300,D270960,0.1293
D104300,D273300,0.23296
D104300,D273800,0.25673
D104300,D275000,0.22557
D104300,D276300,0.19257
D104300,D277350,0.18773
D104300,D277440,0.23772
D104300,D277460,0.20762
D104300,D278200,0.071069
D104300,D300125,0.12607
D104300,D300232,0.20256
D104300,D300491,0.21252
D104300,D300494,0.18338
D104300,D303110,0.099386
D104300,D304790,0.19914
D104300,D304900,0.15438
D104300,D305300,0.089034
D104300,D308205,0.2043
D104300,D308350,0.22068
D104300,D308600,0.099928
D104300,D310468,0.08279
D104300,D311360,0.2341
D104300,D312910,0.16487
D104300,D540000,0.26532
D104300,D600131,0.16075
D104300,D600263,0.15024
D104300,D600351,0.1798
D104300,D600496,0.19996
D104300,D600634,0.08324
D104300,D600803,0.13701
D104300,D600807,0.28875
D104300,D601004,0.045366
D104300,D601042,0.1854
D104300,D601367,0.36957
D104300,D601518,0.038223
D104300,D601608,0.12485
D104300,D601626,0.2303
D104300,D601665,0.24723
D104300,D601682,0.11435
D104300,D602068,0.092779
D104300,D602080,0.21431
D104300,D602522,0.15087
D104300,D603165,0.14431
D104300,D604278,0.23047
D104300,D604416,0.088287
D104300,D604827,0.1381
D104300,D605021,0.17429
D104300,D605055,0.41907
D104300,D605839,0.071282
D104300,D606703,0.15108
D104300,D606798,0.1581
D104300,D606842,0.11609
D104300,D607225,0.17228
D104300,D607459,0.23812
D104300,D607498,0.12431
D104300,D607499,0.062797
D104300,D607501,0.11438
D104300,D607508,0.17102
D104300,D607516,0.16066
D104300,D607554,0.14337
D104300,D607628,0.15581
D104300,D607631,0.14521
D104300,D607681,0.1641
D104300,D607682,0.16473
D104300,D607685,0.22268
D104300,D607850,0.044611
D104300,D608033,0.21295
D104300,D608088,0.14145
D104300,D608105,0.1816
D104300,D608217,0.21729
D104300,D608320,0.15636
D104300,D608583,0.13793
D104300,D608622,0.20687
D106400,D107320,0.14875
D106400,D107550,0.12094
D106400,D107650,0.067051
D106400,D109100,0.1301
D106400,D109200,0.1074
D106400,D109800,0.027085
D106400,D110100,0.14353
D106400,D113610,0.058802
D106400,D114480,0.14428
D106400,D114500,0.017618
D106400,D114550,0.061947
D106400,D114580,0.099261
D106400,D115195,0.09457
D106400,D115300,0.11596
D106400,D115645,0.090395
D106400,D119500,0.19283
D106400,D121200,0.035224
D106400,D121201,0.046579
D106400,D125310,0.075039
D106400,D125600,0.32786
D106400,D125700,0.15213
D106400,D125852,0.085006
D106400,D125853,0.14441
D106400,D126200,0.031101
D106400,D127350,0.15257
D106400,D128101,0.032732
D106400,D131300,0.17774
D106400,D131440,0.069439
D106400,D132300,0.13635
D106400,D133239,0.0724
D106400,D133600,0.17177
D106400,D133690,0.25259
D106400,D134430,0.05272
D106400,D134500,0.042774
D106400,D134510,0.04189
D106400,D134520,0.1577
D106400,D134750,0.1541
D106400,D135550,0.033868
D106400,D136200,0.13975
D106400,D137215,0.099497
D106400,D137580,0.060134
D106400,D137750,0.11248
D106400,D137760,0.092015
D106400,D137800,0.17277
D106400,D140300,0.1305
D106400,D140600,0.15293
D106400,D140850,0.11538
D106400,D143100,0.11189
D106400,D143500,0.022702
D106400,D143880,0.027222
D106400,D144010,0.1391
D106400,D144110,0.16466
D106400,D144700,0.035821
D106400,D145100,0.20827
D106400,D145200,0.23505
D106400,D145500,0.019345
D106400,D145590,0.1064
D106400,D145600,0.12492
D106400,D146110,0.11073
D106400,D146255,0.022403
D106400,D146500,0.12559
D106400,D147480,0.12621
D106400,D147530,0.033077
D106400,D147540,0.12392
D106400,D148000,0.056371
D106400,D148100,0.28614
D106400,D150600,0.19894
D106400,D150699,0.15344
D106400,D151400,0.044572
D106400,D151590,0.15829
D106400,D152700,0.13702
D106400,D153880,0.13517
D106400,D154276,0.072164
D106400,D155100,0.096591
D106400,D155600,0.10905
D106400,D155601,0.091177
D106400,D156190,0.088445
D106400,D157700,0.20088
D106400,D157950,0.13712
D106400,D160300,0.086478
D106400,D160750,0.15503
D106400,D161900,0.070399
D106400,D164230,0.041281
D106400,D165720,0.18168
D106400,D166300,0.13264
D106400,D166710,0.23436
D106400,D166760,0.24468
D106400,D167320,0.089833
D106400,D167870,0.025532
D106400,D168600,0.019001
D106400,D171300,0.090923
D106400,D173200,0.17938
D106400,D174800,0.16208
D106400,D175100,0.10754
D106400,D175505,0.028512
D106400,D176800,0.15612
D106400,D176807,0.073171
D106400,D178600,0.10899
D106400,D179800,0.1011
D106400,D179830,0.071105
D106400,D181000,0.088944
D106400,D181500,0.021851
D106400,D182000,0.30903
D106400,D182280,0.049754
D106400,D184700,0.074528
D106400,D188050,0.061886
D106400,D189600,0.15846
D106400,D189800,0.031986
D106400,D190300,0.12007
D106400,D191390,0.18457
D106400,D192200,0.19338
D106400,D194070,0.069544
D106400,D194200,0.028024
D106400,D200170,0.15689
D106400,D203700,0.08632
D106400,D208085,0.13867
D106400,D208230,0.16463
D106400,D208550,0.064073
D106400,D208700,0.032435
D106400,D208750,0.11466
D106400,D208920,0.068571
D106400,D212050,0.14402
D106400,D212130,0.095769
D106400,D212140,0.093434
D106400,D212350,0.070585
D106400,D215140,0.21158
D106400,D215470,0.028545
D106400,D217150,0.147
D106400,D218800,0.087671
D106400,D220120,0.036915
D106400,D225740,0.058554
D106400,D225755,0.099518
D106400,D226000,0.035373
D106400,D227300,0.040649
D106400,D230450,0.077425
D106400,D230800,0.16672
D106400,D231200,0.079529
D106400,D233810,0.093431
D106400,D237450,0.12942
D106400,D237500,0.074496
D106400,D238800,0.075535
D106400,D240400,0.11361
D106400,D241100,0.17481
D106400,D243200,0.034909
D106400,D246300,0.063266
D106400,D246400,0.19075
D106400,D247200,0.10766
D106400,D248190,0.068623
D106400,D249100,0.12269
D106400,D250790,0.062429
D106400,D252320,0.1298
D106400,D254200,0.10124
D106400,D254400,0.078243
D106400,D254500,0.041683
D106400,D254800,0.095858
D106400,D255900,0.14884
D106400,D256370,0.027426
D106400,D256700,0.117
D106400,D258360,0.029831
D106400,D259050,0.22807
D106400,D259500,0.1722
D106400,D259660,0.26624
D106400,D260480,0.14808
D106400,D260570,0.038001
D106400,D261515,0.1352
D106400,D263800,0.12877
D106400,D266120,0.037102
D106400,D266600,0.16229
D106400,D268220,0.03459
D106400,D268320,0.066803
D106400,D270960,0.033262
D106400,D273300,0.016683
D106400,D273800,0.067473
D106400,D275000,0.1082
D106400,D276300,0.14567
D106400,D277350,0.076891
D106400,D277440,0.21297
D106400,D277460,0.14624
D106400,D278200,0.13718
D106400,D300232,0.21457
D106400,D303110,0.031693
D106400,D304790,0.10626
D106400,D305300,0.065698
D106400,D308205,0.12205
D106400,D308350,0.032257
D106400,D308600,0.15965
D106400,D310468,0.091596
D106400,D311360,0.022083
D106400,D312910,0.025933
D106400,D540000,0.055629
D106400,D600634,0.042577
D106400,D601042,0.043951
D106400,D601367,0.022783
D106400,D601608,0.029629
D106400,D601665,0.087691
D106400,D602068,0.19458
D106400,D602080,0.14192
D106400,D602522,0.09883
D106400,D603165,0.14886
D106400,D604278,0.02409
D106400,D604416,0.20263
D106400,D605839,0.074442
D106400,D606798,0.033279
D106400,D606842,0.14541
D106400,D607225,0.024051
D106400,D607459,0.02075
D106400,D607554,0.04618
D106400,D607685,0.11218
D106400,D607850,0.11692
D106400,D608033,0.044893
D106400,D608088,0.055545
D106400,D608105,0.033805
D106400,D608217,0.041345
D106400,D608320,0.026373
D107320,D107550,0.051489
D107320,D107650,0.15055
D107320,D109100,0.32457
D107320,D109200,0.047998
D107320,D109800,0.036842
D107320,D110100,0.11289
D107320,D113610,0.16369
D107320,D114480,0.20154
D107320,D114500,0.055618
D107320,D114550,0.11185
D107320,D114580,0.24425
D107320,D115000,0.079
D107320,D115195,0.12757
D107320,D115300,0.054885
D107320,D115645,0.088051
D107320,D119500,0.10138
D107320,D121200,0.14374
D107320,D121201,0.14945
D107320,D125310,0.1767
D107320,D125320,0.10225
D107320,D125600,0.089979
D107320,D125700,0.17346
D107320,D125850,0.029971
D107320,D125851,0.080067
D107320,D125852,0.21551
D107320,D125853,0.18228
D107320,D126200,0.20575
D107320,D127350,0.1002
D107320,D127750,0.092164
D107320,D128101,0.10454
D107320,D131200,0.017368
D107320,D131300,0.20853
D107320,D131440,0.1305
D107320,D132090,0.11767
D107320,D132100,0.11825
D107320,D132300,0.14185
D107320,D133239,0.054531
D107320,D133600,0.023806
D107320,D133690,0.033903
D107320,D134430,0.16701
D107320,D134500,0.19301
D107320,D134510,0.13314
D107320,D134520,0.21753
D107320,D134750,0.20907
D107320,D135550,0.045681
D107320,D137215,0.117
D107320,D137580,0.13629
D107320,D137750,0.12672
D107320,D137760,0.15571
D107320,D137800,0.17774
D107320,D140300,0.16835
D107320,D140600,0.14489
D107320,D140850,0.18369
D107320,D143100,0.15279
D107320,D143465,0.035388
D107320,D143500,0.092837
D107320,D143880,0.11048
D107320,D144010,0.22347
D107320,D144110,0.072405
D107320,D144650,0.085577
D107320,D144700,0.12121
D107320,D145100,0.043653
D107320,D145200,0.051006
D107320,D145500,0.21276
D107320,D145590,0.06185
D107320,D145600,0.18785
D107320,D146110,0.16079
D107320,D146255,0.1627
D107320,D146500,0.13905
D107320,D146850,0.11218
D107320,D147480,0.12928
D107320,D147530,0.090642
D107320,D147540,0.070717
D107320,D148000,0.074989
D107320,D148100,0.16616
D107320,D150600,0.37058
D107320,D150699,0.068006
D107320,D151400,0.20241
D107320,D151590,0.069526
D107320,D152700,0.4024
D107320,D153880,0.13479
D107320,D154276,0.11905
D107320,D155100,0.2482
D107320,D155600,0.13859
D107320,D156000,0.112
D107320,D156190,0.1196
D107320,D157300,0.19601
D107320,D157700,0.22555
D107320,D157950,0.11096
D107320,D158280,0.027022
D107320,D160300,0.058302
D107320,D160750,0.17609
D107320,D161900,0.20316
D107320,D164230,0.1311
D107320,D165150,0.052291
D107320,D165199,0.055053
D107320,D165720,0.18162
D107320,D166300,0.14987
D107320,D166710,0.16513
D107320,D166760,0.0915
D107320,D167320,0.17344
D107320,D167870,0.17429
D107320,D168100,0.079196
D107320,D168600,0.12137
D107320,D170900,0.086799
D107320,D171300,0.14572
D107320,D173200,0.055901
D107320,D174800,0.14619
D107320,D175100,0.15858
D107320,D175505,0.012816
D107320,D175510,0.14419
D107320,D176800,0.046708
D107320,D176807,0.13169
D107320,D178600,0.25777
D107320,D179600,0.054232
D107320,D179800,0.13665
D107320,D179830,0.048216
D107320,D181000,0.27999
D107320,D181460,0.07942
D107320,D181500,0.16015
D107320,D182000,0.066778
D107320,D182280,0.098489
D107320,D182830,0.13374
D107320,D184700,0.12393
D107320,D187950,0.24613
D107320,D188030,0.25776
D107320,D188050,0.32202
D107320,D188470,0.048917
D107320,D189600,0.12114
D107320,D189800,0.15981
D107320,D190300,0.1396
D107320,D190310,0.057994
D107320,D190400,0.031433
D107320,D191390,0.19276
D107320,D192200,0.19653
D107320,D194070,0.1645
D107320,D194200,0.16403
D107320,D200170,0.068196
D107320,D203700,0.19717
D107320,D205700,0.0961
D107320,D206200,0.12244
D107320,D208085,0.10619
D107320,D208230,0.20584
D107320,D208300,0.034981
D107320,D208550,0.13152
D107320,D208700,0.092851
D107320,D208750,0.099842
D107320,D208920,0.20236
D107320,D210050,0.1405
D107320,D211980,0.027991
D107320,D212050,0.10852
D107320,D212110,0.056961
D107320,D212112,0.12599
D107320,D212130,0.12884
D107320,D212140,0.16704
D107320,D212350,0.14887
D107320,D215140,0.21871
D107320,D215470,0.13259
D107320,D217150,0.092273
D107320,D217200,0.10701
D107320,D218200,0.167
D107320,D218800,0.18412
D107320,D220120,0.11826
D107320,D223350,0.20185
D107320,D225740,0.14851
D107320,D225755,0.089692
D107320,D226000,0.1824
D107320,D226150,0.054788
D107320,D227300,0.18313
D107320,D230450,0.19413
D107320,D230800,0.25746
D107320,D231090,0.045662
D107320,D231200,0.16567
D107320,D231900,0.1072
D107320,D233810,0.063129
D107320,D236000,0.13151
D107320,D237450,0.018503
D107320,D237500,0.14111
D107320,D238800,0.050819
D107320,D239350,0.056001
D107320,D240400,0.17722
D107320,D241100,0.09151
D107320,D241519,0.13821
D107320,D243200,0.14211
D107320,D246300,0.20843
D107320,D246400,0.16305
D107320,D246470,0.040017
D107320,D247200,0.15891
D107320,D247640,0.077402
D107320,D248190,0.061976
D107320,D249100,0.29968
D107320,D250790,0.11959
D107320,D252320,0.098278
D107320,D254200,0.14844
D107320,D254400,0.088488
D107320,D254450,0.0789
D107320,D254500,0.20773
D107320,D254770,0.13349
D107320,D254800,0.15566
D107320,D255900,0.10434
D107320,D256370,0.024668
D107320,D256700,0.18276
D107320,D258360,0.21628
D107320,D259050,0.15081
D107320,D259500,0.16658
D107320,D259660,0.11989
D107320,D260480,0.16072
D107320,D260570,0.24882
D107320,D260970,0.069518
D107320,D261515,0.16592
D107320,D263300,0.22735
D107320,D263800,0.16386
D107320,D264120,0.06788
D107320,D266120,0.10061
D107320,D266600,0.27566
D107320,D267730,0.045707
D107320,D267740,0.12487
D107320,D268220,0.046723
D107320,D268320,0.05857
D107320,D270960,0.029925
D107320,D273300,0.12099
D107320,D273800,0.24893
D107320,D275000,0.22504
D107320,D276300,0.10482
D107320,D277350,0.048371
D107320,D277440,0.1509
D107320,D277460,0.16255
D107320,D278200,0.040039
D107320,D300125,0.16314
D107320,D300232,0.14183
D107320,D300491,0.13575
D107320,D300494,0.074901
D107320,D303110,0.071319
D107320,D304790,0.20962
D107320,D304900,0.066846
D107320,D305300,0.13695
D107320,D308205,0.14177
D107320,D308350,0.14775
D107320,D308600,0.022675
D107320,D310468,0.026804
D107320,D311360,0.14
D107320,D312910,0.070069
D107320,D540000,0.16246
D107320,D600131,0.13435
D107320,D600263,0.091358
D107320,D600351,0.088022
D107320,D600496,0.057275
D107320,D600634,0.019139
D107320,D600803,0.069461
D107320,D600807,0.14491
D107320,D601004,0.026049
D107320,D601042,0.090652
D107320,D601367,0.32565
D107320,D601608,0.22172
D107320,D601626,0.08453
D107320,D601665,0.13002
D107320,D601682,0.025302
D107320,D602068,0.10595
D107320,D602080,0.21098
D107320,D602522,0.10924
D107320,D603165,0.12011
D107320,D604278,0.12123
D107320,D604416,0.16476
D107320,D604827,0.0847
D107320,D605021,0.1334
D107320,D605055,0.11004
D107320,D605839,0.015427
D107320,D606703,0.1078
D107320,D606798,0.10548
D107320,D606842,0.19016
D107320,D607225,0.077673
D107320,D607459,0.067914
D107320,D607498,0.1583
D107320,D607499,0.04636
D107320,D607501,0.16335
D107320,D607508,0.18322
D107320,D607516,0.17219
D107320,D607554,0.21045
D107320,D607628,0.12186
D107320,D607631,0.11844
D107320,D607681,0.13541
D107320,D607682,0.13744
D107320,D607685,0.26729
D107320,D607850,0.14813
D107320,D608033,0.11821
D107320,D608088,0.087663
D107320,D608105,0.12357
D107320,D608217,0.13348
D107320,D608320,0.16201
D107320,D608583,0.20882
D107320,D608622,0.24181
D107550,D107650,0.10652
D107550,D109100,0.067452
D107550,D109200,0.10198
D107550,D109350,0.061167
D107550,D109543,0.14517
D107550,D109800,0.082632
D107550,D110100,0.17223
D107550,D113610,0.075737
D107550,D114480,0.12382
D107550,D114500,0.05658
D107550,D114550,0.063437
D107550,D114580,0.15979
D107550,D115195,0.044563
D107550,D115300,0.21616
D107550,D115645,0.27923
D107550,D119500,0.1654
D107550,D121200,0.033247
D107550,D121201,0.043965
D107550,D125310,0.19567
D107550,D125600,0.24953
D107550,D125700,0.24583
D107550,D125850,0.065492
D107550,D125852,0.052924
D107550,D126200,0.14891
D107550,D127350,0.030537
D107550,D127750,0.02253
D107550,D128101,0.062592
D107550,D131200,0.036411
D107550,D131300,0.10472
D107550,D131440,0.12748
D107550,D132100,0.049609
D107550,D133239,0.074783
D107550,D133690,0.19709
D107550,D134430,0.049761
D107550,D134500,0.040373
D107550,D134510,0.039539
D107550,D134520,0.029299
D107550,D135550,0.12948
D107550,D136200,0.2574
D107550,D137215,0.058384
D107550,D137400,0.084901
D107550,D137580,0.07586
D107550,D137750,0.16209
D107550,D137760,0.17697
D107550,D137800,0.11787
D107550,D138800,0.07365
D107550,D140300,0.1046
D107550,D140850,0.17973
D107550,D143100,0.12806
D107550,D143500,0.042861
D107550,D143880,0.13173
D107550,D144010,0.21366
D107550,D144110,0.1606
D107550,D144700,0.058007
D107550,D145100,0.29828
D107550,D145200,0.11708
D107550,D145500,0.073267
D107550,D145590,0.28141
D107550,D145600,0.15453
D107550,D146110,0.040896
D107550,D146255,0.084826
D107550,D146500,0.14181
D107550,D147480,0.062816
D107550,D147530,0.03122
D107550,D147540,0.11946
D107550,D148000,0.11028
D107550,D148100,0.081384
D107550,D150600,0.046556
D107550,D150699,0.1216
D107550,D151400,0.043583
D107550,D151590,0.152
D107550,D152700,0.073129
D107550,D153880,0.25488
D107550,D155100,0.066727
D107550,D155600,0.25864
D107550,D155601,0.22621
D107550,D156000,0.067528
D107550,D156190,0.20179
D107550,D157300,0.077016
D107550,D157700,0.1414
D107550,D157950,0.075883
D107550,D158280,0.23376
D107550,D160300,0.040808
D107550,D161900,0.044299
D107550,D164230,0.038964
D107550,D165150,0.19989
D107550,D165199,0.20048
D107550,D166300,0.14666
D107550,D166710,0.025046
D107550,D166760,0.076791
D107550,D168600,0.073273
D107550,D170900,0.060503
D107550,D171300,0.19202
D107550,D173200,0.092626
D107550,D174800,0.17402
D107550,D175100,0.13133
D107550,D175505,0.08088
D107550,D175510,0.055548
D107550,D176800,0.04903
D107550,D176807,0.071371
D107550,D178600,0.12543
D107550,D179800,0.023789
D107550,D181000,0.13619
D107550,D181500,0.1066
D107550,D182000,0.18241
D107550,D182280,0.1014
D107550,D182830,0.20959
D107550,D184700,0.054379
D107550,D187950,0.040661
D107550,D188050,0.029205
D107550,D188470,0.069734
D107550,D189600,0.037798
D107550,D189800,0.030191
D107550,D190300,0.067992
D107550,D191390,0.15593
D107550,D192200,0.045573
D107550,D194070,0.085745
D107550,D194200,0.052905
D107550,D200170,0.064116
D107550,D203700,0.098836
D107550,D208085,0.067736
D107550,D208300,0.18837
D107550,D208550,0.091165
D107550,D208700,0.030615
D107550,D208750,0.13703
D107550,D208920,0.087163
D107550,D211980,0.099187
D107550,D212050,0.13844
D107550,D212112,0.074478
D107550,D212140,0.072136
D107550,D212350,0.15838
D107550,D215140,0.12554
D107550,D215470,0.17075
D107550,D217150,0.11029
D107550,D217200,0.034385
D107550,D218200,0.026858
D107550,D218800,0.10418
D107550,D220120,0.034843
D107550,D223350,0.064863
D107550,D225740,0.14349
D107550,D225755,0.062523
D107550,D226000,0.067458
D107550,D227300,0.038368
D107550,D230800,0.2198
D107550,D231090,0.063799
D107550,D231200,0.2631
D107550,D233810,0.091185
D107550,D236000,0.050522
D107550,D237450,0.12476
D107550,D237500,0.11712
D107550,D240400,0.026084
D107550,D241100,0.027267
D107550,D243200,0.065908
D107550,D246300,0.06156
D107550,D246400,0.082096
D107550,D246470,0.055525
D107550,D247200,0.13461
D107550,D247640,0.086432
D107550,D248190,0.032378
D107550,D249100,0.059077
D107550,D250790,0.060764
D107550,D252320,0.065412
D107550,D254200,0.095403
D107550,D254400,0.13834
D107550,D254450,0.054557
D107550,D254500,0.059465
D107550,D254800,0.11027
D107550,D255900,0.11692
D107550,D256370,0.077849
D107550,D256700,0.18207
D107550,D258360,0.16912
D107550,D259050,0.14888
D107550,D259500,0.10925
D107550,D259660,0.039756
D107550,D260480,0.14393
D107550,D260570,0.035868
D107550,D261515,0.11495
D107550,D263300,0.060026
D107550,D263800,0.042735
D107550,D266120,0.035019
D107550,D266600,0.15374
D107550,D267730,0.094587
D107550,D267740,0.24046
D107550,D268220,0.24162
D107550,D268320,0.25823
D107550,D270960,0.0628
D107550,D273300,0.070644
D107550,D273800,0.12754
D107550,D275000,0.16608
D107550,D276300,0.092402
D107550,D277350,0.24938
D107550,D277440,0.070511
D107550,D277460,0.071192
D107550,D278200,0.17469
D107550,D300125,0.033958
D107550,D300232,0.14489
D107550,D300491,0.058254
D107550,D300494,0.3028
D107550,D303110,0.18495
D107550,D304790,0.085352
D107550,D305300,0.031171
D107550,D308205,0.15519
D107550,D308350,0.030446
D107550,D308600,0.15392
D107550,D310468,0.028092
D107550,D311360,0.14935
D107550,D312910,0.15324
D107550,D540000,0.10694
D107550,D600263,0.05419
D107550,D600496,0.062073
D107550,D600634,0.12267
D107550,D600807,0.060145
D107550,D601004,0.10941
D107550,D601042,0.10884
D107550,D601367,0.20373
D107550,D601518,0.047391
D107550,D601626,0.058745
D107550,D601665,0.11151
D107550,D601682,0.27481
D107550,D602068,0.098481
D107550,D602080,0.10871
D107550,D602522,0.093417
D107550,D603165,0.25494
D107550,D604278,0.14042
D107550,D604416,0.05969
D107550,D605839,0.14538
D107550,D606798,0.16319
D107550,D606842,0.051672
D107550,D607225,0.094772
D107550,D607459,0.10382
D107550,D607498,0.029684
D107550,D607501,0.030608
D107550,D607508,0.031756
D107550,D607516,0.059843
D107550,D607554,0.087363
D107550,D607685,0.06633
D107550,D608033,0.021073
D107550,D608088,0.026132
D107550,D608105,0.16603
D107550,D608217,0.039025
D107550,D608320,0.1003
D107550,D608583,0.048134
D107650,D109100,0.09413
D107650,D109200,0.019443
D107650,D109350,0.034959
D107650,D109800,0.02994
D107650,D110100,0.16553
D107650,D113610,0.25883
D107650,D114480,0.18849
D107650,D114500,0.057949
D107650,D114550,0.10274
D107650,D114580,0.17558
D107650,D115000,0.11045
D107650,D115195,0.053153
D107650,D115300,0.24255
D107650,D115645,0.17544
D107650,D119500,0.16513
D107650,D121200,0.23771
D107650,D121201,0.17113
D107650,D125310,0.22868
D107650,D125320,0.14765
D107650,D125600,0.24614
D107650,D125700,0.17583
D107650,D125850,0.18554
D107650,D125851,0.12194
D107650,D125852,0.15376
D107650,D125853,0.20084
D107650,D126200,0.19149
D107650,D127350,0.067584
D107650,D127750,0.14399
D107650,D128101,0.1432
D107650,D131200,0.020997
D107650,D131300,0.25469
D107650,D131440,0.034653
D107650,D132090,0.26513
D107650,D132100,0.25213
D107650,D132300,0.33941
D107650,D133239,0.10845
D107650,D134500,0.12308
D107650,D134520,0.051355
D107650,D134750,0.041793
D107650,D135550,0.19052
D107650,D136200,0.069832
D107650,D137215,0.087397
D107650,D137400,0.19096
D107650,D137580,0.20143
D107650,D137750,0.15438
D107650,D137760,0.17735
D107650,D137800,0.093866
D107650,D140300,0.14242
D107650,D140600,0.055224
D107650,D140850,0.040704
D107650,D143100,0.19315
D107650,D143500,0.14628
D107650,D143880,0.24427
D107650,D144010,0.24304
D107650,D144110,0.043557
D107650,D144650,0.13098
D107650,D144700,0.12934
D107650,D145100,0.108
D107650,D145500,0.18492
D107650,D145590,0.15005
D107650,D145600,0.2933
D107650,D146110,0.26385
D107650,D146255,0.22478
D107650,D146500,0.24399
D107650,D146850,0.053831
D107650,D147480,0.105
D107650,D147530,0.036093
D107650,D148000,0.10776
D107650,D148100,0.065651
D107650,D150600,0.12175
D107650,D150699,0.10198
D107650,D151400,0.074043
D107650,D151590,0.088599
D107650,D152700,0.13524
D107650,D153880,0.18294
D107650,D154276,0.15257
D107650,D155100,0.1288
D107650,D155600,0.098893
D107650,D156000,0.176
D107650,D156190,0.17913
D107650,D157300,0.13352
D107650,D157700,0.22172
D107650,D157950,0.19389
D107650,D158280,0.13289
D107650,D160300,0.02355
D107650,D160750,0.17835
D107650,D161900,0.13255
D107650,D164230,0.11252
D107650,D165150,0.32034
D107650,D165199,0.22657
D107650,D165720,0.096104
D107650,D166300,0.19289
D107650,D166710,0.11448
D107650,D166760,0.13231
D107650,D167320,0.30403
D107650,D167870,0.14933
D107650,D168100,0.063505
D107650,D168600,0.17108
D107650,D170900,0.1058
D107650,D171300,0.18842
D107650,D173200,0.023224
D107650,D174800,0.18615
D107650,D175100,0.16453
D107650,D175505,0.03147
D107650,D175510,0.062827
D107650,D176807,0.079996
D107650,D178600,0.16699
D107650,D179600,0.067833
D107650,D179800,0.14448
D107650,D179830,0.14753
D107650,D181000,0.26203
D107650,D181500,0.22194
D107650,D182280,0.080853
D107650,D182830,0.30604
D107650,D184700,0.29131
D107650,D187950,0.11886
D107650,D188030,0.12011
D107650,D188050,0.13634
D107650,D188470,0.10215
D107650,D189600,0.17069
D107650,D189800,0.14275
D107650,D190300,0.27893
D107650,D190310,0.070284
D107650,D190400,0.076562
D107650,D191390,0.14298
D107650,D192200,0.054419
D107650,D194070,0.097046
D107650,D194200,0.13962
D107650,D200170,0.049616
D107650,D203700,0.21733
D107650,D206200,0.11268
D107650,D208085,0.06486
D107650,D208230,0.10046
D107650,D208300,0.12853
D107650,D208550,0.10512
D107650,D208700,0.22252
D107650,D208750,0.08682
D107650,D208920,0.17268
D107650,D210050,0.16482
D107650,D211980,0.086071
D107650,D212050,0.14953
D107650,D212110,0.036747
D107650,D212112,0.086838
D107650,D212130,0.11456
D107650,D212140,0.2189
D107650,D212350,0.20045
D107650,D215140,0.13603
D107650,D215470,0.26018
D107650,D217150,0.20908
D107650,D217200,0.20522
D107650,D218200,0.14231
D107650,D218800,0.19567
D107650,D220120,0.26084
D107650,D223350,0.03713
D107650,D225740,0.16825
D107650,D225755,0.072198
D107650,D226000,0.14375
D107650,D227300,0.11587
D107650,D230450,0.15483
D107650,D230800,0.19728
D107650,D231090,0.03689
D107650,D231200,0.084351
D107650,D231900,0.078158
D107650,D233810,0.075865
D107650,D236000,0.058856
D107650,D237450,0.045109
D107650,D237500,0.079886
D107650,D238800,0.087514
D107650,D239350,0.12946
D107650,D240400,0.22325
D107650,D241100,0.047345
D107650,D241519,0.13228
D107650,D243200,0.15277
D107650,D246300,0.033694
D107650,D246400,0.091047
D107650,D246470,0.032051
D107650,D247200,0.22718
D107650,D247640,0.031062
D107650,D248190,0.037379
D107650,D249100,0.12522
D107650,D250790,0.096397
D107650,D252320,0.11068
D107650,D254200,0.23536
D107650,D254400,0.036654
D107650,D254450,0.015789
D107650,D254500,0.11466
D107650,D254770,0.13162
D107650,D254800,0.17477
D107650,D255900,0.11431
D107650,D256700,0.19765
D107650,D258360,0.14248
D107650,D259050,0.22459
D107650,D259500,0.09331
D107650,D259660,0.075074
D107650,D260480,0.20234
D107650,D260570,0.041809
D107650,D260970,0.040718
D107650,D261515,0.32391
D107650,D263300,0.087906
D107650,D263800,0.22773
D107650,D264120,0.28955
D107650,D266120,0.061177
D107650,D266600,0.15803
D107650,D267740,0.31209
D107650,D268220,0.09498
D107650,D268320,0.18144
D107650,D273300,0.092004
D107650,D273800,0.19291
D107650,D275000,0.20246
D107650,D276300,0.1172
D107650,D277350,0.28335
D107650,D277440,0.19558
D107650,D277460,0.21616
D107650,D278200,0.12655
D107650,D300125,0.15826
D107650,D300232,0.242
D107650,D300491,0.24664
D107650,D300494,0.17102
D107650,D303110,0.24456
D107650,D304790,0.10586
D107650,D304900,0.064183
D107650,D305300,0.075932
D107650,D308205,0.16252
D107650,D308350,0.16644
D107650,D308600,0.027529
D107650,D310468,0.048937
D107650,D311360,0.17156
D107650,D312910,0.17568
D107650,D540000,0.26852
D107650,D600131,0.17681
D107650,D600263,0.09719
D107650,D600351,0.082431
D107650,D600496,0.19336
D107650,D600803,0.10597
D107650,D600807,0.12897
D107650,D601042,0.12185
D107650,D601367,0.15124
D107650,D601608,0.032287
D107650,D601626,0.03414
D107650,D601665,0.23431
D107650,D601682,0.15663
D107650,D602080,0.16051
D107650,D602522,0.26531
D107650,D603165,0.12362
D107650,D604278,0.1996
D107650,D604416,0.065498
D107650,D604827,0.093136
D107650,D605021,0.19632
D107650,D605055,0.20143
D107650,D606703,0.07643
D107650,D606798,0.20874
D107650,D606842,0.18586
D107650,D607225,0.12125
D107650,D607459,0.1447
D107650,D607498,0.15846
D107650,D607499,0.036356
D107650,D607501,0.14323
D107650,D607508,0.22402
D107650,D607516,0.17459
D107650,D607554,0.12748
D107650,D607628,0.22946
D107650,D607631,0.16108
D107650,D607681,0.18047
D107650,D607682,0.18074
D107650,D607685,0.12264
D107650,D607850,0.042059
D107650,D608033,0.13633
D107650,D608088,0.12117
D107650,D608105,0.23897
D107650,D608217,0.14877
D107650,D608320,0.14525
D107650,D608583,0.14011
D107650,D608622,0.2101
D109100,D109200,0.11614
D109100,D109350,0.033983
D109100,D109800,0.00956
D109100,D110100,0.12509
D109100,D113610,0.1146
D109100,D114480,0.14832
D109100,D114500,0.12904
D109100,D114550,0.17477
D109100,D114580,0.21492
D109100,D115000,0.020474
D109100,D115195,0.083515
D109100,D115300,0.043367
D109100,D115645,0.088923
D109100,D119500,0.11879
D109100,D121200,0.10124
D109100,D121201,0.067122
D109100,D125310,0.17989
D109100,D125320,0.080773
D109100,D125600,0.070113
D109100,D125700,0.19666
D109100,D125850,0.10746
D109100,D125851,0.11162
D109100,D125852,0.27093
D109100,D125853,0.22636
D109100,D126200,0.27312
D109100,D127350,0.089238
D109100,D127750,0.077438
D109100,D128101,0.10464
D109100,D131200,0.040984
D109100,D131300,0.25295
D109100,D131440,0.084983
D109100,D132090,0.023042
D109100,D132100,0.037073
D109100,D132300,0.063227
D109100,D133239,0.095166
D109100,D133600,0.037391
D109100,D133690,0.053243
D109100,D134430,0.093469
D109100,D134500,0.14002
D109100,D134510,0.089123
D109100,D134520,0.12146
D109100,D134750,0.20991
D109100,D135550,0.047808
D109100,D137215,0.20921
D109100,D137400,0.031641
D109100,D137580,0.12888
D109100,D137750,0.079446
D109100,D137760,0.11485
D109100,D137800,0.16134
D109100,D138800,0.10341
D109100,D140300,0.24746
D109100,D140600,0.11082
D109100,D140850,0.076734
D109100,D143100,0.14358
D109100,D143465,0.16353
D109100,D143500,0.15033
D109100,D143880,0.10613
D109100,D144010,0.12656
D109100,D144110,0.070707
D109100,D144650,0.17128
D109100,D144700,0.11718
D109100,D145100,0.034301
D109100,D145200,0.04007
D109100,D145500,0.19154
D109100,D145590,0.031958
D109100,D145600,0.18705
D109100,D146110,0.15812
D109100,D146255,0.17163
D109100,D146500,0.13185
D109100,D146850,0.088463
D109100,D147480,0.17725
D109100,D147530,0.081763
D109100,D147540,0.072999
D109100,D148000,0.10905
D109100,D148100,0.085058
D109100,D150600,0.2606
D109100,D150699,0.053394
D109100,D151400,0.29869
D109100,D151590,0.068956
D109100,D152700,0.312
D109100,D153880,0.093559
D109100,D154276,0.1665
D109100,D155100,0.18657
D109100,D155600,0.1156
D109100,D156000,0.037731
D109100,D156190,0.062381
D109100,D157300,0.14826
D109100,D157700,0.13834
D109100,D157950,0.096159
D109100,D160300,0.061027
D109100,D160750,0.12382
D109100,D161900,0.17155
D109100,D164230,0.074115
D109100,D165150,0.027336
D109100,D165199,0.043426
D109100,D165720,0.1423
D109100,D166300,0.13034
D109100,D166710,0.14962
D109100,D166760,0.071298
D109100,D167320,0.080036
D109100,D167870,0.11225
D109100,D168100,0.041106
D109100,D168600,0.10314
D109100,D170900,0.21863
D109100,D171300,0.12397
D109100,D173200,0.058591
D109100,D174800,0.17088
D109100,D175100,0.15254
D109100,D175505,0.04026
D109100,D175510,0.12996
D109100,D176800,0.073335
D109100,D176807,0.080348
D109100,D178600,0.21446
D109100,D179600,0.093236
D109100,D179800,0.15224
D109100,D179830,0.12596
D109100,D181000,0.2366
D109100,D181460,0.048433
D109100,D181500,0.18922
D109100,D182000,0.091733
D109100,D182280,0.095852
D109100,D182830,0.029955
D109100,D184700,0.16493
D109100,D187950,0.15041
D109100,D188030,0.29722
D109100,D188050,0.16936
D109100,D188470,0.096036
D109100,D189600,0.067678
D109100,D189800,0.10778
D109100,D190300,0.084052
D109100,D190310,0.060711
D109100,D190400,0.024668
D109100,D191390,0.25861
D109100,D192200,0.13651
D109100,D194070,0.10479
D109100,D194200,0.069541
D109100,D200170,0.096776
D109100,D203700,0.20237
D109100,D205700,0.18944
D109100,D206200,0.14849
D109100,D208085,0.14367
D109100,D208230,0.19732
D109100,D208300,0.054858
D109100,D208550,0.21543
D109100,D208700,0.069276
D109100,D208750,0.046395
D109100,D208920,0.16706
D109100,D210050,0.13292
D109100,D211980,0.05681
D109100,D212050,0.13743
D109100,D212110,0.022317
D109100,D212112,0.069416
D109100,D212130,0.084234
D109100,D212140,0.16566
D109100,D212350,0.091143
D109100,D215140,0.14633
D109100,D215470,0.082093
D109100,D217150,0.10379
D109100,D217200,0.0257
D109100,D218200,0.1846
D109100,D218800,0.17629
D109100,D220120,0.07997
D109100,D223350,0.11422
D109100,D225740,0.15942
D109100,D225755,0.10562
D109100,D226000,0.090604
D109100,D226150,0.11731
D109100,D227300,0.11973
D109100,D230450,0.19814
D109100,D230800,0.2159
D109100,D231090,0.011898
D109100,D231200,0.19219
D109100,D231900,0.17531
D109100,D233810,0.074229
D109100,D236000,0.12612
D109100,D237450,0.05846
D109100,D237500,0.15361
D109100,D238800,0.15037
D109100,D239350,0.10445
D109100,D240400,0.20869
D109100,D241100,0.092119
D109100,D241519,0.13812
D109100,D243200,0.073912
D109100,D246300,0.13192
D109100,D246400,0.18648
D109100,D246470,0.023023
D109100,D247200,0.16692
D109100,D247640,0.070572
D109100,D248190,0.084719
D109100,D249100,0.33926
D109100,D250790,0.12896
D109100,D252320,0.10145
D109100,D254200,0.2426
D109100,D254400,0.071723
D109100,D254450,0.12451
D109100,D254500,0.33512
D109100,D254770,0.062692
D109100,D254800,0.13508
D109100,D255900,0.14168
D109100,D256370,0.029189
D109100,D256700,0.18288
D109100,D258360,0.11574
D109100,D259050,0.097012
D109100,D259500,0.11119
D109100,D259660,0.10807
D109100,D260480,0.2754
D109100,D260570,0.15994
D109100,D260970,0.086526
D109100,D261515,0.17007
D109100,D263300,0.15861
D109100,D263800,0.19567
D109100,D264120,0.093999
D109100,D266120,0.13937
D109100,D266600,0.40259
D109100,D267730,0.039219
D109100,D267740,0.032302
D109100,D268220,0.037642
D109100,D268320,0.034468
D109100,D270960,0.035277
D109100,D273300,0.077209
D109100,D273800,0.16875
D109100,D275000,0.29364
D109100,D276300,0.12775
D109100,D277350,0.10167
D109100,D277440,0.20281
D109100,D277460,0.1702
D109100,D278200,0.075661
D109100,D300125,0.076656
D109100,D300232,0.10857
D109100,D300491,0.055338
D109100,D300494,0.057152
D109100,D303110,0.056148
D109100,D304790,0.31153
D109100,D304900,0.083428
D109100,D305300,0.092687
D109100,D308205,0.17827
D109100,D308350,0.093775
D109100,D308600,0.071664
D109100,D310468,0.095446
D109100,D311360,0.20685
D109100,D312910,0.082823
D109100,D540000,0.13939
D109100,D600131,0.052421
D109100,D600263,0.091795
D109100,D600351,0.062793
D109100,D600496,0.15276
D109100,D600634,0.030135
D109100,D600803,0.12747
D109100,D600807,0.18933
D109100,D601004,0.0821
D109100,D601042,0.06271
D109100,D601367,0.18434
D109100,D601608,0.2477
D109100,D601626,0.098056
D109100,D601665,0.10133
D109100,D601682,0.019841
D109100,D602068,0.049556
D109100,D602080,0.15859
D109100,D602522,0.1136
D109100,D603165,0.20273
D109100,D604278,0.077619
D109100,D604416,0.16782
D109100,D604827,0.061413
D109100,D605021,0.052932
D109100,D605055,0.10041
D109100,D606703,0.050705
D109100,D606798,0.070494
D109100,D606842,0.13723
D109100,D607225,0.067976
D109100,D607459,0.075385
D109100,D607498,0.078762
D109100,D607499,0.05434
D109100,D607501,0.081015
D109100,D607508,0.095917
D109100,D607516,0.066939
D109100,D607554,0.081643
D109100,D607628,0.048383
D109100,D607631,0.046272
D109100,D607681,0.053249
D109100,D607682,0.053936
D109100,D607685,0.18447
D109100,D607850,0.12979
D109100,D608033,0.13426
D109100,D608088,0.13913
D109100,D608105,0.060567
D109100,D608217,0.060195
D109100,D608320,0.18853
D109100,D608583,0.071825
D109100,D608622,0.12663
D109200,D109350,0.028692
D109200,D109543,0.088309
D109200,D109800,0.10089
D109200,D110100,0.35971
D109200,D113610,0.035317
D109200,D114480,0.20676
D109200,D114500,0.16141
D109200,D114550,0.095406
D109200,D114580,0.23957
D109200,D115300,0.093733
D109200,D115645,0.14231
D109200,D119500,0.20457
D109200,D125310,0.048483
D109200,D125600,0.1417
D109200,D125700,0.092084
D109200,D125850,0.11721
D109200,D125851,0.078001
D109200,D125852,0.12307
D109200,D125853,0.10335
D109200,D126200,0.055356
D109200,D127350,0.054919
D109200,D128101,0.029617
D109200,D131200,0.4548
D109200,D131300,0.048249
D109200,D131440,0.056455
D109200,D133239,0.048423
D109200,D133690,0.10117
D109200,D134750,0.066838
D109200,D135550,0.030324
D109200,D136200,0.11451
D109200,D137215,0.089369
D109200,D137400,0.039583
D109200,D137580,0.070644
D109200,D137750,0.074316
D109200,D137760,0.10131
D109200,D137800,0.089161
D109200,D138800,0.1372
D109200,D140300,0.1536
D109200,D140850,0.064826
D109200,D143100,0.10755
D109200,D143500,0.039964
D109200,D143880,0.096219
D109200,D144010,0.096334
D109200,D144110,0.13781
D109200,D144650,0.033039
D109200,D144700,0.069755
D109200,D145100,0.17358
D109200,D145200,0.10125
D109200,D145500,0.051298
D109200,D145590,0.080156
D109200,D145600,0.067633
D109200,D146110,0.23198
D109200,D146255,0.099146
D109200,D146500,0.12709
D109200,D147480,0.10896
D109200,D147540,0.035573
D109200,D148000,0.051775
D109200,D148100,0.10648
D109200,D150600,0.043458
D109200,D150699,0.24314
D109200,D151400,0.060067
D109200,D151590,0.24234
D109200,D152700,0.10693
D109200,D153880,0.058005
D109200,D155100,0.02068
D109200,D155600,0.096568
D109200,D155601,0.083701
D109200,D156000,0.031435
D109200,D156190,0.026007
D109200,D157700,0.071677
D109200,D157950,0.023464
D109200,D158280,0.053847
D109200,D160750,0.068112
D109200,D161900,0.14486
D109200,D165150,0.034368
D109200,D165199,0.036264
D109200,D166300,0.038173
D109200,D166710,0.046729
D109200,D166760,0.10686
D109200,D167320,0.02425
D109200,D167870,0.068211
D109200,D168600,0.016733
D109200,D170900,0.028133
D109200,D171300,0.12788
D109200,D173200,0.11009
D109200,D174800,0.30204
D109200,D175100,0.13803
D109200,D175505,0.050352
D109200,D175510,0.05173
D109200,D176807,0.23843
D109200,D178600,0.056944
D109200,D181000,0.077275
D109200,D181460,0.068886
D109200,D181500,0.01947
D109200,D182000,0.16425
D109200,D182280,0.070665
D109200,D182830,0.037509
D109200,D184700,0.47555
D109200,D187950,0.037799
D109200,D188050,0.027236
D109200,D188470,0.12703
D109200,D189600,0.068435
D109200,D189800,0.028159
D109200,D190300,0.042338
D109200,D191390,0.10624
D109200,D191800,0.073735
D109200,D192000,0.20267
D109200,D192200,0.042503
D109200,D194070,0.15648
D109200,D194200,0.024705
D109200,D200170,0.30872
D109200,D203700,0.045359
D109200,D208085,0.020149
D109200,D208230,0.038414
D109200,D208300,0.034253
D109200,D208550,0.11293
D109200,D208750,0.11704
D109200,D208920,0.039551
D109200,D211980,0.03382
D109200,D212050,0.12072
D109200,D212112,0.069846
D109200,D212140,0.048402
D109200,D212350,0.020703
D109200,D215140,0.1299
D109200,D215470,0.1028
D109200,D217150,0.025738
D109200,D218200,0.025136
D109200,D218800,0.058456
D109200,D223350,0.029781
D109200,D225740,0.025681
D109200,D225755,0.029431
D109200,D226000,0.062378
D109200,D230800,0.092541
D109200,D231090,0.11881
D109200,D231200,0.18387
D109200,D233810,0.032418
D109200,D236000,0.023698
D109200,D237450,0.037199
D109200,D237500,0.065633
D109200,D238800,0.06812
D109200,D239350,0.027426
D109200,D240400,0.051631
D109200,D241100,0.28455
D109200,D243200,0.061464
D109200,D246300,0.027203
D109200,D246400,0.073177
D109200,D246470,0.10336
D109200,D247200,0.13217
D109200,D247640,0.030281
D109200,D248190,0.090589
D109200,D249100,0.14757
D109200,D250790,0.0263
D109200,D252320,0.028235
D109200,D254200,0.11134
D109200,D254400,0.058184
D109200,D254450,0.050749
D109200,D254500,0.055399
D109200,D254800,0.033489
D109200,D255900,0.15229
D109200,D256370,0.27416
D109200,D256700,0.16772
D109200,D258360,0.10595
D109200,D259050,0.091197
D109200,D259500,0.026972
D109200,D260480,0.090675
D109200,D261515,0.073171
D109200,D263800,0.093506
D109200,D264120,0.17112
D109200,D266600,0.1405
D109200,D267730,0.043966
D109200,D267740,0.04055
D109200,D268220,0.070005
D109200,D268320,0.11865
D109200,D270960,0.17598
D109200,D273300,0.22854
D109200,D273800,0.15673
D109200,D275000,0.11314
D109200,D276300,0.11589
D109200,D277350,0.063796
D109200,D277440,0.24789
D109200,D277460,0.06376
D109200,D278200,0.35156
D109200,D300232,0.077839
D109200,D300491,0.05443
D109200,D300494,0.054213
D109200,D303110,0.02813
D109200,D304790,0.15323
D109200,D304900,0.025921
D109200,D305300,0.029023
D109200,D308205,0.23006
D109200,D308600,0.045791
D109200,D310468,0.026501
D109200,D311360,0.29635
D109200,D312910,0.069805
D109200,D540000,0.032663
D109200,D600082,0.094505
D109200,D600263,0.025199
D109200,D600496,0.11109
D109200,D600634,0.076703
D109200,D600803,0.033659
D109200,D600807,0.056058
D109200,D601042,0.021128
D109200,D601367,0.040119
D109200,D601518,0.12965
D109200,D601626,0.027231
D109200,D601665,0.075794
D109200,D601682,0.049618
D109200,D602068,0.12463
D109200,D602080,0.051838
D109200,D602522,0.08483
D109200,D603165,0.10896
D109200,D604278,0.043235
D109200,D604416,0.098761
D109200,D605839,0.12884
D109200,D606798,0.029761
D109200,D606842,0.024272
D109200,D607225,0.021238
D109200,D607459,0.038262
D109200,D607516,0.028255
D109200,D607685,0.097543
D109200,D608105,0.030966
D109200,D608320,0.046571
D109350,D109543,0.12303
D109350,D109800,0.14685
D109350,D110100,0.070112
D109350,D113610,0.047572
D109350,D114480,0.10494
D109350,D114500,0.26966
D109350,D114550,0.17364
D109350,D114580,0.075768
D109350,D115300,0.042363
D109350,D115645,0.13354
D109350,D119500,0.075858
D109350,D125700,0.033404
D109350,D125850,0.026431
D109350,D125852,0.022216
D109350,D125853,0.0187
D109350,D126200,0.076167
D109350,D128101,0.025941
D109350,D131200,0.031096
D109350,D131440,0.050572
D109350,D133239,0.43334
D109350,D133690,0.060287
D109350,D135550,0.054274
D109350,D137215,0.31927
D109350,D137400,0.071273
D109350,D137580,0.016321
D109350,D137760,0.018546
D109350,D137800,0.065661
D109350,D138800,0.18577
D109350,D140300,0.053992
D109350,D140850,0.057841
D109350,D143100,0.088546
D109350,D143500,0.07256
D109350,D143880,0.043247
D109350,D144700,0.15535
D109350,D145500,0.046644
D109350,D145600,0.0733
D109350,D146110,0.053613
D109350,D146255,0.037936
D109350,D146500,0.03257
D109350,D147480,0.049226
D109350,D148000,0.046848
D109350,D150699,0.12323
D109350,D151400,0.054526
D109350,D151590,0.12646
D109350,D152700,0.037782
D109350,D155100,0.037619
D109350,D155600,0.16093
D109350,D155601,0.11554
D109350,D157700,0.025712
D109350,D161900,0.058819
D109350,D165150,0.063045
D109350,D166300,0.019236
D109350,D170900,0.15312
D109350,D171300,0.16271
D109350,D174800,0.045184
D109350,D175100,0.18852
D109350,D175505,0.28699
D109350,D175510,0.19128
D109350,D176807,0.12434
D109350,D178600,0.034357
D109350,D181000,0.083557
D109350,D181500,0.018451
D109350,D182000,0.11827
D109350,D182280,0.1515
D109350,D184700,0.043374
D109350,D187950,0.034341
D109350,D188470,0.17824
D109350,D189800,0.025379
D109350,D190300,0.037771
D109350,D190310,0.068205
D109350,D191390,0.24567
D109350,D194070,0.1035
D109350,D203700,0.027266
D109350,D208085,0.05646
D109350,D208300,0.03077
D109350,D210050,0.040876
D109350,D211980,0.17175
D109350,D212050,0.054003
D109350,D212140,0.044282
D109350,D215140,0.057664
D109350,D215470,0.025856
D109350,D217150,0.046431
D109350,D218800,0.016978
D109350,D220120,0.029937
D109350,D223350,0.054775
D109350,D226150,0.096879
D109350,D230450,0.031118
D109350,D230800,0.047149
D109350,D231090,0.14204
D109350,D231200,0.023026
D109350,D236000,0.11306
D109350,D237500,0.19758
D109350,D240400,0.044582
D109350,D246300,0.051831
D109350,D246400,0.049659
D109350,D246470,0.21257
D109350,D247200,0.077144
D109350,D247640,0.0955
D109350,D248190,0.054354
D109350,D249100,0.059982
D109350,D250790,0.049573
D109350,D252320,0.12667
D109350,D254200,0.060339
D109350,D254400,0.078335
D109350,D254450,0.046077
D109350,D254500,0.033611
D109350,D254800,0.015489
D109350,D256370,0.065617
D109350,D256700,0.11946
D109350,D259500,0.092018
D109350,D260480,0.048834
D109350,D261515,0.079568
D109350,D263300,0.050398
D109350,D266600,0.12843
D109350,D267730,0.079887
D109350,D268220,0.063568
D109350,D270960,0.053178
D109350,D273300,0.091542
D109350,D273800,0.052719
D109350,D276300,0.19829
D109350,D277350,0.057259
D109350,D277440,0.11697
D109350,D277460,0.057292
D109350,D300232,0.030436
D109350,D304790,0.10094
D109350,D308205,0.030299
D109350,D600263,0.43074
D109350,D600351,0.10046
D109350,D600496,0.024983
D109350,D600634,0.13745
D109350,D600803,0.060632
D109350,D600807,0.067517
D109350,D601004,0.045938
D109350,D601367,0.036422
D109350,D601518,0.078899
D109350,D601626,0.074196
D109350,D601665,0.09123
D109350,D601682,0.051276
D109350,D602080,0.031767
D109350,D602522,0.038178
D109350,D603165,0.032302
D109350,D604278,0.020862
D109350,D605839,0.1786
D109350,D607225,0.080883
D109350,D607459,0.078323
D109350,D607685,0.017265
D109350,D608088,0.13973
D109543,D109800,0.11808
D109543,D110100,0.043718
D109543,D113610,0.05067
D109543,D114480,0.072163
D109543,D114500,0.084251
D109543,D114550,0.091189
D109543,D115645,0.10611
D109543,D119500,0.046191
D109543,D125700,0.079335
D109543,D126200,0.091799
D109543,D131200,0.095709
D109543,D131440,0.22488
D109543,D133239,0.1084
D109543,D133690,0.14319
D109543,D137215,0.080718
D109543,D137760,0.057082
D109543,D137800,0.089539
D109543,D138800,0.14774
D109543,D140300,0.054312
D109543,D140850,0.13734
D109543,D143100,0.064227
D109543,D143500,0.056339
D109543,D144700,0.087075
D109543,D145500,0.048547
D109543,D145600,0.03811
D109543,D146110,0.053755
D109543,D148000,0.11355
D109543,D150699,0.12391
D109543,D151400,0.39678
D109543,D151590,0.14633
D109543,D152700,0.037648
D109543,D155100,0.1398
D109543,D155600,0.069891
D109543,D155601,0.18348
D109543,D161900,0.05823
D109543,D170900,0.12137
D109543,D171300,0.07132
D109543,D174800,0.054934
D109543,D175100,0.058814
D109543,D175505,0.10826
D109543,D175510,0.11224
D109543,D176807,0.098348
D109543,D178600,0.081609
D109543,D181000,0.043406
D109543,D182000,0.14092
D109543,D182280,0.15871
D109543,D184700,0.044943
D109543,D187950,0.12862
D109543,D188470,0.14183
D109543,D191390,0.076227
D109543,D194070,0.074776
D109543,D211980,0.13627
D109543,D215140,0.068777
D109543,D223350,0.24111
D109543,D230800,0.056197
D109543,D231090,0.12798
D109543,D236000,0.19113
D109543,D237500,0.090931
D109543,D246400,0.078625
D109543,D246470,0.16961
D109543,D247200,0.037325
D109543,D247640,0.22163
D109543,D254200,0.095812
D109543,D254400,0.20351
D109543,D254450,0.10939
D109543,D254500,0.1215
D109543,D256370,0.10421
D109543,D256700,0.059709
D109543,D259500,0.11329
D109543,D266600,0.039866
D109543,D267730,0.18972
D109543,D268220,0.15679
D109543,D270960,0.082548
D109543,D273300,0.083201
D109543,D276300,0.11816
D109543,D277440,0.044192
D109543,D600263,0.1087
D109543,D600634,0.16661
D109543,D600807,0.05273
D109543,D601367,0.086506
D109543,D601518,0.12457
D109543,D601626,0.30267
D109543,D601665,0.071019
D109543,D602080,0.076779
D109543,D603165,0.076708
D109543,D605839,0.15119
D109800,D110100,0.14868
D109800,D113610,0.057974
D109800,D114480,0.24717
D109800,D114500,0.41839
D109800,D114550,0.34782
D109800,D115000,0.040689
D109800,D115195,0.03163
D109800,D115300,0.034839
D109800,D115645,0.060414
D109800,D119500,0.10439
D109800,D121200,0.023597
D109800,D121201,0.031205
D109800,D125310,0.11781
D109800,D125700,0.10124
D109800,D125850,0.090402
D109800,D125851,0.059396
D109800,D125852,0.037365
D109800,D125853,0.063543
D109800,D126200,0.082336
D109800,D127350,0.10348
D109800,D128101,0.021928
D109800,D131200,0.13532
D109800,D131300,0.049072
D109800,D131440,0.047164
D109800,D133239,0.18523
D109800,D133600,0.038541
D109800,D133690,0.13432
D109800,D134430,0.10114
D109800,D134500,0.091952
D109800,D134510,0.028063
D109800,D134520,0.069221
D109800,D135550,0.022689
D109800,D137215,0.13035
D109800,D137580,0.040889
D109800,D137750,0.018837
D109800,D137760,0.049759
D109800,D137800,0.14874
D109800,D138800,0.17088
D109800,D140300,0.10561
D109800,D140600,0.068863
D109800,D140850,0.078191
D109800,D143100,0.10827
D109800,D143465,0.12584
D109800,D143500,0.095356
D109800,D143880,0.036515
D109800,D144010,0.036495
D109800,D144650,0.025228
D109800,D144700,0.43269
D109800,D145200,0.07704
D109800,D145500,0.16038
D109800,D145600,0.14729
D109800,D146110,0.16403
D109800,D146255,0.23219
D109800,D146500,0.081897
D109800,D147480,0.062555
D109800,D147530,0.022159
D109800,D147540,0.026298
D109800,D148000,0.080899
D109800,D150600,0.048957
D109800,D150699,0.27309
D109800,D151400,0.083547
D109800,D151590,0.17261
D109800,D152700,0.14514
D109800,D153880,0.021992
D109800,D154276,0.02419
D109800,D155100,0.11496
D109800,D155600,0.17684
D109800,D155601,0.22396
D109800,D156190,0.019718
D109800,D157700,0.057369
D109800,D157950,0.071559
D109800,D160300,0.087924
D109800,D160750,0.054365
D109800,D161900,0.24518
D109800,D164230,0.027656
D109800,D165720,0.047331
D109800,D166300,0.14778
D109800,D166710,0.071261
D109800,D167320,0.10686
D109800,D167870,0.15335
D109800,D168100,0.039707
D109800,D168600,0.03919
D109800,D170900,0.069864
D109800,D171300,0.2639
D109800,D173200,0.087424
D109800,D174800,0.1441
D109800,D175100,0.17602
D109800,D175505,0.11909
D109800,D175510,0.043888
D109800,D176800,0.1056
D109800,D176807,0.30511
D109800,D178600,0.076018
D109800,D179600,0.08426
D109800,D179800,0.08451
D109800,D179830,0.056293
D109800,D181000,0.026113
D109800,D181460,0.026288
D109800,D181500,0.090282
D109800,D182000,0.16222
D109800,D182280,0.1625
D109800,D184700,0.14954
D109800,D187950,0.076377
D109800,D188030,0.043056
D109800,D188050,0.062373
D109800,D188470,0.26365
D109800,D189600,0.050575
D109800,D189800,0.10724
D109800,D190300,0.064985
D109800,D191390,0.10235
D109800,D191800,0.27737
D109800,D192000,0.050939
D109800,D192200,0.032346
D109800,D194070,0.36356
D109800,D194200,0.07565
D109800,D200170,0.083197
D109800,D203700,0.047448
D109800,D206200,0.044602
D109800,D208085,0.094553
D109800,D208230,0.030084
D109800,D208300,0.085309
D109800,D208550,0.066298
D109800,D208700,0.021729
D109800,D208920,0.045009
D109800,D210050,0.020714
D109800,D211980,0.16975
D109800,D212140,0.10227
D109800,D212350,0.033316
D109800,D215140,0.091081
D109800,D215470,0.038311
D109800,D217150,0.040148
D109800,D217200,0.038026
D109800,D218800,0.044212
D109800,D220120,0.083653
D109800,D223350,0.051055
D109800,D225755,0.022182
D109800,D226000,0.071208
D109800,D227300,0.084165
D109800,D230800,0.072929
D109800,D231090,0.16991
D109800,D231200,0.1442
D109800,D233810,0.050508
D109800,D236000,0.1345
D109800,D237450,0.08939
D109800,D237500,0.17121
D109800,D239350,0.041773
D109800,D240400,0.097499
D109800,D241100,0.11647
D109800,D241519,0.028446
D109800,D243200,0.14061
D109800,D246300,0.021226
D109800,D246400,0.045243
D109800,D246470,0.36971
D109800,D247200,0.17045
D109800,D247640,0.085626
D109800,D248190,0.069017
D109800,D249100,0.092506
D109800,D250790,0.043977
D109800,D254200,0.12238
D109800,D254400,0.0708
D109800,D254450,0.042993
D109800,D254500,0.10277
D109800,D254800,0.039806
D109800,D255900,0.039374
D109800,D256370,0.35896
D109800,D256700,0.31523
D109800,D259050,0.037236
D109800,D259500,0.15814
D109800,D259660,0.028218
D109800,D260570,0.025458
D109800,D261515,0.095965
D109800,D263300,0.021379
D109800,D263800,0.099979
D109800,D264120,0.050488
D109800,D266120,0.13044
D109800,D266600,0.13129
D109800,D267730,0.074547
D109800,D268220,0.15486
D109800,D268320,0.02181
D109800,D270960,0.1836
D109800,D273300,0.27442
D109800,D273800,0.1068
D109800,D275000,0.014343
D109800,D276300,0.12045
D109800,D277350,0.023958
D109800,D277440,0.11136
D109800,D277460,0.032276
D109800,D300232,0.03975
D109800,D303110,0.021232
D109800,D304790,0.071217
D109800,D304900,0.059424
D109800,D305300,0.088853
D109800,D308205,0.025992
D109800,D308350,0.044451
D109800,D308600,0.033794
D109800,D310468,0.16553
D109800,D311360,0.18766
D109800,D312910,0.017373
D109800,D540000,0.024839
D109800,D600082,0.072031
D109800,D600263,0.21087
D109800,D600351,0.016288
D109800,D600496,0.085675
D109800,D600631,0.10178
D109800,D600634,0.17973
D109800,D600803,0.02565
D109800,D600807,0.11853
D109800,D600808,0.10132
D109800,D601042,0.0478
D109800,D601367,0.12664
D109800,D601518,0.20414
D109800,D601608,0.045479
D109800,D601626,0.088058
D109800,D601665,0.081055
D109800,D602080,0.067687
D109800,D602522,0.1313
D109800,D603165,0.084781
D109800,D604278,0.16552
D109800,D604416,0.075166
D109800,D605839,0.42005
D109800,D606703,0.065131
D109800,D607225,0.052218
D109800,D607459,0.071654
D109800,D607508,0.022608
D109800,D607554,0.030937
D109800,D607685,0.029649
D109800,D607850,0.051544
D109800,D608033,0.033669
D109800,D608088,0.037149
D109800,D608105,0.023716
D109800,D608217,0.056009
D109800,D608320,0.038359
D109800,D608622,0.031195
D110100,D113610,0.20314
D110100,D114480,0.22221
D110100,D114500,0.20091
D110100,D114550,0.12958
D110100,D114580,0.17353
D110100,D115195,0.085679
D110100,D115300,0.12222
D110100,D115645,0.34311
D110100,D119500,0.43845
D110100,D121200,0.077206
D110100,D121201,0.10334
D110100,D125310,0.16186
D110100,D125320,0.080746
D110100,D125600,0.20072
D110100,D125700,0.24036
D110100,D125850,0.10207
D110100,D125851,0.038678
D110100,D125852,0.16128
D110100,D125853,0.14515
D110100,D126200,0.15793
D110100,D127350,0.21853
D110100,D127750,0.10506
D110100,D128101,0.11789
D110100,D131200,0.28536
D110100,D131300,0.24318
D110100,D131440,0.043718
D110100,D132090,0.056985
D110100,D132100,0.068815
D110100,D132300,0.13926
D110100,D133239,0.11927
D110100,D133600,0.071276
D110100,D133690,0.17428
D110100,D134430,0.022972
D110100,D134500,0.018638
D110100,D134510,0.036512
D110100,D134520,0.11389
D110100,D134750,0.10273
D110100,D135550,0.17372
D110100,D136200,0.15703
D110100,D137215,0.10509
D110100,D137400,0.11969
D110100,D137580,0.16165
D110100,D137750,0.1729
D110100,D137760,0.1818
D110100,D137800,0.16995
D110100,D138800,0.085644
D110100,D140300,0.14302
D110100,D140600,0.18702
D110100,D140850,0.065763
D110100,D143100,0.25649
D110100,D143465,0.1648
D110100,D143500,0.069417
D110100,D143880,0.19397
D110100,D144010,0.13322
D110100,D144110,0.10766
D110100,D144650,0.016377
D110100,D144700,0.13846
D110100,D145100,0.18009
D110100,D145200,0.15145
D110100,D145500,0.093202
D110100,D145590,0.19142
D110100,D145600,0.28562
D110100,D146110,0.23358
D110100,D146255,0.21136
D110100,D146500,0.18158
D110100,D146850,0.021492
D110100,D147480,0.068452
D110100,D147530,0.072115
D110100,D147540,0.071173
D110100,D148000,0.05013
D110100,D148100,0.10728
D110100,D150600,0.13067
D110100,D150699,0.23004
D110100,D151400,0.052797
D110100,D151590,0.1065
D110100,D152700,0.18726
D110100,D153880,0.25037
D110100,D154276,0.065435
D110100,D155100,0.092315
D110100,D155600,0.1776
D110100,D155601,0.16378
D110100,D156000,0.080163
D110100,D156190,0.25605
D110100,D157300,0.070842
D110100,D157700,0.27466
D110100,D157950,0.21929
D110100,D158280,0.10769
D110100,D160300,0.13564
D110100,D160750,0.084517
D110100,D161900,0.12298
D110100,D164230,0.11015
D110100,D165150,0.28086
D110100,D165199,0.16769
D110100,D165720,0.18988
D110100,D166300,0.20244
D110100,D166710,0.14734
D110100,D166760,0.10931
D110100,D167320,0.12992
D110100,D167870,0.089489
D110100,D168100,0.11898
D110100,D168600,0.15021
D110100,D170900,0.04181
D110100,D171300,0.1584
D110100,D173200,0.13844
D110100,D174800,0.29168
D110100,D175100,0.29315
D110100,D175505,0.099813
D110100,D175510,0.075673
D110100,D176800,0.22134
D110100,D176807,0.20691
D110100,D178600,0.065913
D110100,D179600,0.083342
D110100,D179800,0.12186
D110100,D179830,0.030908
D110100,D181000,0.21559
D110100,D181460,0.05142
D110100,D181500,0.19044
D110100,D182000,0.14755
D110100,D182280,0.090602
D110100,D182830,0.15203
D110100,D184700,0.30081
D110100,D187950,0.057619
D110100,D188050,0.068371
D110100,D188470,0.11058
D110100,D189600,0.1701
D110100,D189800,0.08373
D110100,D190300,0.24126
D110100,D190310,0.074967
D110100,D190400,0.061246
D110100,D191390,0.16866
D110100,D191800,0.036651
D110100,D192000,0.17766
D110100,D192200,0.10528
D110100,D194070,0.28663
D110100,D194200,0.098322
D110100,D200170,0.23975
D110100,D203700,0.21666
D110100,D208085,0.15045
D110100,D208230,0.1928
D110100,D208300,0.15949
D110100,D208550,0.12951
D110100,D208700,0.042445
D110100,D208750,0.13356
D110100,D208920,0.1591
D110100,D210050,0.089493
D110100,D211980,0.030654
D110100,D212050,0.15767
D110100,D212112,0.14089
D110100,D212130,0.089131
D110100,D212140,0.14671
D110100,D212350,0.15956
D110100,D215140,0.28355
D110100,D215470,0.18372
D110100,D217150,0.25877
D110100,D217200,0.087945
D110100,D218200,0.088548
D110100,D218800,0.10687
D110100,D220120,0.10219
D110100,D223350,0.014744
D110100,D225740,0.17532
D110100,D225755,0.28542
D110100,D226000,0.10806
D110100,D226150,0.035401
D110100,D227300,0.017712
D110100,D230450,0.13873
D110100,D230800,0.15841
D110100,D231090,0.16321
D110100,D231200,0.22258
D110100,D233810,0.24876
D110100,D236000,0.058333
D110100,D237450,0.056105
D110100,D237500,0.097784
D110100,D238800,0.11607
D110100,D239350,0.054319
D110100,D240400,0.13697
D110100,D241100,0.22046
D110100,D241519,0.057757
D110100,D243200,0.13753
D110100,D246300,0.040741
D110100,D246400,0.09198
D110100,D246470,0.089683
D110100,D247200,0.42062
D110100,D247640,0.040681
D110100,D248190,0.10616
D110100,D249100,0.20903
D110100,D250790,0.14898
D110100,D252320,0.13782
D110100,D254200,0.17635
D110100,D254400,0.047991
D110100,D254450,0.040574
D110100,D254500,0.084013
D110100,D254770,0.077586
D110100,D254800,0.13363
D110100,D255900,0.19263
D110100,D256370,0.16322
D110100,D256700,0.26866
D110100,D258360,0.19209
D110100,D259050,0.3474
D110100,D259500,0.15013
D110100,D259660,0.23251
D110100,D260480,0.15587
D110100,D260570,0.016558
D110100,D260970,0.10674
D110100,D261515,0.26949
D110100,D263300,0.056459
D110100,D263800,0.13948
D110100,D264120,0.17231
D110100,D266120,0.048712
D110100,D266600,0.21739
D110100,D267730,0.021766
D110100,D267740,0.1505
D110100,D268220,0.17874
D110100,D268320,0.3372
D110100,D270960,0.16805
D110100,D273300,0.24105
D110100,D273800,0.24548
D110100,D275000,0.18831
D110100,D276300,0.18502
D110100,D277350,0.14514
D110100,D277440,0.25118
D110100,D277460,0.10561
D110100,D278200,0.19698
D110100,D300125,0.078995
D110100,D300232,0.43776
D110100,D300491,0.14557
D110100,D300494,0.20903
D110100,D303110,0.12957
D110100,D304790,0.15462
D110100,D304900,0.10014
D110100,D305300,0.11624
D110100,D308205,0.22945
D110100,D308350,0.13033
D110100,D308600,0.069206
D110100,D310468,0.065989
D110100,D311360,0.44272
D110100,D312910,0.15474
D110100,D540000,0.14848
D110100,D600082,0.17281
D110100,D600131,0.086348
D110100,D600263,0.10149
D110100,D600351,0.031762
D110100,D600496,0.096707
D110100,D600631,0.03307
D110100,D600634,0.056548
D110100,D600803,0.049998
D110100,D600807,0.13083
D110100,D600808,0.032898
D110100,D601004,0.025259
D110100,D601042,0.17943
D110100,D601367,0.12064
D110100,D601518,0.17301
D110100,D601608,0.092643
D110100,D601626,0.028129
D110100,D601665,0.15096
D110100,D601682,0.12659
D110100,D602068,0.043749
D110100,D602080,0.20439
D110100,D602522,0.19149
D110100,D603165,0.14964
D110100,D604278,0.2514
D110100,D604416,0.14669
D110100,D604827,0.050045
D110100,D605021,0.086435
D110100,D605055,0.09068
D110100,D605839,0.095767
D110100,D606703,0.12556
D110100,D606798,0.21186
D110100,D606842,0.17179
D110100,D607225,0.14961
D110100,D607459,0.14297
D110100,D607498,0.069641
D110100,D607499,0.067866
D110100,D607501,0.072027
D110100,D607508,0.073822
D110100,D607516,0.083468
D110100,D607554,0.040244
D110100,D607628,0.079034
D110100,D607631,0.07617
D110100,D607681,0.087361
D110100,D607682,0.088579
D110100,D607685,0.11896
D110100,D607850,0.16436
D110100,D608033,0.093608
D110100,D608088,0.13291
D110100,D608105,0.22782
D110100,D608217,0.16809
D110100,D608320,0.034557
D110100,D608583,0.022115
D110100,D608622,0.020167
D113610,D114480,0.14857
D113610,D114500,0.055117
D113610,D114550,0.083151
D113610,D114580,0.14816
D113610,D115000,0.060122
D113610,D115195,0.11831
D113610,D115300,0.10523
D113610,D115645,0.15473
D113610,D119500,0.14716
D113610,D121200,0.1767
D113610,D121201,0.21948
D113610,D125310,0.37283
D113610,D125320,0.23676
D113610,D125600,0.1021
D113610,D125700,0.1954
D113610,D125850,0.04847
D113610,D125851,0.021445
D113610,D125852,0.12244
D113610,D125853,0.13872
D113610,D126200,0.32467
D113610,D127350,0.074323
D113610,D127750,0.21908
D113610,D128101,0.17646
D113610,D131200,0.019477
D113610,D131300,0.18733
D113610,D131440,0.015872
D113610,D132090,0.23109
D113610,D132100,0.17013
D113610,D132300,0.21222
D113610,D133239,0.099939
D113610,D133600,0.025617
D113610,D133690,0.055528
D113610,D134430,0.025501
D113610,D134500,0.062315
D113610,D134510,0.040528
D113610,D134520,0.078217
D113610,D134750,0.036786
D113610,D135550,0.15355
D113610,D136200,0.03108
D113610,D137215,0.089967
D113610,D137400,0.16875
D113610,D137580,0.29637
D113610,D137750,0.12342
D113610,D137760,0.16873
D113610,D137800,0.19892
D113610,D138800,0.019651
D113610,D140300,0.17042
D113610,D140600,0.04811
D113610,D140850,0.11041
D113610,D143100,0.29189
D113610,D143465,0.14909
D113610,D143500,0.099768
D113610,D143880,0.14694
D113610,D144010,0.12026
D113610,D144110,0.08443
D113610,D144650,0.05495
D113610,D144700,0.12713
D113610,D145100,0.048328
D113610,D145200,0.018289
D113610,D145500,0.15291
D113610,D145590,0.088835
D113610,D145600,0.27682
D113610,D146110,0.11681
D113610,D146255,0.20061
D113610,D146500,0.31906
D113610,D146850,0.023854
D113610,D147480,0.046682
D113610,D147530,0.293
D113610,D147540,0.05757
D113610,D148000,0.042313
D113610,D148100,0.061299
D113610,D150600,0.12175
D113610,D150699,0.12072
D113610,D151400,0.03353
D113610,D151590,0.038125
D113610,D152700,0.15582
D113610,D153880,0.080607
D113610,D154276,0.13819
D113610,D155100,0.069005
D113610,D155600,0.079967
D113610,D155601,0.025449
D113610,D156000,0.16078
D113610,D156190,0.11503
D113610,D157300,0.11813
D113610,D157700,0.16514
D113610,D157950,0.11784
D113610,D158280,0.088954
D113610,D160300,0.084018
D113610,D160750,0.17616
D113610,D161900,0.10521
D113610,D164230,0.22277
D113610,D165150,0.20194
D113610,D165199,0.080572
D113610,D165720,0.085409
D113610,D166300,0.10573
D113610,D166710,0.077937
D113610,D166760,0.039261
D113610,D167320,0.15113
D113610,D167870,0.099086
D113610,D168100,0.13182
D113610,D168600,0.21901
D113610,D170900,0.078089
D113610,D171300,0.14983
D113610,D173200,0.019333
D113610,D174800,0.12392
D113610,D175100,0.19858
D113610,D175505,0.056196
D113610,D175510,0.043074
D113610,D176800,0.050261
D113610,D176807,0.072669
D113610,D178600,0.095855
D113610,D179600,0.058322
D113610,D179800,0.16181
D113610,D179830,0.052037
D113610,D181000,0.17167
D113610,D181460,0.018962
D113610,D181500,0.2523
D113610,D182000,0.054647
D113610,D182280,0.087234
D113610,D182830,0.12492
D113610,D184700,0.10629
D113610,D187950,0.094366
D113610,D188030,0.071063
D113610,D188050,0.09008
D113610,D188470,0.057048
D113610,D189600,0.1318
D113610,D189800,0.12419
D113610,D190300,0.32699
D113610,D190310,0.084131
D113610,D190400,0.03435
D113610,D191390,0.10906
D113610,D192200,0.093496
D113610,D194070,0.12164
D113610,D194200,0.11029
D113610,D200170,0.073818
D113610,D203700,0.31851
D113610,D206200,0.032166
D113610,D208085,0.1235
D113610,D208230,0.07549
D113610,D208300,0.038581
D113610,D208550,0.047498
D113610,D208700,0.23931
D113610,D208750,0.11657
D113610,D208920,0.2827
D113610,D210050,0.2826
D113610,D211980,0.049968
D113610,D212050,0.13411
D113610,D212110,0.030589
D113610,D212112,0.057206
D113610,D212130,0.15009
D113610,D212140,0.17986
D113610,D212350,0.1939
D113610,D215140,0.13081
D113610,D215470,0.31104
D113610,D217150,0.15834
D113610,D217200,0.23674
D113610,D218200,0.1246
D113610,D218800,0.20368
D113610,D220120,0.17044
D113610,D223350,0.017088
D113610,D225740,0.24244
D113610,D225755,0.14476
D113610,D226000,0.14213
D113610,D227300,0.058407
D113610,D230450,0.19718
D113610,D230800,0.16052
D113610,D231090,0.099316
D113610,D231200,0.050617
D113610,D233810,0.17082
D113610,D236000,0.052128
D113610,D237450,0.039996
D113610,D237500,0.094197
D113610,D238800,0.1381
D113610,D239350,0.1139
D113610,D240400,0.16448
D113610,D241100,0.027978
D113610,D241519,0.084402
D113610,D243200,0.19073
D113610,D246300,0.076007
D113610,D246400,0.050921
D113610,D246470,0.04333
D113610,D247200,0.26766
D113610,D247640,0.017375
D113610,D249100,0.13428
D113610,D250790,0.10162
D113610,D252320,0.20589
D113610,D254200,0.14835
D113610,D254400,0.047969
D113610,D254450,0.014534
D113610,D254500,0.13529
D113610,D254770,0.17397
D113610,D254800,0.42082
D113610,D255900,0.12819
D113610,D256370,0.027118
D113610,D256700,0.24301
D113610,D258360,0.057004
D113610,D259050,0.1595
D113610,D259500,0.070431
D113610,D259660,0.061239
D113610,D260480,0.081094
D113610,D260570,0.018381
D113610,D260970,0.30472
D113610,D261515,0.23997
D113610,D263300,0.061473
D113610,D263800,0.17704
D113610,D264120,0.07314
D113610,D266120,0.075066
D113610,D266600,0.15686
D113610,D267730,0.025227
D113610,D267740,0.19922
D113610,D268220,0.073748
D113610,D268320,0.12809
D113610,D270960,0.048978
D113610,D273300,0.12129
D113610,D273800,0.20411
D113610,D275000,0.13579
D113610,D276300,0.14431
D113610,D277350,0.10528
D113610,D277440,0.18329
D113610,D277460,0.25925
D113610,D278200,0.091702
D113610,D300125,0.14034
D113610,D300232,0.24062
D113610,D300491,0.26873
D113610,D300494,0.14063
D113610,D303110,0.077878
D113610,D304790,0.068821
D113610,D304900,0.11782
D113610,D305300,0.097231
D113610,D308205,0.16416
D113610,D308350,0.30682
D113610,D308600,0.0244
D113610,D310468,0.043362
D113610,D311360,0.11836
D113610,D312910,0.23209
D113610,D540000,0.37077
D113610,D600131,0.20307
D113610,D600263,0.085549
D113610,D600351,0.047047
D113610,D600496,0.045898
D113610,D600634,0.0431
D113610,D600803,0.075223
D113610,D600807,0.13562
D113610,D601042,0.26802
D113610,D601367,0.18089
D113610,D601518,0.025351
D113610,D601608,0.14117
D113610,D601626,0.015625
D113610,D601665,0.19648
D113610,D601682,0.055927
D113610,D602068,0.04672
D113610,D602080,0.17469
D113610,D602522,0.14127
D113610,D603165,0.059835
D113610,D604278,0.14217
D113610,D604416,0.042514
D113610,D604827,0.11991
D113610,D605021,0.22096
D113610,D605055,0.26153
D113610,D605839,0.021583
D113610,D606703,0.1672
D113610,D606798,0.21922
D113610,D606842,0.1895
D113610,D607225,0.26734
D113610,D607459,0.36021
D113610,D607498,0.14031
D113610,D607499,0.075075
D113610,D607501,0.12742
D113610,D607508,0.16453
D113610,D607516,0.20551
D113610,D607554,0.1344
D113610,D607628,0.19759
D113610,D607631,0.24962
D113610,D607681,0.20736
D113610,D607682,0.20821
D113610,D607685,0.1183
D113610,D607850,0.055552
D113610,D608033,0.22434
D113610,D608088,0.14907
D113610,D608105,0.2445
D113610,D608217,0.19301
D113610,D608320,0.054804
D113610,D608583,0.12316
D113610,D608622,0.13513
D114480,D114500,0.35152
D114480,D114550,0.30156
D114480,D114580,0.2184
D114480,D115000,0.025539
D114480,D115195,0.062354
D114480,D115300,0.17994
D114480,D115645,0.15833
D114480,D119500,0.17619
D114480,D121200,0.093073
D114480,D121201,0.12311
D114480,D125310,0.14533
D114480,D125320,0.054064
D114480,D125600,0.12477
D114480,D125700,0.17747
D114480,D125850,0.13377
D114480,D125851,0.1372
D114480,D125852,0.28506
D114480,D125853,0.27343
D114480,D126200,0.17464
D114480,D127350,0.10757
D114480,D127750,0.063049
D114480,D128101,0.086475
D114480,D131200,0.15727
D114480,D131300,0.18695
D114480,D131440,0.14804
D114480,D132090,0.11523
D114480,D132100,0.11577
D114480,D132300,0.13816
D114480,D133239,0.14885
D114480,D133600,0.048807
D114480,D133690,0.14277
D114480,D134430,0.066616
D114480,D134500,0.11889
D114480,D134510,0.036886
D114480,D134520,0.14608
D114480,D134750,0.067162
D114480,D135550,0.059703
D114480,D136200,0.060304
D114480,D137215,0.19759
D114480,D137400,0.019764
D114480,D137580,0.19512
D114480,D137750,0.086838
D114480,D137760,0.18516
D114480,D137800,0.27064
D114480,D138800,0.13982
D114480,D140300,0.30745
D114480,D140600,0.067828
D114480,D140850,0.15034
D114480,D143100,0.2861
D114480,D143465,0.076387
D114480,D143500,0.19401
D114480,D143880,0.10807
D114480,D144010,0.20642
D114480,D144110,0.1062
D114480,D144650,0.1163
D114480,D144700,0.30627
D114480,D145100,0.090711
D114480,D145200,0.11986
D114480,D145500,0.26976
D114480,D145590,0.10562
D114480,D145600,0.22422
D114480,D146110,0.37045
D114480,D146255,0.18771
D114480,D146500,0.21027
D114480,D146850,0.21814
D114480,D147480,0.18206
D114480,D147530,0.087523
D114480,D147540,0.10917
D114480,D148000,0.14956
D114480,D148100,0.23356
D114480,D150600,0.15061
D114480,D150699,0.24328
D114480,D151400,0.16632
D114480,D151590,0.22655
D114480,D152700,0.24312
D114480,D153880,0.10228
D114480,D154276,0.097067
D114480,D155100,0.19184
D114480,D155600,0.3429
D114480,D155601,0.24059
D114480,D156000,0.093965
D114480,D156190,0.077847
D114480,D157300,0.16723
D114480,D157700,0.15221
D114480,D157950,0.096914
D114480,D158280,0.026357
D114480,D160300,0.077249
D114480,D160750,0.13726
D114480,D161900,0.19839
D114480,D164230,0.090884
D114480,D165150,0.0684
D114480,D165199,0.053891
D114480,D165720,0.16084
D114480,D166300,0.14569
D114480,D166710,0.19566
D114480,D166760,0.088928
D114480,D167320,0.14927
D114480,D167870,0.11276
D114480,D168100,0.077299
D114480,D168600,0.09307
D114480,D170900,0.11405
D114480,D171300,0.31107
D114480,D173200,0.13245
D114480,D174800,0.31301
D114480,D175100,0.33596
D114480,D175505,0.089347
D114480,D175510,0.14114
D114480,D176800,0.045882
D114480,D176807,0.51079
D114480,D178600,0.22213
D114480,D179600,0.081669
D114480,D179800,0.20015
D114480,D179830,0.078822
D114480,D181000,0.24241
D114480,D181460,0.08893
D114480,D181500,0.20577
D114480,D182000,0.16706
D114480,D182280,0.36073
D114480,D182830,0.093541
D114480,D184700,0.3282
D114480,D187950,0.19179
D114480,D188030,0.16146
D114480,D188050,0.1938
D114480,D188470,0.1784
D114480,D189600,0.11571
D114480,D189800,0.18414
D114480,D190300,0.14677
D114480,D190310,0.056791
D114480,D190400,0.030785
D114480,D191390,0.24094
D114480,D191800,0.036862
D114480,D192000,0.06679
D114480,D192200,0.085075
D114480,D194070,0.37829
D114480,D194200,0.11115
D114480,D200170,0.13565
D114480,D203700,0.13829
D114480,D205700,0.023307
D114480,D206200,0.090728
D114480,D208085,0.12334
D114480,D208230,0.16053
D114480,D208300,0.034763
D114480,D208550,0.15602
D114480,D208700,0.10014
D114480,D208750,0.084339
D114480,D208920,0.24911
D114480,D210050,0.11805
D114480,D211980,0.37448
D114480,D212050,0.10764
D114480,D212110,0.027838
D114480,D212112,0.10395
D114480,D212130,0.062966
D114480,D212140,0.22969
D114480,D212350,0.10329
D114480,D215140,0.24616
D114480,D215470,0.15348
D114480,D217150,0.090566
D114480,D217200,0.080297
D114480,D218200,0.1128
D114480,D218800,0.22314
D114480,D220120,0.19126
D114480,D223350,0.1217
D114480,D225740,0.064091
D114480,D225755,0.087882
D114480,D226000,0.17148
D114480,D227300,0.11115
D114480,D230450,0.13968
D114480,D230800,0.2985
D114480,D231090,0.21285
D114480,D231200,0.18586
D114480,D231900,0.084117
D114480,D233810,0.10403
D114480,D236000,0.2369
D114480,D237450,0.11077
D114480,D237500,0.26062
D114480,D238800,0.066352
D114480,D239350,0.095965
D114480,D240400,0.20193
D114480,D241100,0.24462
D114480,D241519,0.077383
D114480,D243200,0.18468
D114480,D246300,0.13592
D114480,D246400,0.16922
D114480,D246470,0.17857
D114480,D247200,0.18834
D114480,D247640,0.27052
D114480,D248190,0.075484
D114480,D249100,0.2892
D114480,D250790,0.16778
D114480,D252320,0.097729
D114480,D254200,0.16818
D114480,D254400,0.1215
D114480,D254450,0.088202
D114480,D254500,0.25136
D114480,D254770,0.076789
D114480,D254800,0.12554
D114480,D255900,0.10332
D114480,D256370,0.15912
D114480,D256700,0.40927
D114480,D258360,0.16804
D114480,D259050,0.20001
D114480,D259500,0.42045
D114480,D259660,0.10172
D114480,D260480,0.12966
D114480,D260570,0.13963
D114480,D260970,0.049364
D114480,D261515,0.22378
D114480,D263300,0.15476
D114480,D263800,0.19666
D114480,D264120,0.21322
D114480,D266120,0.11509
D114480,D266600,0.28355
D114480,D267730,0.068272
D114480,D267740,0.12215
D114480,D268220,0.14513
D114480,D268320,0.11527
D114480,D270960,0.22586
D114480,D273300,0.38625
D114480,D273800,0.28412
D114480,D275000,0.2849
D114480,D276300,0.24173
D114480,D277350,0.14353
D114480,D277440,0.26056
D114480,D277460,0.20293
D114480,D278200,0.099906
D114480,D300125,0.11085
D114480,D300232,0.1746
D114480,D300491,0.083342
D114480,D303110,0.13385
D114480,D304790,0.23755
D114480,D304900,0.098743
D114480,D305300,0.072213
D114480,D308205,0.13053
D114480,D308350,0.14382
D114480,D308600,0.1138
D114480,D310468,0.078887
D114480,D311360,0.26847
D114480,D312910,0.10337
D114480,D540000,0.13192
D114480,D600082,0.13178
D114480,D600131,0.086787
D114480,D600263,0.18553
D114480,D600351,0.096506
D114480,D600496,0.14099
D114480,D600631,0.033406
D114480,D600634,0.2285
D114480,D600803,0.13929
D114480,D600807,0.22643
D114480,D600808,0.033233
D114480,D601042,0.079503
D114480,D601367,0.21407
D114480,D601518,0.26003
D114480,D601608,0.11913
D114480,D601626,0.1251
D114480,D601665,0.29397
D114480,D601682,0.024754
D114480,D602068,0.12595
D114480,D602080,0.18017
D114480,D602522,0.14864
D114480,D603165,0.22045
D114480,D604278,0.13877
D114480,D604416,0.13752
D114480,D604827,0.095288
D114480,D605021,0.084545
D114480,D605055,0.076052
D114480,D605839,0.23507
D114480,D606703,0.082611
D114480,D606798,0.072822
D114480,D606842,0.12108
D114480,D607225,0.042608
D114480,D607459,0.073504
D114480,D607498,0.11104
D114480,D607499,0.0292
D114480,D607501,0.11486
D114480,D607508,0.14867
D114480,D607516,0.12526
D114480,D607554,0.12198
D114480,D607628,0.077208
D114480,D607631,0.076397
D114480,D607681,0.086718
D114480,D607682,0.088212
D114480,D607685,0.25404
D114480,D607850,0.084601
D114480,D608033,0.081284
D114480,D608088,0.097703
D114480,D608105,0.089994
D114480,D608217,0.1093
D114480,D608320,0.13348
D114480,D608583,0.11172
D114480,D608622,0.16814
D114500,D114550,0.29519
D114500,D114580,0.13373
D114500,D115195,0.020574
D114500,D115300,0.099647
D114500,D115645,0.10242
D114500,D119500,0.14631
D114500,D121200,0.0307
D114500,D121201,0.020297
D114500,D125310,0.064291
D114500,D125700,0.13158
D114500,D125850,0.13115
D114500,D125851,0.097252
D114500,D125852,0.15858
D114500,D125853,0.10287
D114500,D126200,0.16084
D114500,D127350,0.080329
D114500,D127750,0.010402
D114500,D128101,0.042794
D114500,D131200,0.19174
D114500,D131300,0.071553
D114500,D131440,0.10311
D114500,D133239,0.41675
D114500,D133600,0.025061
D114500,D133690,0.12336
D114500,D134430,0.022973
D114500,D134500,0.075002
D114500,D134510,0.036511
D114500,D134520,0.027091
D114500,D134750,0.016549
D114500,D135550,0.044617
D114500,D137215,0.41102
D114500,D137400,0.039212
D114500,D137580,0.07958
D114500,D137750,0.012252
D114500,D137760,0.1159
D114500,D137800,0.28927
D114500,D138800,0.18615
D114500,D140300,0.2188
D114500,D140600,0.044755
D114500,D140850,0.053542
D114500,D143100,0.1865
D114500,D143465,0.14153
D114500,D143500,0.13384
D114500,D143880,0.10729
D114500,D144010,0.084454
D114500,D144110,0.017096
D114500,D144650,0.066177
D114500,D144700,0.46625
D114500,D145200,0.050082
D114500,D145500,0.21751
D114500,D145600,0.15061
D114500,D146110,0.20481
D114500,D146255,0.1886
D114500,D146500,0.14865
D114500,D146850,0.18525
D114500,D147480,0.095856
D114500,D147530,0.028825
D114500,D147540,0.017106
D114500,D148000,0.12791
D114500,D148100,0.053535
D114500,D150600,0.064633
D114500,D150699,0.28547
D114500,D151400,0.1899
D114500,D151590,0.18334
D114500,D152700,0.14863
D114500,D153880,0.028662
D114500,D154276,0.04934
D114500,D155100,0.1301
D114500,D155600,0.31336
D114500,D155601,0.22704
D114500,D156190,0.012826
D114500,D157300,0.083357
D114500,D157700,0.058336
D114500,D157950,0.071417
D114500,D160300,0.057158
D114500,D160750,0.051711
D114500,D161900,0.19105
D114500,D164230,0.017989
D114500,D165150,0.034685
D114500,D165720,0.046083
D114500,D166300,0.11453
D114500,D166710,0.081266
D114500,D167320,0.10357
D114500,D167870,0.11083
D114500,D168100,0.025805
D114500,D168600,0.050073
D114500,D170900,0.089508
D114500,D171300,0.31449
D114500,D173200,0.056906
D114500,D174800,0.18463
D114500,D175100,0.45018
D114500,D175505,0.44543
D114500,D175510,0.31313
D114500,D176800,0.068651
D114500,D176807,0.29677
D114500,D178600,0.1171
D114500,D179600,0.054762
D114500,D179800,0.14347
D114500,D179830,0.047256
D114500,D181000,0.14878
D114500,D181460,0.034144
D114500,D181500,0.1773
D114500,D182000,0.10725
D114500,D182280,0.34764
D114500,D184700,0.20433
D114500,D187950,0.12709
D114500,D188030,0.064636
D114500,D188050,0.081406
D114500,D188470,0.29728
D114500,D189600,0.049258
D114500,D189800,0.11187
D114500,D190300,0.083825
D114500,D190310,0.056242
D114500,D191390,0.35609
D114500,D191800,0.14798
D114500,D192000,0.16656
D114500,D192200,0.021039
D114500,D194070,0.40333
D114500,D194200,0.048908
D114500,D200170,0.1072
D114500,D203700,0.067544
D114500,D206200,0.090126
D114500,D208085,0.079974
D114500,D208230,0.06742
D114500,D208300,0.089364
D114500,D208550,0.17137
D114500,D208700,0.014134
D114500,D208750,0.011369
D114500,D208920,0.13862
D114500,D210050,0.044614
D114500,D211980,0.33222
D114500,D212050,0.029711
D114500,D212112,0.017102
D114500,D212140,0.15003
D114500,D212350,0.02044
D114500,D215140,0.15561
D114500,D215470,0.088119
D114500,D217150,0.051655
D114500,D218200,0.012444
D114500,D218800,0.10331
D114500,D220120,0.084894
D114500,D223350,0.11023
D114500,D225755,0.029
D114500,D226000,0.061714
D114500,D226150,0.15853
D114500,D227300,0.070223
D114500,D230450,0.068091
D114500,D230800,0.14011
D114500,D231090,0.15693
D114500,D231200,0.15951
D114500,D231900,0.06276
D114500,D233810,0.032826
D114500,D236000,0.17104
D114500,D237450,0.036028
D114500,D237500,0.18694
D114500,D238800,0.083449
D114500,D239350,0.040727
D114500,D240400,0.16431
D114500,D241100,0.12641
D114500,D241519,0.058401
D114500,D243200,0.076214
D114500,D246300,0.12132
D114500,D246400,0.075878
D114500,D246470,0.33889
D114500,D247200,0.17112
D114500,D247640,0.15074
D114500,D248190,0.08969
D114500,D249100,0.19906
D114500,D250790,0.13512
D114500,D252320,0.02716
D114500,D254200,0.18181
D114500,D254400,0.04847
D114500,D254450,0.068159
D114500,D254500,0.16019
D114500,D254800,0.058159
D114500,D255900,0.078288
D114500,D256370,0.29452
D114500,D256700,0.35947
D114500,D258360,0.091429
D114500,D259050,0.034369
D114500,D259500,0.26672
D114500,D259660,0.018354
D114500,D260480,0.092053
D114500,D260570,0.10515
D114500,D260970,0.016298
D114500,D261515,0.17865
D114500,D263300,0.13914
D114500,D263800,0.093091
D114500,D264120,0.11558
D114500,D266120,0.13034
D114500,D266600,0.33983
D114500,D267730,0.052195
D114500,D268220,0.17939
D114500,D268320,0.014186
D114500,D270960,0.19489
D114500,D273300,0.29698
D114500,D273800,0.1637
D114500,D275000,0.1706
D114500,D276300,0.44266
D114500,D277350,0.097237
D114500,D277440,0.2177
D114500,D277460,0.084209
D114500,D300232,0.050951
D114500,D303110,0.01381
D114500,D304790,0.239
D114500,D304900,0.071747
D114500,D305300,0.057754
D114500,D308205,0.067065
D114500,D308350,0.057335
D114500,D308600,0.021981
D114500,D310468,0.091729
D114500,D311360,0.21139
D114500,D312910,0.022634
D114500,D540000,0.057769
D114500,D600082,0.070221
D114500,D600263,0.34469
D114500,D600351,0.12886
D114500,D600496,0.12426
D114500,D600631,0.066145
D114500,D600634,0.26532
D114500,D600803,0.13541
D114500,D600807,0.19902
D114500,D600808,0.065847
D114500,D601004,0.025261
D114500,D601042,0.031115
D114500,D601367,0.094201
D114500,D601518,0.15752
D114500,D601608,0.013318
D114500,D601626,0.12994
D114500,D601665,0.14335
D114500,D601682,0.028125
D114500,D602080,0.10348
D114500,D602522,0.1266
D114500,D603165,0.10103
D114500,D604278,0.12838
D114500,D604416,0.061031
D114500,D605055,0.014906
D114500,D605839,0.33884
D114500,D606703,0.042328
D114500,D606842,0.02362
D114500,D607225,0.042852
D114500,D607459,0.058869
D114500,D607508,0.044684
D114500,D607554,0.020123
D114500,D607685,0.11577
D114500,D607850,0.050174
D114500,D608033,0.032005
D114500,D608088,0.072424
D114500,D608105,0.015421
D114500,D608217,0.036586
D114500,D608320,0.034544
D114500,D608622,0.065548
D114550,D114580,0.13304
D114550,D115195,0.048221
D114550,D115300,0.20946
D114550,D115645,0.075027
D114550,D119500,0.12857
D114550,D121200,0.07197
D114550,D121201,0.095148
D114550,D125310,0.093323
D114550,D125320,0.047048
D114550,D125600,0.040588
D114550,D125700,0.15416
D114550,D125850,0.17775
D114550,D125851,0.13625
D114550,D125852,0.13195
D114550,D125853,0.21224
D114550,D126200,0.12395
D114550,D127350,0.095612
D114550,D127750,0.073497
D114550,D128101,0.20178
D114550,D131200,0.1316
D114550,D131300,0.11311
D114550,D131440,0.068611
D114550,D132090,0.10024
D114550,D132100,0.08048
D114550,D132300,0.068714
D114550,D133239,0.22489
D114550,D133600,0.02939
D114550,D133690,0.10284
D114550,D134430,0.026923
D114550,D134500,0.11204
D114550,D134510,0.08636
D114550,D134520,0.031759
D114550,D134750,0.038785
D114550,D135550,0.052001
D114550,D137215,0.27729
D114550,D137400,0.022987
D114550,D137580,0.18623
D114550,D137750,0.071802
D114550,D137760,0.13254
D114550,D137800,0.20931
D114550,D138800,0.10441
D114550,D140300,0.22723
D114550,D140600,0.079463
D114550,D140850,0.079569
D114550,D143100,0.17284
D114550,D143465,0.09601
D114550,D143500,0.29891
D114550,D143880,0.15673
D114550,D144010,0.1392
D114550,D144110,0.10332
D114550,D144650,0.096706
D114550,D144700,0.33646
D114550,D145100,0.049596
D114550,D145200,0.14773
D114550,D145500,0.24476
D114550,D145590,0.022996
D114550,D145600,0.25552
D114550,D146110,0.19748
D114550,D146255,0.19628
D114550,D146500,0.13648
D114550,D146850,0.07536
D114550,D147480,0.22144
D114550,D147530,0.050681
D114550,D147540,0.020046
D114550,D148000,0.17702
D114550,D148100,0.061536
D114550,D150600,0.099534
D114550,D150699,0.26984
D114550,D151400,0.1316
D114550,D151590,0.20843
D114550,D152700,0.20478
D114550,D153880,0.033527
D114550,D154276,0.15449
D114550,D155100,0.17546
D114550,D155600,0.22862
D114550,D155601,0.12476
D114550,D156000,0.054496
D114550,D156190,0.098546
D114550,D157300,0.083251
D114550,D157700,0.10204
D114550,D157950,0.097567
D114550,D160300,0.11452
D114550,D160750,0.13941
D114550,D161900,0.19894
D114550,D164230,0.084341
D114550,D165150,0.039799
D114550,D165199,0.020839
D114550,D165720,0.11073
D114550,D166300,0.1122
D114550,D166710,0.15932
D114550,D166760,0.041268
D114550,D167320,0.15546
D114550,D167870,0.093383
D114550,D168100,0.094103
D114550,D168600,0.10969
D114550,D170900,0.085812
D114550,D171300,0.26993
D114550,D173200,0.13247
D114550,D174800,0.22009
D114550,D175100,0.25301
D114550,D175505,0.1647
D114550,D175510,0.12363
D114550,D176800,0.080549
D114550,D176807,0.3455
D114550,D178600,0.18446
D114550,D179600,0.097344
D114550,D179800,0.17104
D114550,D179830,0.091425
D114550,D181000,0.14087
D114550,D181460,0.074589
D114550,D181500,0.21868
D114550,D182000,0.17552
D114550,D182280,0.16166
D114550,D182830,0.065141
D114550,D184700,0.18283
D114550,D187950,0.13583
D114550,D188030,0.064242
D114550,D188050,0.30778
D114550,D188470,0.25515
D114550,D189600,0.076861
D114550,D189800,0.21799
D114550,D190300,0.12314
D114550,D190310,0.065926
D114550,D190400,0.03571
D114550,D191390,0.19841
D114550,D192200,0.098689
D114550,D194070,0.32328
D114550,D194200,0.12972
D114550,D200170,0.12602
D114550,D203700,0.1699
D114550,D206200,0.10516
D114550,D208085,0.20753
D114550,D208230,0.091953
D114550,D208300,0.10733
D114550,D208550,0.11645
D114550,D208700,0.099509
D114550,D208750,0.03989
D114550,D208920,0.13924
D114550,D210050,0.11919
D114550,D211980,0.24851
D114550,D212050,0.12417
D114550,D212112,0.02001
D114550,D212130,0.024299
D114550,D212140,0.22304
D114550,D212350,0.14415
D114550,D215140,0.14407
D114550,D215470,0.10243
D114550,D217150,0.045563
D114550,D217200,0.055793
D114550,D218200,0.10176
D114550,D218800,0.20819
D114550,D220120,0.32294
D114550,D223350,0.073913
D114550,D225740,0.078861
D114550,D225755,0.050756
D114550,D226000,0.14973
D114550,D226150,0.069127
D114550,D227300,0.10639
D114550,D230450,0.1041
D114550,D230800,0.23389
D114550,D231090,0.16015
D114550,D231200,0.10834
D114550,D231900,0.097224
D114550,D233810,0.08153
D114550,D236000,0.19666
D114550,D237450,0.10555
D114550,D237500,0.35537
D114550,D238800,0.116
D114550,D239350,0.11128
D114550,D240400,0.13448
D114550,D241100,0.14933
D114550,D241519,0.18961
D114550,D243200,0.12485
D114550,D246300,0.095425
D114550,D246400,0.10197
D114550,D246470,0.24053
D114550,D247200,0.15235
D114550,D247640,0.08022
D114550,D248190,0.16223
D114550,D249100,0.18851
D114550,D250790,0.14955
D114550,D252320,0.031893
D114550,D254200,0.1727
D114550,D254400,0.054354
D114550,D254450,0.070037
D114550,D254500,0.13312
D114550,D254770,0.089074
D114550,D254800,0.13657
D114550,D255900,0.12143
D114550,D256370,0.24573
D114550,D256700,0.27807
D114550,D258360,0.078309
D114550,D259050,0.091973
D114550,D259500,0.19984
D114550,D259660,0.02151
D114550,D260480,0.094892
D114550,D260570,0.058362
D114550,D260970,0.038195
D114550,D261515,0.2309
D114550,D263300,0.11706
D114550,D263800,0.16367
D114550,D264120,0.096518
D114550,D266120,0.13324
D114550,D266600,0.24115
D114550,D267730,0.057413
D114550,D267740,0.070108
D114550,D268220,0.13896
D114550,D268320,0.03325
D114550,D270960,0.15735
D114550,D273300,0.2229
D114550,D273800,0.14749
D114550,D275000,0.13443
D114550,D276300,0.19138
D114550,D277350,0.091575
D114550,D277440,0.25294
D114550,D277460,0.22678
D114550,D278200,0.045489
D114550,D300125,0.074835
D114550,D300232,0.08288
D114550,D300491,0.072488
D114550,D303110,0.048619
D114550,D304790,0.18275
D114550,D304900,0.12047
D114550,D305300,0.068014
D114550,D308205,0.10982
D114550,D308350,0.082721
D114550,D308600,0.077306
D114550,D310468,0.13732
D114550,D311360,0.24117
D114550,D312910,0.11927
D114550,D540000,0.15319
D114550,D600082,0.027398
D114550,D600131,0.075504
D114550,D600263,0.32326
D114550,D600351,0.090071
D114550,D600496,0.14951
D114550,D600631,0.077517
D114550,D600634,0.16532
D114550,D600803,0.13958
D114550,D600807,0.22611
D114550,D600808,0.077167
D114550,D601004,0.061299
D114550,D601042,0.059028
D114550,D601367,0.21594
D114550,D601518,0.13116
D114550,D601608,0.073973
D114550,D601626,0.099572
D114550,D601665,0.16647
D114550,D601682,0.033609
D114550,D602068,0.047711
D114550,D602080,0.15031
D114550,D602522,0.13557
D114550,D603165,0.18332
D114550,D604278,0.24935
D114550,D604416,0.14328
D114550,D604827,0.11416
D114550,D605021,0.073551
D114550,D605055,0.10621
D114550,D605839,0.28317
D114550,D606703,0.09748
D114550,D606798,0.033778
D114550,D606842,0.055755
D114550,D607225,0.087141
D114550,D607459,0.074366
D114550,D607498,0.066525
D114550,D607501,0.068167
D114550,D607508,0.12206
D114550,D607516,0.065522
D114550,D607554,0.094329
D114550,D607628,0.067116
D114550,D607631,0.066463
D114550,D607681,0.075441
D114550,D607682,0.076742
D114550,D607685,0.15006
D114550,D607850,0.083344
D114550,D608033,0.15171
D114550,D608088,0.070783
D114550,D608105,0.069862
D114550,D608217,0.1056
D114550,D608320,0.054073
D114550,D608583,0.077756
D114550,D608622,0.14737
D114580,D115000,0.032482
D114580,D115195,0.052862
D114580,D115300,0.23327
D114580,D115645,0.23844
D114580,D119500,0.18463
D114580,D121200,0.078922
D114580,D121201,0.10436
D114580,D125310,0.20404
D114580,D125320,0.068765
D114580,D125600,0.17133
D114580,D125700,0.15492
D114580,D125850,0.07477
D114580,D125851,0.075105
D114580,D125852,0.20952
D114580,D125853,0.11994
D114580,D126200,0.18457
D114580,D127350,0.034998
D114580,D127750,0.053465
D114580,D128101,0.09212
D114580,D131200,0.021613
D114580,D131300,0.19264
D114580,D131440,0.13438
D114580,D132090,0.14656
D114580,D132100,0.11783
D114580,D132300,0.12573
D114580,D133239,0.055043
D114580,D133690,0.080528
D114580,D134500,0.048056
D114580,D134750,0.065583
D114580,D135550,0.16007
D114580,D136200,0.12468
D114580,D137215,0.12967
D114580,D137400,0.15531
D114580,D137580,0.13541
D114580,D137750,0.094498
D114580,D137760,0.17321
D114580,D137800,0.18558
D114580,D138800,0.046985
D114580,D140300,0.25649
D114580,D140850,0.090937
D114580,D143100,0.14206
D114580,D143500,0.10373
D114580,D143880,0.18624
D114580,D144010,0.23743
D114580,D144110,0.20048
D114580,D144650,0.086558
D114580,D144700,0.11157
D114580,D145100,0.1797
D114580,D145200,0.095527
D114580,D145500,0.21483
D114580,D145590,0.16923
D114580,D145600,0.17714
D114580,D146110,0.12712
D114580,D146255,0.20628
D114580,D146500,0.21182
D114580,D146850,0.22011
D114580,D147480,0.12759
D114580,D147530,0.037105
D114580,D147540,0.053798
D114580,D148000,0.1366
D114580,D148100,0.098016
D114580,D150600,0.12607
D114580,D150699,0.14362
D114580,D151400,0.16776
D114580,D151590,0.13814
D114580,D152700,0.23467
D114580,D153880,0.11052
D114580,D154276,0.11768
D114580,D155100,0.1297
D114580,D155600,0.18194
D114580,D155601,0.057809
D114580,D156000,0.15947
D114580,D156190,0.099042
D114580,D157300,0.16672
D114580,D157700,0.20019
D114580,D157950,0.13756
D114580,D158280,0.067484
D114580,D160300,0.0242
D114580,D160750,0.13101
D114580,D161900,0.14697
D114580,D164230,0.092483
D114580,D165150,0.1903
D114580,D165199,0.091695
D114580,D165720,0.039403
D114580,D166300,0.11018
D114580,D166710,0.059617
D114580,D166760,0.067907
D114580,D167320,0.10799
D114580,D167870,0.13658
D114580,D168100,0.065251
D114580,D168600,0.089516
D114580,D170900,0.091168
D114580,D171300,0.17467
D114580,D173200,0.13048
D114580,D174800,0.18453
D114580,D175100,0.20814
D114580,D175505,0.048485
D114580,D175510,0.18699
D114580,D176807,0.12302
D114580,D178600,0.19356
D114580,D179600,0.067603
D114580,D179800,0.13159
D114580,D179830,0.040205
D114580,D181000,0.2141
D114580,D181460,0.068021
D114580,D181500,0.20895
D114580,D182000,0.09194
D114580,D182280,0.11321
D114580,D182830,0.14294
D114580,D184700,0.17548
D114580,D187950,0.18598
D114580,D188030,0.11713
D114580,D188050,0.20201
D114580,D188470,0.08193
D114580,D189600,0.10645
D114580,D189800,0.1329
D114580,D190300,0.18886
D114580,D190310,0.072242
D114580,D190400,0.039142
D114580,D191390,0.25788
D114580,D192200,0.081263
D114580,D194070,0.11971
D114580,D194200,0.15882
D114580,D200170,0.10982
D114580,D203700,0.1402
D114580,D205700,0.032166
D114580,D206200,0.077919
D114580,D208085,0.071492
D114580,D208230,0.098971
D114580,D208300,0.043528
D114580,D208550,0.20026
D114580,D208700,0.07283
D114580,D208750,0.15759
D114580,D208920,0.24112
D114580,D210050,0.16875
D114580,D211980,0.034862
D114580,D212050,0.51645
D114580,D212110,0.035407
D114580,D212112,0.1102
D114580,D212130,0.05329
D114580,D212140,0.16998
D114580,D212350,0.10508
D114580,D215140,0.17294
D114580,D215470,0.16373
D114580,D217150,0.14031
D114580,D217200,0.081738
D114580,D218200,0.1797
D114580,D218800,0.25521
D114580,D220120,0.1478
D114580,D223350,0.11643
D114580,D225740,0.12615
D114580,D225755,0.055958
D114580,D226000,0.19297
D114580,D226150,0.02311
D114580,D227300,0.044808
D114580,D230450,0.13119
D114580,D230800,0.24669
D114580,D231090,0.083721
D114580,D231200,0.21679
D114580,D231900,0.080279
D114580,D233810,0.21102
D114580,D236000,0.15476
D114580,D237450,0.056067
D114580,D237500,0.13405
D114580,D238800,0.021063
D114580,D239350,0.087317
D114580,D240400,0.09469
D114580,D241100,0.048682
D114580,D241519,0.10761
D114580,D243200,0.058665
D114580,D246300,0.22496
D114580,D246400,0.098665
D114580,D246470,0.067332
D114580,D247200,0.18569
D114580,D247640,0.049224
D114580,D248190,0.057634
D114580,D249100,0.22328
D114580,D250790,0.15744
D114580,D252320,0.11267
D114580,D254200,0.13134
D114580,D254400,0.10644
D114580,D254450,0.066396
D114580,D254500,0.14489
D114580,D254770,0.097634
D114580,D254800,0.17466
D114580,D255900,0.20149
D114580,D256700,0.20255
D114580,D258360,0.31413
D114580,D259050,0.13998
D114580,D259500,0.11617
D114580,D260480,0.21837
D114580,D260570,0.13722
D114580,D260970,0.04186
D114580,D261515,0.16405
D114580,D263300,0.19786
D114580,D263800,0.15877
D114580,D264120,0.084559
D114580,D266120,0.062776
D114580,D266600,0.23364
D114580,D267730,0.030349
D114580,D267740,0.15461
D114580,D268220,0.077608
D114580,D268320,0.23289
D114580,D270960,0.018749
D114580,D273300,0.074962
D114580,D273800,0.28324
D114580,D275000,0.25415
D114580,D276300,0.13856
D114580,D277350,0.16968
D114580,D277440,0.2684
D114580,D277460,0.16661
D114580,D278200,0.31414
D114580,D300125,0.14112
D114580,D300232,0.18465
D114580,D300491,0.14053
D114580,D300494,0.069578
D114580,D303110,0.071184
D114580,D304790,0.26845
D114580,D304900,0.066016
D114580,D305300,0.055163
D114580,D308205,0.352
D114580,D308350,0.072636
D114580,D308600,0.069404
D114580,D311360,0.15536
D114580,D312910,0.1259
D114580,D540000,0.16544
D114580,D600131,0.11039
D114580,D600263,0.16278
D114580,D600351,0.11307
D114580,D600496,0.089961
D114580,D600634,0.024002
D114580,D600803,0.085742
D114580,D600807,0.1728
D114580,D601004,0.064859
D114580,D601042,0.062433
D114580,D601367,0.29359
D114580,D601608,0.051283
D114580,D601626,0.071337
D114580,D601665,0.15004
D114580,D601682,0.099756
D114580,D602068,0.14366
D114580,D602080,0.10274
D114580,D602522,0.15085
D114580,D603165,0.18915
D114580,D604278,0.18552
D114580,D604416,0.12344
D114580,D604827,0.060175
D114580,D605021,0.10754
D114580,D605055,0.077578
D114580,D605839,0.047356
D114580,D606703,0.07856
D114580,D606798,0.093031
D114580,D606842,0.076169
D114580,D607225,0.086858
D114580,D607459,0.089599
D114580,D607498,0.12345
D114580,D607501,0.12779
D114580,D607508,0.17021
D114580,D607516,0.16386
D114580,D607554,0.21147
D114580,D607628,0.098204
D114580,D607631,0.097171
D114580,D607681,0.1103
D114580,D607682,0.1122
D114580,D607685,0.30423
D114580,D608033,0.083964
D114580,D608088,0.04784
D114580,D608105,0.11438
D114580,D608217,0.092648
D114580,D608320,0.1202
D114580,D608583,0.23294
D114580,D608622,0.24633
D115000,D115195,0.13571
D115000,D115645,0.040098
D115000,D125310,0.054104
D115000,D125852,0.039995
D115000,D125853,0.03368
D115000,D126200,0.023579
D115000,D131300,0.025959
D115000,D133239,0.036395
D115000,D137215,0.029644
D115000,D140300,0.032332
D115000,D140850,0.10389
D115000,D143100,0.020475
D115000,D143880,0.078238
D115000,D144010,0.080166
D115000,D144700,0.052143
D115000,D145500,0.084211
D115000,D145600,0.12565
D115000,D146110,0.031081
D115000,D146255,0.066066
D115000,D146500,0.029444
D115000,D147480,0.045426
D115000,D150600,0.034734
D115000,D152700,0.065794
D115000,D156000,0.051039
D115000,D157300,0.038715
D115000,D157700,0.13904
D115000,D160750,0.060723
D115000,D161900,0.070733
D115000,D166300,0.061894
D115000,D167320,0.047349
D115000,D167870,0.073345
D115000,D168600,0.029341
D115000,D170900,0.045862
D115000,D171300,0.084891
D115000,D173200,0.057344
D115000,D175100,0.046204
D115000,D178600,0.095005
D115000,D179600,0.086244
D115000,D181000,0.025097
D115000,D184700,0.052045
D115000,D187950,0.061677
D115000,D188030,0.04194
D115000,D188050,0.044403
D115000,D188470,0.05595
D115000,D189800,0.045921
D115000,D190300,0.034161
D115000,D192200,0.13876
D115000,D194070,0.075455
D115000,D194200,0.23275
D115000,D203700,0.051798
D115000,D208085,0.041677
D115000,D208750,0.12701
D115000,D208920,0.032054
D115000,D210050,0.080787
D115000,D212110,0.18199
D115000,D212112,0.11293
D115000,D212130,0.13717
D115000,D212140,0.15116
D115000,D212350,0.10523
D115000,D215140,0.02876
D115000,D217200,0.081477
D115000,D218200,0.040815
D115000,D218800,0.033523
D115000,D225740,0.083835
D115000,D226000,0.10241
D115000,D230800,0.042831
D115000,D236000,0.037951
D115000,D240400,0.03965
D115000,D247200,0.064382
D115000,D249100,0.04341
D115000,D252320,0.044721
D115000,D254400,0.046715
D115000,D254500,0.029901
D115000,D254800,0.057784
D115000,D256700,0.041951
D115000,D261515,0.073431
D115000,D263300,0.045504
D115000,D263800,0.030385
D115000,D266600,0.022861
D115000,D273300,0.024939
D115000,D273800,0.031503
D115000,D275000,0.061422
D115000,D277460,0.069178
D115000,D300125,0.051611
D115000,D304790,0.077932
D115000,D305300,0.094381
D115000,D308350,0.048941
D115000,D540000,0.027304
D115000,D601367,0.099986
D115000,D601665,0.041505
D115000,D606842,0.077901
D115000,D607225,0.039721
D115000,D607498,0.045112
D115000,D607501,0.046518
D115000,D607508,0.048264
D115000,D607516,0.044991
D115000,D607554,0.21852
D115000,D607685,0.062271
D115000,D608320,0.12524
D115000,D608583,0.24011
D115000,D608622,0.14034
D115195,D115645,0.065269
D115195,D119500,0.090449
D115195,D121200,0.082268
D115195,D121201,0.10879
D115195,D125310,0.064017
D115195,D125320,0.035824
D115195,D125700,0.073266
D115195,D125852,0.065119
D115195,D125853,0.027409
D115195,D126200,0.093955
D115195,D127350,0.034741
D115195,D127750,0.027871
D115195,D128101,0.07645
D115195,D131300,0.13047
D115195,D132090,0.07628
D115195,D132100,0.061346
D115195,D132300,0.052326
D115195,D133239,0.056349
D115195,D133600,0.062015
D115195,D133690,0.088197
D115195,D134430,0.061566
D115195,D134500,0.049951
D115195,D134510,0.048919
D115195,D134520,0.072601
D115195,D134750,0.044434
D115195,D135550,0.079101
D115195,D137215,0.046494
D115195,D137580,0.046819
D115195,D137750,0.098597
D115195,D137760,0.08066
D115195,D137800,0.091171
D115195,D140300,0.12975
D115195,D140600,0.05804
D115195,D140850,0.12668
D115195,D143100,0.06689
D115195,D143500,0.053022
D115195,D143880,0.19847
D115195,D144010,0.12871
D115195,D144700,0.062601
D115195,D145200,0.044154
D115195,D145500,0.090377
D115195,D145590,0.052588
D115195,D145600,0.13035
D115195,D146110,0.075887
D115195,D146255,0.078481
D115195,D146500,0.071911
D115195,D147530,0.11628
D115195,D147540,0.045841
D115195,D150600,0.084886
D115195,D151400,0.026087
D115195,D152700,0.12545
D115195,D153880,0.07667
D115195,D154276,0.1839
D115195,D155100,0.027433
D115195,D155600,0.020928
D115195,D156000,0.083077
D115195,D156190,0.10321
D115195,D157300,0.063021
D115195,D157700,0.20967
D115195,D157950,0.061781
D115195,D160300,0.2613
D115195,D160750,0.18911
D115195,D161900,0.10968
D115195,D164230,0.096418
D115195,D165150,0.045234
D115195,D165199,0.09654
D115195,D165720,0.082249
D115195,D166300,0.12606
D115195,D166710,0.062063
D115195,D167320,0.031959
D115195,D167870,0.14931
D115195,D168100,0.03401
D115195,D168600,0.070198
D115195,D170900,0.037323
D115195,D171300,0.08403
D115195,D173200,0.046667
D115195,D174800,0.049135
D115195,D175100,0.07432
D115195,D175505,0.033296
D115195,D176800,0.12151
D115195,D176807,0.056965
D115195,D178600,0.075948
D115195,D179600,0.070186
D115195,D179800,0.12257
D115195,D179830,0.041513
D115195,D181000,0.061333
D115195,D181500,0.051037
D115195,D182000,0.086799
D115195,D182830,0.049568
D115195,D184700,0.06346
D115195,D187950,0.075203
D115195,D188030,0.034131
D115195,D188050,0.1084
D115195,D189600,0.043761
D115195,D189800,0.074724
D115195,D190300,0.14357
D115195,D190310,0.050194
D115195,D190400,0.081663
D115195,D191390,0.046955
D115195,D192200,0.22573
D115195,D194070,0.21768
D115195,D194200,0.40817
D115195,D200170,0.11216
D115195,D203700,0.079757
D115195,D208085,0.082037
D115195,D208230,0.08059
D115195,D208700,0.11489
D115195,D208750,0.14333
D115195,D208920,0.10467
D115195,D210050,0.059242
D115195,D212050,0.039653
D115195,D212110,0.22409
D115195,D212112,0.22742
D115195,D212130,0.78922
D115195,D212140,0.19257
D115195,D212350,0.39568
D115195,D215140,0.042341
D115195,D215470,0.066712
D115195,D217150,0.10774
D115195,D217200,0.042533
D115195,D218200,0.10005
D115195,D218800,0.04974
D115195,D220120,0.08622
D115195,D225740,0.28063
D115195,D225755,0.11612
D115195,D226000,0.2332
D115195,D227300,0.047469
D115195,D230450,0.19411
D115195,D230800,0.08672
D115195,D231200,0.030114
D115195,D233810,0.040504
D115195,D236000,0.030884
D115195,D237450,0.048069
D115195,D237500,0.027967
D115195,D238800,0.1842
D115195,D239350,0.036345
D115195,D240400,0.064539
D115195,D241100,0.033735
D115195,D243200,0.081533
D115195,D246400,0.024226
D115195,D247200,0.093535
D115195,D249100,0.08825
D115195,D250790,0.034004
D115195,D252320,0.15165
D115195,D254200,0.15249
D115195,D254400,0.038017
D115195,D254500,0.097651
D115195,D254770,0.067844
D115195,D254800,0.11427
D115195,D255900,0.1053
D115195,D256370,0.032028
D115195,D256700,0.067452
D115195,D258360,0.033249
D115195,D259050,0.085923
D115195,D259500,0.066217
D115195,D259660,0.098513
D115195,D260480,0.047865
D115195,D260570,0.044376
D115195,D260970,0.089997
D115195,D261515,0.095232
D115195,D263300,0.037032
D115195,D263800,0.10298
D115195,D264120,0.043671
D115195,D266120,0.043327
D115195,D266600,0.074472
D115195,D267740,0.053438
D115195,D268220,0.040393
D115195,D268320,0.076035
D115195,D270960,0.038843
D115195,D273300,0.038965
D115195,D273800,0.07698
D115195,D275000,0.1289
D115195,D276300,0.041421
D115195,D277440,0.062372
D115195,D277460,0.14234
D115195,D300125,0.084006
D115195,D300232,0.092836
D115195,D300491,0.055034
D115195,D303110,0.074021
D115195,D304790,0.060083
D115195,D304900,0.034366
D115195,D305300,0.28225
D115195,D308205,0.044525
D115195,D308350,0.07536
D115195,D308600,0.058907
D115195,D310468,0.06973
D115195,D311360,0.077627
D115195,D312910,0.060681
D115195,D540000,0.13509
D115195,D600131,0.05754
D115195,D600634,0.04972
D115195,D601042,0.080668
D115195,D601367,0.10684
D115195,D601608,0.10954
D115195,D601665,0.10062
D115195,D602080,0.065591
D115195,D602522,0.028077
D115195,D603165,0.023583
D115195,D604278,0.056266
D115195,D604416,0.032605
D115195,D604827,0.041713
D115195,D605021,0.055959
D115195,D605055,0.039953
D115195,D606703,0.054427
D115195,D606798,0.038614
D115195,D606842,0.24082
D115195,D607225,0.11749
D115195,D607459,0.048473
D115195,D607498,0.073429
D115195,D607501,0.075745
D115195,D607508,0.078559
D115195,D607516,0.073232
D115195,D607554,0.21574
D115195,D607628,0.051158
D115195,D607631,0.050643
D115195,D607681,0.057453
D115195,D607682,0.058454
D115195,D607685,0.12773
D115195,D607850,0.044743
D115195,D608033,0.052148
D115195,D608088,0.097312
D115195,D608105,0.12494
D115195,D608217,0.096561
D115195,D608320,0.096572
D115195,D608583,0.17785
D115195,D608622,0.16814
D115300,D115645,0.20011
D115300,D119500,0.13127
D115300,D125310,0.10181
D115300,D125600,0.23733
D115300,D125700,0.20569
D115300,D125850,0.3302
D115300,D125851,0.19218
D115300,D125852,0.1577
D115300,D125853,0.2352
D115300,D126200,0.089069
D115300,D127350,0.041869
D115300,D128101,0.043461
D115300,D131300,0.17454
D115300,D131440,0.19003
D115300,D133239,0.13622
D115300,D133690,0.12654
D115300,D134500,0.1846
D115300,D135550,0.13725
D115300,D136200,0.27349
D115300,D137215,0.14512
D115300,D137400,0.18038
D115300,D137580,0.11272
D115300,D137750,0.075891
D115300,D137760,0.16208
D115300,D137800,0.10924
D115300,D140300,0.2112
D115300,D140850,0.10808
D115300,D143100,0.14174
D115300,D143500,0.25876
D115300,D143880,0.3091
D115300,D144010,0.26952
D115300,D144110,0.22708
D115300,D144650,0.16335
D115300,D144700,0.10076
D115300,D145100,0.28309
D115300,D145200,0.11406
D115300,D145500,0.14988
D115300,D145590,0.26757
D115300,D145600,0.16823
D115300,D146110,0.1686
D115300,D146255,0.18427
D115300,D146500,0.23035
D115300,D146850,0.14803
D115300,D147480,0.40934
D115300,D147540,0.11547
D115300,D148000,0.26928
D115300,D148100,0.11399
D115300,D150600,0.13775
D115300,D150699,0.12526
D115300,D151400,0.0985
D115300,D151590,0.38837
D115300,D152700,0.15291
D115300,D153880,0.08875
D115300,D154276,0.16256
D115300,D155100,0.10257
D115300,D155600,0.22247
D115300,D155601,0.12423
D115300,D156000,0.046129
D115300,D156190,0.079699
D115300,D157300,0.035251
D115300,D157700,0.11284
D115300,D157950,0.19298
D115300,D158280,0.16242
D115300,D160750,0.16969
D115300,D161900,0.16765
D115300,D165150,0.15789
D115300,D165199,0.11072
D115300,D166300,0.15503
D115300,D166710,0.20572
D115300,D166760,0.052448
D115300,D167320,0.21313
D115300,D170900,0.042254
D115300,D171300,0.20012
D115300,D173200,0.13005
D115300,D174800,0.17765
D115300,D175100,0.13714
D115300,D175505,0.037851
D115300,D175510,0.12447
D115300,D176807,0.10508
D115300,D178600,0.092632
D115300,D179800,0.18543
D115300,D179830,0.15484
D115300,D181000,0.27028
D115300,D181500,0.21483
D115300,D182000,0.10805
D115300,D182280,0.17137
D115300,D182830,0.11497
D115300,D184700,0.24153
D115300,D187950,0.1481
D115300,D188030,0.12695
D115300,D188050,0.093504
D115300,D188470,0.25564
D115300,D189600,0.051826
D115300,D189800,0.23323
D115300,D190300,0.096367
D115300,D191390,0.19779
D115300,D194070,0.10401
D115300,D200170,0.089841
D115300,D203700,0.10605
D115300,D206200,0.29652
D115300,D208085,0.14719
D115300,D208230,0.065842
D115300,D208300,0.10482
D115300,D208550,0.18327
D115300,D208750,0.11983
D115300,D208920,0.21783
D115300,D210050,0.085521
D115300,D211980,0.21376
D115300,D212050,0.24056
D115300,D212140,0.27369
D115300,D212350,0.063372
D115300,D215140,0.15941
D115300,D215470,0.20297
D115300,D217150,0.11736
D115300,D218800,0.30703
D115300,D220120,0.41814
D115300,D223350,0.1021
D115300,D225740,0.078713
D115300,D227300,0.17203
D115300,D230450,0.2402
D115300,D230800,0.23077
D115300,D231200,0.22038
D115300,D231900,0.14361
D115300,D233810,0.12821
D115300,D236000,0.079953
D115300,D237450,0.17365
D115300,D237500,0.31975
D115300,D240400,0.21037
D115300,D241519,0.3536
D115300,D243200,0.044846
D115300,D246300,0.17886
D115300,D246400,0.15083
D115300,D246470,0.038796
D115300,D247200,0.15323
D115300,D247640,0.037214
D115300,D249100,0.19373
D115300,D250790,0.29195
D115300,D252320,0.09165
D115300,D254200,0.1753
D115300,D254400,0.10709
D115300,D254450,0.037797
D115300,D254500,0.089773
D115300,D254800,0.053018
D115300,D255900,0.1653
D115300,D256700,0.18465
D115300,D258360,0.20458
D115300,D259050,0.1087
D115300,D259500,0.085501
D115300,D260480,0.20422
D115300,D260570,0.11497
D115300,D261515,0.29136
D115300,D263300,0.19189
D115300,D263800,0.20721
D115300,D264120,0.16341
D115300,D266120,0.16018
D115300,D266600,0.17733
D115300,D267740,0.12505
D115300,D268220,0.1386
D115300,D268320,0.13375
D115300,D273300,0.11533
D115300,D273800,0.24544
D115300,D275000,0.26419
D115300,D276300,0.075383
D115300,D277350,0.40313
D115300,D277440,0.21168
D115300,D277460,0.31738
D115300,D278200,0.18493
D115300,D300232,0.14473
D115300,D300491,0.079873
D115300,D300494,0.16762
D115300,D303110,0.085908
D115300,D304790,0.17201
D115300,D308205,0.11414
D115300,D308600,0.14895
D115300,D310468,0.038523
D115300,D311360,0.2169
D115300,D312910,0.070563
D115300,D540000,0.18062
D115300,D600263,0.24035
D115300,D600351,0.20742
D115300,D600496,0.2599
D115300,D600803,0.31407
D115300,D600807,0.23481
D115300,D601042,0.06175
D115300,D601367,0.10078
D115300,D601626,0.093834
D115300,D601665,0.16632
D115300,D601682,0.15195
D115300,D602068,0.13799
D115300,D602080,0.15802
D115300,D602522,0.2015
D115300,D603165,0.2618
D115300,D604278,0.17214
D115300,D604416,0.083675
D115300,D605839,0.10158
D115300,D606798,0.090192
D115300,D606842,0.035618
D115300,D607225,0.065032
D115300,D607459,0.058066
D115300,D607508,0.14651
D115300,D607516,0.041463
D115300,D607685,0.28018
D115300,D608105,0.093024
D115300,D608622,0.21715
D115645,D119500,0.24547
D115645,D121200,0.097453
D115645,D121201,0.064525
D115645,D125310,0.14597
D115645,D125600,0.21479
D115645,D125700,0.15359
D115645,D125850,0.071511
D115645,D125852,0.097869
D115645,D125853,0.067806
D115645,D126200,0.13281
D115645,D127350,0.023685
D115645,D127750,0.016525
D115645,D128101,0.098152
D115645,D131200,0.05331
D115645,D131300,0.18604
D115645,D131440,0.13827
D115645,D132100,0.036388
D115645,D132300,0.03126
D115645,D133239,0.12267
D115645,D133690,0.17222
D115645,D134430,0.146
D115645,D134500,0.11833
D115645,D134510,0.11611
D115645,D134520,0.085964
D115645,D134750,0.07871
D115645,D135550,0.23994
D115645,D136200,0.26642
D115645,D137215,0.13928
D115645,D137400,0.19702
D115645,D137580,0.087993
D115645,D137750,0.20089
D115645,D137760,0.14723
D115645,D137800,0.098306
D115645,D138800,0.084494
D115645,D140300,0.10095
D115645,D140850,0.41302
D115645,D143100,0.1186
D115645,D143500,0.11016
D115645,D143880,0.23554
D115645,D144010,0.19792
D115645,D144110,0.12119
D115645,D144700,0.14171
D115645,D145100,0.22362
D115645,D145200,0.12563
D115645,D145500,0.067057
D115645,D145590,0.21085
D115645,D145600,0.16568
D115645,D146110,0.059895
D115645,D146255,0.11419
D115645,D146500,0.17715
D115645,D147480,0.090357
D115645,D147530,0.022864
D115645,D147540,0.17127
D115645,D148000,0.11962
D115645,D148100,0.061399
D115645,D150600,0.12135
D115645,D150699,0.17885
D115645,D151400,0.078737
D115645,D151590,0.11291
D115645,D152700,0.13442
D115645,D153880,0.24071
D115645,D155100,0.13336
D115645,D155600,0.23893
D115645,D155601,0.13248
D115645,D156000,0.13204
D115645,D156190,0.20257
D115645,D157300,0.055987
D115645,D157700,0.23928
D115645,D157950,0.097481
D115645,D158280,0.17479
D115645,D160300,0.029886
D115645,D161900,0.081177
D115645,D164230,0.028536
D115645,D165150,0.27945
D115645,D165199,0.18904
D115645,D166300,0.12365
D115645,D166710,0.041577
D115645,D166760,0.094995
D115645,D167320,0.019036
D115645,D167870,0.035285
D115645,D168600,0.053943
D115645,D170900,0.22169
D115645,D171300,0.26815
D115645,D173200,0.13404
D115645,D174800,0.19076
D115645,D175100,0.17939
D115645,D175505,0.15848
D115645,D175510,0.14001
D115645,D176800,0.035907
D115645,D176807,0.052178
D115645,D178600,0.17882
D115645,D179600,0.083306
D115645,D179800,0.017422
D115645,D181000,0.26375
D115645,D181460,0.026972
D115645,D181500,0.079375
D115645,D182000,0.13513
D115645,D182280,0.091997
D115645,D182830,0.15608
D115645,D184700,0.11056
D115645,D187950,0.11875
D115645,D188030,0.1219
D115645,D188050,0.10707
D115645,D188470,0.050938
D115645,D189600,0.091211
D115645,D189800,0.088661
D115645,D190300,0.16999
D115645,D190310,0.059492
D115645,D191390,0.19979
D115645,D192200,0.1002
D115645,D194070,0.11142
D115645,D194200,0.077512
D115645,D200170,0.048347
D115645,D203700,0.1463
D115645,D205700,0.073042
D115645,D206200,0.091915
D115645,D208085,0.097525
D115645,D208300,0.19401
D115645,D208550,0.14338
D115645,D208700,0.022421
D115645,D208750,0.15077
D115645,D208920,0.14209
D115645,D210050,0.088903
D115645,D211980,0.070159
D115645,D212050,0.23936
D115645,D212110,0.043709
D115645,D212112,0.05424
D115645,D212130,0.032905
D115645,D212140,0.091444
D115645,D212350,0.20016
D115645,D215140,0.2848
D115645,D215470,0.17138
D115645,D217150,0.17003
D115645,D217200,0.025221
D115645,D218200,0.098502
D115645,D218800,0.14775
D115645,D220120,0.05167
D115645,D223350,0.094779
D115645,D225740,0.21157
D115645,D225755,0.045825
D115645,D226000,0.048935
D115645,D226150,0.056154
D115645,D227300,0.11504
D115645,D230450,0.080444
D115645,D230800,0.23844
D115645,D231090,0.098401
D115645,D231200,0.27598
D115645,D231900,0.065714
D115645,D233810,0.12194
D115645,D236000,0.16536
D115645,D237450,0.12179
D115645,D237500,0.23228
D115645,D240400,0.1733
D115645,D241100,0.019969
D115645,D243200,0.072496
D115645,D246300,0.046448
D115645,D246400,0.10412
D115645,D246470,0.12202
D115645,D247200,0.35059
D115645,D247640,0.082911
D115645,D248190,0.17213
D115645,D249100,0.16796
D115645,D250790,0.10675
D115645,D252320,0.13558
D115645,D254200,0.087344
D115645,D254400,0.23843
D115645,D254450,0.18815
D115645,D254500,0.13022
D115645,D254800,0.080969
D115645,D255900,0.08824
D115645,D256370,0.056911
D115645,D256700,0.20282
D115645,D258360,0.25785
D115645,D259050,0.2734
D115645,D259500,0.099648
D115645,D259660,0.029116
D115645,D260480,0.19735
D115645,D260570,0.026268
D115645,D261515,0.18022
D115645,D263300,0.13173
D115645,D263800,0.061531
D115645,D266120,0.077188
D115645,D266600,0.19151
D115645,D267730,0.10361
D115645,D267740,0.17895
D115645,D268220,0.17887
D115645,D268320,0.38453
D115645,D270960,0.045985
D115645,D273300,0.074783
D115645,D273800,0.32979
D115645,D275000,0.1576
D115645,D276300,0.20089
D115645,D277350,0.23657
D115645,D277440,0.15254
D115645,D277460,0.15311
D115645,D278200,0.35202
D115645,D300125,0.074636
D115645,D300232,0.30423
D115645,D300491,0.094808
D115645,D300494,0.22566
D115645,D303110,0.16758
D115645,D304790,0.2319
D115645,D305300,0.067929
D115645,D308205,0.26639
D115645,D308350,0.022298
D115645,D308600,0.15002
D115645,D310468,0.020573
D115645,D311360,0.095014
D115645,D312910,0.21709
D115645,D540000,0.13478
D115645,D600263,0.12017
D115645,D600351,0.067301
D115645,D600496,0.067719
D115645,D600634,0.089679
D115645,D600803,0.079347
D115645,D600807,0.1657
D115645,D601004,0.040068
D115645,D601042,0.099909
D115645,D601367,0.19731
D115645,D601518,0.034696
D115645,D601608,0.061579
D115645,D601626,0.085884
D115645,D601665,0.14276
D115645,D601682,0.20466
D115645,D602068,0.074261
D115645,D602080,0.12551
D115645,D602522,0.14072
D115645,D603165,0.29484
D115645,D604278,0.23022
D115645,D604416,0.044987
D115645,D605839,0.1079
D115645,D606798,0.1483
D115645,D606842,0.08178
D115645,D607225,0.10409
D115645,D607459,0.1247
D115645,D607498,0.06524
D115645,D607501,0.067272
D115645,D607508,0.069796
D115645,D607516,0.088518
D115645,D607554,0.095766
D115645,D607685,0.18115
D115645,D608033,0.015433
D115645,D608088,0.057422
D115645,D608105,0.15214
D115645,D608217,0.057304
D115645,D608320,0.073326
D115645,D608583,0.070169
D115645,D608622,0.064445
D119500,D121200,0.048632
D119500,D121201,0.064411
D119500,D125310,0.17253
D119500,D125320,0.028221
D119500,D125600,0.27026
D119500,D125700,0.19535
D119500,D125850,0.077489
D119500,D125851,0.020399
D119500,D125852,0.090285
D119500,D125853,0.14459
D119500,D126200,0.15321
D119500,D127350,0.19293
D119500,D127750,0.032945
D119500,D128101,0.078805
D119500,D131200,0.14943
D119500,D131300,0.28625
D119500,D131440,0.048015
D119500,D132090,0.030042
D119500,D132100,0.048335
D119500,D132300,0.17022
D119500,D133239,0.11542
D119500,D133600,0.18375
D119500,D133690,0.168
D119500,D134430,0.024248
D119500,D134500,0.019673
D119500,D134510,0.019267
D119500,D134520,0.11585
D119500,D134750,0.12261
D119500,D135550,0.21001
D119500,D136200,0.1269
D119500,D137215,0.13046
D119500,D137400,0.16807
D119500,D137580,0.10195
D119500,D137750,0.16901
D119500,D137760,0.17082
D119500,D137800,0.12639
D119500,D138800,0.091058
D119500,D140300,0.13147
D119500,D140600,0.19563
D119500,D140850,0.07154
D119500,D143100,0.18901
D119500,D143465,0.087029
D119500,D143500,0.052322
D119500,D143880,0.15929
D119500,D144010,0.1291
D119500,D144110,0.097084
D119500,D144650,0.017265
D119500,D144700,0.10386
D119500,D145100,0.21164
D119500,D145200,0.20982
D119500,D145500,0.10964
D119500,D145590,0.15793
D119500,D145600,0.30506
D119500,D146110,0.21276
D119500,D146255,0.14807
D119500,D146500,0.15449
D119500,D147480,0.059638
D119500,D147530,0.12939
D119500,D147540,0.058939
D119500,D148000,0.054533
D119500,D148100,0.13278
D119500,D150600,0.14774
D119500,D150699,0.23361
D119500,D151400,0.062184
D119500,D151590,0.13475
D119500,D152700,0.23027
D119500,D153880,0.16996
D119500,D154276,0.069062
D119500,D155100,0.086989
D119500,D155600,0.15548
D119500,D155601,0.13069
D119500,D156000,0.049408
D119500,D156190,0.13784
D119500,D157300,0.037248
D119500,D157700,0.24465
D119500,D157950,0.31633
D119500,D158280,0.11276
D119500,D160300,0.24385
D119500,D160750,0.10702
D119500,D161900,0.15253
D119500,D164230,0.056983
D119500,D165150,0.1973
D119500,D165199,0.11563
D119500,D165720,0.20722
D119500,D166300,0.25915
D119500,D166710,0.19579
D119500,D166760,0.13062
D119500,D167320,0.13837
D119500,D167870,0.059312
D119500,D168100,0.12414
D119500,D168600,0.10633
D119500,D170900,0.044157
D119500,D171300,0.14297
D119500,D173200,0.23822
D119500,D174800,0.24212
D119500,D175100,0.22489
D119500,D175505,0.066029
D119500,D175510,0.05354
D119500,D176800,0.23434
D119500,D176807,0.17267
D119500,D178600,0.079751
D119500,D179600,0.13317
D119500,D179800,0.092779
D119500,D179830,0.032627
D119500,D181000,0.18445
D119500,D181460,0.037768
D119500,D181500,0.11464
D119500,D182000,0.19293
D119500,D182280,0.049782
D119500,D182830,0.12076
D119500,D184700,0.15579
D119500,D187950,0.08448
D119500,D188050,0.10207
D119500,D188470,0.08477
D119500,D189600,0.18283
D119500,D189800,0.04416
D119500,D190300,0.25772
D119500,D190310,0.019769
D119500,D190400,0.032162
D119500,D191390,0.18787
D119500,D191800,0.039601
D119500,D192000,0.19515
D119500,D192200,0.1333
D119500,D194070,0.19917
D119500,D194200,0.079236
D119500,D200170,0.17878
D119500,D203700,0.13531
D119500,D208085,0.1381
D119500,D208230,0.25285
D119500,D208300,0.15057
D119500,D208550,0.1203
D119500,D208700,0.045215
D119500,D208750,0.090865
D119500,D208920,0.083983
D119500,D210050,0.035368
D119500,D211980,0.01769
D119500,D212050,0.21835
D119500,D212112,0.072558
D119500,D212130,0.094072
D119500,D212140,0.13181
D119500,D212350,0.11011
D119500,D215140,0.25198
D119500,D215470,0.16447
D119500,D217150,0.44626
D119500,D217200,0.033507
D119500,D218200,0.10519
D119500,D218800,0.10327
D119500,D220120,0.051337
D119500,D223350,0.015577
D119500,D225740,0.14113
D119500,D225755,0.16966
D119500,D226000,0.17933
D119500,D227300,0.018696
D119500,D230450,0.12885
D119500,D230800,0.16191
D119500,D231090,0.080373
D119500,D231200,0.16538
D119500,D233810,0.21452
D119500,D236000,0.050526
D119500,D237450,0.061547
D119500,D237500,0.094881
D119500,D238800,0.069541
D119500,D239350,0.042965
D119500,D240400,0.10358
D119500,D241100,0.21506
D119500,D241519,0.019427
D119500,D243200,0.064228
D119500,D246300,0.087679
D119500,D246400,0.12677
D119500,D246470,0.081175
D119500,D247200,0.38643
D119500,D247640,0.028944
D119500,D248190,0.063095
D119500,D249100,0.19412
D119500,D250790,0.085766
D119500,D252320,0.18031
D119500,D254200,0.15162
D119500,D254400,0.052917
D119500,D254450,0.043504
D119500,D254500,0.126
D119500,D254770,0.053565
D119500,D254800,0.097763
D119500,D255900,0.19252
D119500,D256370,0.10611
D119500,D256700,0.21242
D119500,D258360,0.17276
D119500,D259050,0.37771
D119500,D259500,0.14656
D119500,D259660,0.19957
D119500,D260480,0.21368
D119500,D260570,0.017478
D119500,D260970,0.069724
D119500,D261515,0.22293
D119500,D263300,0.014667
D119500,D263800,0.12894
D119500,D264120,0.07227
D119500,D266120,0.034143
D119500,D266600,0.20787
D119500,D267730,0.022997
D119500,D267740,0.13697
D119500,D268220,0.11897
D119500,D268320,0.18692
D119500,D270960,0.10885
D119500,D273300,0.18819
D119500,D273800,0.20126
D119500,D275000,0.17178
D119500,D276300,0.19918
D119500,D277350,0.1547
D119500,D277440,0.25441
D119500,D277460,0.11307
D119500,D278200,0.23919
D119500,D300125,0.04968
D119500,D300232,0.37664
D119500,D300491,0.1041
D119500,D300494,0.17459
D119500,D303110,0.10407
D119500,D304790,0.14341
D119500,D304900,0.054222
D119500,D305300,0.12455
D119500,D308205,0.17812
D119500,D308350,0.074221
D119500,D308600,0.07594
D119500,D310468,0.069983
D119500,D311360,0.15739
D119500,D312910,0.11049
D119500,D540000,0.12023
D119500,D600082,0.12783
D119500,D600131,0.045352
D119500,D600263,0.11044
D119500,D600351,0.045993
D119500,D600496,0.073404
D119500,D600631,0.034905
D119500,D600634,0.059684
D119500,D600803,0.035203
D119500,D600807,0.1096
D119500,D600808,0.034724
D119500,D601042,0.1986
D119500,D601367,0.085298
D119500,D601518,0.1607
D119500,D601608,0.13794
D119500,D601626,0.014244
D119500,D601665,0.12074
D119500,D601682,0.16264
D119500,D602068,0.070343
D119500,D602080,0.17154
D119500,D602522,0.17988
D119500,D603165,0.16946
D119500,D604278,0.19588
D119500,D604416,0.20571
D119500,D604827,0.03313
D119500,D605021,0.044307
D119500,D605055,0.031532
D119500,D605839,0.087267
D119500,D606703,0.088253
D119500,D606798,0.16034
D119500,D606842,0.13348
D119500,D607225,0.11337
D119500,D607459,0.10305
D119500,D607498,0.043475
D119500,D607499,0.023031
D119500,D607501,0.044822
D119500,D607508,0.046454
D119500,D607516,0.058261
D119500,D607554,0.042479
D119500,D607628,0.040501
D119500,D607631,0.03993
D119500,D607681,0.045377
D119500,D607682,0.046143
D119500,D607685,0.11663
D119500,D607850,0.15131
D119500,D608033,0.041306
D119500,D608088,0.10502
D119500,D608105,0.17703
D119500,D608217,0.057236
D119500,D608320,0.036468
D119500,D608583,0.023343
D119500,D608622,0.021287
D121200,D121201,0.72144
D121200,D125310,0.16446
D121200,D125320,0.16116
D121200,D125700,0.1279
D121200,D125852,0.07359
D121200,D125853,0.041451
D121200,D126200,0.10927
D121200,D127750,0.12562
D121200,D128101,0.23047
D121200,D131200,0.033576
D121200,D131300,0.12802
D121200,D131440,0.084707
D121200,D132090,0.50075
D121200,D132100,0.38093
D121200,D132300,0.47695
D121200,D133239,0.02099
D121200,D133690,0.032853
D121200,D134430,0.13782
D121200,D134500,0.11181
D121200,D134510,0.10951
D121200,D134520,0.081144
D121200,D134750,0.066126
D121200,D135550,0.088536
D121200,D137215,0.069303
D121200,D137580,0.12304
D121200,D137750,0.098041
D121200,D137760,0.10026
D121200,D137800,0.16723
D121200,D140300,0.093583
D121200,D140850,0.09449
D121200,D143100,0.128
D121200,D143465,0.067784
D121200,D143500,0.1385
D121200,D143880,0.094878
D121200,D144010,0.071113
D121200,D144700,0.077855
D121200,D145200,0.032942
D121200,D145500,0.084289
D121200,D145590,0.078481
D121200,D145600,0.17714
D121200,D146110,0.056625
D121200,D146255,0.2011
D121200,D146500,0.12567
D121200,D147530,0.11542
D121200,D147540,0.13686
D121200,D148000,0.047482
D121200,D150600,0.063282
D121200,D151400,0.080707
D121200,D152700,0.1733
D121200,D153880,0.057198
D121200,D154276,0.031181
D121200,D155100,0.081888
D121200,D155600,0.046843
D121200,D156000,0.12402
D121200,D156190,0.12829
D121200,D157300,0.14213
D121200,D157700,0.11292
D121200,D157950,0.023013
D121200,D160300,0.075332
D121200,D160750,0.067417
D121200,D161900,0.061332
D121200,D164230,0.25327
D121200,D165150,0.067555
D121200,D165199,0.071111
D121200,D165720,0.061294
D121200,D166300,0.018763
D121200,D166710,0.023118
D121200,D167320,0.16767
D121200,D167870,0.13353
D121200,D168100,0.15293
D121200,D168600,0.09977
D121200,D170900,0.083776
D121200,D171300,0.078397
D121200,D174800,0.097748
D121200,D175100,0.064803
D121200,D175505,0.02484
D121200,D176800,0.045256
D121200,D176807,0.08502
D121200,D178600,0.1125
D121200,D179800,0.065901
D121200,D181000,0.13794
D121200,D181460,0.033998
D121200,D181500,0.13428
D121200,D182000,0.032333
D121200,D182280,0.020932
D121200,D182830,0.14818
D121200,D184700,0.11538
D121200,D187950,0.13121
D121200,D188030,0.051022
D121200,D188050,0.16189
D121200,D189600,0.097965
D121200,D189800,0.027867
D121200,D190300,0.12454
D121200,D190310,0.1124
D121200,D190400,0.060922
D121200,D191390,0.069984
D121200,D192200,0.042065
D121200,D194070,0.045337
D121200,D194200,0.12211
D121200,D200170,0.052872
D121200,D203700,0.20025
D121200,D205700,0.13903
D121200,D206200,0.23112
D121200,D208085,0.078344
D121200,D208230,0.037989
D121200,D208300,0.067685
D121200,D208550,0.027917
D121200,D208700,0.24576
D121200,D208750,0.045393
D121200,D208920,0.17583
D121200,D210050,0.24421
D121200,D211980,0.027117
D121200,D212050,0.059254
D121200,D212112,0.068295
D121200,D212130,0.041455
D121200,D212140,0.11196
D121200,D212350,0.10215
D121200,D215140,0.06313
D121200,D215470,0.18122
D121200,D217150,0.025392
D121200,D217200,0.26464
D121200,D218200,0.17385
D121200,D218800,0.26599
D121200,D220120,0.28301
D121200,D223350,0.11832
D121200,D225740,0.10296
D121200,D225755,0.086576
D121200,D226000,0.26502
D121200,D227300,0.10499
D121200,D230450,0.24076
D121200,D230800,0.12978
D121200,D231200,0.089635
D121200,D231900,0.12477
D121200,D233810,0.12165
D121200,D236000,0.04609
D121200,D237450,0.071794
D121200,D237500,0.083484
D121200,D238800,0.032783
D121200,D239350,0.21794
D121200,D240400,0.12144
D121200,D241100,0.025168
D121200,D241519,0.075073
D121200,D243200,0.21378
D121200,D246300,0.02678
D121200,D246400,0.12972
D121200,D246470,0.025546
D121200,D247200,0.17747
D121200,D247640,0.024818
D121200,D249100,0.13222
D121200,D250790,0.15444
D121200,D252320,0.081557
D121200,D254200,0.15834
D121200,D254400,0.05688
D121200,D254450,0.075801
D121200,D254500,0.090871
D121200,D254770,0.32347
D121200,D254800,0.19447
D121200,D255900,0.049645
D121200,D256370,0.023894
D121200,D256700,0.11337
D121200,D258360,0.099261
D121200,D259050,0.079191
D121200,D259500,0.024666
D121200,D259660,0.036696
D121200,D260480,0.017829
D121200,D260570,0.033107
D121200,D260970,0.13391
D121200,D261515,0.18759
D121200,D263300,0.083082
D121200,D263800,0.17257
D121200,D264120,0.065189
D121200,D266120,0.13505
D121200,D266600,0.11145
D121200,D267730,0.04352
D121200,D267740,0.34849
D121200,D268220,0.030135
D121200,D268320,0.085111
D121200,D270960,0.028979
D121200,D273300,0.10213
D121200,D273800,0.17284
D121200,D275000,0.037248
D121200,D276300,0.12454
D121200,D277440,0.12848
D121200,D277460,0.16796
D121200,D300125,0.18993
D121200,D300232,0.18622
D121200,D300491,0.52177
D121200,D300494,0.14318
D121200,D303110,0.082844
D121200,D304790,0.075108
D121200,D304900,0.12898
D121200,D305300,0.085608
D121200,D308205,0.21423
D121200,D308350,0.32822
D121200,D308600,0.087995
D121200,D310468,0.02593
D121200,D311360,0.096223
D121200,D312910,0.11317
D121200,D540000,0.17514
D121200,D600131,0.50061
D121200,D600351,0.042301
D121200,D600634,0.037094
D121200,D600807,0.05536
D121200,D601042,0.097685
D121200,D601367,0.17922
D121200,D601608,0.18578
D121200,D601626,0.090236
D121200,D601665,0.15031
D121200,D602080,0.082523
D121200,D602522,0.041901
D121200,D603165,0.052805
D121200,D604278,0.14869
D121200,D604827,0.28786
D121200,D605021,0.60212
D121200,D605055,0.28195
D121200,D606703,0.20792
D121200,D606798,0.14597
D121200,D606842,0.16693
D121200,D607225,0.10548
D121200,D607459,0.16171
D121200,D607498,0.20341
D121200,D607499,0.088819
D121200,D607501,0.17286
D121200,D607508,0.21385
D121200,D607516,0.20044
D121200,D607554,0.16097
D121200,D607628,0.43451
D121200,D607631,0.38777
D121200,D607681,0.52735
D121200,D607682,0.52528
D121200,D607685,0.11494
D121200,D608033,0.24438
D121200,D608088,0.16913
D121200,D608105,0.34083
D121200,D608217,0.53684
D121200,D608320,0.022977
D121200,D608583,0.1327
D121200,D608622,0.12101
D121201,D125310,0.20438
D121201,D125320,0.21524
D121201,D125700,0.14649
D121201,D125852,0.09926
D121201,D125853,0.056448
D121201,D126200,0.10978
D121201,D127750,0.1678
D121201,D128101,0.26942
D121201,D131300,0.10645
D121201,D132090,0.59183
D121201,D132100,0.44737
D121201,D132300,0.37694
D121201,D133239,0.027757
D121201,D133690,0.043444
D121201,D134430,0.060739
D121201,D134500,0.04928
D121201,D134510,0.048262
D121201,D134520,0.035762
D121201,D135550,0.11711
D121201,D137215,0.022903
D121201,D137580,0.16411
D121201,D137750,0.12983
D121201,D137760,0.13277
D121201,D137800,0.20808
D121201,D140300,0.12375
D121201,D140850,0.041649
D121201,D143100,0.12326
D121201,D143465,0.092361
D121201,D143500,0.13086
D121201,D143880,0.094127
D121201,D144010,0.094066
D121201,D144700,0.041173
D121201,D145200,0.043562
D121201,D145500,0.089151
D121201,D145590,0.10383
D121201,D145600,0.17046
D121201,D146110,0.074901
D121201,D146255,0.25008
D121201,D146500,0.16761
D121201,D147530,0.15285
D121201,D147540,0.045226
D121201,D150600,0.027888
D121201,D152700,0.16675
D121201,D153880,0.075637
D121201,D154276,0.041231
D121201,D155100,0.054163
D121201,D155600,0.020647
D121201,D156000,0.164
D121201,D156190,0.16964
D121201,D157300,0.18984
D121201,D157700,0.055943
D121201,D157950,0.030431
D121201,D160300,0.099616
D121201,D160750,0.08919
D121201,D161900,0.081128
D121201,D164230,0.33782
D121201,D165150,0.089373
D121201,D165199,0.094077
D121201,D165720,0.08109
D121201,D166300,0.024811
D121201,D166710,0.030571
D121201,D167320,0.15806
D121201,D167870,0.11767
D121201,D168100,0.20425
D121201,D168600,0.13325
D121201,D171300,0.10375
D121201,D174800,0.080785
D121201,D175100,0.086429
D121201,D175505,0.032848
D121201,D176800,0.059846
D121201,D176807,0.1124
D121201,D178600,0.024751
D121201,D179800,0.087172
D121201,D181000,0.082581
D121201,D181500,0.17912
D121201,D182000,0.042757
D121201,D182830,0.19595
D121201,D184700,0.064361
D121201,D187950,0.074176
D121201,D188050,0.14259
D121201,D189600,0.12958
D121201,D189800,0.036851
D121201,D190300,0.16481
D121201,D190310,0.14868
D121201,D190400,0.080559
D121201,D191390,0.069393
D121201,D192200,0.055626
D121201,D194070,0.059971
D121201,D194200,0.16147
D121201,D200170,0.069948
D121201,D203700,0.20813
D121201,D208085,0.10521
D121201,D208230,0.050258
D121201,D208700,0.29599
D121201,D208750,0.060053
D121201,D208920,0.18259
D121201,D210050,0.2703
D121201,D212050,0.07835
D121201,D212112,0.090351
D121201,D212130,0.054817
D121201,D212140,0.14936
D121201,D212350,0.13508
D121201,D215140,0.041778
D121201,D215470,0.24181
D121201,D217150,0.033578
D121201,D217200,0.31068
D121201,D218200,0.16425
D121201,D218800,0.26305
D121201,D220120,0.33994
D121201,D225740,0.13828
D121201,D225755,0.11452
D121201,D226000,0.31957
D121201,D227300,0.046832
D121201,D230450,0.18735
D121201,D230800,0.068208
D121201,D231200,0.02971
D121201,D233810,0.16331
D121201,D237450,0.095012
D121201,D237500,0.055253
D121201,D238800,0.04335
D121201,D239350,0.25722
D121201,D240400,0.098855
D121201,D241100,0.033282
D121201,D241519,0.10225
D121201,D243200,0.28515
D121201,D246300,0.035581
D121201,D246400,0.024724
D121201,D247200,0.16485
D121201,D249100,0.10619
D121201,D250790,0.13899
D121201,D252320,0.10805
D121201,D254200,0.087452
D121201,D254500,0.048183
D121201,D254770,0.41913
D121201,D254800,0.21988
D121201,D255900,0.065678
D121201,D256370,0.031597
D121201,D256700,0.10108
D121201,D258360,0.065649
D121201,D259050,0.1061
D121201,D259500,0.032618
D121201,D259660,0.048527
D121201,D260480,0.023576
D121201,D260570,0.043781
D121201,D260970,0.17991
D121201,D261515,0.19479
D121201,D263800,0.2129
D121201,D264120,0.086242
D121201,D266120,0.042745
D121201,D266600,0.07505
D121201,D267740,0.40646
D121201,D268220,0.039851
D121201,D268320,0.11258
D121201,D270960,0.038322
D121201,D273300,0.13622
D121201,D273800,0.15418
D121201,D275000,0.049277
D121201,D276300,0.12508
D121201,D277440,0.15589
D121201,D277460,0.16679
D121201,D300125,0.25373
D121201,D300232,0.22898
D121201,D300491,0.62293
D121201,D300494,0.19594
D121201,D303110,0.10958
D121201,D304790,0.039539
D121201,D304900,0.17258
D121201,D305300,0.03773
D121201,D308205,0.24453
D121201,D308350,0.37052
D121201,D308600,0.11645
D121201,D310468,0.034289
D121201,D311360,0.12724
D121201,D312910,0.14966
D121201,D540000,0.21553
D121201,D600131,0.51948
D121201,D600634,0.049053
D121201,D601042,0.13085
D121201,D601367,0.18608
D121201,D601608,0.14439
D121201,D601665,0.20073
D121201,D602080,0.11049
D121201,D602522,0.055433
D121201,D603165,0.046588
D121201,D604278,0.19838
D121201,D604827,0.37429
D121201,D605021,0.58039
D121201,D605055,0.34793
D121201,D606703,0.27846
D121201,D606798,0.19544
D121201,D606842,0.12863
D121201,D607225,0.14118
D121201,D607459,0.20959
D121201,D607498,0.2643
D121201,D607499,0.12097
D121201,D607501,0.23096
D121201,D607508,0.27814
D121201,D607516,0.26061
D121201,D607554,0.21282
D121201,D607628,0.51997
D121201,D607631,0.47179
D121201,D607681,0.53158
D121201,D607682,0.53467
D121201,D607685,0.078222
D121201,D608033,0.27476
D121201,D608088,0.12784
D121201,D608105,0.41749
D121201,D608217,0.73143
D121201,D608320,0.030384
D121201,D608583,0.17543
D121201,D608622,0.15998
D125310,D125320,0.25562
D125310,D125600,0.13475
D125310,D125700,0.24027
D125310,D125850,0.090483
D125310,D125851,0.039981
D125310,D125852,0.15244
D125310,D125853,0.13973
D125310,D126200,0.34899
D125310,D127350,0.070171
D125310,D127750,0.21855
D125310,D128101,0.18104
D125310,D131200,0.034824
D125310,D131300,0.23478
D125310,D131440,0.0314
D125310,D132090,0.21556
D125310,D132100,0.18197
D125310,D132300,0.15462
D125310,D133239,0.02253
D125310,D133600,0.026106
D125310,D133690,0.077341
D125310,D134430,0.068153
D125310,D134500,0.04261
D125310,D134510,0.037821
D125310,D134520,0.098314
D125310,D134750,0.051443
D125310,D135550,0.092534
D125310,D136200,0.12114
D125310,D137215,0.027441
D125310,D137400,0.040604
D125310,D137580,0.27484
D125310,D137750,0.19246
D125310,D137760,0.19059
D125310,D137800,0.17291
D125310,D138800,0.036262
D125310,D140300,0.17032
D125310,D140600,0.046433
D125310,D140850,0.084784
D125310,D143100,0.26601
D125310,D143465,0.17831
D125310,D143500,0.092414
D125310,D143880,0.12368
D125310,D144010,0.18729
D125310,D144110,0.11737
D125310,D144650,0.068035
D125310,D144700,0.12184
D125310,D145100,0.13955
D125310,D145200,0.094705
D125310,D145500,0.18629
D125310,D145590,0.17245
D125310,D145600,0.20353
D125310,D146110,0.10858
D125310,D146255,0.30083
D125310,D146500,0.28442
D125310,D146850,0.022261
D125310,D147480,0.057866
D125310,D147530,0.36784
D125310,D147540,0.056001
D125310,D148000,0.064278
D125310,D148100,0.076228
D125310,D150600,0.099493
D125310,D150699,0.12421
D125310,D151400,0.03139
D125310,D151590,0.089925
D125310,D152700,0.16545
D125310,D153880,0.16532
D125310,D154276,0.08755
D125310,D155100,0.096399
D125310,D155600,0.10643
D125310,D155601,0.061387
D125310,D156000,0.23235
D125310,D156190,0.1483
D125310,D157300,0.23879
D125310,D157700,0.12688
D125310,D157950,0.06068
D125310,D158280,0.10984
D125310,D160300,0.059011
D125310,D160750,0.09165
D125310,D161900,0.13971
D125310,D164230,0.17104
D125310,D165150,0.16491
D125310,D165199,0.169
D125310,D165720,0.079676
D125310,D166300,0.1479
D125310,D166710,0.049742
D125310,D166760,0.054904
D125310,D167320,0.19582
D125310,D167870,0.20114
D125310,D168100,0.15832
D125310,D168600,0.24713
D125310,D170900,0.057717
D125310,D171300,0.1795
D125310,D173200,0.10187
D125310,D174800,0.13451
D125310,D175100,0.17444
D125310,D175505,0.01287
D125310,D175510,0.013033
D125310,D176800,0.047181
D125310,D176807,0.077205
D125310,D178600,0.12499
D125310,D179600,0.08391
D125310,D179800,0.13954
D125310,D179830,0.032076
D125310,D181000,0.15964
D125310,D181460,0.017656
D125310,D181500,0.2693
D125310,D182000,0.05258
D125310,D182280,0.033335
D125310,D182830,0.27915
D125310,D184700,0.13278
D125310,D187950,0.097121
D125310,D188030,0.082151
D125310,D188050,0.12593
D125310,D188470,0.033899
D125310,D189600,0.15992
D125310,D189800,0.072311
D125310,D190300,0.23201
D125310,D190310,0.078158
D125310,D190400,0.063566
D125310,D191390,0.15646
D125310,D191800,0.15244
D125310,D192000,0.034212
D125310,D192200,0.065435
D125310,D194070,0.12635
D125310,D194200,0.18185
D125310,D200170,0.12675
D125310,D203700,0.32865
D125310,D205700,0.047814
D125310,D208085,0.1462
D125310,D208230,0.070194
D125310,D208300,0.10702
D125310,D208550,0.072519
D125310,D208700,0.19396
D125310,D208750,0.15483
D125310,D208920,0.2416
D125310,D210050,0.23417
D125310,D212050,0.095945
D125310,D212110,0.028544
D125310,D212112,0.088856
D125310,D212130,0.089275
D125310,D212140,0.18257
D125310,D212350,0.20595
D125310,D215140,0.095202
D125310,D215470,0.2235
D125310,D217150,0.079869
D125310,D217200,0.19106
D125310,D218200,0.23899
D125310,D218800,0.22843
D125310,D220120,0.15653
D125310,D223350,0.015258
D125310,D225740,0.23273
D125310,D225755,0.099391
D125310,D226000,0.16465
D125310,D227300,0.038717
D125310,D230450,0.12851
D125310,D230800,0.16224
D125310,D231090,0.030467
D125310,D231200,0.16816
D125310,D231900,0.042941
D125310,D233810,0.20423
D125310,D236000,0.060334
D125310,D237450,0.11461
D125310,D237500,0.08784
D125310,D238800,0.10339
D125310,D239350,0.16248
D125310,D240400,0.15374
D125310,D241100,0.05227
D125310,D241519,0.098663
D125310,D243200,0.17475
D125310,D246300,0.099027
D125310,D246400,0.070203
D125310,D246470,0.039719
D125310,D247200,0.24924
D125310,D247640,0.025717
D125310,D248190,0.07738
D125310,D249100,0.17244
D125310,D250790,0.11016
D125310,D252320,0.26397
D125310,D254200,0.13735
D125310,D254400,0.079508
D125310,D254450,0.065267
D125310,D254500,0.13655
D125310,D254770,0.16245
D125310,D254800,0.32985
D125310,D255900,0.12155
D125310,D256370,0.087376
D125310,D256700,0.25613
D125310,D258360,0.10544
D125310,D259050,0.14246
D125310,D259500,0.0512
D125310,D259660,0.038097
D125310,D260480,0.10484
D125310,D260570,0.051527
D125310,D260970,0.27768
D125310,D261515,0.20431
D125310,D263300,0.071686
D125310,D263800,0.21336
D125310,D264120,0.067973
D125310,D266120,0.08675
D125310,D266600,0.20352
D125310,D267730,0.022547
D125310,D267740,0.25548
D125310,D268220,0.078512
D125310,D268320,0.13592
D125310,D270960,0.060114
D125310,D273300,0.11416
D125310,D273800,0.19274
D125310,D275000,0.19523
D125310,D276300,0.14143
D125310,D277350,0.13312
D125310,D277440,0.13908
D125310,D277460,0.17724
D125310,D278200,0.082897
D125310,D300125,0.26051
D125310,D300232,0.21702
D125310,D300491,0.27965
D125310,D300494,0.21482
D125310,D303110,0.14829
D125310,D304790,0.10374
D125310,D304900,0.19147
D125310,D305300,0.11915
D125310,D308205,0.20071
D125310,D308350,0.24197
D125310,D308600,0.14096
D125310,D310468,0.094704
D125310,D311360,0.18036
D125310,D312910,0.18363
D125310,D540000,0.37073
D125310,D600082,0.04845
D125310,D600131,0.18919
D125310,D600263,0.013015
D125310,D600351,0.021897
D125310,D600496,0.11421
D125310,D600631,0.10334
D125310,D600634,0.019219
D125310,D600807,0.087501
D125310,D600808,0.10406
D125310,D601004,0.052375
D125310,D601042,0.22726
D125310,D601367,0.28884
D125310,D601518,0.043814
D125310,D601608,0.12702
D125310,D601626,0.013957
D125310,D601665,0.17022
D125310,D601682,0.12953
D125310,D602068,0.045745
D125310,D602080,0.14803
D125310,D602522,0.15287
D125310,D603165,0.12373
D125310,D604278,0.22079
D125310,D604416,0.11723
D125310,D604827,0.11209
D125310,D605021,0.20563
D125310,D605055,0.24327
D125310,D605839,0.064643
D125310,D606703,0.15582
D125310,D606798,0.24726
D125310,D606842,0.16464
D125310,D607225,0.18747
D125310,D607459,0.32704
D125310,D607498,0.24893
D125310,D607499,0.071062
D125310,D607501,0.25969
D125310,D607508,0.26355
D125310,D607516,0.29832
D125310,D607554,0.19516
D125310,D607628,0.18381
D125310,D607631,0.2104
D125310,D607681,0.19318
D125310,D607682,0.19392
D125310,D607685,0.13096
D125310,D607850,0.051943
D125310,D608033,0.28695
D125310,D608088,0.1631
D125310,D608105,0.27615
D125310,D608217,0.17977
D125310,D608320,0.14666
D125310,D608583,0.19206
D125310,D608622,0.15619
D125320,D125700,0.14697
D125320,D125852,0.06424
D125320,D125853,0.053803
D125320,D126200,0.096161
D125320,D127750,0.54347
D125320,D128101,0.22562
D125320,D131300,0.055199
D125320,D132090,0.19876
D125320,D132100,0.1598
D125320,D132300,0.13624
D125320,D135550,0.051399
D125320,D137580,0.24263
D125320,D137750,0.064006
D125320,D137760,0.069996
D125320,D137800,0.1635
D125320,D140300,0.081572
D125320,D143100,0.24925
D125320,D143465,0.21099
D125320,D143500,0.051731
D125320,D143880,0.062055
D125320,D144010,0.062055
D125320,D144700,0.02715
D125320,D145500,0.044083
D125320,D145590,0.068336
D125320,D145600,0.081729
D125320,D146110,0.032873
D125320,D146255,0.18589
D125320,D146500,0.23633
D125320,D147530,0.10073
D125320,D152700,0.068475
D125320,D153880,0.024907
D125320,D154276,0.027156
D125320,D155100,0.035649
D125320,D156000,0.10806
D125320,D156190,0.1121
D125320,D157300,0.12333
D125320,D157700,0.03689
D125320,D160300,0.032803
D125320,D160750,0.058702
D125320,D161900,0.035604
D125320,D164230,0.31752
D125320,D165150,0.0894
D125320,D165199,0.061919
D125320,D165720,0.053371
D125320,D167320,0.16976
D125320,D167870,0.077531
D125320,D168100,0.41046
D125320,D168600,0.38537
D125320,D171300,0.068318
D125320,D174800,0.053251
D125320,D175100,0.080735
D125320,D176807,0.05558
D125320,D179800,0.038263
D125320,D181000,0.05325
D125320,D181500,0.3971
D125320,D182830,0.21675
D125320,D184700,0.083772
D125320,D187950,0.048904
D125320,D188050,0.070507
D125320,D189600,0.11404
D125320,D190300,0.20955
D125320,D190310,0.13163
D125320,D190400,0.053058
D125320,D191390,0.04575
D125320,D194070,0.039495
D125320,D194200,0.10641
D125320,D200170,0.046037
D125320,D203700,0.20409
D125320,D208085,0.051272
D125320,D208230,0.033078
D125320,D208700,0.24254
D125320,D208750,0.059914
D125320,D208920,0.20518
D125320,D210050,0.23943
D125320,D212050,0.051618
D125320,D212112,0.089485
D125320,D212130,0.036103
D125320,D212140,0.097339
D125320,D212350,0.071212
D125320,D215470,0.15737
D125320,D217200,0.13904
D125320,D218200,0.10807
D125320,D218800,0.17832
D125320,D220120,0.14051
D125320,D225740,0.16159
D125320,D225755,0.10102
D125320,D226000,0.10751
D125320,D230450,0.12073
D125320,D230800,0.033727
D125320,D233810,0.18769
D125320,D238800,0.028551
D125320,D239350,0.094596
D125320,D240400,0.088639
D125320,D241519,0.09965
D125320,D243200,0.15925
D125320,D246300,0.023283
D125320,D246400,0.016178
D125320,D247200,0.14362
D125320,D249100,0.0575
D125320,D250790,0.11402
D125320,D252320,0.070979
D125320,D254200,0.038423
D125320,D254500,0.031632
D125320,D254770,0.22331
D125320,D254800,0.26015
D125320,D255900,0.043227
D125320,D256700,0.076699
D125320,D258360,0.064978
D125320,D259050,0.068806
D125320,D260480,0.015527
D125320,D260970,0.18537
D125320,D261515,0.090577
D125320,D263800,0.11291
D125320,D264120,0.085749
D125320,D266600,0.036325
D125320,D267740,0.13927
D125320,D268320,0.074535
D125320,D273300,0.10206
D125320,D273800,0.083494
D125320,D275000,0.032433
D125320,D276300,0.12835
D125320,D277440,0.054035
D125320,D277460,0.10981
D125320,D300125,0.16481
D125320,D300232,0.15144
D125320,D300491,0.22708
D125320,D300494,0.12301
D125320,D303110,0.048093
D125320,D304900,0.20968
D125320,D305300,0.024849
D125320,D308205,0.16602
D125320,D308350,0.22201
D125320,D311360,0.083847
D125320,D312910,0.12274
D125320,D540000,0.19192
D125320,D600131,0.22511
D125320,D601042,0.15184
D125320,D601367,0.16327
D125320,D601608,0.092972
D125320,D601665,0.17605
D125320,D602080,0.087067
D125320,D602522,0.036484
D125320,D604278,0.1292
D125320,D604827,0.14156
D125320,D605021,0.22337
D125320,D605055,0.51994
D125320,D606703,0.22243
D125320,D606798,0.28632
D125320,D606842,0.13487
D125320,D607225,0.12843
D125320,D607459,0.23109
D125320,D607498,0.14516
D125320,D607499,0.1171
D125320,D607501,0.14999
D125320,D607508,0.15406
D125320,D607516,0.14399
D125320,D607554,0.10523
D125320,D607628,0.20405
D125320,D607631,0.19844
D125320,D607681,0.22683
D125320,D607682,0.23023
D125320,D607685,0.050089
D125320,D608033,0.30106
D125320,D608088,0.12634
D125320,D608105,0.15606
D125320,D608217,0.2238
D125320,D608583,0.11566
D125320,D608622,0.10547
D125600,D125700,0.13015
D125600,D125850,0.068366
D125600,D125852,0.083105
D125600,D125853,0.11561
D125600,D126200,0.066084
D125600,D127350,0.12234
D125600,D128101,0.033471
D125600,D131300,0.22827
D125600,D131440,0.070637
D125600,D132300,0.31484
D125600,D133690,0.094176
D125600,D134520,0.092589
D125600,D134750,0.11262
D125600,D135550,0.14255
D125600,D136200,0.26942
D125600,D137215,0.039073
D125600,D137400,0.14228
D125600,D137580,0.079267
D125600,D137750,0.17478
D125600,D137760,0.14339
D125600,D137800,0.076111
D125600,D140300,0.087546
D125600,D140600,0.099539
D125600,D140850,0.080587
D125600,D143100,0.12455
D125600,D143880,0.14328
D125600,D144010,0.22853
D125600,D144110,0.25213
D125600,D144700,0.017559
D125600,D145100,0.41689
D125600,D145200,0.15939
D125600,D145590,0.30315
D125600,D145600,0.13956
D125600,D146110,0.063855
D125600,D146255,0.044603
D125600,D146500,0.19262
D125600,D147480,0.12622
D125600,D147540,0.086108
D125600,D148000,0.057308
D125600,D148100,0.28231
D125600,D150600,0.12216
D125600,D150699,0.18271
D125600,D151400,0.021903
D125600,D151590,0.15832
D125600,D152700,0.090913
D125600,D153880,0.2424
D125600,D154276,0.035455
D125600,D155100,0.069249
D125600,D155600,0.14939
D125600,D155601,0.092687
D125600,D156000,0.070817
D125600,D156190,0.12844
D125600,D157700,0.24989
D125600,D157950,0.24741
D125600,D158280,0.25622
D125600,D160750,0.11414
D125600,D161900,0.023059
D125600,D165150,0.21775
D125600,D165199,0.17747
D125600,D165720,0.10417
D125600,D166300,0.30404
D125600,D166710,0.11667
D125600,D166760,0.3602
D125600,D167320,0.087061
D125600,D168600,0.039044
D125600,D171300,0.14917
D125600,D173200,0.17971
D125600,D174800,0.21682
D125600,D175100,0.17366
D125600,D176807,0.047939
D125600,D178600,0.085063
D125600,D179800,0.024805
D125600,D181000,0.14582
D125600,D181500,0.094231
D125600,D182000,0.34387
D125600,D182280,0.050582
D125600,D182830,0.1857
D125600,D184700,0.07455
D125600,D188050,0.030408
D125600,D189600,0.15079
D125600,D190300,0.21695
D125600,D191390,0.20623
D125600,D192200,0.047452
D125600,D194070,0.017042
D125600,D200170,0.12662
D125600,D203700,0.1236
D125600,D208085,0.093398
D125600,D208230,0.08971
D125600,D208300,0.16631
D125600,D208550,0.16462
D125600,D208750,0.16768
D125600,D208920,0.047002
D125600,D212050,0.25199
D125600,D212130,0.047005
D125600,D212140,0.057293
D125600,D212350,0.12396
D125600,D215140,0.25129
D125600,D215470,0.12788
D125600,D217150,0.30303
D125600,D218800,0.066764
D125600,D225740,0.15584
D125600,D230450,0.037986
D125600,D230800,0.16787
D125600,D231090,0.033367
D125600,D231200,0.13627
D125600,D233810,0.12966
D125600,D237450,0.089757
D125600,D237500,0.051393
D125600,D238800,0.037063
D125600,D240400,0.083282
D125600,D241100,0.14216
D125600,D246300,0.064318
D125600,D246400,0.14729
D125600,D247200,0.19949
D125600,D248190,0.067439
D125600,D249100,0.091348
D125600,D250790,0.063489
D125600,D252320,0.099091
D125600,D254200,0.074772
D125600,D254400,0.079714
D125600,D254500,0.020478
D125600,D254800,0.058187
D125600,D255900,0.1843
D125600,D256700,0.16232
D125600,D258360,0.15431
D125600,D259050,0.28901
D125600,D259500,0.084368
D125600,D259660,0.13536
D125600,D260480,0.19487
D125600,D261515,0.18979
D125600,D263800,0.10712
D125600,D266600,0.16348
D125600,D267740,0.21547
D125600,D268220,0.14678
D125600,D268320,0.21029
D125600,D273800,0.13768
D125600,D275000,0.1775
D125600,D276300,0.198
D125600,D277350,0.23258
D125600,D277440,0.15273
D125600,D277460,0.12165
D125600,D278200,0.3231
D125600,D300232,0.26106
D125600,D300491,0.061513
D125600,D300494,0.32905
D125600,D303110,0.13711
D125600,D304790,0.12349
D125600,D305300,0.032188
D125600,D308205,0.20412
D125600,D308600,0.11107
D125600,D311360,0.094538
D125600,D312910,0.11416
D125600,D540000,0.097165
D125600,D600496,0.064798
D125600,D600807,0.067151
D125600,D601042,0.11827
D125600,D601665,0.060055
D125600,D601682,0.24301
D125600,D602068,0.1947
D125600,D602080,0.11986
D125600,D602522,0.19716
D125600,D603165,0.19503
D125600,D604278,0.12785
D125600,D604416,0.17277
D125600,D605839,0.075728
D125600,D606798,0.17711
D125600,D606842,0.10744
D125600,D607225,0.10387
D125600,D607459,0.092224
D125600,D607516,0.031932
D125600,D607685,0.11177
D125600,D607850,0.075808
D125600,D608033,0.022073
D125600,D608088,0.027249
D125600,D608105,0.14697
D125700,D125850,0.19611
D125700,D125851,0.092728
D125700,D125852,0.20452
D125700,D125853,0.26726
D125700,D126200,0.22197
D125700,D127350,0.19449
D125700,D127750,0.16547
D125700,D128101,0.13904
D125700,D131200,0.079756
D125700,D131300,0.23221
D125700,D131440,0.08202
D125700,D132090,0.10144
D125700,D132100,0.081443
D125700,D132300,0.14157
D125700,D133239,0.14264
D125700,D133600,0.054802
D125700,D133690,0.11698
D125700,D134430,0.0545
D125700,D134500,0.1613
D125700,D134510,0.064959
D125700,D134520,0.098612
D125700,D134750,0.12029
D125700,D135550,0.088193
D125700,D136200,0.066193
D125700,D137215,0.10419
D125700,D137400,0.046381
D125700,D137580,0.17902
D125700,D137750,0.10176
D125700,D137760,0.20666
D125700,D137800,0.15968
D125700,D138800,0.12162
D125700,D140300,0.20784
D125700,D140600,0.078089
D125700,D140850,0.074768
D125700,D143100,0.22453
D125700,D143465,0.11477
D125700,D143500,0.19888
D125700,D143880,0.20409
D125700,D144010,0.14359
D125700,D144110,0.082485
D125700,D144650,0.16539
D125700,D144700,0.15218
D125700,D145100,0.075439
D125700,D145200,0.045509
D125700,D145500,0.17455
D125700,D145590,0.09337
D125700,D145600,0.30535
D125700,D146110,0.22679
D125700,D146255,0.24567
D125700,D146500,0.20783
D125700,D146850,0.076825
D125700,D147480,0.068671
D125700,D147530,0.10546
D125700,D147540,0.061199
D125700,D148000,0.16175
D125700,D148100,0.086132
D125700,D150600,0.20591
D125700,D150699,0.11131
D125700,D151400,0.12161
D125700,D151590,0.12533
D125700,D152700,0.22254
D125700,D153880,0.19026
D125700,D154276,0.11446
D125700,D155100,0.18514
D125700,D155600,0.15961
D125700,D155601,0.072044
D125700,D156000,0.091983
D125700,D156190,0.15243
D125700,D157300,0.12608
D125700,D157700,0.17235
D125700,D157950,0.19947
D125700,D158280,0.093063
D125700,D160300,0.067028
D125700,D160750,0.1216
D125700,D161900,0.16374
D125700,D164230,0.15128
D125700,D165150,0.081306
D125700,D165199,0.084946
D125700,D165720,0.13122
D125700,D166300,0.23936
D125700,D166710,0.27078
D125700,D166760,0.10683
D125700,D167320,0.19967
D125700,D167870,0.12004
D125700,D168100,0.11448
D125700,D168600,0.19323
D125700,D170900,0.066136
D125700,D171300,0.19759
D125700,D173200,0.025017
D125700,D174800,0.23719
D125700,D175100,0.19239
D125700,D175505,0.044206
D125700,D175510,0.075317
D125700,D176800,0.16193
D125700,D176807,0.14024
D125700,D178600,0.20486
D125700,D179800,0.20084
D125700,D179830,0.1599
D125700,D181000,0.1649
D125700,D181460,0.040356
D125700,D181500,0.19975
D125700,D182000,0.11511
D125700,D182280,0.14316
D125700,D182830,0.13216
D125700,D184700,0.19787
D125700,D187950,0.14602
D125700,D188030,0.13006
D125700,D188050,0.1124
D125700,D188470,0.17131
D125700,D189600,0.18904
D125700,D189800,0.13443
D125700,D190300,0.16354
D125700,D190310,0.044448
D125700,D190400,0.036137
D125700,D191390,0.19957
D125700,D192200,0.099849
D125700,D194070,0.18197
D125700,D194200,0.072411
D125700,D200170,0.062833
D125700,D203700,0.21427
D125700,D205700,0.084991
D125700,D206200,0.1416
D125700,D208085,0.1406
D125700,D208230,0.19254
D125700,D208300,0.10061
D125700,D208550,0.13463
D125700,D208700,0.067171
D125700,D208750,0.05499
D125700,D208920,0.1522
D125700,D210050,0.1054
D125700,D211980,0.13513
D125700,D212050,0.070284
D125700,D212112,0.06105
D125700,D212130,0.073977
D125700,D212140,0.16637
D125700,D212350,0.13348
D125700,D215140,0.21459
D125700,D215470,0.24537
D125700,D217150,0.13737
D125700,D217200,0.05646
D125700,D218200,0.088339
D125700,D218800,0.21785
D125700,D220120,0.1625
D125700,D223350,0.12348
D125700,D225740,0.1542
D125700,D225755,0.15459
D125700,D226000,0.12835
D125700,D227300,0.15183
D125700,D230450,0.16176
D125700,D230800,0.26608
D125700,D231090,0.069761
D125700,D231200,0.21509
D125700,D231900,0.074371
D125700,D233810,0.090102
D125700,D236000,0.13931
D125700,D237450,0.042753
D125700,D237500,0.1264
D125700,D238800,0.11794
D125700,D239350,0.16602
D125700,D240400,0.26283
D125700,D241100,0.12139
D125700,D241519,0.17344
D125700,D243200,0.16264
D125700,D246300,0.048
D125700,D246400,0.17125
D125700,D246470,0.10617
D125700,D247200,0.29904
D125700,D247640,0.13799
D125700,D248190,0.071252
D125700,D249100,0.21419
D125700,D250790,0.12261
D125700,D252320,0.064532
D125700,D254200,0.19947
D125700,D254400,0.084481
D125700,D254450,0.13133
D125700,D254500,0.14177
D125700,D254770,0.15199
D125700,D254800,0.15
D125700,D255900,0.11922
D125700,D256370,0.12809
D125700,D256700,0.23459
D125700,D258360,0.10453
D125700,D259050,0.19839
D125700,D259500,0.22536
D125700,D259660,0.28279
D125700,D260480,0.11855
D125700,D260570,0.10099
D125700,D260970,0.20971
D125700,D261515,0.27687
D125700,D263300,0.098878
D125700,D263800,0.22489
D125700,D264120,0.17166
D125700,D266120,0.15453
D125700,D266600,0.21619
D125700,D267730,0.18468
D125700,D267740,0.14339
D125700,D268220,0.13055
D125700,D268320,0.14547
D125700,D270960,0.085967
D125700,D273300,0.1897
D125700,D273800,0.18333
D125700,D275000,0.20277
D125700,D276300,0.14216
D125700,D277350,0.1559
D125700,D277440,0.25564
D125700,D277460,0.16759
D125700,D278200,0.07016
D125700,D300125,0.093598
D125700,D300232,0.30805
D125700,D300491,0.19576
D125700,D300494,0.1811
D125700,D303110,0.082273
D125700,D304790,0.12677
D125700,D304900,0.49872
D125700,D305300,0.084801
D125700,D308205,0.11883
D125700,D308350,0.13431
D125700,D308600,0.026068
D125700,D310468,0.12547
D125700,D311360,0.21011
D125700,D312910,0.10786
D125700,D540000,0.18505
D125700,D600082,0.027727
D125700,D600131,0.12776
D125700,D600263,0.092348
D125700,D600351,0.11703
D125700,D600496,0.22071
D125700,D600631,0.11829
D125700,D600634,0.11115
D125700,D600803,0.10307
D125700,D600807,0.13444
D125700,D600808,0.11912
D125700,D601004,0.059883
D125700,D601042,0.12824
D125700,D601367,0.24155
D125700,D601518,0.051004
D125700,D601608,0.11112
D125700,D601626,0.1127
D125700,D601665,0.22891
D125700,D601682,0.087474
D125700,D602080,0.23387
D125700,D602522,0.26917
D125700,D603165,0.1503
D125700,D604278,0.2026
D125700,D604416,0.087097
D125700,D604827,0.096347
D125700,D605021,0.12724
D125700,D605055,0.20325
D125700,D605839,0.093046
D125700,D606703,0.098577
D125700,D606798,0.17325
D125700,D606842,0.19104
D125700,D607225,0.11414
D125700,D607459,0.14667
D125700,D607498,0.082559
D125700,D607499,0.079645
D125700,D607501,0.084836
D125700,D607508,0.14069
D125700,D607516,0.098334
D125700,D607554,0.11942
D125700,D607628,0.11618
D125700,D607631,0.11266
D125700,D607681,0.12895
D125700,D607682,0.13083
D125700,D607685,0.13704
D125700,D607850,0.09933
D125700,D608033,0.15218
D125700,D608088,0.16376
D125700,D608105,0.17883
D125700,D608217,0.13093
D125700,D608320,0.097221
D125700,D608583,0.10504
D125700,D608622,0.14981
D125850,D125851,0.53652
D125850,D125852,0.33569
D125850,D125853,0.51068
D125850,D126200,0.12973
D125850,D127350,0.024675
D125850,D128101,0.053846
D125850,D131200,0.095192
D125850,D131300,0.12044
D125850,D131440,0.052036
D125850,D133239,0.14262
D125850,D134500,0.18453
D125850,D135550,0.056354
D125850,D136200,0.16175
D125850,D137215,0.1155
D125850,D137400,0.037009
D125850,D137580,0.099256
D125850,D137750,0.046583
D125850,D137760,0.13418
D125850,D137800,0.030917
D125850,D138800,0.096211
D125850,D140300,0.17881
D125850,D143100,0.13831
D125850,D143500,0.28525
D125850,D143880,0.25259
D125850,D144010,0.20596
D125850,D144110,0.035011
D125850,D144650,0.32488
D125850,D144700,0.11898
D125850,D145100,0.081781
D125850,D145500,0.28079
D125850,D145590,0.076931
D125850,D145600,0.11471
D125850,D146110,0.2499
D125850,D146255,0.24468
D125850,D146500,0.26469
D125850,D146850,0.080834
D125850,D147480,0.16127
D125850,D148000,0.13914
D125850,D150600,0.060367
D125850,D150699,0.049846
D125850,D151400,0.074759
D125850,D151590,0.16477
D125850,D152700,0.11515
D125850,D153880,0.057175
D125850,D154276,0.15164
D125850,D155100,0.058807
D125850,D155600,0.1199
D125850,D156000,0.029301
D125850,D156190,0.051188
D125850,D157300,0.022203
D125850,D157700,0.0267
D125850,D157950,0.068525
D125850,D158280,0.10004
D125850,D160750,0.097226
D125850,D161900,0.14142
D125850,D165150,0.10619
D125850,D165199,0.070381
D125850,D166300,0.14613
D125850,D166710,0.11811
D125850,D166760,0.033325
D125850,D167320,0.099833
D125850,D167870,0.11389
D125850,D168600,0.047283
D125850,D170900,0.079035
D125850,D171300,0.1804
D125850,D174800,0.16494
D125850,D175100,0.16045
D125850,D175505,0.023616
D125850,D175510,0.070922
D125850,D176807,0.10051
D125850,D178600,0.089893
D125850,D179800,0.12962
D125850,D179830,0.22132
D125850,D181000,0.14575
D125850,D181460,0.032172
D125850,D181500,0.12995
D125850,D182280,0.12139
D125850,D182830,0.074161
D125850,D184700,0.30076
D125850,D187950,0.071747
D125850,D188030,0.13069
D125850,D188050,0.10199
D125850,D188470,0.20896
D125850,D189800,0.18715
D125850,D190300,0.019638
D125850,D191390,0.11821
D125850,D191800,0.1441
D125850,D192000,0.062339
D125850,D194070,0.15928
D125850,D194200,0.04672
D125850,D200170,0.20703
D125850,D203700,0.091806
D125850,D206200,0.16944
D125850,D208085,0.13006
D125850,D208230,0.053941
D125850,D208300,0.06529
D125850,D208550,0.1096
D125850,D208700,0.053364
D125850,D208750,0.021893
D125850,D208920,0.11174
D125850,D210050,0.047556
D125850,D211980,0.10363
D125850,D212050,0.02803
D125850,D212112,0.032303
D125850,D212140,0.31255
D125850,D212350,0.078347
D125850,D215140,0.044814
D125850,D215470,0.19826
D125850,D217150,0.024074
D125850,D218200,0.14882
D125850,D218800,0.21341
D125850,D220120,0.27181
D125850,D223350,0.055755
D125850,D225740,0.050737
D125850,D225755,0.027523
D125850,D226000,0.029121
D125850,D227300,0.17369
D125850,D230450,0.13261
D125850,D230800,0.17484
D125850,D231090,0.027781
D125850,D231200,0.084715
D125850,D231900,0.15664
D125850,D236000,0.043667
D125850,D237450,0.10195
D125850,D237500,0.23554
D125850,D238800,0.12556
D125850,D239350,0.07685
D125850,D240400,0.3441
D125850,D241100,0.095452
D125850,D241519,0.23318
D125850,D243200,0.057668
D125850,D246300,0.075848
D125850,D246400,0.069725
D125850,D246470,0.024205
D125850,D247200,0.13803
D125850,D247640,0.02344
D125850,D248190,0.05638
D125850,D249100,0.20258
D125850,D250790,0.11311
D125850,D254200,0.14712
D125850,D254450,0.023807
D125850,D254500,0.15552
D125850,D254800,0.03117
D125850,D255900,0.071115
D125850,D256370,0.11654
D125850,D256700,0.13099
D125850,D258360,0.095421
D125850,D259050,0.032152
D125850,D259500,0.04669
D125850,D260480,0.1052
D125850,D260570,0.06278
D125850,D261515,0.22264
D125850,D263300,0.10612
D125850,D263800,0.21343
D125850,D264120,0.30244
D125850,D266120,0.092006
D125850,D266600,0.15838
D125850,D267740,0.091117
D125850,D268220,0.14672
D125850,D268320,0.057624
D125850,D270960,0.054816
D125850,D273300,0.11084
D125850,D273800,0.10884
D125850,D275000,0.24987
D125850,D276300,0.014627
D125850,D277350,0.27813
D125850,D277440,0.26167
D125850,D277460,0.20686
D125850,D278200,0.037336
D125850,D300232,0.051145
D125850,D300494,0.15325
D125850,D303110,0.08032
D125850,D304790,0.24677
D125850,D304900,0.072735
D125850,D305300,0.084078
D125850,D308205,0.049289
D125850,D308600,0.083022
D125850,D310468,0.1519
D125850,D311360,0.24149
D125850,D312910,0.10975
D125850,D540000,0.13979
D125850,D600082,0.044152
D125850,D600263,0.15231
D125850,D600351,0.10388
D125850,D600496,0.89132
D125850,D600634,0.03505
D125850,D600803,0.19439
D125850,D600807,0.17892
D125850,D601042,0.037449
D125850,D601367,0.15389
D125850,D601518,0.039946
D125850,D601626,0.051266
D125850,D601665,0.095198
D125850,D601682,0.096141
D125850,D602080,0.079358
D125850,D602522,0.28121
D125850,D603165,0.11899
D125850,D604278,0.20351
D125850,D604416,0.12147
D125850,D606798,0.057318
D125850,D607225,0.041047
D125850,D607459,0.10609
D125850,D607508,0.084018
D125850,D607685,0.10949
D125850,D608033,0.036732
D125850,D608105,0.057476
D125850,D608320,0.11173
D125850,D608622,0.1232
D125851,D125852,0.41919
D125851,D125853,0.37911
D125851,D126200,0.085526
D125851,D127350,0.032885
D125851,D128101,0.071683
D125851,D131200,0.042292
D125851,D131300,0.09971
D125851,D131440,0.069849
D125851,D133239,0.079849
D125851,D134500,0.14191
D125851,D137215,0.087684
D125851,D137580,0.15638
D125851,D137760,0.076806
D125851,D137800,0.041501
D125851,D138800,0.042695
D125851,D140300,0.1423
D125851,D143100,0.073206
D125851,D143500,0.15138
D125851,D143880,0.15002
D125851,D144010,0.15008
D125851,D144650,0.33693
D125851,D144700,0.078858
D125851,D145500,0.26571
D125851,D145600,0.10144
D125851,D146110,0.16745
D125851,D146255,0.14796
D125851,D146500,0.18582
D125851,D146850,0.10851
D125851,D147480,0.16996
D125851,D148000,0.091284
D125851,D150600,0.080837
D125851,D150699,0.033108
D125851,D151400,0.099969
D125851,D151590,0.12815
D125851,D152700,0.066303
D125851,D154276,0.20262
D125851,D155100,0.078749
D125851,D155600,0.079232
D125851,D157300,0.029628
D125851,D157950,0.091787
D125851,D160750,0.1302
D125851,D161900,0.10521
D125851,D166300,0.073062
D125851,D166710,0.11712
D125851,D167320,0.091716
D125851,D170900,0.034996
D125851,D171300,0.13836
D125851,D174800,0.10795
D125851,D175100,0.081728
D125851,D175510,0.063435
D125851,D176807,0.13426
D125851,D178600,0.071217
D125851,D179800,0.13895
D125851,D179830,0.19677
D125851,D181000,0.11564
D125851,D181500,0.097355
D125851,D182280,0.10598
D125851,D184700,0.26639
D125851,D187950,0.071205
D125851,D188030,0.097522
D125851,D188050,0.13634
D125851,D188470,0.15532
D125851,D189800,0.17615
D125851,D191390,0.044442
D125851,D194070,0.076412
D125851,D194200,0.062196
D125851,D200170,0.10082
D125851,D203700,0.037376
D125851,D206200,0.22693
D125851,D208085,0.048603
D125851,D208230,0.072233
D125851,D208550,0.070945
D125851,D208700,0.071042
D125851,D208920,0.12339
D125851,D211980,0.103
D125851,D212112,0.04305
D125851,D212140,0.12367
D125851,D212350,0.051468
D125851,D215140,0.09985
D125851,D215470,0.12654
D125851,D218200,0.20135
D125851,D218800,0.11744
D125851,D220120,0.21258
D125851,D223350,0.074841
D125851,D225755,0.03668
D125851,D226000,0.03881
D125851,D227300,0.13221
D125851,D230450,0.085324
D125851,D230800,0.098739
D125851,D231090,0.073835
D125851,D231200,0.085015
D125851,D231900,0.20939
D125851,D236000,0.058615
D125851,D237450,0.13576
D125851,D237500,0.13198
D125851,D238800,0.082429
D125851,D239350,0.10234
D125851,D240400,0.15475
D125851,D241100,0.063406
D125851,D241519,0.23964
D125851,D243200,0.076507
D125851,D246300,0.067916
D125851,D246400,0.022729
D125851,D246470,0.032107
D125851,D247200,0.086165
D125851,D247640,0.031279
D125851,D248190,0.075056
D125851,D249100,0.099744
D125851,D250790,0.064476
D125851,D254200,0.11136
D125851,D254450,0.031768
D125851,D254500,0.11469
D125851,D254800,0.041495
D125851,D255900,0.031641
D125851,D256370,0.030048
D125851,D256700,0.079586
D125851,D258360,0.063121
D125851,D259500,0.062674
D125851,D260480,0.04536
D125851,D260570,0.084271
D125851,D261515,0.093154
D125851,D263300,0.070218
D125851,D263800,0.14042
D125851,D264120,0.20968
D125851,D266120,0.12319
D125851,D266600,0.12258
D125851,D268220,0.038011
D125851,D270960,0.072948
D125851,D273300,0.11038
D125851,D273800,0.097105
D125851,D275000,0.21385
D125851,D277350,0.15776
D125851,D277440,0.20007
D125851,D277460,0.13257
D125851,D303110,0.070406
D125851,D304790,0.2265
D125851,D304900,0.096864
D125851,D308600,0.11052
D125851,D310468,0.098137
D125851,D311360,0.17004
D125851,D312910,0.085324
D125851,D540000,0.10323
D125851,D600263,0.096391
D125851,D600351,0.080994
D125851,D600496,0.54479
D125851,D600634,0.046711
D125851,D600803,0.12665
D125851,D600807,0.070408
D125851,D601367,0.20493
D125851,D601626,0.068815
D125851,D601665,0.095317
D125851,D602080,0.062084
D125851,D602522,0.2122
D125851,D603165,0.067
D125851,D604278,0.13426
D125851,D604416,0.16116
D125851,D605839,0.037566
D125851,D607459,0.045662
D125851,D607499,0.073216
D125851,D607508,0.11251
D125851,D607685,0.071942
D125851,D608033,0.0489
D125851,D608320,0.17799
D125851,D608622,0.16505
D125852,D125853,0.54053
D125852,D126200,0.22179
D125852,D127350,0.11322
D125852,D127750,0.050888
D125852,D128101,0.13755
D125852,D131200,0.079839
D125852,D131300,0.20072
D125852,D131440,0.11052
D125852,D132300,0.062057
D125852,D133239,0.10561
D125852,D133690,0.026014
D125852,D134430,0.03637
D125852,D134500,0.12224
D125852,D134510,0.028899
D125852,D134520,0.092627
D125852,D134750,0.1345
D125852,D135550,0.070851
D125852,D136200,0.044532
D125852,D137215,0.11515
D125852,D137400,0.062339
D125852,D137580,0.1727
D125852,D137750,0.058372
D125852,D137760,0.17828
D125852,D137800,0.14368
D125852,D138800,0.080665
D125852,D140300,0.27747
D125852,D140600,0.11688
D125852,D140850,0.074812
D125852,D143100,0.18158
D125852,D143465,0.10292
D125852,D143500,0.12642
D125852,D143880,0.18839
D125852,D144010,0.20952
D125852,D144110,0.027235
D125852,D144650,0.33713
D125852,D144700,0.14832
D125852,D145100,0.033826
D125852,D145200,0.026084
D125852,D145500,0.29761
D125852,D145590,0.031398
D125852,D145600,0.1494
D125852,D146110,0.19486
D125852,D146255,0.23295
D125852,D146500,0.22972
D125852,D146850,0.31016
D125852,D147480,0.15576
D125852,D147530,0.045641
D125852,D147540,0.027081
D125852,D148000,0.057024
D125852,D148100,0.055603
D125852,D150600,0.18654
D125852,D150699,0.06268
D125852,D151400,0.18357
D125852,D151590,0.053491
D125852,D152700,0.20591
D125852,D153880,0.091333
D125852,D154276,0.12701
D125852,D155100,0.11799
D125852,D155600,0.12417
D125852,D156000,0.07387
D125852,D156190,0.040824
D125852,D157300,0.11198
D125852,D157700,0.078545
D125852,D157950,0.11344
D125852,D158280,0.042486
D125852,D160300,0.029826
D125852,D160750,0.081372
D125852,D161900,0.1789
D125852,D164230,0.11736
D125852,D165150,0.054207
D125852,D165199,0.028613
D125852,D165720,0.076204
D125852,D166300,0.13946
D125852,D166710,0.15193
D125852,D166760,0.084152
D125852,D167320,0.095801
D125852,D167870,0.070726
D125852,D168100,0.060902
D125852,D168600,0.068893
D125852,D170900,0.11032
D125852,D171300,0.16229
D125852,D173200,0.027553
D125852,D174800,0.12658
D125852,D175100,0.18586
D125852,D175505,0.039519
D125852,D175510,0.13879
D125852,D176800,0.035835
D125852,D176807,0.13472
D125852,D178600,0.18284
D125852,D179600,0.083121
D125852,D179800,0.19173
D125852,D179830,0.098482
D125852,D181000,0.26985
D125852,D181500,0.21971
D125852,D182000,0.025602
D125852,D182280,0.10001
D125852,D182830,0.029595
D125852,D184700,0.2898
D125852,D187950,0.16532
D125852,D188030,0.22982
D125852,D188050,0.22031
D125852,D188470,0.12167
D125852,D189600,0.079926
D125852,D189800,0.27278
D125852,D190300,0.13202
D125852,D191390,0.21071
D125852,D192200,0.099988
D125852,D194070,0.19252
D125852,D194200,0.097154
D125852,D200170,0.18371
D125852,D203700,0.19347
D125852,D205700,0.073046
D125852,D206200,0.095945
D125852,D208085,0.15779
D125852,D208230,0.15234
D125852,D208300,0.027026
D125852,D208550,0.1559
D125852,D208700,0.067106
D125852,D208750,0.03643
D125852,D208920,0.23362
D125852,D210050,0.10629
D125852,D211980,0.089063
D125852,D212050,0.047213
D125852,D212110,0.043596
D125852,D212112,0.054093
D125852,D212130,0.065835
D125852,D212140,0.17929
D125852,D212350,0.097332
D125852,D215140,0.17785
D125852,D215470,0.14165
D125852,D217150,0.10101
D125852,D218200,0.16084
D125852,D218800,0.22375
D125852,D220120,0.15662
D125852,D223350,0.14078
D125852,D225740,0.12575
D125852,D225755,0.045902
D125852,D226000,0.073221
D125852,D227300,0.11669
D125852,D230450,0.18973
D125852,D230800,0.21758
D125852,D231090,0.046504
D125852,D231200,0.14354
D125852,D231900,0.16431
D125852,D233810,0.07257
D125852,D236000,0.22273
D125852,D237450,0.085233
D125852,D237500,0.11606
D125852,D238800,0.13131
D125852,D239350,0.064406
D125852,D240400,0.27386
D125852,D241100,0.13987
D125852,D241519,0.21229
D125852,D243200,0.12116
D125852,D246300,0.19233
D125852,D246400,0.12957
D125852,D246470,0.060782
D125852,D247200,0.15392
D125852,D247640,0.099558
D125852,D248190,0.047257
D125852,D249100,0.24091
D125852,D250790,0.14448
D125852,D252320,0.086149
D125852,D254200,0.15682
D125852,D254400,0.067365
D125852,D254450,0.060136
D125852,D254500,0.23321
D125852,D254770,0.0827
D125852,D254800,0.11918
D125852,D255900,0.09938
D125852,D256370,0.075744
D125852,D256700,0.20997
D125852,D258360,0.16523
D125852,D259050,0.093684
D125852,D259500,0.19605
D125852,D259660,0.088353
D125852,D260480,0.13097
D125852,D260570,0.21842
D125852,D260970,0.091558
D125852,D261515,0.18631
D125852,D263300,0.17541
D125852,D263800,0.16362
D125852,D264120,0.15739
D125852,D266120,0.10281
D125852,D266600,0.30217
D125852,D267730,0.034436
D125852,D267740,0.031995
D125852,D268220,0.095761
D125852,D268320,0.045388
D125852,D270960,0.068847
D125852,D273300,0.13864
D125852,D273800,0.24442
D125852,D275000,0.37588
D125852,D276300,0.087294
D125852,D277350,0.12382
D125852,D277440,0.20253
D125852,D277460,0.14968
D125852,D278200,0.031548
D125852,D300125,0.1002
D125852,D300232,0.1321
D125852,D300491,0.11883
D125852,D300494,0.15483
D125852,D303110,0.088386
D125852,D304790,0.36773
D125852,D304900,0.12265
D125852,D305300,0.045198
D125852,D308205,0.066369
D125852,D308350,0.090472
D125852,D308600,0.10439
D125852,D310468,0.061619
D125852,D311360,0.18305
D125852,D312910,0.089832
D125852,D540000,0.16973
D125852,D600131,0.068668
D125852,D600263,0.060477
D125852,D600351,0.084111
D125852,D600496,0.48071
D125852,D600634,0.058738
D125852,D600803,0.079324
D125852,D600807,0.19351
D125852,D601042,0.079228
D125852,D601367,0.2615
D125852,D601608,0.14227
D125852,D601626,0.085958
D125852,D601665,0.17972
D125852,D601682,0.03915
D125852,D602080,0.11823
D125852,D602522,0.1833
D125852,D603165,0.11496
D125852,D604278,0.1355
D125852,D604416,0.17214
D125852,D604827,0.13326
D125852,D605021,0.070613
D125852,D605055,0.072691
D125852,D605839,0.023659
D125852,D606703,0.067152
D125852,D606798,0.11641
D125852,D606842,0.1328
D125852,D607225,0.050045
D125852,D607459,0.10559
D125852,D607498,0.088513
D125852,D607499,0.15346
D125852,D607501,0.090925
D125852,D607508,0.14069
D125852,D607516,0.10987
D125852,D607554,0.09556
D125852,D607628,0.06454
D125852,D607631,0.060701
D125852,D607681,0.070346
D125852,D607682,0.071098
D125852,D607685,0.25865
D125852,D607850,0.092
D125852,D608033,0.11103
D125852,D608088,0.095516
D125852,D608105,0.073024
D125852,D608217,0.089316
D125852,D608320,0.28297
D125852,D608583,0.070013
D125852,D608622,0.20241
D125853,D126200,0.14074
D125853,D127350,0.18121
D125853,D127750,0.042616
D125853,D128101,0.099322
D125853,D131200,0.044782
D125853,D131300,0.27293
D125853,D131440,0.037079
D125853,D132300,0.078367
D125853,D133239,0.11794
D125853,D133600,0.064424
D125853,D133690,0.023651
D125853,D134500,0.16136
D125853,D134520,0.17005
D125853,D134750,0.1107
D125853,D135550,0.019833
D125853,D137215,0.17659
D125853,D137400,0.026185
D125853,D137580,0.15279
D125853,D137750,0.048974
D125853,D137760,0.094201
D125853,D137800,0.098971
D125853,D138800,0.11731
D125853,D140300,0.22056
D125853,D140600,0.14908
D125853,D140850,0.088012
D125853,D143100,0.20425
D125853,D143465,0.13026
D125853,D143500,0.21732
D125853,D143880,0.16262
D125853,D144010,0.19732
D125853,D144110,0.071278
D125853,D144650,0.38832
D125853,D144700,0.12552
D125853,D145100,0.14328
D125853,D145200,0.23625
D125853,D145500,0.34796
D125853,D145600,0.20818
D125853,D146110,0.26853
D125853,D146255,0.23644
D125853,D146500,0.2617
D125853,D146850,0.057599
D125853,D147480,0.1907
D125853,D147530,0.019215
D125853,D147540,0.022796
D125853,D148000,0.13236
D125853,D148100,0.21305
D125853,D150600,0.25825
D125853,D150699,0.088598
D125853,D151400,0.093425
D125853,D151590,0.13923
D125853,D152700,0.19627
D125853,D153880,0.078058
D125853,D154276,0.15882
D125853,D155100,0.09697
D125853,D155600,0.21173
D125853,D155601,0.051675
D125853,D156000,0.041311
D125853,D157300,0.094309
D125853,D157700,0.17505
D125853,D157950,0.15974
D125853,D158280,0.03476
D125853,D160300,0.10609
D125853,D160750,0.16274
D125853,D161900,0.16629
D125853,D164230,0.074426
D125853,D165150,0.022803
D125853,D165720,0.19566
D125853,D166300,0.1825
D125853,D166710,0.3685
D125853,D166760,0.11757
D125853,D167320,0.23652
D125853,D167870,0.07436
D125853,D168100,0.12438
D125853,D168600,0.090515
D125853,D170900,0.11152
D125853,D171300,0.18238
D125853,D173200,0.19822
D125853,D174800,0.20994
D125853,D175100,0.23306
D125853,D175505,0.016709
D125853,D175510,0.083845
D125853,D176800,0.061339
D125853,D176807,0.14224
D125853,D178600,0.20605
D125853,D179600,0.18044
D125853,D179800,0.15185
D125853,D179830,0.15982
D125853,D181000,0.19787
D125853,D181500,0.16017
D125853,D182000,0.043149
D125853,D182280,0.12982
D125853,D184700,0.40315
D125853,D187950,0.14165
D125853,D188030,0.18451
D125853,D188050,0.22156
D125853,D188470,0.21175
D125853,D189600,0.18711
D125853,D189800,0.23223
D125853,D190300,0.16708
D125853,D191390,0.13154
D125853,D192200,0.084174
D125853,D194070,0.15254
D125853,D194200,0.11488
D125853,D200170,0.34993
D125853,D203700,0.16673
D125853,D205700,0.061504
D125853,D206200,0.12042
D125853,D208085,0.15678
D125853,D208230,0.24384
D125853,D208300,0.04601
D125853,D208550,0.13078
D125853,D208700,0.037693
D125853,D208750,0.11718
D125853,D208920,0.18402
D125853,D210050,0.10786
D125853,D211980,0.12964
D125853,D212050,0.059255
D125853,D212110,0.036712
D125853,D212112,0.045562
D125853,D212130,0.088326
D125853,D212140,0.2589
D125853,D212350,0.071751
D125853,D215140,0.17792
D125853,D215470,0.16057
D125853,D217150,0.085882
D125853,D218200,0.13781
D125853,D218800,0.2169
D125853,D220120,0.19318
D125853,D223350,0.059354
D125853,D225740,0.10921
D125853,D225755,0.019427
D125853,D226000,0.04112
D125853,D227300,0.15352
D125853,D230450,0.1894
D125853,D230800,0.29126
D125853,D231200,0.076618
D125853,D231900,0.11113
D125853,D233810,0.15404
D125853,D236000,0.15575
D125853,D237450,0.072011
D125853,D237500,0.21028
D125853,D238800,0.13501
D125853,D239350,0.054269
D125853,D240400,0.34398
D125853,D241100,0.13469
D125853,D241519,0.2421
D125853,D243200,0.12213
D125853,D246300,0.071694
D125853,D246400,0.15867
D125853,D246470,0.03415
D125853,D247200,0.14801
D125853,D247640,0.033108
D125853,D248190,0.0999
D125853,D249100,0.24961
D125853,D250790,0.13363
D125853,D252320,0.095608
D125853,D254200,0.20893
D125853,D254400,0.05672
D125853,D254450,0.054577
D125853,D254500,0.2207
D125853,D254770,0.069545
D125853,D254800,0.12301
D125853,D255900,0.15434
D125853,D256370,0.031901
D125853,D256700,0.23695
D125853,D258360,0.033507
D125853,D259050,0.23971
D125853,D259500,0.14945
D125853,D259660,0.10519
D125853,D260480,0.097665
D125853,D260570,0.088951
D125853,D260970,0.076615
D125853,D261515,0.26995
D125853,D263300,0.11242
D125853,D263800,0.24055
D125853,D264120,0.21934
D125853,D266120,0.06537
D125853,D266600,0.27329
D125853,D267730,0.028999
D125853,D268220,0.06253
D125853,D270960,0.019326
D125853,D273300,0.15802
D125853,D273800,0.15509
D125853,D275000,0.2935
D125853,D276300,0.1353
D125853,D277350,0.15646
D125853,D277440,0.38427
D125853,D277460,0.23279
D125853,D278200,0.051706
D125853,D300125,0.084309
D125853,D300232,0.19566
D125853,D300491,0.10274
D125853,D300494,0.094209
D125853,D303110,0.037945
D125853,D304790,0.26314
D125853,D304900,0.10304
D125853,D305300,0.11623
D125853,D308205,0.091092
D125853,D308350,0.095296
D125853,D308600,0.058641
D125853,D310468,0.052056
D125853,D311360,0.18415
D125853,D312910,0.045244
D125853,D540000,0.15966
D125853,D600131,0.057746
D125853,D600263,0.21561
D125853,D600351,0.10199
D125853,D600496,0.5926
D125853,D600634,0.02474
D125853,D600803,0.21126
D125853,D600807,0.20245
D125853,D601042,0.10842
D125853,D601367,0.30167
D125853,D601608,0.15603
D125853,D601626,0.07265
D125853,D601665,0.22039
D125853,D602068,0.10853
D125853,D602080,0.20682
D125853,D602522,0.18567
D125853,D603165,0.15745
D125853,D604278,0.15862
D125853,D604416,0.21913
D125853,D604827,0.1104
D125853,D605021,0.059379
D125853,D605055,0.060885
D125853,D606703,0.11289
D125853,D606798,0.12294
D125853,D606842,0.15238
D125853,D607225,0.057171
D125853,D607459,0.078283
D125853,D607498,0.074476
D125853,D607499,0.12998
D125853,D607501,0.076506
D125853,D607508,0.13847
D125853,D607516,0.11139
D125853,D607554,0.053632
D125853,D607628,0.054271
D125853,D607631,0.051046
D125853,D607681,0.059156
D125853,D607682,0.059788
D125853,D607685,0.19269
D125853,D607850,0.13952
D125853,D608033,0.095987
D125853,D608088,0.096745
D125853,D608105,0.083738
D125853,D608217,0.051121
D125853,D608320,0.22802
D125853,D608583,0.058945
D125853,D608622,0.19814
D126200,D127350,0.046878
D126200,D127750,0.13107
D126200,D128101,0.19222
D126200,D131200,0.044985
D126200,D131300,0.28616
D126200,D131440,0.13142
D126200,D132090,0.075608
D126200,D132100,0.12336
D126200,D132300,0.051844
D126200,D133239,0.10636
D126200,D133600,0.020368
D126200,D133690,0.058502
D126200,D134430,0.040551
D126200,D134500,0.084372
D126200,D134510,0.048338
D126200,D134520,0.059886
D126200,D134750,0.0888
D126200,D135550,0.091937
D126200,D136200,0.049428
D126200,D137215,0.15702
D126200,D137400,0.034636
D126200,D137580,0.26787
D126200,D137750,0.20646
D126200,D137760,0.28
D126200,D137800,0.21302
D126200,D138800,0.10579
D126200,D140300,0.32479
D126200,D140600,0.058077
D126200,D140850,0.070283
D126200,D143100,0.28681
D126200,D143465,0.07328
D126200,D143500,0.12348
D126200,D143880,0.14723
D126200,D144010,0.15876
D126200,D144110,0.11428
D126200,D144650,0.11674
D126200,D144700,0.16268
D126200,D145100,0.075919
D126200,D145200,0.033642
D126200,D145500,0.22014
D126200,D145590,0.10562
D126200,D145600,0.26886
D126200,D146110,0.11143
D126200,D146255,0.20061
D126200,D146500,0.22993
D126200,D146850,0.21722
D126200,D147480,0.10393
D126200,D147530,0.25363
D126200,D147540,0.060466
D126200,D148000,0.15078
D126200,D148100,0.015507
D126200,D150600,0.17398
D126200,D150699,0.072682
D126200,D151400,0.2368
D126200,D151590,0.10868
D126200,D152700,0.27566
D126200,D153880,0.15345
D126200,D154276,0.1459
D126200,D155100,0.19519
D126200,D155600,0.18734
D126200,D155601,0.054232
D126200,D156000,0.11067
D126200,D156190,0.1606
D126200,D157300,0.18917
D126200,D157700,0.10037
D126200,D157950,0.083258
D126200,D158280,0.11644
D126200,D160300,0.083168
D126200,D160750,0.13638
D126200,D161900,0.19278
D126200,D164230,0.16214
D126200,D165150,0.1404
D126200,D165199,0.20688
D126200,D165720,0.082627
D126200,D166300,0.15355
D126200,D166710,0.095958
D126200,D166760,0.031278
D126200,D167320,0.1287
D126200,D167870,0.12675
D126200,D168100,0.080128
D126200,D168600,0.22498
D126200,D170900,0.099013
D126200,D171300,0.17515
D126200,D173200,0.018401
D126200,D174800,0.17499
D126200,D175100,0.24895
D126200,D175505,0.066168
D126200,D175510,0.20292
D126200,D176800,0.060238
D126200,D176807,0.14324
D126200,D178600,0.13557
D126200,D179800,0.18683
D126200,D179830,0.06857
D126200,D181000,0.34486
D126200,D181460,0.098144
D126200,D181500,0.26112
D126200,D182000,0.057575
D126200,D182280,0.16236
D126200,D182830,0.21134
D126200,D184700,0.12161
D126200,D187950,0.17751
D126200,D188030,0.094349
D126200,D188050,0.13472
D126200,D188470,0.11417
D126200,D189600,0.091467
D126200,D189800,0.087832
D126200,D190300,0.1473
D126200,D190310,0.11615
D126200,D190400,0.054062
D126200,D191390,0.28749
D126200,D191800,0.13071
D126200,D192000,0.029137
D126200,D192200,0.037137
D126200,D194070,0.15803
D126200,D194200,0.086949
D126200,D200170,0.10585
D126200,D203700,0.25226
D126200,D205700,0.083008
D126200,D206200,0.079039
D126200,D208085,0.14499
D126200,D208230,0.11108
D126200,D208300,0.13539
D126200,D208550,0.12399
D126200,D208700,0.15427
D126200,D208750,0.090293
D126200,D208920,0.24868
D126200,D210050,0.091133
D126200,D211980,0.10133
D126200,D212050,0.080164
D126200,D212112,0.075588
D126200,D212130,0.078707
D126200,D212140,0.17367
D126200,D212350,0.18496
D126200,D215140,0.16315
D126200,D215470,0.25128
D126200,D217150,0.10723
D126200,D217200,0.14014
D126200,D218200,0.15816
D126200,D218800,0.20946
D126200,D220120,0.11547
D126200,D223350,0.20688
D126200,D225740,0.20331
D126200,D225755,0.16144
D126200,D226000,0.11261
D126200,D226150,0.14275
D126200,D227300,0.080157
D126200,D230450,0.18447
D126200,D230800,0.2597
D126200,D231090,0.05232
D126200,D231200,0.19006
D126200,D231900,0.10995
D126200,D233810,0.081795
D126200,D236000,0.22142
D126200,D237450,0.047532
D126200,D237500,0.12967
D126200,D238800,0.11638
D126200,D239350,0.084233
D126200,D240400,0.14349
D126200,D241100,0.033436
D126200,D241519,0.15226
D126200,D243200,0.16468
D126200,D246300,0.28859
D126200,D246400,0.13665
D126200,D246470,0.090958
D126200,D247200,0.1931
D126200,D247640,0.15136
D126200,D248190,0.065921
D126200,D249100,0.25346
D126200,D250790,0.13765
D126200,D252320,0.136
D126200,D254200,0.26609
D126200,D254400,0.1435
D126200,D254450,0.12582
D126200,D254500,0.26897
D126200,D254770,0.091633
D126200,D254800,0.21786
D126200,D255900,0.19599
D126200,D256370,0.077023
D126200,D256700,0.26964
D126200,D258360,0.21762
D126200,D259050,0.12955
D126200,D259500,0.14344
D126200,D259660,0.048617
D126200,D260480,0.18976
D126200,D260570,0.15222
D126200,D260970,0.25342
D126200,D261515,0.20273
D126200,D263300,0.15897
D126200,D263800,0.16573
D126200,D264120,0.08708
D126200,D266120,0.10269
D126200,D266600,0.39518
D126200,D267730,0.15456
D126200,D267740,0.16776
D126200,D268220,0.1246
D126200,D268320,0.1281
D126200,D270960,0.064419
D126200,D273300,0.12646
D126200,D273800,0.18782
D126200,D275000,0.3374
D126200,D276300,0.10003
D126200,D277350,0.12537
D126200,D277440,0.1106
D126200,D277460,0.18754
D126200,D278200,0.052327
D126200,D300125,0.11188
D126200,D300232,0.12964
D126200,D300491,0.14632
D126200,D300494,0.18332
D126200,D303110,0.16501
D126200,D304790,0.18853
D126200,D304900,0.10589
D126200,D305300,0.10195
D126200,D308205,0.17957
D126200,D308350,0.18924
D126200,D308600,0.058214
D126200,D310468,0.069245
D126200,D311360,0.22383
D126200,D312910,0.22465
D126200,D540000,0.28666
D126200,D600082,0.020637
D126200,D600131,0.095837
D126200,D600263,0.1446
D126200,D600351,0.15086
D126200,D600496,0.14819
D126200,D600634,0.066848
D126200,D600803,0.091198
D126200,D600807,0.27479
D126200,D601004,0.066868
D126200,D601042,0.24678
D126200,D601367,0.19829
D126200,D601518,0.038613
D126200,D601608,0.1891
D126200,D601626,0.17741
D126200,D601665,0.1118
D126200,D601682,0.11019
D126200,D602068,0.036072
D126200,D602080,0.23077
D126200,D602522,0.1395
D126200,D603165,0.15066
D126200,D604278,0.17008
D126200,D604416,0.097365
D126200,D604827,0.10215
D126200,D605021,0.095422
D126200,D605055,0.12105
D126200,D605839,0.030188
D126200,D606703,0.13285
D126200,D606798,0.20824
D126200,D606842,0.15037
D126200,D607225,0.26351
D126200,D607459,0.26921
D126200,D607498,0.098482
D126200,D607499,0.061259
D126200,D607501,0.10168
D126200,D607508,0.13083
D126200,D607516,0.14834
D126200,D607554,0.071237
D126200,D607628,0.12581
D126200,D607631,0.11824
D126200,D607681,0.096723
D126200,D607682,0.098134
D126200,D607685,0.19027
D126200,D607850,0.09174
D126200,D608033,0.16866
D126200,D608088,0.20463
D126200,D608105,0.21269
D126200,D608217,0.098143
D126200,D608320,0.093951
D126200,D608583,0.058786
D126200,D608622,0.075342
D127350,D128101,0.026828
D127350,D131200,0.028279
D127350,D131300,0.21283
D127350,D132300,0.10162
D127350,D133239,0.053491
D127350,D133600,0.1254
D127350,D133690,0.15505
D127350,D134520,0.27617
D127350,D134750,0.12503
D127350,D135550,0.027469
D127350,D136200,0.051126
D127350,D137215,0.058743
D127350,D137400,0.035856
D127350,D137580,0.045558
D127350,D137750,0.043114
D127350,D137760,0.035271
D127350,D137800,0.057692
D127350,D138800,0.02886
D127350,D140300,0.063295
D127350,D140600,0.30009
D127350,D140850,0.058366
D127350,D143100,0.12396
D127350,D143465,0.061134
D127350,D143500,0.016833
D127350,D143880,0.050674
D127350,D144010,0.02176
D127350,D144110,0.031268
D127350,D144650,0.055384
D127350,D144700,0.081468
D127350,D145100,0.038834
D127350,D145200,0.18187
D127350,D145500,0.13253
D127350,D145590,0.036047
D127350,D145600,0.20115
D127350,D146110,0.081131
D127350,D146255,0.13826
D127350,D146500,0.061984
D127350,D147540,0.02883
D127350,D148000,0.022963
D127350,D148100,0.15269
D127350,D150600,0.21154
D127350,D150699,0.089208
D127350,D151400,0.016346
D127350,D152700,0.18816
D127350,D153880,0.10253
D127350,D154276,0.053076
D127350,D155100,0.13369
D127350,D155600,0.10417
D127350,D155601,0.071476
D127350,D156000,0.028476
D127350,D156190,0.11862
D127350,D157700,0.16606
D127350,D157950,0.1959
D127350,D158280,0.092738
D127350,D160300,0.1416
D127350,D160750,0.057108
D127350,D161900,0.10866
D127350,D165150,0.031132
D127350,D165199,0.03285
D127350,D165720,0.23066
D127350,D166300,0.31362
D127350,D166710,0.36549
D127350,D166760,0.124
D127350,D167320,0.11315
D127350,D167870,0.075036
D127350,D168100,0.12067
D127350,D168600,0.07828
D127350,D171300,0.067473
D127350,D173200,0.10089
D127350,D174800,0.17409
D127350,D175100,0.11521
D127350,D176800,0.314
D127350,D176807,0.094759
D127350,D178600,0.049056
D127350,D179600,0.15218
D127350,D179800,0.22146
D127350,D179830,0.052073
D127350,D181000,0.065556
D127350,D181500,0.071602
D127350,D182000,0.082412
D127350,D182280,0.053675
D127350,D182830,0.033977
D127350,D184700,0.028432
D127350,D187950,0.017912
D127350,D188050,0.075543
D127350,D188470,0.082755
D127350,D189600,0.21794
D127350,D189800,0.046977
D127350,D190300,0.14842
D127350,D191390,0.095501
D127350,D192200,0.10721
D127350,D194070,0.16116
D127350,D194200,0.067906
D127350,D200170,0.098071
D127350,D203700,0.09472
D127350,D208085,0.12424
D127350,D208230,0.28926
D127350,D208300,0.094695
D127350,D208550,0.077234
D127350,D208750,0.021179
D127350,D208920,0.016413
D127350,D212050,0.027155
D127350,D212112,0.0291
D127350,D212130,0.070437
D127350,D212140,0.042026
D127350,D212350,0.053427
D127350,D215140,0.1836
D127350,D215470,0.0452
D127350,D217150,0.13627
D127350,D218200,0.021175
D127350,D225740,0.066329
D127350,D225755,0.16566
D127350,D226000,0.052207
D127350,D230450,0.056946
D127350,D230800,0.10198
D127350,D231200,0.020656
D127350,D233810,0.099705
D127350,D236000,0.06387
D127350,D237500,0.03528
D127350,D238800,0.055555
D127350,D239350,0.06884
D127350,D240400,0.064067
D127350,D241100,0.10837
D127350,D243200,0.025639
D127350,D246400,0.077907
D127350,D246470,0.043062
D127350,D247200,0.1574
D127350,D248190,0.075832
D127350,D249100,0.12853
D127350,D252320,0.046042
D127350,D254200,0.077022
D127350,D254500,0.045986
D127350,D254800,0.057747
D127350,D255900,0.15817
D127350,D256370,0.060967
D127350,D256700,0.13204
D127350,D258360,0.024218
D127350,D259050,0.22651
D127350,D259500,0.17485
D127350,D259660,0.24038
D127350,D260480,0.046431
D127350,D261515,0.19368
D127350,D263800,0.11147
D127350,D266120,0.054626
D127350,D266600,0.16104
D127350,D267740,0.036732
D127350,D268220,0.027659
D127350,D268320,0.065319
D127350,D270960,0.049094
D127350,D273300,0.076036
D127350,D273800,0.050144
D127350,D275000,0.064469
D127350,D276300,0.05523
D127350,D277350,0.028525
D127350,D277440,0.2377
D127350,D277460,0.017866
D127350,D278200,0.03622
D127350,D300232,0.224
D127350,D300491,0.049305
D127350,D300494,0.049109
D127350,D303110,0.025481
D127350,D304790,0.040687
D127350,D304900,0.08713
D127350,D305300,0.12843
D127350,D308205,0.031674
D127350,D308350,0.048393
D127350,D310468,0.11122
D127350,D311360,0.069613
D127350,D312910,0.040234
D127350,D540000,0.04213
D127350,D600082,0.039371
D127350,D600263,0.11209
D127350,D600496,0.023388
D127350,D600631,0.11143
D127350,D600634,0.031575
D127350,D600803,0.056284
D127350,D600807,0.082258
D127350,D600808,0.11093
D127350,D601042,0.087265
D127350,D601367,0.10555
D127350,D601518,0.035589
D127350,D601608,0.047029
D127350,D601665,0.063369
D127350,D601682,0.044946
D127350,D602068,0.068849
D127350,D602080,0.16685
D127350,D602522,0.16865
D127350,D603165,0.033061
D127350,D604278,0.13225
D127350,D604416,0.24744
D127350,D605839,0.075831
D127350,D606703,0.077989
D127350,D606798,0.051498
D127350,D606842,0.12911
D127350,D607225,0.07721
D127350,D607459,0.017758
D127350,D607516,0.073403
D127350,D607685,0.016067
D127350,D607850,0.23782
D127350,D608033,0.01664
D127350,D608088,0.043513
D127350,D608105,0.082135
D127350,D608320,0.019568
D127750,D128101,0.19507
D127750,D131300,0.053778
D127750,D132090,0.15454
D127750,D132100,0.15526
D127750,D132300,0.10593
D127750,D134510,0.099373
D127750,D135550,0.039994
D127750,D137580,0.27425
D127750,D137750,0.083038
D127750,D137760,0.13737
D127750,D137800,0.17994
D127750,D140300,0.10306
D127750,D143100,0.32452
D127750,D143465,0.18097
D127750,D143500,0.093892
D127750,D143880,0.048291
D127750,D144010,0.064353
D127750,D144110,0.023162
D127750,D144700,0.042208
D127750,D145500,0.057105
D127750,D145590,0.053173
D127750,D145600,0.12716
D127750,D146110,0.038431
D127750,D146255,0.13347
D127750,D146500,0.29487
D127750,D146850,0.029115
D127750,D147530,0.11748
D127750,D150699,0.017861
D127750,D152700,0.088727
D127750,D153880,0.077857
D127750,D154276,0.021127
D127750,D155100,0.1339
D127750,D155600,0.021159
D127750,D156000,0.1051
D127750,D156190,0.13969
D127750,D157300,0.12799
D127750,D157700,0.028707
D127750,D160300,0.02552
D127750,D160750,0.045677
D127750,D161900,0.027704
D127750,D164230,0.27262
D127750,D165150,0.21051
D127750,D165199,0.096365
D127750,D165720,0.083046
D127750,D167320,0.1537
D127750,D167870,0.060281
D127750,D168100,0.41924
D127750,D168600,0.55366
D127750,D171300,0.063736
D127750,D174800,0.049668
D127750,D175100,0.10096
D127750,D176807,0.043199
D127750,D179800,0.062485
D127750,D181000,0.062242
D127750,D181500,0.44216
D127750,D182280,0.014183
D127750,D182830,0.25425
D127750,D184700,0.065047
D127750,D187950,0.05068
D127750,D188050,0.054801
D127750,D189600,0.11106
D127750,D190300,0.32789
D127750,D190310,0.12802
D127750,D190400,0.082964
D127750,D191390,0.035559
D127750,D194070,0.061452
D127750,D194200,0.13484
D127750,D200170,0.035822
D127750,D203700,0.27953
D127750,D208085,0.040009
D127750,D208230,0.025739
D127750,D208300,0.022937
D127750,D208700,0.21462
D127750,D208750,0.062885
D127750,D208920,0.21476
D127750,D210050,0.15369
D127750,D212050,0.040148
D127750,D212112,0.092773
D127750,D212130,0.028088
D127750,D212140,0.14331
D127750,D212350,0.15253
D127750,D215140,0.042787
D127750,D215470,0.15669
D127750,D217150,0.017217
D127750,D217200,0.22618
D127750,D218200,0.1822
D127750,D218800,0.11541
D127750,D220120,0.10927
D127750,D225740,0.14297
D127750,D225755,0.11811
D127750,D226000,0.083586
D127750,D230450,0.09427
D127750,D230800,0.061194
D127750,D231090,0.060116
D127750,D233810,0.14594
D127750,D237500,0.014142
D127750,D238800,0.11134
D127750,D239350,0.073548
D127750,D240400,0.06981
D127750,D241519,0.078971
D127750,D243200,0.16617
D127750,D246300,0.018132
D127750,D246400,0.012599
D127750,D247200,0.15014
D127750,D247640,0.016814
D127750,D248190,0.020245
D127750,D249100,0.044858
D127750,D250790,0.15855
D127750,D252320,0.055246
D127750,D254200,0.10602
D127750,D254500,0.036922
D127750,D254770,0.17414
D127750,D254800,0.3525
D127750,D255900,0.033636
D127750,D256700,0.12831
D127750,D258360,0.067381
D127750,D259050,0.064118
D127750,D259500,0.016712
D127750,D260480,0.024194
D127750,D260970,0.28067
D127750,D261515,0.1096
D127750,D263300,0.018729
D127750,D263800,0.087992
D127750,D264120,0.066729
D127750,D266120,0.022169
D127750,D266600,0.037798
D127750,D267740,0.13531
D127750,D268320,0.077229
D127750,D270960,0.039276
D127750,D273300,0.12039
D127750,D273800,0.065101
D127750,D275000,0.050567
D127750,D276300,0.097047
D127750,D277350,0.021051
D127750,D277440,0.084124
D127750,D277460,0.099645
D127750,D300125,0.1497
D127750,D300232,0.11786
D127750,D300491,0.17709
D127750,D300494,0.096479
D127750,D303110,0.05614
D127750,D304790,0.010123
D127750,D304900,0.14411
D127750,D305300,0.019332
D127750,D308205,0.13739
D127750,D308350,0.19276
D127750,D311360,0.09128
D127750,D312910,0.12639
D127750,D540000,0.21291
D127750,D600131,0.17547
D127750,D600351,0.029001
D127750,D600807,0.025006
D127750,D601042,0.24518
D127750,D601367,0.15714
D127750,D601608,0.091667
D127750,D601665,0.11959
D127750,D601682,0.03319
D127750,D602080,0.14048
D127750,D602522,0.028389
D127750,D603165,0.011927
D127750,D604278,0.11496
D127750,D604827,0.11042
D127750,D605021,0.17415
D127750,D605055,0.57301
D127750,D606703,0.20805
D127750,D606798,0.24379
D127750,D606842,0.12873
D127750,D607225,0.11797
D127750,D607459,0.23527
D127750,D607498,0.13172
D127750,D607499,0.092788
D127750,D607501,0.13606
D127750,D607508,0.13995
D127750,D607516,0.15056
D127750,D607554,0.081791
D127750,D607628,0.15908
D127750,D607631,0.23583
D127750,D607681,0.17683
D127750,D607682,0.17947
D127750,D607685,0.039153
D127750,D607850,0.022592
D127750,D608033,0.23812
D127750,D608088,0.21858
D127750,D608105,0.20206
D127750,D608217,0.17444
D127750,D608583,0.089895
D127750,D608622,0.081977
D128101,D131200,0.031203
D128101,D131300,0.13572
D128101,D132090,0.21196
D128101,D132100,0.17041
D128101,D132300,0.14529
D128101,D133239,0.039014
D128101,D133690,0.030529
D128101,D134430,0.042682
D128101,D134500,0.03463
D128101,D134510,0.033914
D128101,D134520,0.025131
D128101,D135550,0.13824
D128101,D136200,0.053069
D128101,D137215,0.048283
D128101,D137400,0.037219
D128101,D137580,0.29436
D128101,D137750,0.11451
D128101,D137760,0.093678
D128101,D137800,0.13751
D128101,D138800,0.035868
D128101,D140300,0.15654
D128101,D140850,0.029267
D128101,D143100,0.1821
D128101,D143465,0.063918
D128101,D143500,0.18732
D128101,D143880,0.13283
D128101,D144010,0.15482
D128101,D144110,0.032456
D128101,D144650,0.061141
D128101,D144700,0.07237
D128101,D145100,0.04031
D128101,D145200,0.075162
D128101,D145500,0.12531
D128101,D145590,0.11037
D128101,D145600,0.17518
D128101,D146110,0.070193
D128101,D146255,0.20141
D128101,D146500,0.25161
D128101,D147480,0.05398
D128101,D147530,0.10733
D128101,D147540,0.031781
D128101,D148000,0.022061
D128101,D150600,0.062948
D128101,D151400,0.036076
D128101,D152700,0.085806
D128101,D153880,0.080414
D128101,D154276,0.086935
D128101,D155100,0.057078
D128101,D155600,0.060215
D128101,D156000,0.2028
D128101,D156190,0.14366
D128101,D157300,0.15456
D128101,D157700,0.079057
D128101,D157950,0.043447
D128101,D158280,0.050631
D128101,D160300,0.070005
D128101,D160750,0.062664
D128101,D161900,0.076004
D128101,D164230,0.40508
D128101,D165150,0.095108
D128101,D165199,0.13324
D128101,D165720,0.056973
D128101,D166300,0.035399
D128101,D166710,0.048627
D128101,D166760,0.066359
D128101,D167320,0.13319
D128101,D167870,0.10335
D128101,D168100,0.26961
D128101,D168600,0.17428
D128101,D170900,0.025877
D128101,D171300,0.16064
D128101,D173200,0.042916
D128101,D174800,0.1609
D128101,D175100,0.13034
D128101,D175505,0.046167
D128101,D175510,0.023199
D128101,D176800,0.042055
D128101,D176807,0.078989
D128101,D178600,0.034825
D128101,D179800,0.1225
D128101,D179830,0.057511
D128101,D181000,0.14485
D128101,D181500,0.25185
D128101,D182000,0.030046
D128101,D182280,0.019453
D128101,D182830,0.17295
D128101,D184700,0.088803
D128101,D187950,0.052127
D128101,D188050,0.2269
D128101,D189600,0.39816
D128101,D189800,0.025896
D128101,D190300,0.31675
D128101,D190310,0.21079
D128101,D190400,0.056615
D128101,D191390,0.081684
D128101,D192200,0.039089
D128101,D194070,0.042137
D128101,D194200,0.15945
D128101,D200170,0.09828
D128101,D203700,0.18601
D128101,D208085,0.15657
D128101,D208230,0.035311
D128101,D208300,0.095064
D128101,D208550,0.078485
D128101,D208700,0.26388
D128101,D208750,0.10777
D128101,D208920,0.21852
D128101,D210050,0.18658
D128101,D211980,0.025201
D128101,D212050,0.083253
D128101,D212112,0.06348
D128101,D212130,0.038524
D128101,D212140,0.1792
D128101,D212350,0.20947
D128101,D215140,0.063322
D128101,D215470,0.29301
D128101,D217150,0.047796
D128101,D217200,0.1782
D128101,D218200,0.16143
D128101,D218800,0.24322
D128101,D220120,0.29917
D128101,D225740,0.12055
D128101,D225755,0.16189
D128101,D226000,0.14328
D128101,D226150,0.03287
D128101,D227300,0.032909
D128101,D230450,0.1306
D128101,D230800,0.16984
D128101,D231200,0.10747
D128101,D231900,0.076991
D128101,D233810,0.11388
D128101,D237450,0.13373
D128101,D237500,0.11643
D128101,D238800,0.09141
D128101,D239350,0.15128
D128101,D240400,0.13997
D128101,D241100,0.023388
D128101,D241519,0.13923
D128101,D243200,0.17116
D128101,D246300,0.024944
D128101,D246400,0.034088
D128101,D247200,0.13168
D128101,D248190,0.08324
D128101,D249100,0.13698
D128101,D250790,0.096916
D128101,D252320,0.10109
D128101,D254200,0.081881
D128101,D254450,0.031332
D128101,D254500,0.06758
D128101,D254770,0.24073
D128101,D254800,0.29373
D128101,D255900,0.070008
D128101,D256370,0.022204
D128101,D256700,0.15422
D128101,D258360,0.071263
D128101,D259050,0.12418
D128101,D259500,0.022921
D128101,D259660,0.0341
D128101,D260480,0.06679
D128101,D260570,0.030765
D128101,D260970,0.15729
D128101,D261515,0.21325
D128101,D263300,0.051394
D128101,D263800,0.13846
D128101,D264120,0.091161
D128101,D266120,0.030037
D128101,D266600,0.13006
D128101,D267740,0.18665
D128101,D268220,0.056714
D128101,D268320,0.10643
D128101,D270960,0.026929
D128101,D273300,0.095279
D128101,D273800,0.18166
D128101,D275000,0.1064
D128101,D276300,0.1018
D128101,D277350,0.058474
D128101,D277440,0.14643
D128101,D277460,0.29285
D128101,D278200,0.037596
D128101,D300125,0.2065
D128101,D300232,0.15631
D128101,D300491,0.35393
D128101,D300494,0.18627
D128101,D303110,0.15487
D128101,D304790,0.083731
D128101,D304900,0.16827
D128101,D305300,0.026515
D128101,D308205,0.17118
D128101,D308350,0.23727
D128101,D308600,0.12255
D128101,D310468,0.12092
D128101,D311360,0.21511
D128101,D312910,0.32131
D128101,D540000,0.27623
D128101,D600131,0.24223
D128101,D600263,0.023189
D128101,D600496,0.051038
D128101,D600634,0.03447
D128101,D600803,0.061925
D128101,D600807,0.06903
D128101,D601004,0.094292
D128101,D601042,0.23755
D128101,D601367,0.18552
D128101,D601608,0.10063
D128101,D601665,0.16352
D128101,D601682,0.046655
D128101,D602080,0.12574
D128101,D602522,0.11732
D128101,D603165,0.084723
D128101,D604278,0.28009
D128101,D604416,0.045087
D128101,D604827,0.15275
D128101,D605021,0.24052
D128101,D605055,0.19822
D128101,D606703,0.28744
D128101,D606798,0.36876
D128101,D606842,0.16245
D128101,D607225,0.17714
D128101,D607459,0.28159
D128101,D607498,0.18172
D128101,D607499,0.083735
D128101,D607501,0.18769
D128101,D607508,0.19304
D128101,D607516,0.20693
D128101,D607554,0.14955
D128101,D607628,0.21972
D128101,D607631,0.24915
D128101,D607681,0.24416
D128101,D607682,0.2478
D128101,D607685,0.054404
D128101,D608033,0.23895
D128101,D608088,0.17952
D128101,D608105,0.32524
D128101,D608217,0.24064
D128101,D608320,0.085724
D128101,D608583,0.12328
D128101,D608622,0.11242
D131200,D131440,0.029981
D131200,D133239,0.054942
D131200,D133690,0.072174
D131200,D134750,0.036209
D131200,D137215,0.10109
D131200,D137580,0.019121
D131200,D137760,0.04626
D131200,D137800,0.042818
D131200,D138800,0.11149
D131200,D140300,0.082405
D131200,D140850,0.034488
D131200,D143100,0.084728
D131200,D143500,0.021657
D131200,D143880,0.078148
D131200,D144700,0.14595
D131200,D145500,0.074003
D131200,D145600,0.058585
D131200,D146110,0.20922
D131200,D146255,0.085902
D131200,D146500,0.03933
D131200,D147480,0.029459
D131200,D148000,0.055831
D131200,D150699,0.20562
D131200,D151400,0.065056
D131200,D151590,0.15159
D131200,D152700,0.043044
D131200,D153880,0.031414
D131200,D155100,0.044804
D131200,D155600,0.053907
D131200,D155601,0.048071
D131200,D157700,0.030914
D131200,D161900,0.15956
D131200,D166300,0.041191
D131200,D167320,0.052368
D131200,D167870,0.12253
D131200,D168600,0.018119
D131200,D170900,0.03049
D131200,D171300,0.069895
D131200,D174800,0.19288
D131200,D175100,0.10067
D131200,D175505,0.054546
D131200,D175510,0.05604
D131200,D176807,0.21425
D131200,D178600,0.08349
D131200,D179800,0.024023
D131200,D181000,0.068534
D131200,D181460,0.074596
D131200,D182000,0.074621
D131200,D182280,0.10426
D131200,D184700,0.2832
D131200,D187950,0.040948
D131200,D188470,0.10406
D131200,D189600,0.03586
D131200,D189800,0.061053
D131200,D190300,0.02271
D131200,D191390,0.038303
D131200,D191800,0.07984
D131200,D192000,0.21947
D131200,D194070,0.16966
D131200,D194200,0.02675
D131200,D200170,0.25001
D131200,D203700,0.048861
D131200,D208085,0.021153
D131200,D208300,0.074862
D131200,D208550,0.061139
D131200,D208750,0.024876
D131200,D208920,0.021318
D131200,D210050,0.024172
D131200,D211980,0.1337
D131200,D212140,0.0348
D131200,D215140,0.05187
D131200,D215470,0.027363
D131200,D218800,0.020297
D131200,D223350,0.032277
D131200,D226000,0.067546
D131200,D230800,0.042359
D131200,D231090,0.12876
D131200,D231200,0.14793
D131200,D236000,0.025684
D131200,D237500,0.022845
D131200,D238800,0.073759
D131200,D239350,0.02967
D131200,D240400,0.055903
D131200,D241100,0.25226
D131200,D243200,0.066836
D131200,D246400,0.039462
D131200,D246470,0.14014
D131200,D247200,0.11551
D131200,D247640,0.032819
D131200,D248190,0.065351
D131200,D249100,0.12989
D131200,D254200,0.096341
D131200,D254400,0.031084
D131200,D254450,0.054976
D131200,D254500,0.040145
D131200,D254800,0.036144
D131200,D255900,0.054903
D131200,D256370,0.32617
D131200,D256700,0.14095
D131200,D259500,0.088818
D131200,D260480,0.01954
D131200,D261515,0.078037
D131200,D263800,0.04045
D131200,D264120,0.18541
D131200,D266120,0.035388
D131200,D266600,0.091389
D131200,D267730,0.047651
D131200,D268220,0.042778
D131200,D270960,0.26757
D131200,D273300,0.21748
D131200,D273800,0.1262
D131200,D275000,0.040782
D131200,D276300,0.057655
D131200,D277440,0.10507
D131200,D300232,0.018305
D131200,D304790,0.06561
D131200,D304900,0.028059
D131200,D305300,0.031426
D131200,D308205,0.036498
D131200,D310468,0.057065
D131200,D311360,0.21707
D131200,D540000,0.01765
D131200,D600082,0.20517
D131200,D600263,0.02731
D131200,D600496,0.090221
D131200,D600631,0.072325
D131200,D600634,0.04251
D131200,D600803,0.036446
D131200,D600807,0.060664
D131200,D600808,0.071951
D131200,D601367,0.021734
D131200,D601518,0.23297
D131200,D601626,0.06004
D131200,D601665,0.0273
D131200,D602080,0.037918
D131200,D602522,0.068908
D131200,D603165,0.038521
D131200,D604278,0.046122
D131200,D604416,0.026574
D131200,D605839,0.13915
D131200,D606842,0.025826
D131200,D607459,0.020203
D131200,D607685,0.020677
D131200,D608033,0.021286
D131200,D608088,0.026392
D131200,D608320,0.025276
D131300,D131440,0.11986
D131300,D132090,0.058528
D131300,D132100,0.11993
D131300,D132300,0.18905
D131300,D133239,0.086585
D131300,D133600,0.12967
D131300,D133690,0.12527
D131300,D134430,0.070838
D131300,D134500,0.11516
D131300,D134510,0.05629
D131300,D134520,0.14421
D131300,D134750,0.15563
D131300,D135550,0.26546
D131300,D136200,0.095838
D131300,D137215,0.14411
D131300,D137400,0.10158
D131300,D137580,0.16347
D131300,D137750,0.20402
D131300,D137760,0.22049
D131300,D137800,0.13657
D131300,D138800,0.052967
D131300,D140300,0.20772
D131300,D140600,0.13886
D131300,D140850,0.080938
D131300,D143100,0.19685
D131300,D143465,0.069523
D131300,D143500,0.1175
D131300,D143880,0.19937
D131300,D144010,0.19701
D131300,D144110,0.073579
D131300,D144650,0.11832
D131300,D144700,0.12915
D131300,D145100,0.088909
D131300,D145200,0.12058
D131300,D145500,0.17829
D131300,D145590,0.18877
D131300,D145600,0.31933
D131300,D146110,0.19436
D131300,D146255,0.27849
D131300,D146500,0.16813
D131300,D146850,0.088294
D131300,D147480,0.073345
D131300,D147530,0.13694
D131300,D147540,0.071609
D131300,D148000,0.11277
D131300,D148100,0.075751
D131300,D150600,0.26934
D131300,D150699,0.055215
D131300,D151400,0.16635
D131300,D151590,0.11193
D131300,D152700,0.26132
D131300,D153880,0.16793
D131300,D154276,0.21013
D131300,D155100,0.24951
D131300,D155600,0.18933
D131300,D155601,0.040666
D131300,D156000,0.19594
D131300,D156190,0.18755
D131300,D157300,0.20113
D131300,D157700,0.28047
D131300,D157950,0.31968
D131300,D158280,0.10941
D131300,D160300,0.22305
D131300,D160750,0.22007
D131300,D161900,0.20392
D131300,D164230,0.093021
D131300,D165150,0.17144
D131300,D165199,0.2703
D131300,D165720,0.22225
D131300,D166300,0.26124
D131300,D166710,0.273
D131300,D166760,0.17004
D131300,D167320,0.25624
D131300,D167870,0.1085
D131300,D168100,0.11056
D131300,D168600,0.15485
D131300,D170900,0.13075
D131300,D171300,0.12118
D131300,D173200,0.16605
D131300,D174800,0.32515
D131300,D175100,0.21841
D131300,D175505,0.012758
D131300,D175510,0.091069
D131300,D176800,0.14173
D131300,D176807,0.12117
D131300,D178600,0.1564
D131300,D179600,0.19881
D131300,D179800,0.25752
D131300,D179830,0.12895
D131300,D181000,0.26239
D131300,D181460,0.061397
D131300,D181500,0.23166
D131300,D182000,0.083381
D131300,D182280,0.076409
D131300,D182830,0.13626
D131300,D184700,0.12478
D131300,D187950,0.17711
D131300,D188030,0.14502
D131300,D188050,0.18223
D131300,D188470,0.13228
D131300,D189600,0.20064
D131300,D189800,0.1148
D131300,D190300,0.27566
D131300,D190310,0.038476
D131300,D190400,0.03129
D131300,D191390,0.19083
D131300,D192200,0.13015
D131300,D194070,0.15807
D131300,D194200,0.11429
D131300,D200170,0.12511
D131300,D203700,0.2103
D131300,D205700,0.12061
D131300,D206200,0.2153
D131300,D208085,0.090369
D131300,D208230,0.31175
D131300,D208300,0.142
D131300,D208550,0.17507
D131300,D208700,0.10669
D131300,D208750,0.159
D131300,D208920,0.20167
D131300,D210050,0.06843
D131300,D211980,0.056337
D131300,D212050,0.12445
D131300,D212110,0.028297
D131300,D212112,0.10577
D131300,D212130,0.16056
D131300,D212140,0.22366
D131300,D212350,0.18662
D131300,D215140,0.26207
D131300,D215470,0.24009
D131300,D217150,0.25994
D131300,D217200,0.17033
D131300,D218200,0.19434
D131300,D218800,0.1663
D131300,D220120,0.13898
D131300,D223350,0.13893
D131300,D225740,0.24916
D131300,D225755,0.11912
D131300,D226000,0.1305
D131300,D226150,0.018166
D131300,D227300,0.10771
D131300,D230450,0.32762
D131300,D230800,0.2388
D131300,D231090,0.060897
D131300,D231200,0.13897
D131300,D231900,0.20766
D131300,D233810,0.2316
D131300,D236000,0.16931
D131300,D237450,0.055465
D131300,D237500,0.12066
D131300,D238800,0.12089
D131300,D239350,0.070102
D131300,D240400,0.21586
D131300,D241100,0.080563
D131300,D241519,0.18408
D131300,D243200,0.094053
D131300,D246300,0.12473
D131300,D246400,0.154
D131300,D246470,0.026252
D131300,D247200,0.26613
D131300,D247640,0.063804
D131300,D248190,0.046326
D131300,D249100,0.25049
D131300,D250790,0.154
D131300,D252320,0.21008
D131300,D254200,0.24187
D131300,D254400,0.072971
D131300,D254450,0.10501
D131300,D254500,0.21709
D131300,D254770,0.08007
D131300,D254800,0.18146
D131300,D255900,0.21233
D131300,D256370,0.039947
D131300,D256700,0.21056
D131300,D258360,0.22565
D131300,D259050,0.37965
D131300,D259500,0.19437
D131300,D259660,0.21996
D131300,D260480,0.16786
D131300,D260570,0.13892
D131300,D260970,0.12069
D131300,D261515,0.23164
D131300,D263300,0.11383
D131300,D263800,0.22436
D131300,D264120,0.11895
D131300,D266120,0.1788
D131300,D266600,0.2669
D131300,D267730,0.044719
D131300,D267740,0.15357
D131300,D268220,0.12633
D131300,D268320,0.23985
D131300,D270960,0.029773
D131300,D273300,0.12055
D131300,D273800,0.20774
D131300,D275000,0.29284
D131300,D276300,0.14925
D131300,D277350,0.19528
D131300,D277440,0.25621
D131300,D277460,0.18658
D131300,D278200,0.13096
D131300,D300125,0.1946
D131300,D300232,0.30707
D131300,D300491,0.14942
D131300,D300494,0.21377
D131300,D303110,0.28453
D131300,D304790,0.21152
D131300,D304900,0.066229
D131300,D305300,0.21113
D131300,D308205,0.22972
D131300,D308350,0.14731
D131300,D308600,0.045193
D131300,D310468,0.095354
D131300,D311360,0.23067
D131300,D312910,0.23279
D131300,D540000,0.33977
D131300,D600131,0.089004
D131300,D600263,0.13165
D131300,D600351,0.11301
D131300,D600496,0.14232
D131300,D600634,0.038112
D131300,D600803,0.069381
D131300,D600807,0.15375
D131300,D601042,0.25742
D131300,D601367,0.17539
D131300,D601608,0.21374
D131300,D601626,0.083798
D131300,D601665,0.1159
D131300,D601682,0.12888
D131300,D602080,0.33161
D131300,D602522,0.26471
D131300,D603165,0.19917
D131300,D604278,0.24414
D131300,D604416,0.15628
D131300,D604827,0.051664
D131300,D605021,0.089114
D131300,D605055,0.062308
D131300,D606703,0.15115
D131300,D606798,0.23111
D131300,D606842,0.23839
D131300,D607225,0.17985
D131300,D607459,0.13877
D131300,D607498,0.20541
D131300,D607499,0.045519
D131300,D607501,0.2111
D131300,D607508,0.22762
D131300,D607516,0.18454
D131300,D607554,0.082672
D131300,D607628,0.081483
D131300,D607631,0.078514
D131300,D607681,0.090057
D131300,D607682,0.09131
D131300,D607685,0.21938
D131300,D607850,0.14514
D131300,D608033,0.10645
D131300,D608088,0.17895
D131300,D608105,0.21877
D131300,D608217,0.095298
D131300,D608320,0.10841
D131300,D608583,0.068152
D131300,D608622,0.12951
D131440,D133239,0.080686
D131440,D133690,0.1347
D131440,D134430,0.082212
D131440,D134500,0.13369
D131440,D134510,0.065331
D131440,D134520,0.048405
D131440,D134750,0.090828
D131440,D136200,0.11415
D131440,D137215,0.09486
D131440,D137580,0.068764
D131440,D137760,0.10992
D131440,D137800,0.14098
D131440,D138800,0.060894
D131440,D140300,0.13893
D131440,D140850,0.17769
D131440,D143100,0.11457
D131440,D143500,0.089528
D131440,D143880,0.063887
D131440,D144010,0.15702
D131440,D144110,0.071329
D131440,D144650,0.059392
D131440,D144700,0.13312
D131440,D145100,0.090849
D131440,D145200,0.068286
D131440,D145500,0.096133
D131440,D145590,0.087087
D131440,D145600,0.047955
D131440,D146110,0.050908
D131440,D146255,0.035076
D131440,D146500,0.067584
D131440,D146850,0.19773
D131440,D147480,0.10105
D131440,D147540,0.13034
D131440,D148000,0.15632
D131440,D148100,0.068262
D131440,D150600,0.076017
D131440,D150699,0.10125
D131440,D151400,0.22119
D131440,D151590,0.18718
D131440,D152700,0.14486
D131440,D154276,0.059721
D131440,D155100,0.3208
D131440,D155600,0.17305
D131440,D155601,0.14856
D131440,D157300,0.063554
D131440,D157700,0.05296
D131440,D157950,0.044228
D131440,D160750,0.061828
D131440,D161900,0.093033
D131440,D166300,0.03477
D131440,D166710,0.041534
D131440,D167320,0.043472
D131440,D170900,0.099869
D131440,D171300,0.087347
D131440,D173200,0.077779
D131440,D174800,0.14413
D131440,D175100,0.090937
D131440,D175505,0.044622
D131440,D175510,0.26684
D131440,D176807,0.11647
D131440,D178600,0.14139
D131440,D179800,0.10016
D131440,D179830,0.056045
D131440,D181000,0.15859
D131440,D181460,0.030381
D131440,D181500,0.087481
D131440,D182000,0.12278
D131440,D182280,0.2963
D131440,D184700,0.074025
D131440,D187950,0.33866
D131440,D188030,0.19057
D131440,D188050,0.15671
D131440,D188470,0.11277
D131440,D189800,0.05006
D131440,D191390,0.16041
D131440,D194070,0.098724
D131440,D200170,0.05379
D131440,D205700,0.082378
D131440,D206200,0.21228
D131440,D208085,0.039253
D131440,D208230,0.051984
D131440,D208300,0.030269
D131440,D208550,0.1282
D131440,D208750,0.051172
D131440,D208920,0.16159
D131440,D211980,0.10297
D131440,D212050,0.062199
D131440,D212140,0.10592
D131440,D215140,0.20727
D131440,D215470,0.045001
D131440,D218200,0.04452
D131440,D218800,0.1548
D131440,D220120,0.061211
D131440,D223350,0.41587
D131440,D227300,0.12471
D131440,D230450,0.15216
D131440,D230800,0.17443
D131440,D231090,0.052749
D131440,D231200,0.19769
D131440,D231900,0.18754
D131440,D233810,0.076619
D131440,D236000,0.24472
D131440,D237450,0.072065
D131440,D237500,0.17312
D131440,D240400,0.087875
D131440,D241519,0.070893
D131440,D246300,0.19749
D131440,D246400,0.19764
D131440,D246470,0.1342
D131440,D247200,0.10258
D131440,D247640,0.18083
D131440,D249100,0.18702
D131440,D250790,0.16619
D131440,D252320,0.054875
D131440,D254200,0.078958
D131440,D254400,0.21844
D131440,D254450,0.24842
D131440,D254500,0.17572
D131440,D254800,0.031753
D131440,D255900,0.051596
D131440,D256370,0.042963
D131440,D256700,0.12049
D131440,D258360,0.30266
D131440,D259050,0.032609
D131440,D259500,0.15843
D131440,D260480,0.12118
D131440,D260570,0.3451
D131440,D261515,0.054424
D131440,D263300,0.29196
D131440,D263800,0.069368
D131440,D264120,0.059455
D131440,D266120,0.14683
D131440,D266600,0.13987
D131440,D267730,0.1171
D131440,D268220,0.15367
D131440,D268320,0.027224
D131440,D270960,0.025858
D131440,D273300,0.071824
D131440,D273800,0.2039
D131440,D275000,0.12081
D131440,D276300,0.14432
D131440,D277350,0.11891
D131440,D277440,0.072698
D131440,D277460,0.11588
D131440,D278200,0.03825
D131440,D300232,0.035437
D131440,D304790,0.19505
D131440,D305300,0.078374
D131440,D308205,0.037364
D131440,D308600,0.089182
D131440,D311360,0.034593
D131440,D540000,0.04608
D131440,D600263,0.090582
D131440,D600351,0.13473
D131440,D600496,0.049312
D131440,D600634,0.068191
D131440,D600803,0.059762
D131440,D600807,0.27588
D131440,D601367,0.10798
D131440,D601518,0.039021
D131440,D601608,0.046287
D131440,D601626,0.32913
D131440,D601665,0.070456
D131440,D602068,0.082618
D131440,D602080,0.075003
D131440,D602522,0.038038
D131440,D603165,0.13887
D131440,D604278,0.038653
D131440,D604416,0.050086
D131440,D605839,0.12106
D131440,D607508,0.053292
D131440,D607685,0.40298
D131440,D608622,0.080394
D132090,D132100,0.67281
D132090,D132300,0.57788
D132090,D135550,0.10956
D132090,D137580,0.1299
D132090,D137750,0.090948
D132090,D137760,0.074403
D132090,D137800,0.21903
D132090,D140300,0.13904
D132090,D143100,0.12982
D132090,D143500,0.11021
D132090,D143880,0.088056
D132090,D144010,0.088
D132090,D144700,0.02887
D132090,D145500,0.09392
D132090,D145590,0.14566
D132090,D145600,0.17932
D132090,D146110,0.070071
D132090,D146255,0.26275
D132090,D146500,0.1329
D132090,D147530,0.10713
D132090,D152700,0.17512
D132090,D153880,0.053035
D132090,D154276,0.057822
D132090,D155100,0.075989
D132090,D156000,0.23031
D132090,D156190,0.19062
D132090,D157300,0.17497
D132090,D157700,0.052333
D132090,D160300,0.069847
D132090,D160750,0.12513
D132090,D161900,0.075894
D132090,D164230,0.26732
D132090,D165150,0.12539
D132090,D165199,0.13199
D132090,D165720,0.11377
D132090,D167320,0.17739
D132090,D167870,0.16525
D132090,D168100,0.1886
D132090,D168600,0.12301
D132090,D171300,0.08732
D132090,D174800,0.090784
D132090,D175100,0.068521
D132090,D176807,0.11841
D132090,D179800,0.081561
D132090,D181000,0.056576
D132090,D181500,0.14152
D132090,D182830,0.27518
D132090,D184700,0.029259
D132090,D187950,0.10419
D132090,D188050,0.15021
D132090,D189600,0.1818
D132090,D190300,0.15416
D132090,D190310,0.20859
D132090,D190400,0.11298
D132090,D191390,0.097471
D132090,D194070,0.056102
D132090,D194200,0.18143
D132090,D200170,0.098133
D132090,D203700,0.22296
D132090,D208230,0.07051
D132090,D208700,0.39714
D132090,D208750,0.084251
D132090,D208920,0.14492
D132090,D210050,0.31687
D132090,D212050,0.1099
D132090,D212112,0.12676
D132090,D212130,0.076875
D132090,D212140,0.11778
D132090,D212350,0.15178
D132090,D215470,0.19181
D132090,D217200,0.46647
D132090,D218200,0.18432
D132090,D218800,0.2504
D132090,D220120,0.45287
D132090,D225740,0.094024
D132090,D225755,0.10715
D132090,D226000,0.42715
D132090,D230450,0.12707
D132090,D230800,0.071856
D132090,D233810,0.11222
D132090,D238800,0.060793
D132090,D239350,0.38916
D132090,D243200,0.16961
D132090,D247200,0.15924
D132090,D249100,0.0734
D132090,D250790,0.095941
D132090,D252320,0.10089
D132090,D254200,0.081904
D132090,D254500,0.033667
D132090,D254770,0.4884
D132090,D254800,0.23523
D132090,D255900,0.092143
D132090,D256700,0.069883
D132090,D258360,0.092102
D132090,D259050,0.057028
D132090,D260480,0.033063
D132090,D260970,0.12086
D132090,D261515,0.20569
D132090,D263800,0.24945
D132090,D264120,0.12099
D132090,D266600,0.02574
D132090,D267740,0.60544
D132090,D268320,0.10533
D132090,D273300,0.081
D132090,D273800,0.10659
D132090,D275000,0.069134
D132090,D276300,0.086105
D132090,D277440,0.20924
D132090,D277460,0.1561
D132090,D300125,0.23288
D132090,D300232,0.23781
D132090,D300491,0.78963
D132090,D303110,0.10251
D132090,D304900,0.14287
D132090,D305300,0.052912
D132090,D308205,0.23509
D132090,D308350,0.39103
D132090,D311360,0.14296
D132090,D312910,0.16821
D132090,D540000,0.22762
D132090,D600131,0.62159
D132090,D601042,0.10609
D132090,D601367,0.1475
D132090,D601608,0.095833
D132090,D601665,0.13896
D132090,D602080,0.06052
D132090,D602522,0.07777
D132090,D604278,0.15597
D132090,D604827,0.36875
D132090,D605021,0.68909
D132090,D605055,0.40673
D132090,D606703,0.22683
D132090,D606798,0.16043
D132090,D606842,0.087676
D132090,D607225,0.11694
D132090,D607459,0.23049
D132090,D607498,0.31658
D132090,D607501,0.21154
D132090,D607508,0.33134
D132090,D607516,0.31099
D132090,D607554,0.2242
D132090,D607628,0.60093
D132090,D607631,0.56947
D132090,D607681,0.63781
D132090,D607682,0.63123
D132090,D607685,0.035005
D132090,D608033,0.28702
D132090,D608088,0.089557
D132090,D608105,0.43476
D132090,D608217,0.51535
D132090,D608583,0.24641
D132090,D608622,0.22471
D132100,D132300,0.42902
D132100,D135550,0.13304
D132100,D137580,0.13049
D132100,D137750,0.18631
D132100,D137760,0.15245
D132100,D137800,0.16069
D132100,D140300,0.1397
D132100,D143100,0.10956
D132100,D143500,0.088491
D132100,D143880,0.070946
D132100,D144010,0.10627
D132100,D144700,0.023218
D132100,D145500,0.075408
D132100,D145590,0.11736
D132100,D145600,0.15149
D132100,D146110,0.084935
D132100,D146255,0.25145
D132100,D146500,0.10685
D132100,D147530,0.086313
D132100,D152700,0.12854
D132100,D153880,0.085347
D132100,D154276,0.046502
D132100,D155100,0.12247
D132100,D155600,0.048577
D132100,D156000,0.23173
D132100,D156190,0.27273
D132100,D157300,0.32163
D132100,D157700,0.042164
D132100,D160300,0.056173
D132100,D160750,0.10082
D132100,D161900,0.091812
D132100,D164230,0.21491
D132100,D165150,0.15138
D132100,D165199,0.21292
D132100,D165720,0.091659
D132100,D167320,0.14261
D132100,D167870,0.13285
D132100,D168100,0.15163
D132100,D168600,0.14843
D132100,D171300,0.093488
D132100,D174800,0.12929
D132100,D175100,0.055088
D132100,D176807,0.095075
D132100,D179800,0.065713
D132100,D181000,0.16279
D132100,D181500,0.11378
D132100,D182830,0.27642
D132100,D184700,0.023531
D132100,D187950,0.083654
D132100,D188050,0.12061
D132100,D189600,0.14636
D132100,D190300,0.12394
D132100,D190310,0.16792
D132100,D190400,0.090857
D132100,D191390,0.07826
D132100,D194070,0.067746
D132100,D194200,0.14586
D132100,D200170,0.079065
D132100,D203700,0.23552
D132100,D208230,0.056809
D132100,D208300,0.050507
D132100,D208700,0.29415
D132100,D208750,0.10198
D132100,D208920,0.14555
D132100,D210050,0.23833
D132100,D212050,0.08836
D132100,D212112,0.15307
D132100,D212130,0.061824
D132100,D212140,0.094693
D132100,D212350,0.15252
D132100,D215470,0.38766
D132100,D217150,0.03791
D132100,D217200,0.50245
D132100,D218200,0.18516
D132100,D218800,0.18406
D132100,D220120,0.33837
D132100,D225740,0.11359
D132100,D225755,0.12938
D132100,D226000,0.31709
D132100,D230450,0.10239
D132100,D230800,0.057693
D132100,D233810,0.090413
D132100,D238800,0.048891
D132100,D239350,0.29277
D132100,D243200,0.18156
D132100,D247200,0.13295
D132100,D247640,0.037024
D132100,D248190,0.044578
D132100,D249100,0.059092
D132100,D250790,0.077302
D132100,D252320,0.08129
D132100,D254200,0.098787
D132100,D254500,0.054161
D132100,D254770,0.31098
D132100,D254800,0.19717
D132100,D255900,0.1116
D132100,D256700,0.074984
D132100,D258360,0.11123
D132100,D259050,0.092046
D132100,D259500,0.036799
D132100,D260480,0.053264
D132100,D260970,0.097375
D132100,D261515,0.15537
D132100,D263800,0.21129
D132100,D264120,0.097484
D132100,D266600,0.0207
D132100,D267740,0.52268
D132100,D268320,0.21739
D132100,D273300,0.086719
D132100,D273800,0.085584
D132100,D275000,0.14178
D132100,D276300,0.069134
D132100,D277350,0.097667
D132100,D277440,0.15389
D132100,D277460,0.1255
D132100,D300125,0.43438
D132100,D300232,0.17873
D132100,D300491,0.55907
D132100,D303110,0.21169
D132100,D304900,0.11471
D132100,D305300,0.042553
D132100,D308205,0.34043
D132100,D308350,0.29075
D132100,D311360,0.14364
D132100,D312910,0.20291
D132100,D540000,0.24496
D132100,D600131,0.45514
D132100,D601042,0.17395
D132100,D601367,0.11859
D132100,D601608,0.077211
D132100,D601665,0.11157
D132100,D601682,0.073083
D132100,D602080,0.097466
D132100,D602522,0.094079
D132100,D603165,0.026261
D132100,D604278,0.15679
D132100,D604827,0.21937
D132100,D605021,0.52163
D132100,D605055,0.29975
D132100,D606703,0.18261
D132100,D606798,0.26242
D132100,D606842,0.07064
D132100,D607225,0.094141
D132100,D607459,0.17565
D132100,D607498,0.45331
D132100,D607501,0.39951
D132100,D607508,0.45183
D132100,D607516,0.42535
D132100,D607554,0.18001
D132100,D607628,0.46485
D132100,D607631,0.41683
D132100,D607681,0.4656
D132100,D607682,0.46772
D132100,D607685,0.028152
D132100,D608033,0.2181
D132100,D608088,0.10839
D132100,D608105,0.3745
D132100,D608217,0.38653
D132100,D608583,0.19784
D132100,D608622,0.18042
D132300,D134520,0.10443
D132300,D134750,0.084965
D132300,D135550,0.11319
D132300,D137400,0.049998
D132300,D137580,0.089039
D132300,D137750,0.062355
D132300,D137760,0.051011
D132300,D137800,0.13652
D132300,D140300,0.095308
D132300,D140600,0.11227
D132300,D143100,0.11773
D132300,D143500,0.075553
D132300,D143880,0.090732
D132300,D144010,0.060334
D132300,D144700,0.039608
D132300,D145500,0.064383
D132300,D145590,0.099869
D132300,D145600,0.19886
D132300,D146110,0.12007
D132300,D146255,0.16394
D132300,D146500,0.1139
D132300,D147530,0.073449
D132300,D148100,0.13351
D132300,D150600,0.08272
D132300,D150699,0.067171
D132300,D152700,0.14245
D132300,D153880,0.14821
D132300,D154276,0.079654
D132300,D155100,0.13021
D132300,D156000,0.15787
D132300,D156190,0.13066
D132300,D157300,0.11993
D132300,D157700,0.16448
D132300,D157950,0.21624
D132300,D160300,0.047913
D132300,D160750,0.12876
D132300,D161900,0.052034
D132300,D164230,0.18323
D132300,D165150,0.12996
D132300,D165199,0.090491
D132300,D165720,0.19549
D132300,D166300,0.17317
D132300,D166710,0.10218
D132300,D166760,0.17928
D132300,D167320,0.21979
D132300,D167870,0.11327
D132300,D168100,0.12928
D132300,D168600,0.084316
D132300,D171300,0.05986
D132300,D174800,0.17549
D132300,D175100,0.13153
D132300,D176807,0.081175
D132300,D178600,0.071916
D132300,D179800,0.083898
D132300,D181000,0.077668
D132300,D181500,0.097004
D132300,D182830,0.18862
D132300,D184700,0.020071
D132300,D187950,0.071424
D132300,D188050,0.10297
D132300,D189600,0.24972
D132300,D190300,0.29416
D132300,D190310,0.14303
D132300,D190400,0.077498
D132300,D191390,0.11139
D132300,D194070,0.057686
D132300,D194200,0.12436
D132300,D200170,0.067281
D132300,D203700,0.19783
D132300,D208085,0.050203
D132300,D208230,0.12538
D132300,D208700,0.24911
D132300,D208750,0.057764
D132300,D208920,0.099339
D132300,D210050,0.2011
D132300,D212050,0.11328
D132300,D212112,0.086907
D132300,D212130,0.10575
D132300,D212140,0.10093
D132300,D212350,0.13014
D132300,D215140,0.15383
D132300,D215470,0.13147
D132300,D217150,0.23166
D132300,D217200,0.29785
D132300,D218200,0.12634
D132300,D218800,0.1563
D132300,D220120,0.28603
D132300,D225740,0.09689
D132300,D225755,0.07346
D132300,D226000,0.26851
D132300,D230450,0.12997
D132300,D230800,0.099306
D132300,D231090,0.037521
D132300,D233810,0.11557
D132300,D238800,0.083506
D132300,D239350,0.24702
D132300,D240400,0.093936
D132300,D241100,0.09628
D132300,D243200,0.11627
D132300,D246400,0.069671
D132300,D247200,0.20578
D132300,D249100,0.083882
D132300,D250790,0.065778
D132300,D252320,0.10385
D132300,D254200,0.11226
D132300,D254500,0.023095
D132300,D254770,0.273
D132300,D254800,0.16729
D132300,D255900,0.094861
D132300,D256700,0.095885
D132300,D258360,0.063146
D132300,D259050,0.18761
D132300,D259500,0.095161
D132300,D259660,0.15268
D132300,D260480,0.045543
D132300,D260970,0.082863
D132300,D261515,0.22555
D132300,D263800,0.17933
D132300,D264120,0.082955
D132300,D266600,0.052998
D132300,D267740,0.38894
D132300,D268320,0.10847
D132300,D273300,0.055527
D132300,D273800,0.097523
D132300,D275000,0.071089
D132300,D276300,0.20168
D132300,D277440,0.21993
D132300,D277460,0.13373
D132300,D278200,0.049658
D132300,D300125,0.15963
D132300,D300232,0.29249
D132300,D300491,0.4742
D132300,D303110,0.070285
D132300,D304900,0.097941
D132300,D305300,0.072601
D132300,D308205,0.16998
D132300,D308350,0.24613
D132300,D311360,0.097995
D132300,D312910,0.1153
D132300,D540000,0.16439
D132300,D600131,0.47005
D132300,D600807,0.023581
D132300,D601042,0.097161
D132300,D601367,0.10111
D132300,D601608,0.065704
D132300,D601665,0.095259
D132300,D602080,0.13431
D132300,D602522,0.16005
D132300,D604278,0.13373
D132300,D604416,0.062755
D132300,D604827,0.19438
D132300,D605021,0.56711
D132300,D605055,0.2544
D132300,D606703,0.15554
D132300,D606798,0.14672
D132300,D606842,0.15035
D132300,D607225,0.080182
D132300,D607459,0.12935
D132300,D607498,0.18317
D132300,D607501,0.145
D132300,D607508,0.19309
D132300,D607516,0.18084
D132300,D607554,0.15369
D132300,D607628,0.38917
D132300,D607631,0.35316
D132300,D607681,0.49645
D132300,D607682,0.49231
D132300,D607685,0.04805
D132300,D607850,0.085505
D132300,D608033,0.20842
D132300,D608088,0.092136
D132300,D608105,0.27812
D132300,D608217,0.32635
D132300,D608583,0.16892
D132300,D608622,0.15404
D133239,D133600,0.063159
D133239,D133690,0.16395
D133239,D134430,0.031417
D133239,D134500,0.18901
D133239,D134510,0.024963
D133239,D134520,0.036997
D133239,D134750,0.022612
D133239,D135550,0.082614
D133239,D137215,0.65892
D133239,D137400,0.082181
D133239,D137580,0.048
D133239,D137750,0.050269
D133239,D137760,0.12771
D133239,D137800,0.13187
D133239,D138800,0.19579
D133239,D140300,0.1091
D133239,D140600,0.029535
D133239,D140850,0.070764
D133239,D143100,0.11621
D133239,D143500,0.15703
D133239,D143880,0.098769
D133239,D144010,0.10033
D133239,D144650,0.12077
D133239,D144700,0.27085
D133239,D145200,0.045089
D133239,D145500,0.11269
D133239,D145600,0.14149
D133239,D146110,0.11122
D133239,D146255,0.067704
D133239,D146500,0.14104
D133239,D146850,0.058531
D133239,D147480,0.13256
D133239,D147530,0.019711
D133239,D147540,0.023393
D133239,D148000,0.12366
D133239,D150600,0.087018
D133239,D150699,0.099292
D133239,D151400,0.098902
D133239,D151590,0.23853
D133239,D152700,0.083771
D133239,D153880,0.019562
D133239,D154276,0.088575
D133239,D155100,0.074603
D133239,D155600,0.24677
D133239,D155601,0.065002
D133239,D156190,0.087748
D133239,D157300,0.016087
D133239,D157700,0.078239
D133239,D157950,0.11264
D133239,D160300,0.051527
D133239,D160750,0.11882
D133239,D161900,0.11839
D133239,D164230,0.0246
D133239,D165150,0.049071
D133239,D165720,0.020958
D133239,D166300,0.090893
D133239,D166710,0.1282
D133239,D167320,0.069372
D133239,D167870,0.015211
D133239,D168600,0.035936
D133239,D170900,0.12526
D133239,D171300,0.25938
D133239,D174800,0.12081
D133239,D175100,0.35663
D133239,D175505,0.53289
D133239,D175510,0.23969
D133239,D176800,0.12386
D133239,D176807,0.17363
D133239,D178600,0.13515
D133239,D179800,0.10537
D133239,D179830,0.16121
D133239,D181000,0.15096
D133239,D181500,0.066971
D133239,D182000,0.44022
D133239,D182280,0.21327
D133239,D184700,0.10235
D133239,D187950,0.067738
D133239,D188030,0.11794
D133239,D188050,0.076458
D133239,D188470,0.27589
D133239,D189800,0.15611
D133239,D190300,0.057764
D133239,D190310,0.076919
D133239,D191390,0.31424
D133239,D192200,0.1439
D133239,D194070,0.17694
D133239,D194200,0.033895
D133239,D200170,0.018079
D133239,D203700,0.06364
D133239,D206200,0.12272
D133239,D208085,0.085678
D133239,D208230,0.065858
D133239,D208300,0.02314
D133239,D208550,0.03827
D133239,D208700,0.03924
D133239,D208920,0.053586
D133239,D210050,0.049514
D133239,D211980,0.21515
D133239,D212050,0.062258
D133239,D212130,0.028426
D133239,D212140,0.12121
D133239,D212350,0.043715
D133239,D215140,0.12304
D133239,D215470,0.10715
D133239,D217150,0.10563
D133239,D217200,0.034014
D133239,D218200,0.016956
D133239,D218800,0.10543
D133239,D220120,0.11612
D133239,D223350,0.086921
D133239,D225740,0.017374
D133239,D225755,0.098853
D133239,D226000,0.021079
D133239,D226150,0.096936
D133239,D227300,0.17979
D133239,D230450,0.092789
D133239,D230800,0.10953
D133239,D231090,0.1164
D133239,D231200,0.062525
D133239,D231900,0.05678
D133239,D236000,0.14113
D133239,D237450,0.049269
D133239,D237500,0.21413
D133239,D238800,0.022426
D133239,D240400,0.21476
D133239,D241100,0.017215
D133239,D241519,0.079508
D133239,D243200,0.062605
D133239,D246300,0.036636
D133239,D246400,0.090152
D133239,D246470,0.29012
D133239,D247200,0.15768
D133239,D247640,0.09433
D133239,D248190,0.040874
D133239,D249100,0.09029
D133239,D250790,0.052731
D133239,D252320,0.07437
D133239,D254200,0.12469
D133239,D254400,0.064072
D133239,D254450,0.056457
D133239,D254500,0.11679
D133239,D254800,0.035355
D133239,D255900,0.016975
D133239,D256370,0.086468
D133239,D256700,0.16345
D133239,D258360,0.034049
D133239,D259050,0.04217
D133239,D259500,0.17549
D133239,D259660,0.10045
D133239,D260480,0.098632
D133239,D260570,0.068104
D133239,D261515,0.16187
D133239,D263300,0.076079
D133239,D263800,0.077514
D133239,D264120,0.13051
D133239,D266120,0.088747
D133239,D266600,0.2553
D133239,D267730,0.067986
D133239,D268220,0.11679
D133239,D268320,0.0194
D133239,D270960,0.084942
D133239,D273300,0.14556
D133239,D273800,0.093691
D133239,D275000,0.065366
D133239,D276300,0.40631
D133239,D277350,0.18531
D133239,D277440,0.15679
D133239,D277460,0.14622
D133239,D300232,0.069155
D133239,D303110,0.018886
D133239,D304790,0.14953
D133239,D305300,0.019535
D133239,D308205,0.057145
D133239,D308350,0.039654
D133239,D308600,0.03006
D133239,D310468,0.072372
D133239,D311360,0.052793
D133239,D312910,0.015454
D133239,D540000,0.06705
D133239,D600263,0.37876
D133239,D600351,0.088759
D133239,D600496,0.13506
D133239,D600634,0.19273
D133239,D600803,0.139
D133239,D600807,0.1065
D133239,D601004,0.034546
D133239,D601042,0.013001
D133239,D601367,0.11512
D133239,D601518,0.067276
D133239,D601608,0.041946
D133239,D601626,0.09782
D133239,D601665,0.14275
D133239,D602080,0.10581
D133239,D602522,0.1035
D133239,D603165,0.08903
D133239,D604278,0.072775
D133239,D604416,0.016592
D133239,D604827,0.033108
D133239,D605839,0.14541
D133239,D606842,0.016153
D133239,D607225,0.074057
D133239,D607459,0.049683
D133239,D607508,0.060851
D133239,D607554,0.027519
D133239,D607685,0.052102
D133239,D607850,0.022769
D133239,D608033,0.013305
D133239,D608088,0.066042
D133239,D608105,0.02014
D133239,D608217,0.04931
D133239,D608320,0.034224
D133239,D608622,0.089223
D133600,D133690,0.3629
D133600,D134520,0.12639
D133600,D134750,0.049702
D133600,D137215,0.052113
D133600,D137750,0.03683
D133600,D137760,0.030129
D133600,D137800,0.15252
D133600,D140300,0.028129
D133600,D140600,0.13995
D133600,D143100,0.07476
D133600,D143465,0.053461
D133600,D144700,0.025419
D133600,D145200,0.17448
D133600,D145500,0.02752
D133600,D145600,0.082422
D133600,D146255,0.031871
D133600,D148000,0.039455
D133600,D150600,0.098457
D133600,D151400,0.029179
D133600,D152700,0.10158
D133600,D154276,0.047033
D133600,D155600,0.049183
D133600,D155601,0.063189
D133600,D156190,0.077154
D133600,D157700,0.088155
D133600,D157950,0.073411
D133600,D160300,0.27832
D133600,D160750,0.050675
D133600,D161900,0.030736
D133600,D165720,0.14302
D133600,D166300,0.15074
D133600,D166710,0.14251
D133600,D167320,0.078968
D133600,D167870,0.033434
D133600,D168100,0.12665
D133600,D168600,0.051903
D133600,D173200,0.17496
D133600,D174800,0.058504
D133600,D175100,0.042853
D133600,D176800,0.21054
D133600,D176807,0.03469
D133600,D179600,0.092434
D133600,D179800,0.066074
D133600,D179830,0.092965
D133600,D181000,0.045858
D133600,D181500,0.031097
D133600,D182000,0.09729
D133600,D184700,0.049742
D133600,D187950,0.088859
D133600,D188050,0.044059
D133600,D188470,0.050062
D133600,D189600,0.053419
D133600,D190300,0.096511
D133600,D191390,0.052629
D133600,D192200,0.12657
D133600,D194070,0.070139
D133600,D194200,0.039878
D133600,D200170,0.083028
D133600,D203700,0.022349
D133600,D208085,0.029073
D133600,D208230,0.15111
D133600,D208300,0.057033
D133600,D208550,0.0456
D133600,D212130,0.062481
D133600,D212140,0.074748
D133600,D212350,0.030755
D133600,D215140,0.077375
D133600,D217150,0.081942
D133600,D225740,0.038188
D133600,D225755,0.086821
D133600,D230450,0.050534
D133600,D230800,0.079539
D133600,D233810,0.17595
D133600,D236000,0.037626
D133600,D238800,0.049294
D133600,D246400,0.054245
D133600,D247200,0.053384
D133600,D249100,0.082208
D133600,D252320,0.040813
D133600,D254200,0.069243
D133600,D254500,0.027296
D133600,D254800,0.052046
D133600,D255900,0.079846
D133600,D256700,0.020492
D133600,D259050,0.13121
D133600,D259500,0.11453
D133600,D259660,0.11042
D133600,D260480,0.053648
D133600,D261515,0.068087
D133600,D263800,0.058203
D133600,D266600,0.064426
D133600,D273300,0.023736
D133600,D275000,0.027994
D133600,D276300,0.048737
D133600,D277440,0.09559
D133600,D300232,0.14438
D133600,D304790,0.047123
D133600,D305300,0.089581
D133600,D308205,0.053421
D133600,D310468,0.080839
D133600,D311360,0.031432
D133600,D540000,0.02425
D133600,D600263,0.040768
D133600,D600807,0.030124
D133600,D601042,0.12602
D133600,D601367,0.032414
D133600,D601608,0.16922
D133600,D602080,0.07721
D133600,D603165,0.055593
D133600,D604278,0.034325
D133600,D604416,0.15316
D133600,D606703,0.067365
D133600,D606842,0.035505
D133600,D607225,0.066288
D133600,D607850,0.1045
D133600,D608088,0.11634
D133600,D608105,0.094588
D133690,D134430,0.049172
D133690,D134500,0.039895
D133690,D134510,0.039071
D133690,D134520,0.089246
D133690,D134750,0.071043
D133690,D135550,0.031588
D133690,D136200,0.15227
D133690,D137215,0.15068
D133690,D137580,0.037521
D133690,D137750,0.052451
D133690,D137760,0.064367
D133690,D137800,0.23663
D133690,D138800,0.072589
D133690,D140300,0.10887
D133690,D140600,0.099357
D133690,D140850,0.18751
D133690,D143100,0.17488
D133690,D143465,0.037852
D133690,D143500,0.06374
D133690,D143880,0.05099
D133690,D144010,0.087848
D133690,D144110,0.095403
D133690,D144700,0.10879
D133690,D145100,0.12141
D133690,D145200,0.16488
D133690,D145500,0.055776
D133690,D145590,0.11706
D133690,D145600,0.10158
D133690,D146110,0.04041
D133690,D146255,0.043461
D133690,D146500,0.11686
D133690,D147480,0.070116
D133690,D147530,0.03085
D133690,D147540,0.12875
D133690,D148000,0.16939
D133690,D148100,0.090816
D133690,D150600,0.092548
D133690,D150699,0.15601
D133690,D151400,0.08467
D133690,D151590,0.16016
D133690,D152700,0.13333
D133690,D153880,0.11403
D133690,D154276,0.033493
D133690,D155100,0.043901
D133690,D155600,0.17677
D133690,D155601,0.23209
D133690,D156190,0.13784
D133690,D157700,0.14492
D133690,D157950,0.076754
D133690,D160300,0.1248
D133690,D160750,0.036086
D133690,D161900,0.12102
D133690,D164230,0.038503
D133690,D165720,0.06831
D133690,D166300,0.10272
D133690,D166710,0.15067
D133690,D167320,0.10531
D133690,D167870,0.023809
D133690,D168100,0.029603
D133690,D168600,0.079958
D133690,D170900,0.059632
D133690,D171300,0.10851
D133690,D173200,0.14714
D133690,D174800,0.16714
D133690,D175100,0.16502
D133690,D175505,0.13365
D133690,D175510,0.10854
D133690,D176800,0.24657
D133690,D176807,0.11794
D133690,D178600,0.10037
D133690,D179600,0.065446
D133690,D179800,0.11769
D133690,D179830,0.066203
D133690,D181000,0.10481
D133690,D181500,0.042398
D133690,D182000,0.32899
D133690,D182280,0.10625
D133690,D184700,0.093805
D133690,D187950,0.082024
D133690,D188050,0.060054
D133690,D188470,0.10418
D133690,D189600,0.073129
D133690,D189800,0.029833
D133690,D190300,0.12231
D133690,D191390,0.13868
D133690,D192200,0.18024
D133690,D194070,0.15043
D133690,D194200,0.08071
D133690,D200170,0.13065
D133690,D203700,0.073506
D133690,D208085,0.093723
D133690,D208230,0.10763
D133690,D208300,0.040381
D133690,D208550,0.062413
D133690,D208700,0.030252
D133690,D208750,0.093024
D133690,D208920,0.12272
D133690,D211980,0.094007
D133690,D212050,0.083121
D133690,D212130,0.044493
D133690,D212140,0.11163
D133690,D212350,0.043766
D133690,D215140,0.18143
D133690,D215470,0.10308
D133690,D217150,0.085357
D133690,D218800,0.068835
D133690,D220120,0.03443
D133690,D223350,0.063927
D133690,D225740,0.027194
D133690,D225755,0.12383
D133690,D226000,0.032992
D133690,D227300,0.037913
D133690,D230450,0.035986
D133690,D230800,0.13146
D133690,D231090,0.06288
D133690,D231200,0.082422
D133690,D233810,0.14358
D133690,D236000,0.076436
D133690,D237450,0.1344
D133690,D237500,0.12192
D133690,D238800,0.035103
D133690,D240400,0.025775
D133690,D241100,0.026944
D133690,D243200,0.03256
D133690,D246300,0.068663
D133690,D246400,0.12522
D133690,D246470,0.082373
D133690,D247200,0.1201
D133690,D247640,0.058696
D133690,D248190,0.032183
D133690,D249100,0.091642
D133690,D250790,0.067915
D133690,D252320,0.10219
D133690,D254200,0.11977
D133690,D254400,0.14731
D133690,D254450,0.080869
D133690,D254500,0.058657
D133690,D254800,0.14016
D133690,D255900,0.12563
D133690,D256370,0.10271
D133690,D256700,0.12959
D133690,D258360,0.028452
D133690,D259050,0.12937
D133690,D259500,0.26928
D133690,D259660,0.19756
D133690,D260480,0.10518
D133690,D260570,0.035443
D133690,D261515,0.13213
D133690,D263800,0.088999
D133690,D266120,0.034605
D133690,D266600,0.12613
D133690,D267730,0.093225
D133690,D268220,0.13872
D133690,D268320,0.063028
D133690,D270960,0.093388
D133690,D273300,0.10237
D133690,D273800,0.069867
D133690,D275000,0.067645
D133690,D276300,0.16391
D133690,D277350,0.083673
D133690,D277440,0.14233
D133690,D277460,0.076522
D133690,D278200,0.045893
D133690,D300232,0.18729
D133690,D303110,0.02956
D133690,D304790,0.11619
D133690,D305300,0.063601
D133690,D308205,0.13711
D133690,D308350,0.030086
D133690,D308600,0.16592
D133690,D310468,0.085327
D133690,D311360,0.042852
D133690,D312910,0.024188
D133690,D540000,0.076539
D133690,D600263,0.082274
D133690,D600634,0.16125
D133690,D600803,0.035884
D133690,D600807,0.04115
D133690,D601042,0.04292
D133690,D601367,0.086703
D133690,D601518,0.046825
D133690,D601608,0.0584
D133690,D601626,0.057899
D133690,D601665,0.14444
D133690,D602068,0.11012
D133690,D602080,0.21492
D133690,D603165,0.12812
D133690,D604278,0.046772
D133690,D604416,0.12106
D133690,D605839,0.18531
D133690,D606703,0.047696
D133690,D606842,0.025283
D133690,D607225,0.047062
D133690,D607459,0.019354
D133690,D607554,0.043072
D133690,D607685,0.07163
D133690,D607850,0.074192
D133690,D608033,0.020824
D133690,D608088,0.053767
D133690,D608105,0.067152
D133690,D608217,0.038563
D133690,D608320,0.049484
D134430,D134500,0.51849
D134430,D134510,0.38799
D134430,D134520,0.38637
D134430,D134750,0.098986
D134430,D135550,0.044163
D134430,D137215,0.077777
D134430,D137580,0.026137
D134430,D137750,0.036665
D134430,D137760,0.029995
D134430,D137800,0.024447
D134430,D138800,0.097626
D134430,D140300,0.028003
D134430,D140850,0.18887
D134430,D143100,0.014435
D134430,D143500,0.088823
D134430,D143880,0.071001
D134430,D144010,0.035473
D134430,D144700,0.069931
D134430,D145200,0.049305
D134430,D145500,0.025226
D134430,D145600,0.077757
D134430,D146110,0.028246
D134430,D146255,0.029213
D134430,D146500,0.026752
D134430,D147530,0.043132
D134430,D147540,0.15358
D134430,D148000,0.035542
D134430,D150600,0.1586
D134430,D151400,0.059418
D134430,D152700,0.09793
D134430,D153880,0.042806
D134430,D155100,0.12197
D134430,D155600,0.070117
D134430,D156190,0.03838
D134430,D157700,0.084518
D134430,D157950,0.034443
D134430,D160300,0.056377
D134430,D161900,0.087718
D134430,D164230,0.05383
D134430,D166300,0.028082
D134430,D166710,0.034602
D134430,D170900,0.12532
D134430,D171300,0.067123
D134430,D174800,0.089336
D134430,D175100,0.039778
D134430,D175505,0.037179
D134430,D176800,0.067736
D134430,D176807,0.031804
D134430,D178600,0.11224
D134430,D179800,0.032865
D134430,D181000,0.04581
D134430,D181460,0.05089
D134430,D181500,0.028494
D134430,D182000,0.048394
D134430,D187950,0.11223
D134430,D188030,0.23878
D134430,D188050,0.12123
D134430,D189800,0.04171
D134430,D190300,0.031045
D134430,D191390,0.026182
D134430,D192200,0.06296
D134430,D194070,0.022617
D134430,D194200,0.036543
D134430,D203700,0.022251
D134430,D205700,0.13782
D134430,D206200,0.17343
D134430,D208085,0.028938
D134430,D208300,0.050704
D134430,D208700,0.042295
D134430,D208920,0.087404
D134430,D212140,0.02372
D134430,D212350,0.030568
D134430,D215140,0.070855
D134430,D215470,0.037223
D134430,D217150,0.038005
D134430,D218200,0.074484
D134430,D218800,0.083312
D134430,D220120,0.048136
D134430,D223350,0.089449
D134430,D225755,0.043178
D134430,D226000,0.046126
D134430,D227300,0.48545
D134430,D230450,0.1005
D134430,D230800,0.077346
D134430,D231200,0.28271
D134430,D231900,0.12399
D134430,D236000,0.10368
D134430,D237450,0.053675
D134430,D237500,0.29525
D134430,D240400,0.14437
D134430,D241100,0.03767
D134430,D243200,0.13043
D134430,D246400,0.054145
D134430,D246470,0.03824
D134430,D247200,0.050814
D134430,D247640,0.037149
D134430,D249100,0.059212
D134430,D250790,0.076224
D134430,D254200,0.032905
D134430,D254400,0.12785
D134430,D254450,0.11377
D134430,D254500,0.081701
D134430,D254800,0.024706
D134430,D256370,0.035763
D134430,D256700,0.053765
D134430,D258360,0.074305
D134430,D259050,0.022985
D134430,D259500,0.036918
D134430,D259660,0.054924
D134430,D260570,0.049553
D134430,D261515,0.02125
D134430,D263300,0.082826
D134430,D266120,0.14563
D134430,D266600,0.10131
D134430,D267730,0.065144
D134430,D268220,0.045104
D134430,D268320,0.042452
D134430,D270960,0.043374
D134430,D273300,0.021754
D134430,D273800,0.23919
D134430,D276300,0.069379
D134430,D277440,0.023193
D134430,D277460,0.094144
D134430,D300232,0.02487
D134430,D303110,0.041327
D134430,D304790,0.13517
D134430,D305300,0.085439
D134430,D308205,0.024859
D134430,D308350,0.042063
D134430,D308600,0.065778
D134430,D310468,0.03881
D134430,D311360,0.028796
D134430,D312910,0.033817
D134430,D540000,0.024124
D134430,D600351,0.063322
D134430,D600634,0.055519
D134430,D600807,0.055246
D134430,D601367,0.17556
D134430,D601608,0.24572
D134430,D601626,0.081095
D134430,D601665,0.037317
D134430,D602080,0.024365
D134430,D603165,0.026333
D134430,D604278,0.031414
D134430,D607459,0.027058
D134430,D607554,0.060218
D134430,D607685,0.056549
D134430,D608033,0.096874
D134430,D608088,0.036102
D134430,D608217,0.053914
D134430,D608320,0.03439
D134500,D134510,0.31352
D134500,D134520,0.36814
D134500,D134750,0.080306
D134500,D135550,0.035831
D134500,D137215,0.14954
D134500,D137580,0.085284
D134500,D137750,0.029747
D134500,D137760,0.12259
D134500,D137800,0.059637
D134500,D138800,0.051287
D134500,D140300,0.11826
D134500,D140850,0.15307
D134500,D143100,0.047016
D134500,D143500,0.20233
D134500,D143880,0.1445
D134500,D144010,0.18179
D134500,D144650,0.22027
D134500,D144700,0.11373
D134500,D145200,0.040003
D134500,D145500,0.13406
D134500,D145600,0.11912
D134500,D146110,0.1484
D134500,D146255,0.095131
D134500,D146500,0.1418
D134500,D146850,0.10406
D134500,D147480,0.13681
D134500,D147530,0.034994
D134500,D147540,0.1246
D134500,D148000,0.1805
D134500,D150600,0.20603
D134500,D151400,0.14499
D134500,D151590,0.12319
D134500,D152700,0.14327
D134500,D153880,0.03473
D134500,D154276,0.1194
D134500,D155100,0.18253
D134500,D155600,0.13305
D134500,D156190,0.031139
D134500,D157300,0.02857
D134500,D157700,0.0685
D134500,D157950,0.11615
D134500,D160300,0.045741
D134500,D160750,0.12515
D134500,D161900,0.13126
D134500,D164230,0.043675
D134500,D166300,0.093009
D134500,D166710,0.14448
D134500,D167320,0.088161
D134500,D168600,0.022703
D134500,D170900,0.10153
D134500,D171300,0.14175
D134500,D174800,0.10734
D134500,D175100,0.058593
D134500,D175505,0.030165
D134500,D175510,0.060838
D134500,D176800,0.054957
D134500,D176807,0.10347
D134500,D178600,0.23582
D134500,D179800,0.10714
D134500,D179830,0.21757
D134500,D181000,0.11347
D134500,D181460,0.041288
D134500,D181500,0.11983
D134500,D182000,0.039264
D134500,D182280,0.13477
D134500,D184700,0.10163
D134500,D187950,0.18223
D134500,D188030,0.41726
D134500,D188050,0.20272
D134500,D188470,0.11221
D134500,D189800,0.24804
D134500,D190300,0.025188
D134500,D191390,0.063864
D134500,D192200,0.051082
D134500,D194070,0.055172
D134500,D194200,0.029649
D134500,D203700,0.018053
D134500,D205700,0.11181
D134500,D206200,0.35881
D134500,D208085,0.023479
D134500,D208230,0.046285
D134500,D208300,0.041136
D134500,D208550,0.068041
D134500,D208700,0.034316
D134500,D208920,0.14249
D134500,D211980,0.13536
D134500,D212140,0.14012
D134500,D212350,0.024801
D134500,D215140,0.095938
D134500,D215470,0.1944
D134500,D217150,0.030835
D134500,D218200,0.060427
D134500,D218800,0.18723
D134500,D220120,0.16568
D134500,D223350,0.14435
D134500,D225755,0.035032
D134500,D226000,0.037424
D134500,D227300,0.77052
D134500,D230450,0.16336
D134500,D230800,0.16043
D134500,D231200,0.31807
D134500,D231900,0.20155
D134500,D236000,0.17112
D134500,D237450,0.087483
D134500,D237500,0.25419
D134500,D240400,0.28713
D134500,D241100,0.030563
D134500,D241519,0.14131
D134500,D243200,0.1558
D134500,D246300,0.065135
D134500,D246400,0.088105
D134500,D246470,0.031024
D134500,D247200,0.11493
D134500,D247640,0.060301
D134500,D249100,0.11222
D134500,D250790,0.12367
D134500,D254200,0.10709
D134500,D254400,0.10358
D134500,D254450,0.12289
D134500,D254500,0.17951
D134500,D254800,0.020045
D134500,D256370,0.029016
D134500,D256700,0.079525
D134500,D258360,0.12082
D134500,D259050,0.018649
D134500,D259500,0.090061
D134500,D259660,0.044562
D134500,D260480,0.043503
D134500,D260570,0.12102
D134500,D261515,0.113
D134500,D263300,0.13454
D134500,D263800,0.11793
D134500,D264120,0.2394
D134500,D266120,0.23658
D134500,D266600,0.17896
D134500,D267730,0.052852
D134500,D268220,0.073249
D134500,D268320,0.034443
D134500,D270960,0.035191
D134500,D273300,0.071033
D134500,D273800,0.29378
D134500,D275000,0.094374
D134500,D276300,0.056287
D134500,D277350,0.21064
D134500,D277440,0.075594
D134500,D277460,0.21139
D134500,D300232,0.020178
D134500,D303110,0.03353
D134500,D304790,0.18342
D134500,D305300,0.069315
D134500,D308205,0.020169
D134500,D308350,0.034127
D134500,D308600,0.053368
D134500,D310468,0.063245
D134500,D311360,0.0938
D134500,D312910,0.027437
D134500,D540000,0.099537
D134500,D600263,0.092652
D134500,D600351,0.12923
D134500,D600496,0.17478
D134500,D600634,0.045045
D134500,D600803,0.12174
D134500,D600807,0.13712
D134500,D601367,0.22716
D134500,D601608,0.25095
D134500,D601626,0.13179
D134500,D601665,0.030277
D134500,D602080,0.079449
D134500,D602522,0.13411
D134500,D603165,0.11013
D134500,D604278,0.10379
D134500,D604827,0.060778
D134500,D607459,0.021954
D134500,D607508,0.10815
D134500,D607554,0.048858
D134500,D607685,0.11503
D134500,D608033,0.059218
D134500,D608088,0.029291
D134500,D608217,0.043742
D134500,D608320,0.027902
D134500,D608622,0.15858
D134510,D134520,0.34014
D134510,D134750,0.078661
D134510,D135550,0.035091
D134510,D137215,0.061804
D134510,D137580,0.062405
D134510,D137750,0.029133
D134510,D137760,0.047682
D134510,D137800,0.11775
D134510,D140300,0.044507
D134510,D140850,0.15021
D134510,D143100,0.10019
D134510,D143465,0.038702
D134510,D143500,0.23679
D134510,D143880,0.056417
D134510,D144010,0.028186
D134510,D144110,0.040655
D134510,D144700,0.09263
D134510,D145200,0.039176
D134510,D145500,0.060168
D134510,D145600,0.13703
D134510,D146110,0.067567
D134510,D146255,0.023212
D134510,D146500,0.042531
D134510,D146850,0.051104
D134510,D147530,0.068543
D134510,D147540,0.12204
D134510,D148000,0.028243
D134510,D150600,0.1263
D134510,D150699,0.031351
D134510,D151400,0.047217
D134510,D152700,0.17187
D134510,D153880,0.034012
D134510,D155100,0.17515
D134510,D155600,0.074289
D134510,D156190,0.030496
D134510,D157300,0.027963
D134510,D157700,0.067217
D134510,D157950,0.027368
D134510,D160300,0.044796
D134510,D161900,0.02431
D134510,D164230,0.042772
D134510,D165720,0.072931
D134510,D166300,0.022314
D134510,D166710,0.027494
D134510,D168600,0.019687
D134510,D170900,0.099693
D134510,D171300,0.018635
D134510,D174800,0.043556
D134510,D175100,0.066786
D134510,D175505,0.029541
D134510,D176800,0.053821
D134510,D176807,0.025271
D134510,D178600,0.08926
D134510,D179800,0.052374
D134510,D181000,0.036403
D134510,D181460,0.040439
D134510,D181500,0.11364
D134510,D182000,0.038453
D134510,D182280,0.024896
D134510,D184700,0.019165
D134510,D187950,0.11152
D134510,D188030,0.12252
D134510,D188050,0.096331
D134510,D189800,0.033142
D134510,D190300,0.049341
D134510,D191390,0.020805
D134510,D192200,0.050026
D134510,D194070,0.053944
D134510,D194200,0.029036
D134510,D203700,0.10711
D134510,D205700,0.10952
D134510,D206200,0.13782
D134510,D208085,0.022994
D134510,D208300,0.040291
D134510,D208700,0.033606
D134510,D208920,0.069454
D134510,D212140,0.1143
D134510,D212350,0.14729
D134510,D215140,0.18151
D134510,D215470,0.029576
D134510,D217150,0.030197
D134510,D218200,0.059189
D134510,D218800,0.066202
D134510,D220120,0.038248
D134510,D223350,0.071081
D134510,D225755,0.034308
D134510,D226000,0.036651
D134510,D227300,0.29975
D134510,D230450,0.079861
D134510,D230800,0.17913
D134510,D231090,0.10576
D134510,D231200,0.16101
D134510,D231900,0.098534
D134510,D236000,0.082483
D134510,D237450,0.042649
D134510,D237500,0.20017
D134510,D238800,0.19826
D134510,D240400,0.11481
D134510,D241100,0.060201
D134510,D243200,0.03617
D134510,D246400,0.043027
D134510,D246470,0.030386
D134510,D247200,0.081394
D134510,D247640,0.02952
D134510,D249100,0.047052
D134510,D250790,0.27103
D134510,D254200,0.026145
D134510,D254400,0.10171
D134510,D254450,0.090445
D134510,D254500,0.064996
D134510,D254800,0.11891
D134510,D256370,0.028416
D134510,D256700,0.044801
D134510,D258360,0.059047
D134510,D259050,0.018263
D134510,D259500,0.029334
D134510,D259660,0.043642
D134510,D260570,0.039373
D134510,D260970,0.038757
D134510,D261515,0.10228
D134510,D263300,0.098692
D134510,D266120,0.15464
D134510,D266600,0.066042
D134510,D267730,0.051765
D134510,D268220,0.035839
D134510,D268320,0.033731
D134510,D270960,0.10346
D134510,D273300,0.051889
D134510,D273800,0.13752
D134510,D275000,0.022148
D134510,D276300,0.055131
D134510,D277440,0.11181
D134510,D277460,0.07481
D134510,D300232,0.019761
D134510,D303110,0.06591
D134510,D304790,0.14328
D134510,D305300,0.067895
D134510,D308205,0.019752
D134510,D308350,0.10047
D134510,D308600,0.052266
D134510,D310468,0.030837
D134510,D311360,0.068779
D134510,D312910,0.053871
D134510,D540000,0.11613
D134510,D600351,0.075467
D134510,D600634,0.044114
D134510,D600807,0.087828
D134510,D601367,0.094656
D134510,D601608,0.12347
D134510,D601626,0.064443
D134510,D601665,0.029651
D134510,D602080,0.058261
D134510,D603165,0.020924
D134510,D604278,0.050054
D134510,D605055,0.14249
D134510,D606842,0.14189
D134510,D607459,0.0215
D134510,D607554,0.047848
D134510,D607685,0.044937
D134510,D607850,0.039655
D134510,D608033,0.023133
D134510,D608088,0.05738
D134510,D608217,0.042838
D134510,D608320,0.027325
D134520,D134750,0.21543
D134520,D135550,0.026003
D134520,D137215,0.07654
D134520,D137580,0.063606
D134520,D137750,0.064818
D134520,D137760,0.053027
D134520,D137800,0.043224
D134520,D138800,0.040888
D134520,D140300,0.032977
D134520,D140600,0.25857
D134520,D140850,0.17625
D134520,D143100,0.086682
D134520,D143465,0.028937
D134520,D143500,0.070093
D134520,D143880,0.041804
D134520,D144010,0.020886
D134520,D144650,0.029196
D134520,D144700,0.068706
D134520,D145200,0.088482
D134520,D145500,0.061659
D134520,D145600,0.17497
D134520,D146110,0.083797
D134520,D146255,0.034451
D134520,D146500,0.047585
D134520,D147480,0.024298
D134520,D147530,0.025395
D134520,D147540,0.12098
D134520,D148000,0.042283
D134520,D148100,0.16216
D134520,D150600,0.29067
D134520,D150699,0.023305
D134520,D151400,0.069233
D134520,D152700,0.15377
D134520,D153880,0.10359
D134520,D154276,0.055383
D134520,D155100,0.11626
D134520,D155600,0.098353
D134520,D155601,0.034202
D134520,D156190,0.045195
D134520,D157700,0.16803
D134520,D157950,0.14652
D134520,D158280,0.046586
D134520,D160300,0.13523
D134520,D160750,0.05959
D134520,D161900,0.078014
D134520,D164230,0.031695
D134520,D165720,0.26837
D134520,D166300,0.13558
D134520,D166710,0.24402
D134520,D166760,0.094162
D134520,D167320,0.11331
D134520,D167870,0.059178
D134520,D168100,0.045674
D134520,D168600,0.029211
D134520,D170900,0.073785
D134520,D171300,0.046107
D134520,D173200,0.064556
D134520,D174800,0.13643
D134520,D175100,0.087564
D134520,D175505,0.02189
D134520,D176800,0.12002
D134520,D176807,0.037503
D134520,D178600,0.1165
D134520,D179600,0.050032
D134520,D179800,0.12818
D134520,D179830,0.027219
D134520,D181000,0.080971
D134520,D181460,0.029963
D134520,D181500,0.033608
D134520,D182000,0.056989
D134520,D182280,0.039855
D134520,D184700,0.04562
D134520,D187950,0.099427
D134520,D188030,0.14933
D134520,D188050,0.095224
D134520,D188470,0.027097
D134520,D189600,0.11659
D134520,D189800,0.024558
D134520,D190300,0.12891
D134520,D191390,0.097098
D134520,D192200,0.074141
D134520,D194070,0.053356
D134520,D194200,0.0431
D134520,D200170,0.046725
D134520,D203700,0.10989
D134520,D205700,0.081147
D134520,D206200,0.10211
D134520,D208085,0.12879
D134520,D208230,0.19007
D134520,D208300,0.060724
D134520,D208550,0.024682
D134520,D208700,0.024903
D134520,D208920,0.068855
D134520,D212130,0.073499
D134520,D212140,0.070733
D134520,D212350,0.054178
D134520,D215140,0.11905
D134520,D215470,0.021916
D134520,D217150,0.15884
D134520,D218200,0.043855
D134520,D218800,0.0657
D134520,D220120,0.028342
D134520,D223350,0.052666
D134520,D225740,0.044938
D134520,D225755,0.050849
D134520,D226000,0.027158
D134520,D227300,0.32541
D134520,D230450,0.11859
D134520,D230800,0.16409
D134520,D231200,0.1728
D134520,D231900,0.073006
D134520,D233810,0.05836
D134520,D236000,0.081412
D134520,D237450,0.064085
D134520,D237500,0.18742
D134520,D238800,0.05797
D134520,D240400,0.15085
D134520,D241100,0.11204
D134520,D243200,0.089535
D134520,D246400,0.11302
D134520,D246470,0.022515
D134520,D247200,0.080625
D134520,D247640,0.021873
D134520,D249100,0.14495
D134520,D250790,0.044879
D134520,D252320,0.048043
D134520,D254200,0.097237
D134520,D254400,0.075277
D134520,D254450,0.091534
D134520,D254500,0.11424
D134520,D254800,0.073233
D134520,D255900,0.066932
D134520,D256370,0.021057
D134520,D256700,0.12301
D134520,D258360,0.04375
D134520,D259050,0.20532
D134520,D259500,0.13198
D134520,D259660,0.17165
D134520,D260480,0.047843
D134520,D260570,0.029176
D134520,D261515,0.15515
D134520,D263300,0.048766
D134520,D263800,0.065393
D134520,D266120,0.085747
D134520,D266600,0.15605
D134520,D267730,0.038356
D134520,D268220,0.026557
D134520,D268320,0.024995
D134520,D270960,0.025538
D134520,D273300,0.052952
D134520,D273800,0.21021
D134520,D275000,0.049334
D134520,D276300,0.12388
D134520,D277440,0.16528
D134520,D277460,0.074021
D134520,D300232,0.17255
D134520,D303110,0.048771
D134520,D304790,0.11937
D134520,D305300,0.12597
D134520,D308205,0.044765
D134520,D308350,0.1034
D134520,D308600,0.078656
D134520,D310468,0.045782
D134520,D311360,0.050972
D134520,D312910,0.039863
D134520,D540000,0.042699
D134520,D600263,0.068932
D134520,D600351,0.037283
D134520,D600634,0.032689
D134520,D600803,0.062525
D134520,D600807,0.083568
D134520,D601042,0.071484
D134520,D601367,0.14859
D134520,D601608,0.20203
D134520,D601626,0.047748
D134520,D601665,0.068795
D134520,D602068,0.076485
D134520,D602080,0.13728
D134520,D602522,0.056041
D134520,D603165,0.062781
D134520,D604278,0.055617
D134520,D604416,0.17488
D134520,D606703,0.036462
D134520,D606798,0.025534
D134520,D606842,0.10999
D134520,D607225,0.037294
D134520,D607459,0.015932
D134520,D607516,0.053175
D134520,D607554,0.035456
D134520,D607685,0.066945
D134520,D607850,0.20021
D134520,D608033,0.080995
D134520,D608088,0.08576
D134520,D608105,0.053186
D134520,D608217,0.031744
D134520,D608320,0.020248
D134750,D137215,0.093308
D134750,D137580,0.037644
D134750,D137750,0.079168
D134750,D137760,0.086363
D134750,D137800,0.052801
D134750,D140300,0.087558
D134750,D140600,0.35059
D134750,D140850,0.067864
D134750,D143100,0.05218
D134750,D143500,0.063929
D134750,D143880,0.05116
D134750,D144010,0.025532
D134750,D144110,0.036313
D134750,D144650,0.070594
D134750,D144700,0.067138
D134750,D145100,0.045558
D134750,D145200,0.035495
D134750,D145600,0.10121
D134750,D146110,0.041079
D134750,D146255,0.021028
D134750,D146500,0.057935
D134750,D147480,0.028929
D134750,D147540,0.073692
D134750,D148000,0.051163
D134750,D148100,0.15149
D134750,D150600,0.33273
D134750,D150699,0.085208
D134750,D151400,0.32221
D134750,D151590,0.036164
D134750,D152700,0.23973
D134750,D153880,0.093665
D134750,D154276,0.067642
D134750,D155100,0.08866
D134750,D155600,0.12667
D134750,D156190,0.027622
D134750,D157700,0.12193
D134750,D157950,0.10119
D134750,D160300,0.040575
D134750,D160750,0.14543
D134750,D161900,0.23624
D134750,D165720,0.24083
D134750,D166300,0.10592
D134750,D166710,0.12559
D134750,D166760,0.11452
D134750,D167320,0.078603
D134750,D167870,0.047999
D134750,D168600,0.035673
D134750,D170900,0.090015
D134750,D171300,0.01688
D134750,D173200,0.038635
D134750,D174800,0.092524
D134750,D175100,0.080982
D134750,D175505,0.026934
D134750,D175510,0.054069
D134750,D176800,0.048768
D134750,D176807,0.022891
D134750,D178600,0.18427
D134750,D179800,0.047402
D134750,D179830,0.033271
D134750,D181000,0.15389
D134750,D181460,0.036624
D134750,D182000,0.06969
D134750,D184700,0.034015
D134750,D187950,0.14998
D134750,D188030,0.11012
D134750,D188050,0.11631
D134750,D189600,0.1066
D134750,D190300,0.089858
D134750,D191390,0.27558
D134750,D192200,0.13598
D134750,D194070,0.032593
D134750,D194200,0.056275
D134750,D200170,0.056945
D134750,D203700,0.11474
D134750,D205700,0.19865
D134750,D206200,0.12481
D134750,D208085,0.13122
D134750,D208230,0.29849
D134750,D208300,0.03649
D134750,D208550,0.090271
D134750,D208750,0.076463
D134750,D208920,0.062935
D134750,D212050,0.031865
D134750,D212130,0.089768
D134750,D212140,0.069533
D134750,D212350,0.044189
D134750,D215140,0.1542
D134750,D215470,0.02695
D134750,D217150,0.11002
D134750,D218200,0.053603
D134750,D218800,0.099942
D134750,D223350,0.096098
D134750,D225740,0.054885
D134750,D225755,0.031079
D134750,D227300,0.074951
D134750,D230450,0.1449
D134750,D230800,0.14379
D134750,D231200,0.072365
D134750,D231900,0.089235
D134750,D236000,0.09951
D134750,D237500,0.044958
D134750,D238800,0.070801
D134750,D240400,0.10464
D134750,D241100,0.081966
D134750,D246400,0.23285
D134750,D246470,0.082697
D134750,D247200,0.073389
D134750,D247640,0.053469
D134750,D248190,0.06438
D134750,D249100,0.22276
D134750,D250790,0.054855
D134750,D252320,0.058678
D134750,D254200,0.16662
D134750,D254400,0.091843
D134750,D254450,0.18899
D134750,D254500,0.22464
D134750,D254800,0.053429
D134750,D255900,0.10712
D134750,D256700,0.054371
D134750,D258360,0.21533
D134750,D259050,0.10636
D134750,D259500,0.080304
D134750,D259660,0.12072
D134750,D260480,0.22342
D134750,D260570,0.071509
D134750,D261515,0.095187
D134750,D263300,0.059607
D134750,D263800,0.099589
D134750,D266120,0.06999
D134750,D266600,0.23323
D134750,D267730,0.093761
D134750,D273300,0.015673
D134750,D273800,0.041219
D134750,D275000,0.21205
D134750,D276300,0.17933
D134750,D277440,0.084019
D134750,D277460,0.090443
D134750,D278200,0.041779
D134750,D300232,0.11893
D134750,D304790,0.11335
D134750,D305300,0.27259
D134750,D308205,0.0359
D134750,D310468,0.02803
D134750,D311360,0.041499
D134750,D540000,0.052186
D134750,D600351,0.19795
D134750,D600496,0.059192
D134750,D600803,0.035896
D134750,D600807,0.079688
D134750,D601042,0.041197
D134750,D601367,0.042769
D134750,D601608,0.13952
D134750,D601626,0.087381
D134750,D602068,0.043834
D134750,D602080,0.14391
D134750,D602522,0.045593
D134750,D603165,0.037938
D134750,D604416,0.23137
D134750,D606798,0.031162
D134750,D606842,0.10429
D134750,D607225,0.022567
D134750,D607685,0.19136
D134750,D607850,0.27243
D134750,D608033,0.021132
D134750,D608088,0.078083
D134750,D608105,0.031719
D134750,D608320,0.074501
D135550,D136200,0.19624
D135550,D137215,0.067284
D135550,D137400,0.31285
D135550,D137580,0.10591
D135550,D137750,0.16606
D135550,D137760,0.13587
D135550,D137800,0.047121
D135550,D138800,0.065256
D135550,D140300,0.05398
D135550,D140850,0.030283
D135550,D143100,0.083995
D135550,D143500,0.057299
D135550,D143880,0.23644
D135550,D144010,0.13775
D135550,D144110,0.067615
D135550,D144700,0.060195
D135550,D145100,0.12375
D135550,D145200,0.031673
D135550,D145500,0.048692
D135550,D145590,0.19044
D135550,D145600,0.14884
D135550,D146110,0.072913
D135550,D146255,0.25901
D135550,D146500,0.13866
D135550,D147480,0.026133
D135550,D147530,0.083202
D135550,D147540,0.032883
D135550,D150600,0.041603
D135550,D150699,0.10784
D135550,D152700,0.037624
D135550,D153880,0.13878
D135550,D154276,0.029981
D135550,D155100,0.17778
D135550,D155600,0.060733
D135550,D156000,0.3943
D135550,D156190,0.17427
D135550,D157300,0.13905
D135550,D157700,0.18678
D135550,D157950,0.21309
D135550,D158280,0.15266
D135550,D160300,0.072432
D135550,D160750,0.064819
D135550,D161900,0.19914
D135550,D164230,0.10376
D135550,D165150,0.32459
D135550,D165199,0.43193
D135550,D165720,0.058931
D135550,D166300,0.092116
D135550,D166710,0.022228
D135550,D166760,0.18173
D135550,D167320,0.045862
D135550,D167870,0.042767
D135550,D168100,0.048813
D135550,D168600,0.064129
D135550,D170900,0.0541
D135550,D171300,0.10635
D135550,D174800,0.17901
D135550,D175100,0.12066
D135550,D175505,0.072743
D135550,D175510,0.048681
D135550,D176800,0.043514
D135550,D176807,0.040862
D135550,D178600,0.017996
D135550,D179800,0.063362
D135550,D181000,0.15151
D135550,D181500,0.11075
D135550,D182000,0.062199
D135550,D182830,0.17979
D135550,D184700,0.030465
D135550,D187950,0.017977
D135550,D188050,0.051838
D135550,D189600,0.096796
D135550,D189800,0.05371
D135550,D190300,0.18545
D135550,D190310,0.072025
D135550,D190400,0.058578
D135550,D191390,0.10211
D135550,D192200,0.040445
D135550,D194070,0.058184
D135550,D194200,0.070431
D135550,D200170,0.050834
D135550,D203700,0.11556
D135550,D208085,0.037946
D135550,D208230,0.036525
D135550,D208300,0.098921
D135550,D208550,0.10843
D135550,D208700,0.10961
D135550,D208750,0.38265
D135550,D208920,0.05629
D135550,D210050,0.064533
D135550,D212050,0.26621
D135550,D212112,0.065662
D135550,D212130,0.039859
D135550,D212140,0.061152
D135550,D212350,0.11874
D135550,D215140,0.063289
D135550,D215470,0.17379
D135550,D217150,0.28024
D135550,D217200,0.28537
D135550,D218200,0.09549
D135550,D218800,0.089596
D135550,D220120,0.12459
D135550,D225740,0.12309
D135550,D225755,0.08324
D135550,D226000,0.088965
D135550,D227300,0.034051
D135550,D230450,0.098827
D135550,D230800,0.075114
D135550,D231090,0.063058
D135550,D231200,0.10865
D135550,D233810,0.1232
D135550,D237450,0.034481
D135550,D237500,0.040465
D135550,D238800,0.031521
D135550,D239350,0.052216
D135550,D240400,0.070718
D135550,D241100,0.024199
D135550,D243200,0.058485
D135550,D246400,0.052259
D135550,D246470,0.04976
D135550,D247200,0.19158
D135550,D249100,0.050748
D135550,D250790,0.074619
D135550,D252320,0.052265
D135550,D254200,0.08493
D135550,D254500,0.052389
D135550,D254770,0.048665
D135550,D254800,0.15747
D135550,D255900,0.12153
D135550,D256370,0.022974
D135550,D256700,0.085009
D135550,D258360,0.12191
D135550,D259050,0.23703
D135550,D259500,0.023717
D135550,D259660,0.035284
D135550,D260480,0.17856
D135550,D260570,0.031833
D135550,D260970,0.062606
D135550,D261515,0.14385
D135550,D263300,0.026794
D135550,D263800,0.053449
D135550,D264120,0.062676
D135550,D266120,0.03108
D135550,D266600,0.094282
D135550,D267740,0.19581
D135550,D268220,0.11701
D135550,D268320,0.3017
D135550,D270960,0.027864
D135550,D273300,0.055958
D135550,D273800,0.18961
D135550,D275000,0.10831
D135550,D276300,0.074762
D135550,D277350,0.15219
D135550,D277440,0.10825
D135550,D277460,0.080943
D135550,D278200,0.26722
D135550,D300125,0.18556
D135550,D300232,0.19975
D135550,D300491,0.13156
D135550,D300494,0.15967
D135550,D303110,0.39072
D135550,D304790,0.0916
D135550,D304900,0.024651
D135550,D305300,0.027435
D135550,D308205,0.2444
D135550,D308350,0.081099
D135550,D308600,0.042256
D135550,D310468,0.024931
D135550,D311360,0.11175
D135550,D312910,0.32969
D135550,D540000,0.22271
D135550,D600131,0.082568
D135550,D600263,0.049849
D135550,D600351,0.041105
D135550,D600496,0.053341
D135550,D600634,0.035666
D135550,D600803,0.032173
D135550,D600807,0.1114
D135550,D601042,0.11282
D135550,D601367,0.05726
D135550,D601608,0.049642
D135550,D601665,0.096471
D135550,D601682,0.14349
D135550,D602080,0.21036
D135550,D602522,0.37324
D135550,D603165,0.08549
D135550,D604278,0.16765
D135550,D604827,0.029921
D135550,D605021,0.08037
D135550,D605055,0.057342
D135550,D606703,0.078174
D135550,D606798,0.1683
D135550,D606842,0.068784
D135550,D607225,0.12201
D135550,D607459,0.14234
D135550,D607498,0.16285
D135550,D607501,0.16852
D135550,D607508,0.17347
D135550,D607516,0.18915
D135550,D607554,0.077368
D135550,D607628,0.073523
D135550,D607631,0.072681
D135550,D607681,0.082476
D135550,D607682,0.083905
D135550,D607685,0.036461
D135550,D608033,0.056169
D135550,D608088,0.093084
D135550,D608105,0.14402
D135550,D608217,0.10397
D135550,D608320,0.022092
D135550,D608583,0.042516
D135550,D608622,0.03877
D136200,D137400,0.070927
D136200,D137580,0.10487
D136200,D137750,0.08907
D136200,D137760,0.072879
D136200,D137800,0.063433
D136200,D140300,0.073246
D136200,D140850,0.13022
D136200,D143100,0.072461
D136200,D143880,0.086345
D136200,D144010,0.18078
D136200,D144110,0.20539
D136200,D145100,0.33666
D136200,D145200,0.13742
D136200,D145590,0.31816
D136200,D145600,0.080274
D136200,D146255,0.11805
D136200,D146500,0.13636
D136200,D147480,0.10604
D136200,D147540,0.13914
D136200,D148000,0.09259
D136200,D148100,0.13738
D136200,D150600,0.039692
D136200,D150699,0.1028
D136200,D151590,0.13343
D136200,D152700,0.051522
D136200,D153880,0.10426
D136200,D155600,0.11817
D136200,D155601,0.14975
D136200,D156000,0.18733
D136200,D156190,0.093722
D136200,D157700,0.14209
D136200,D157950,0.042044
D136200,D158280,0.19087
D136200,D165150,0.12473
D136200,D165199,0.22436
D136200,D166300,0.068468
D136200,D166760,0.21484
D136200,D168600,0.030108
D136200,D171300,0.11767
D136200,D173200,0.1565
D136200,D174800,0.12316
D136200,D175100,0.091937
D136200,D181000,0.11518
D136200,D181500,0.069571
D136200,D182000,0.13021
D136200,D182280,0.081722
D136200,D182830,0.13522
D136200,D184700,0.062938
D136200,D189600,0.063283
D136200,D190300,0.038281
D136200,D191390,0.13154
D136200,D200170,0.10825
D136200,D203700,0.054508
D136200,D208085,0.078997
D136200,D208300,0.12311
D136200,D208550,0.21246
D136200,D208750,0.2592
D136200,D208920,0.075938
D136200,D212050,0.17888
D136200,D212140,0.06364
D136200,D212350,0.074443
D136200,D215140,0.095029
D136200,D215470,0.093099
D136200,D217150,0.046119
D136200,D218800,0.074062
D136200,D225740,0.092577
D136200,D230800,0.097904
D136200,D231200,0.16989
D136200,D233810,0.15415
D136200,D237450,0.14503
D136200,D237500,0.083036
D136200,D246300,0.10391
D136200,D246400,0.072405
D136200,D247200,0.12752
D136200,D249100,0.05156
D136200,D250790,0.10259
D136200,D252320,0.11044
D136200,D254400,0.12888
D136200,D254800,0.063907
D136200,D255900,0.14931
D136200,D256700,0.094748
D136200,D258360,0.14109
D136200,D259050,0.17455
D136200,D260480,0.13714
D136200,D261515,0.11038
D136200,D263800,0.072139
D136200,D266600,0.10425
D136200,D267740,0.14789
D136200,D268220,0.10955
D136200,D268320,0.25101
D136200,D273800,0.14434
D136200,D275000,0.13992
D136200,D276300,0.062587
D136200,D277350,0.23975
D136200,D277440,0.062313
D136200,D277460,0.081836
D136200,D278200,0.34039
D136200,D300232,0.18619
D136200,D300491,0.09753
D136200,D300494,0.1987
D136200,D303110,0.1725
D136200,D304790,0.1526
D136200,D308205,0.13589
D136200,D308600,0.17948
D136200,D311360,0.070001
D136200,D312910,0.14602
D136200,D540000,0.097935
D136200,D600496,0.049952
D136200,D600807,0.033497
D136200,D601042,0.072702
D136200,D601665,0.097027
D136200,D601682,0.17857
D136200,D602068,0.16627
D136200,D602080,0.099845
D136200,D602522,0.076225
D136200,D603165,0.14123
D136200,D604278,0.07749
D136200,D604416,0.10079
D136200,D605839,0.12237
D136200,D606798,0.10591
D136200,D606842,0.043493
D136200,D607225,0.076418
D136200,D607459,0.068379
D136200,D607516,0.050629
D136200,D607685,0.077342
D136200,D608105,0.10937
D137215,D137400,0.066654
D137215,D137580,0.11895
D137215,D137750,0.069127
D137215,D137760,0.11467
D137215,D137800,0.19112
D137215,D138800,0.11827
D137215,D140300,0.163
D137215,D140600,0.02437
D137215,D140850,0.10894
D137215,D143100,0.1277
D137215,D143500,0.16089
D137215,D143880,0.121
D137215,D144010,0.09389
D137215,D144110,0.079947
D137215,D144650,0.092996
D137215,D144700,0.22975
D137215,D145100,0.12075
D137215,D145200,0.12484
D137215,D145500,0.15736
D137215,D145600,0.16802
D137215,D146110,0.098392
D137215,D146255,0.088958
D137215,D146500,0.14229
D137215,D146850,0.048332
D137215,D147480,0.17378
D137215,D147530,0.016264
D137215,D147540,0.096558
D137215,D148000,0.11256
D137215,D148100,0.059326
D137215,D150600,0.14653
D137215,D150699,0.10794
D137215,D151400,0.27512
D137215,D151590,0.17676
D137215,D152700,0.14974
D137215,D153880,0.032343
D137215,D154276,0.13102
D137215,D155100,0.10746
D137215,D155600,0.27793
D137215,D155601,0.071357
D137215,D156190,0.072398
D137215,D157300,0.013277
D137215,D157700,0.11977
D137215,D157950,0.09296
D137215,D158280,0.029465
D137215,D160300,0.042516
D137215,D160750,0.13585
D137215,D161900,0.14197
D137215,D164230,0.020298
D137215,D165150,0.039459
D137215,D165720,0.017292
D137215,D166300,0.085719
D137215,D166710,0.14689
D137215,D166760,0.039728
D137215,D167320,0.070594
D137215,D167870,0.052077
D137215,D168600,0.067992
D137215,D170900,0.34112
D137215,D171300,0.22417
D137215,D173200,0.041485
D137215,D174800,0.1951
D137215,D175100,0.38166
D137215,D175505,0.47055
D137215,D175510,0.28237
D137215,D176800,0.1022
D137215,D176807,0.2089
D137215,D178600,0.17426
D137215,D179800,0.16137
D137215,D179830,0.17562
D137215,D181000,0.20139
D137215,D181460,0.06844
D137215,D181500,0.12191
D137215,D182000,0.3937
D137215,D182280,0.15135
D137215,D184700,0.11784
D137215,D187950,0.10706
D137215,D188030,0.090331
D137215,D188050,0.14143
D137215,D188470,0.18762
D137215,D189600,0.018495
D137215,D189800,0.16007
D137215,D190300,0.058764
D137215,D190310,0.063462
D137215,D191390,0.31118
D137215,D192200,0.14247
D137215,D194070,0.14901
D137215,D194200,0.055479
D137215,D200170,0.10876
D137215,D203700,0.097834
D137215,D205700,0.078459
D137215,D206200,0.23173
D137215,D208085,0.10887
D137215,D208230,0.065069
D137215,D208300,0.038208
D137215,D208550,0.096608
D137215,D208700,0.048327
D137215,D208750,0.098624
D137215,D208920,0.13341
D137215,D210050,0.055897
D137215,D211980,0.19578
D137215,D212050,0.11965
D137215,D212130,0.023454
D137215,D212140,0.1439
D137215,D212350,0.047447
D137215,D215140,0.14436
D137215,D215470,0.08503
D137215,D217150,0.0864
D137215,D217200,0.027704
D137215,D218200,0.056059
D137215,D218800,0.12225
D137215,D220120,0.14099
D137215,D223350,0.13557
D137215,D225740,0.047145
D137215,D225755,0.081561
D137215,D226000,0.05693
D137215,D226150,0.12009
D137215,D227300,0.1413
D137215,D230450,0.15525
D137215,D230800,0.17735
D137215,D231090,0.069268
D137215,D231200,0.090664
D137215,D231900,0.14067
D137215,D236000,0.13444
D137215,D237450,0.060909
D137215,D237500,0.23261
D137215,D238800,0.037009
D137215,D239350,0.015303
D137215,D240400,0.2514
D137215,D241100,0.042622
D137215,D241519,0.12862
D137215,D243200,0.051527
D137215,D246300,0.091576
D137215,D246400,0.13578
D137215,D246470,0.25676
D137215,D247200,0.13332
D137215,D247640,0.088797
D137215,D248190,0.10117
D137215,D249100,0.16407
D137215,D250790,0.11228
D137215,D252320,0.045968
D137215,D254200,0.11319
D137215,D254400,0.082131
D137215,D254450,0.08664
D137215,D254500,0.25105
D137215,D254800,0.066604
D137215,D255900,0.058544
D137215,D256370,0.068969
D137215,D256700,0.15863
D137215,D258360,0.089254
D137215,D259050,0.060811
D137215,D259500,0.18633
D137215,D259660,0.08288
D137215,D260480,0.11109
D137215,D260570,0.056222
D137215,D261515,0.19214
D137215,D263300,0.11015
D137215,D263800,0.10465
D137215,D264120,0.093707
D137215,D266120,0.13123
D137215,D266600,0.30269
D137215,D267730,0.076312
D137215,D268220,0.092472
D137215,D268320,0.016007
D137215,D270960,0.083605
D137215,D273300,0.13166
D137215,D273800,0.11984
D137215,D275000,0.08612
D137215,D276300,0.39954
D137215,D277350,0.19825
D137215,D277440,0.24063
D137215,D277460,0.21444
D137215,D278200,0.043791
D137215,D300232,0.066006
D137215,D303110,0.047076
D137215,D304790,0.2464
D137215,D304900,0.014486
D137215,D305300,0.048329
D137215,D308205,0.094421
D137215,D308350,0.048438
D137215,D308600,0.049613
D137215,D310468,0.1331
D137215,D311360,0.077031
D137215,D312910,0.025502
D137215,D540000,0.07374
D137215,D600263,0.45109
D137215,D600351,0.133
D137215,D600496,0.093492
D137215,D600634,0.17621
D137215,D600803,0.15132
D137215,D600807,0.13829
D137215,D601004,0.028502
D137215,D601042,0.010728
D137215,D601367,0.16135
D137215,D601518,0.051146
D137215,D601608,0.099316
D137215,D601626,0.12423
D137215,D601665,0.18536
D137215,D601682,0.03169
D137215,D602068,0.068929
D137215,D602080,0.13346
D137215,D602522,0.071618
D137215,D603165,0.12314
D137215,D604278,0.084809
D137215,D604416,0.082635
D137215,D604827,0.055566
D137215,D605839,0.091966
D137215,D606842,0.013328
D137215,D607225,0.048984
D137215,D607459,0.040857
D137215,D607508,0.050235
D137215,D607516,0.015544
D137215,D607554,0.022706
D137215,D607685,0.12983
D137215,D607850,0.018787
D137215,D608033,0.061588
D137215,D608088,0.040842
D137215,D608105,0.016618
D137215,D608217,0.040685
D137215,D608320,0.067389
D137215,D608622,0.073661
D137400,D137580,0.022243
D137400,D137750,0.06241
D137400,D137760,0.051061
D137400,D138800,0.086368
D137400,D143100,0.036886
D137400,D143500,0.025436
D137400,D143880,0.18442
D137400,D144010,0.060451
D137400,D144110,0.088656
D137400,D144700,0.039735
D137400,D145100,0.10797
D137400,D145500,0.021496
D137400,D145590,0.10029
D137400,D145600,0.10308
D137400,D146255,0.024881
D137400,D146500,0.091228
D137400,D147480,0.034502
D137400,D150600,0.027838
D137400,D150699,0.13569
D137400,D153880,0.072981
D137400,D155600,0.039924
D137400,D156000,0.039504
D137400,D156190,0.065536
D137400,D157700,0.11107
D137400,D157950,0.17836
D137400,D158280,0.13364
D137400,D165150,0.40887
D137400,D165199,0.091055
D137400,D166300,0.07304
D137400,D166760,0.044916
D137400,D170900,0.071046
D137400,D171300,0.079896
D137400,D174800,0.046892
D137400,D175100,0.083125
D137400,D175505,0.064161
D137400,D175510,0.063928
D137400,D181000,0.11787
D137400,D181500,0.048742
D137400,D182000,0.041162
D137400,D182830,0.094538
D137400,D184700,0.020192
D137400,D189600,0.044383
D137400,D189800,0.035536
D137400,D190300,0.20134
D137400,D191390,0.089464
D137400,D194070,0.019267
D137400,D203700,0.057329
D137400,D208085,0.025555
D137400,D208300,0.086197
D137400,D208550,0.071124
D137400,D208700,0.037059
D137400,D208750,0.029382
D137400,D210050,0.029041
D137400,D212050,0.30568
D137400,D212140,0.020365
D137400,D212350,0.052112
D137400,D215140,0.063118
D137400,D215470,0.065111
D137400,D217150,0.26378
D137400,D218200,0.063188
D137400,D218800,0.023773
D137400,D220120,0.041919
D137400,D225740,0.064725
D137400,D230450,0.043572
D137400,D230800,0.049543
D137400,D231090,0.076223
D137400,D231200,0.057182
D137400,D233810,0.078638
D137400,D237500,0.026937
D137400,D240400,0.062469
D137400,D246400,0.069109
D137400,D246470,0.065346
D137400,D247200,0.12321
D137400,D249100,0.016802
D137400,D250790,0.032902
D137400,D254200,0.028056
D137400,D254500,0.046234
D137400,D255900,0.065
D137400,D256700,0.048006
D137400,D258360,0.065319
D137400,D259050,0.084643
D137400,D260480,0.1849
D137400,D261515,0.11321
D137400,D263300,0.035375
D137400,D266600,0.070875
D137400,D267740,0.1028
D137400,D268220,0.076788
D137400,D268320,0.14681
D137400,D273800,0.14749
D137400,D275000,0.047433
D137400,D276300,0.059161
D137400,D277350,0.15953
D137400,D277440,0.079964
D137400,D277460,0.026809
D137400,D278200,0.20885
D137400,D300232,0.13852
D137400,D300491,0.068401
D137400,D300494,0.13778
D137400,D303110,0.070651
D137400,D304790,0.057441
D137400,D308205,0.085646
D137400,D311360,0.049037
D137400,D312910,0.058033
D137400,D540000,0.041123
D137400,D600263,0.065456
D137400,D600351,0.05398
D137400,D600496,0.034982
D137400,D600803,0.042477
D137400,D600807,0.14206
D137400,D601042,0.05087
D137400,D601665,0.063725
D137400,D601682,0.12495
D137400,D602080,0.021158
D137400,D602522,0.16201
D137400,D603165,0.045094
D137400,D604278,0.10878
D137400,D606798,0.074196
D137400,D606842,0.030503
D137400,D607225,0.053477
D137400,D607459,0.04781
D137400,D607516,0.035508
D137400,D607685,0.024175
D137400,D608105,0.076551
D137580,D137750,0.16748
D137580,D137760,0.21774
D137580,D137800,0.19687
D137580,D140300,0.19241
D137580,D140850,0.057228
D137580,D143100,0.33844
D137580,D143465,0.18276
D137580,D143500,0.1474
D137580,D143880,0.19137
D137580,D144010,0.21661
D137580,D144110,0.10361
D137580,D144650,0.18353
D137580,D144700,0.099026
D137580,D145100,0.096338
D137580,D145200,0.056253
D137580,D145500,0.1863
D137580,D145590,0.11208
D137580,D145600,0.19881
D137580,D146110,0.16554
D137580,D146255,0.24759
D137580,D146500,0.27619
D137580,D146850,0.098005
D137580,D147480,0.092102
D137580,D147530,0.27736
D137580,D147540,0.038935
D137580,D148000,0.041217
D137580,D148100,0.08131
D137580,D150600,0.09696
D137580,D150699,0.044981
D137580,D151400,0.10412
D137580,D151590,0.096074
D137580,D152700,0.12773
D137580,D153880,0.15236
D137580,D154276,0.10934
D137580,D155100,0.11789
D137580,D155600,0.14289
D137580,D155601,0.022924
D137580,D156000,0.1421
D137580,D156190,0.19713
D137580,D157300,0.13437
D137580,D157700,0.11434
D137580,D157950,0.067721
D137580,D158280,0.11909
D137580,D160300,0.042872
D137580,D160750,0.13559
D137580,D161900,0.10613
D137580,D164230,0.45549
D137580,D165150,0.18306
D137580,D165199,0.14486
D137580,D165720,0.052377
D137580,D166300,0.065116
D137580,D166710,0.092375
D137580,D166760,0.10141
D137580,D167320,0.13688
D137580,D167870,0.10587
D137580,D168100,0.20492
D137580,D168600,0.31554
D137580,D170900,0.031723
D137580,D171300,0.16081
D137580,D173200,0.04183
D137580,D174800,0.18147
D137580,D175100,0.19557
D137580,D175505,0.028358
D137580,D175510,0.057113
D137580,D176800,0.025753
D137580,D176807,0.12118
D137580,D178600,0.086312
D137580,D179800,0.18888
D137580,D179830,0.10655
D137580,D181000,0.15673
D137580,D181500,0.3557
D137580,D182000,0.055248
D137580,D182280,0.096755
D137580,D182830,0.16886
D137580,D184700,0.18408
D137580,D187950,0.13644
D137580,D188030,0.084159
D137580,D188050,0.21775
D137580,D188470,0.07202
D137580,D189600,0.13207
D137580,D189800,0.063749
D137580,D190300,0.22538
D137580,D190310,0.10785
D137580,D190400,0.069688
D137580,D191390,0.11989
D137580,D192200,0.047878
D137580,D194070,0.095371
D137580,D194200,0.12551
D137580,D200170,0.090321
D137580,D203700,0.18226
D137580,D206200,0.10246
D137580,D208085,0.090628
D137580,D208230,0.065185
D137580,D208300,0.057833
D137580,D208550,0.14341
D137580,D208700,0.16165
D137580,D208750,0.15699
D137580,D208920,0.33661
D137580,D210050,0.13155
D137580,D211980,0.046511
D137580,D212050,0.084234
D137580,D212112,0.099299
D137580,D212130,0.023595
D137580,D212140,0.19402
D137580,D212350,0.20167
D137580,D215140,0.081948
D137580,D215470,0.2465
D137580,D217150,0.043373
D137580,D217200,0.15286
D137580,D218200,0.17172
D137580,D218800,0.22481
D137580,D220120,0.28347
D137580,D223350,0.050632
D137580,D225740,0.14857
D137580,D225755,0.1572
D137580,D226000,0.087797
D137580,D226150,0.02035
D137580,D227300,0.07985
D137580,D230450,0.1588
D137580,D230800,0.18479
D137580,D231090,0.016717
D137580,D231200,0.13068
D137580,D231900,0.11855
D137580,D233810,0.12207
D137580,D236000,0.039589
D137580,D237450,0.10248
D137580,D237500,0.16782
D137580,D238800,0.074693
D137580,D239350,0.10857
D137580,D240400,0.17164
D137580,D241100,0.10021
D137580,D241519,0.17389
D137580,D243200,0.19094
D137580,D246300,0.13881
D137580,D246400,0.041455
D137580,D246470,0.014605
D137580,D247200,0.19186
D137580,D247640,0.02826
D137580,D248190,0.10201
D137580,D249100,0.14307
D137580,D250790,0.16495
D137580,D252320,0.077461
D137580,D254200,0.1256
D137580,D254450,0.028673
D137580,D254500,0.16723
D137580,D254770,0.14626
D137580,D254800,0.28488
D137580,D255900,0.070938
D137580,D256370,0.013597
D137580,D256700,0.23709
D137580,D258360,0.14496
D137580,D259050,0.16056
D137580,D259500,0.070419
D137580,D259660,0.020882
D137580,D260480,0.11237
D137580,D260570,0.095131
D137580,D260970,0.27318
D137580,D261515,0.20938
D137580,D263300,0.096454
D137580,D263800,0.16897
D137580,D264120,0.24502
D137580,D266120,0.13276
D137580,D266600,0.15042
D137580,D267740,0.16006
D137580,D268220,0.086507
D137580,D268320,0.15778
D137580,D270960,0.032982
D137580,D273300,0.14181
D137580,D273800,0.18682
D137580,D275000,0.14875
D137580,D276300,0.10642
D137580,D277350,0.1422
D137580,D277440,0.16807
D137580,D277460,0.26362
D137580,D278200,0.1184
D137580,D300125,0.14378
D137580,D300232,0.16223
D137580,D300491,0.17939
D137580,D300494,0.14323
D137580,D303110,0.2162
D137580,D304790,0.15458
D137580,D304900,0.1652
D137580,D305300,0.01624
D137580,D308205,0.17245
D137580,D308350,0.30867
D137580,D308600,0.075058
D137580,D310468,0.088737
D137580,D311360,0.25441
D137580,D312910,0.27665
D137580,D540000,0.30868
D137580,D600131,0.14747
D137580,D600263,0.087421
D137580,D600351,0.07348
D137580,D600496,0.1101
D137580,D600634,0.021108
D137580,D600803,0.11405
D137580,D600807,0.095154
D137580,D601042,0.17328
D137580,D601367,0.19421
D137580,D601608,0.061042
D137580,D601626,0.10043
D137580,D601665,0.22914
D137580,D601682,0.11651
D137580,D602068,0.092686
D137580,D602080,0.17848
D137580,D602522,0.10792
D137580,D603165,0.090515
D137580,D604278,0.26951
D137580,D604416,0.05524
D137580,D604827,0.092733
D137580,D605021,0.14635
D137580,D605055,0.22411
D137580,D606703,0.21769
D137580,D606798,0.18247
D137580,D606842,0.095096
D137580,D607225,0.10795
D137580,D607459,0.22446
D137580,D607498,0.12654
D137580,D607499,0.13516
D137580,D607501,0.13063
D137580,D607508,0.18521
D137580,D607516,0.17366
D137580,D607554,0.091584
D137580,D607628,0.16087
D137580,D607631,0.15185
D137580,D607681,0.14861
D137580,D607682,0.15083
D137580,D607685,0.14406
D137580,D607850,0.018972
D137580,D608033,0.27341
D137580,D608088,0.13754
D137580,D608105,0.20426
D137580,D608217,0.23901
D137580,D608320,0.14072
D137580,D608583,0.075495
D137580,D608622,0.14336
D137750,D137760,0.62654
D137750,D137800,0.10432
D137750,D140300,0.10457
D137750,D140600,0.068939
D137750,D140850,0.025141
D137750,D143100,0.12372
D137750,D143465,0.026063
D137750,D143500,0.031576
D137750,D143880,0.17849
D137750,D144010,0.1904
D137750,D144110,0.1094
D137750,D144700,0.024855
D137750,D145100,0.20483
D137750,D145200,0.10523
D137750,D145500,0.026907
D137750,D145590,0.191
D137750,D145600,0.12822
D137750,D146110,0.060356
D137750,D146255,0.18851
D137750,D146500,0.18075
D137750,D147480,0.042879
D137750,D147530,0.13835
D137750,D147540,0.0273
D137750,D148100,0.055845
D137750,D150600,0.084809
D137750,D150699,0.042058
D137750,D151400,0.046487
D137750,D151590,0.053597
D137750,D152700,0.083386
D137750,D153880,0.31414
D137750,D154276,0.049862
D137750,D155100,0.099697
D137750,D155600,0.12522
D137750,D156000,0.12384
D137750,D156190,0.41658
D137750,D157300,0.11285
D137750,D157700,0.1133
D137750,D157950,0.092626
D137750,D158280,0.16894
D137750,D160300,0.090201
D137750,D160750,0.13453
D137750,D161900,0.11423
D137750,D164230,0.11488
D137750,D165150,0.22561
D137750,D165199,0.28891
D137750,D165720,0.097879
D137750,D166300,0.12241
D137750,D166710,0.055364
D137750,D166760,0.11256
D137750,D167320,0.057109
D137750,D167870,0.071071
D137750,D168100,0.060774
D137750,D168600,0.13234
D137750,D171300,0.16329
D137750,D173200,0.058676
D137750,D174800,0.13756
D137750,D175100,0.095969
D137750,D175505,0.039669
D137750,D176800,0.072263
D137750,D176807,0.067849
D137750,D178600,0.030018
D137750,D179800,0.070128
D137750,D179830,0.024654
D137750,D181000,0.23187
D137750,D181500,0.12296
D137750,D182000,0.12913
D137750,D182830,0.27201
D137750,D184700,0.050381
D137750,D187950,0.014925
D137750,D188050,0.064557
D137750,D189600,0.079956
D137750,D189800,0.022245
D137750,D190300,0.11625
D137750,D190310,0.059789
D137750,D190400,0.097764
D137750,D191390,0.12596
D137750,D192200,0.13433
D137750,D194070,0.12118
D137750,D194200,0.058468
D137750,D200170,0.1055
D137750,D203700,0.15594
D137750,D208085,0.061793
D137750,D208230,0.07597
D137750,D208300,0.23081
D137750,D208550,0.11147
D137750,D208700,0.067744
D137750,D208750,0.12755
D137750,D208920,0.093371
D137750,D210050,0.052946
D137750,D212050,0.11812
D137750,D212112,0.0818
D137750,D212130,0.066265
D137750,D212140,0.063309
D137750,D212350,0.21447
D137750,D215140,0.077323
D137750,D215470,0.22709
D137750,D217150,0.12176
D137750,D217200,0.16556
D137750,D218200,0.16417
D137750,D218800,0.07427
D137750,D220120,0.077067
D137750,D225740,0.23841
D137750,D225755,0.20755
D137750,D226000,0.073854
D137750,D227300,0.02827
D137750,D230450,0.13886
D137750,D230800,0.093017
D137750,D231200,0.071672
D137750,D233810,0.072376
D137750,D237450,0.028627
D137750,D237500,0.016656
D137750,D238800,0.052341
D137750,D239350,0.043345
D137750,D240400,0.038513
D137750,D241100,0.060284
D137750,D241519,0.029375
D137750,D243200,0.14642
D137750,D246300,0.064897
D137750,D246400,0.058026
D137750,D247200,0.11404
D137750,D247640,0.039957
D137750,D248190,0.14154
D137750,D249100,0.084101
D137750,D250790,0.061519
D137750,D252320,0.13009
D137750,D254200,0.14067
D137750,D254500,0.11732
D137750,D254770,0.080995
D137750,D254800,0.079094
D137750,D255900,0.13988
D137750,D256370,0.019073
D137750,D256700,0.14049
D137750,D258360,0.14159
D137750,D259050,0.21281
D137750,D259500,0.079064
D137750,D259660,0.058586
D137750,D260480,0.14458
D137750,D260570,0.026428
D137750,D260970,0.13139
D137750,D261515,0.11546
D137750,D263800,0.11789
D137750,D264120,0.052028
D137750,D266120,0.025803
D137750,D266600,0.12208
D137750,D267740,0.3356
D137750,D268220,0.14488
D137750,D268320,0.27193
D137750,D270960,0.023132
D137750,D273300,0.069799
D137750,D273800,0.091747
D137750,D275000,0.17893
D137750,D276300,0.074031
D137750,D277350,0.15196
D137750,D277440,0.074228
D137750,D277460,0.13462
D137750,D278200,0.15634
D137750,D300125,0.15049
D137750,D300232,0.14099
D137750,D300491,0.14223
D137750,D300494,0.26173
D137750,D303110,0.24586
D137750,D304790,0.059667
D137750,D304900,0.041031
D137750,D305300,0.045574
D137750,D308205,0.17355
D137750,D308350,0.18196
D137750,D308600,0.035081
D137750,D310468,0.041469
D137750,D311360,0.12376
D137750,D312910,0.21397
D137750,D540000,0.26212
D137750,D600131,0.10285
D137750,D600496,0.044151
D137750,D600634,0.02961
D137750,D600807,0.029466
D137750,D601042,0.17072
D137750,D601367,0.063382
D137750,D601608,0.082631
D137750,D601665,0.079621
D137750,D601682,0.47652
D137750,D602068,0.064964
D137750,D602080,0.19793
D137750,D602522,0.11769
D137750,D603165,0.14222
D137750,D604278,0.28397
D137750,D604416,0.077561
D137750,D604827,0.050095
D137750,D605021,0.10039
D137750,D605055,0.071486
D137750,D606703,0.097516
D137750,D606798,0.25974
D137750,D606842,0.094563
D137750,D607225,0.13549
D137750,D607459,0.1518
D137750,D607498,0.13189
D137750,D607499,0.034824
D137750,D607501,0.13657
D137750,D607508,0.1407
D137750,D607516,0.15356
D137750,D607554,0.064231
D137750,D607628,0.091807
D137750,D607631,0.090552
D137750,D607681,0.10286
D137750,D607682,0.10461
D137750,D607685,0.077
D137750,D607850,0.053181
D137750,D608033,0.062406
D137750,D608088,0.096308
D137750,D608105,0.23817
D137750,D608217,0.14414
D137750,D608320,0.018341
D137750,D608583,0.035297
D137750,D608622,0.032187
D137760,D137800,0.18718
D137760,D138800,0.022138
D137760,D140300,0.22317
D137760,D140600,0.056399
D137760,D140850,0.041137
D137760,D143100,0.21342
D137760,D143465,0.042582
D137760,D143500,0.1323
D137760,D143880,0.15645
D137760,D144010,0.26683
D137760,D144110,0.14025
D137760,D144650,0.086847
D137760,D144700,0.11758
D137760,D145100,0.16805
D137760,D145200,0.086091
D137760,D145500,0.13644
D137760,D145590,0.15671
D137760,D145600,0.1668
D137760,D146110,0.12396
D137760,D146255,0.14073
D137760,D146500,0.18838
D137760,D146850,0.31898
D137760,D147480,0.088343
D137760,D147530,0.17042
D137760,D147540,0.022334
D137760,D148000,0.080836
D137760,D148100,0.068529
D137760,D150600,0.12521
D137760,D150699,0.12437
D137760,D151400,0.19025
D137760,D151590,0.13244
D137760,D152700,0.1775
D137760,D153880,0.17161
D137760,D154276,0.10543
D137760,D155100,0.16488
D137760,D155600,0.19618
D137760,D155601,0.02867
D137760,D156000,0.10132
D137760,D156190,0.29621
D137760,D157300,0.13872
D137760,D157700,0.10191
D137760,D157950,0.12353
D137760,D158280,0.13879
D137760,D160300,0.073791
D137760,D160750,0.19982
D137760,D161900,0.18847
D137760,D164230,0.093979
D137760,D165150,0.18504
D137760,D165199,0.237
D137760,D165720,0.10009
D137760,D166300,0.13848
D137760,D166710,0.10617
D137760,D166760,0.092087
D137760,D167320,0.11025
D137760,D167870,0.07569
D137760,D168100,0.049719
D137760,D168600,0.19735
D137760,D170900,0.018185
D137760,D171300,0.1651
D137760,D173200,0.048002
D137760,D174800,0.16127
D137760,D175100,0.18721
D137760,D175505,0.048675
D137760,D175510,0.099541
D137760,D176800,0.059117
D137760,D176807,0.12683
D137760,D178600,0.11104
D137760,D179800,0.18868
D137760,D179830,0.10245
D137760,D181000,0.27887
D137760,D181500,0.22904
D137760,D182000,0.14788
D137760,D182280,0.12874
D137760,D182830,0.22322
D137760,D184700,0.11419
D137760,D187950,0.11095
D137760,D188030,0.10159
D137760,D188050,0.12395
D137760,D188470,0.082637
D137760,D189600,0.065411
D137760,D189800,0.091603
D137760,D190300,0.12224
D137760,D190310,0.048912
D137760,D190400,0.079987
D137760,D191390,0.21991
D137760,D192200,0.13738
D137760,D194070,0.17171
D137760,D194200,0.047831
D137760,D200170,0.086304
D137760,D203700,0.14819
D137760,D206200,0.11806
D137760,D208085,0.075988
D137760,D208230,0.11223
D137760,D208300,0.18222
D137760,D208550,0.18407
D137760,D208700,0.05542
D137760,D208750,0.10435
D137760,D208920,0.18138
D137760,D210050,0.043315
D137760,D211980,0.07545
D137760,D212050,0.096636
D137760,D212112,0.066919
D137760,D212130,0.05421
D137760,D212140,0.13686
D137760,D212350,0.14804
D137760,D215140,0.14641
D137760,D215470,0.252
D137760,D217150,0.099615
D137760,D217200,0.13523
D137760,D218200,0.13434
D137760,D218800,0.20894
D137760,D220120,0.13158
D137760,D223350,0.11709
D137760,D225740,0.15168
D137760,D225755,0.11311
D137760,D226000,0.060418
D137760,D227300,0.11466
D137760,D230450,0.18035
D137760,D230800,0.17113
D137760,D231090,0.038373
D137760,D231200,0.10294
D137760,D231900,0.08221
D137760,D233810,0.05921
D137760,D236000,0.12342
D137760,D237450,0.070502
D137760,D237500,0.10954
D137760,D238800,0.064297
D137760,D239350,0.035459
D137760,D240400,0.11383
D137760,D241100,0.049318
D137760,D241519,0.10054
D137760,D243200,0.17978
D137760,D246300,0.19611
D137760,D246400,0.083064
D137760,D246470,0.016682
D137760,D247200,0.15289
D137760,D247640,0.068558
D137760,D248190,0.11424
D137760,D249100,0.13865
D137760,D250790,0.11738
D137760,D252320,0.10643
D137760,D254200,0.18765
D137760,D254400,0.018539
D137760,D254450,0.04997
D137760,D254500,0.2285
D137760,D254770,0.066262
D137760,D254800,0.086357
D137760,D255900,0.14727
D137760,D256370,0.031209
D137760,D256700,0.24961
D137760,D258360,0.23714
D137760,D259050,0.14611
D137760,D259500,0.181
D137760,D259660,0.047928
D137760,D260480,0.19194
D137760,D260570,0.13793
D137760,D260970,0.24046
D137760,D261515,0.14312
D137760,D263300,0.10931
D137760,D263800,0.14535
D137760,D264120,0.12941
D137760,D266120,0.12806
D137760,D266600,0.21998
D137760,D267730,0.02842
D137760,D267740,0.19517
D137760,D268220,0.18422
D137760,D268320,0.24179
D137760,D270960,0.056784
D137760,D273300,0.12877
D137760,D273800,0.15102
D137760,D275000,0.30783
D137760,D276300,0.083761
D137760,D277350,0.20689
D137760,D277440,0.12251
D137760,D277460,0.16541
D137760,D278200,0.12792
D137760,D300125,0.12314
D137760,D300232,0.11556
D137760,D300491,0.11636
D137760,D300494,0.21526
D137760,D303110,0.18327
D137760,D304790,0.16369
D137760,D304900,0.053778
D137760,D305300,0.037283
D137760,D308205,0.15304
D137760,D308350,0.16965
D137760,D308600,0.05745
D137760,D310468,0.051005
D137760,D311360,0.16479
D137760,D312910,0.13579
D137760,D540000,0.2706
D137760,D600131,0.084142
D137760,D600263,0.066437
D137760,D600351,0.084103
D137760,D600496,0.12714
D137760,D600634,0.049577
D137760,D600803,0.065888
D137760,D600807,0.15921
D137760,D601042,0.16333
D137760,D601367,0.10497
D137760,D601518,0.028559
D137760,D601608,0.067599
D137760,D601626,0.071414
D137760,D601665,0.08142
D137760,D601682,0.38172
D137760,D602068,0.053146
D137760,D602080,0.17294
D137760,D602522,0.15206
D137760,D603165,0.16226
D137760,D604278,0.23381
D137760,D604416,0.063452
D137760,D604827,0.040983
D137760,D605021,0.082127
D137760,D605055,0.097624
D137760,D605839,0.024315
D137760,D606703,0.079777
D137760,D606798,0.21268
D137760,D606842,0.092792
D137760,D607225,0.12492
D137760,D607459,0.14143
D137760,D607498,0.10792
D137760,D607499,0.028491
D137760,D607501,0.11174
D137760,D607508,0.17366
D137760,D607516,0.12565
D137760,D607554,0.052546
D137760,D607628,0.075107
D137760,D607631,0.07408
D137760,D607681,0.084153
D137760,D607682,0.085583
D137760,D607685,0.17805
D137760,D607850,0.11351
D137760,D608033,0.066599
D137760,D608088,0.16113
D137760,D608105,0.19519
D137760,D608217,0.14153
D137760,D608320,0.015004
D137760,D608583,0.028876
D137760,D608622,0.1122
D137800,D138800,0.079317
D137800,D140300,0.22416
D137800,D140600,0.070615
D137800,D140850,0.11035
D137800,D143100,0.3369
D137800,D143465,0.25088
D137800,D143500,0.16302
D137800,D143880,0.075884
D137800,D144010,0.15361
D137800,D144110,0.11202
D137800,D144650,0.035288
D137800,D144700,0.28412
D137800,D145100,0.095477
D137800,D145200,0.17912
D137800,D145500,0.18573
D137800,D145590,0.090017
D137800,D145600,0.23204
D137800,D146110,0.084535
D137800,D146255,0.1899
D137800,D146500,0.17272
D137800,D146850,0.19691
D137800,D147480,0.08663
D137800,D147530,0.11045
D137800,D147540,0.056638
D137800,D148000,0.12241
D137800,D148100,0.07521
D137800,D150600,0.14799
D137800,D150699,0.12047
D137800,D151400,0.16824
D137800,D151590,0.16945
D137800,D152700,0.29772
D137800,D153880,0.045724
D137800,D154276,0.10552
D137800,D155100,0.22852
D137800,D155600,0.28069
D137800,D155601,0.34624
D137800,D156000,0.065991
D137800,D156190,0.10924
D137800,D157300,0.1129
D137800,D157700,0.13736
D137800,D157950,0.075739
D137800,D160300,0.12101
D137800,D160750,0.14456
D137800,D161900,0.11386
D137800,D164230,0.19421
D137800,D165150,0.035953
D137800,D165199,0.037846
D137800,D165720,0.19789
D137800,D166300,0.07101
D137800,D166710,0.098589
D137800,D166760,0.037466
D137800,D167320,0.14774
D137800,D167870,0.071199
D137800,D168100,0.12271
D137800,D168600,0.15989
D137800,D170900,0.035494
D137800,D171300,0.29128
D137800,D173200,0.14235
D137800,D174800,0.22105
D137800,D175100,0.37439
D137800,D175505,0.13453
D137800,D175510,0.15298
D137800,D176800,0.12125
D137800,D176807,0.24724
D137800,D178600,0.10386
D137800,D179600,0.058282
D137800,D179800,0.16422
D137800,D179830,0.066193
D137800,D181000,0.19138
D137800,D181460,0.018282
D137800,D181500,0.32251
D137800,D182000,0.21502
D137800,D182280,0.2233
D137800,D182830,0.078846
D137800,D184700,0.13915
D137800,D187950,0.14461
D137800,D188030,0.054979
D137800,D188050,0.14379
D137800,D188470,0.15696
D137800,D189600,0.10456
D137800,D189800,0.059408
D137800,D190300,0.16626
D137800,D190310,0.059822
D137800,D190400,0.032428
D137800,D191390,0.19963
D137800,D192200,0.11196
D137800,D194070,0.28854
D137800,D194200,0.10403
D137800,D200170,0.14273
D137800,D203700,0.19243
D137800,D206200,0.064536
D137800,D208085,0.073571
D137800,D208230,0.11196
D137800,D208300,0.058674
D137800,D208550,0.18186
D137800,D208700,0.13983
D137800,D208750,0.0888
D137800,D208920,0.25131
D137800,D210050,0.13562
D137800,D211980,0.18484
D137800,D212050,0.11355
D137800,D212112,0.036347
D137800,D212130,0.072635
D137800,D212140,0.21648
D137800,D212350,0.15559
D137800,D215140,0.19973
D137800,D215470,0.16265
D137800,D217150,0.054837
D137800,D217200,0.11151
D137800,D218200,0.066014
D137800,D218800,0.22126
D137800,D220120,0.16176
D137800,D223350,0.11702
D137800,D225740,0.14441
D137800,D225755,0.12294
D137800,D226000,0.13542
D137800,D226150,0.056522
D137800,D227300,0.055962
D137800,D230450,0.16534
D137800,D230800,0.20324
D137800,D231090,0.11596
D137800,D231200,0.1097
D137800,D231900,0.066429
D137800,D233810,0.19171
D137800,D236000,0.1533
D137800,D237450,0.059155
D137800,D237500,0.12739
D137800,D238800,0.18545
D137800,D239350,0.093032
D137800,D240400,0.079839
D137800,D241100,0.040195
D137800,D241519,0.12352
D137800,D243200,0.11418
D137800,D246300,0.24452
D137800,D246400,0.11051
D137800,D246470,0.095158
D137800,D247200,0.2487
D137800,D247640,0.1416
D137800,D248190,0.047718
D137800,D249100,0.14759
D137800,D250790,0.23758
D137800,D252320,0.10281
D137800,D254200,0.14535
D137800,D254400,0.087031
D137800,D254450,0.08662
D137800,D254500,0.1502
D137800,D254770,0.16602
D137800,D254800,0.23336
D137800,D255900,0.13542
D137800,D256370,0.081523
D137800,D256700,0.31374
D137800,D258360,0.15068
D137800,D259050,0.11865
D137800,D259500,0.29762
D137800,D259660,0.058601
D137800,D260480,0.12684
D137800,D260570,0.11163
D137800,D260970,0.13343
D137800,D261515,0.18989
D137800,D263300,0.10338
D137800,D263800,0.1686
D137800,D264120,0.07002
D137800,D266120,0.086564
D137800,D266600,0.21829
D137800,D267730,0.055486
D137800,D267740,0.14454
D137800,D268220,0.12559
D137800,D268320,0.061027
D137800,D270960,0.17645
D137800,D273300,0.29217
D137800,D273800,0.14397
D137800,D275000,0.14931
D137800,D276300,0.37449
D137800,D277350,0.068249
D137800,D277440,0.21168
D137800,D277460,0.15672
D137800,D278200,0.063398
D137800,D300125,0.1007
D137800,D300232,0.18761
D137800,D300491,0.2259
D137800,D300494,0.075229
D137800,D303110,0.044091
D137800,D304790,0.13801
D137800,D304900,0.096562
D137800,D305300,0.076906
D137800,D308205,0.20178
D137800,D308350,0.19957
D137800,D308600,0.072967
D137800,D310468,0.042403
D137800,D311360,0.15825
D137800,D312910,0.086961
D137800,D540000,0.24835
D137800,D600131,0.19254
D137800,D600263,0.12561
D137800,D600351,0.045281
D137800,D600496,0.029299
D137800,D600634,0.22702
D137800,D600803,0.053234
D137800,D600807,0.17201
D137800,D601042,0.11559
D137800,D601367,0.16476
D137800,D601518,0.05496
D137800,D601608,0.098521
D137800,D601626,0.107
D137800,D601665,0.20554
D137800,D602068,0.089242
D137800,D602080,0.19872
D137800,D602522,0.044901
D137800,D603165,0.14715
D137800,D604278,0.13547
D137800,D604416,0.10551
D137800,D604827,0.11445
D137800,D605021,0.20886
D137800,D605055,0.29382
D137800,D605839,0.10917
D137800,D606703,0.1552
D137800,D606798,0.093406
D137800,D606842,0.14081
D137800,D607225,0.11274
D137800,D607459,0.12301
D137800,D607498,0.10489
D137800,D607499,0.072656
D137800,D607501,0.091642
D137800,D607508,0.14209
D137800,D607516,0.10346
D137800,D607554,0.085659
D137800,D607628,0.18672
D137800,D607631,0.17395
D137800,D607681,0.19656
D137800,D607682,0.19732
D137800,D607685,0.17444
D137800,D607850,0.071116
D137800,D608033,0.14405
D137800,D608088,0.10278
D137800,D608105,0.18436
D137800,D608217,0.22207
D137800,D608320,0.024523
D137800,D608583,0.07061
D137800,D608622,0.11216
D138800,D140300,0.19745
D138800,D140850,0.069643
D138800,D143100,0.074886
D138800,D143500,0.087489
D138800,D143880,0.052755
D138800,D144650,0.036136
D138800,D144700,0.11354
D138800,D145200,0.048306
D138800,D145500,0.037453
D138800,D145600,0.074605
D138800,D146110,0.10442
D138800,D146255,0.064931
D138800,D146500,0.019809
D138800,D148000,0.056373
D138800,D150600,0.024421
D138800,D150699,0.090835
D138800,D151400,0.06583
D138800,D151590,0.1907
D138800,D152700,0.029011
D138800,D155100,0.070149
D138800,D155600,0.14121
D138800,D155601,0.091251
D138800,D157950,0.05097
D138800,D161900,0.045981
D138800,D166710,0.054997
D138800,D167870,0.087364
D138800,D170900,0.061528
D138800,D171300,0.14074
D138800,D173200,0.046535
D138800,D174800,0.21324
D138800,D175100,0.21322
D138800,D175505,0.10978
D138800,D175510,0.056491
D138800,D176807,0.16667
D138800,D178600,0.041368
D138800,D181000,0.034204
D138800,D182000,0.17872
D138800,D182280,0.16995
D138800,D184700,0.10922
D138800,D187950,0.066347
D138800,D188030,0.034724
D138800,D188470,0.64222
D138800,D189600,0.045473
D138800,D191390,0.096667
D138800,D194070,0.13712
D138800,D200170,0.058661
D138800,D203700,0.017324
D138800,D208230,0.021038
D138800,D208700,0.032161
D138800,D211980,0.15796
D138800,D212050,0.065434
D138800,D212112,0.037781
D138800,D215140,0.071168
D138800,D215470,0.058819
D138800,D217150,0.056135
D138800,D218200,0.082337
D138800,D223350,0.065959
D138800,D225755,0.03219
D138800,D226000,0.03406
D138800,D227300,0.044831
D138800,D230800,0.043161
D138800,D231090,0.12981
D138800,D231200,0.058526
D138800,D236000,0.10236
D138800,D237500,0.11529
D138800,D238800,0.17122
D138800,D239350,0.029997
D138800,D240400,0.029615
D138800,D241100,0.083782
D138800,D243200,0.034781
D138800,D246400,0.079752
D138800,D246470,0.14757
D138800,D247200,0.065759
D138800,D247640,0.11542
D138800,D249100,0.058681
D138800,D254200,0.23214
D138800,D254400,0.094599
D138800,D254450,0.089454
D138800,D254500,0.080596
D138800,D255900,0.25644
D138800,D256370,0.13222
D138800,D256700,0.16179
D138800,D259050,0.019728
D138800,D259500,0.11126
D138800,D260480,0.039431
D138800,D261515,0.031773
D138800,D263800,0.020391
D138800,D264120,0.072466
D138800,D266600,0.062097
D138800,D267730,0.096189
D138800,D268220,0.076453
D138800,D270960,0.12818
D138800,D273300,0.15429
D138800,D273800,0.048968
D138800,D275000,0.17898
D138800,D276300,0.13051
D138800,D277440,0.11332
D138800,D300232,0.029549
D138800,D300491,0.062863
D138800,D304790,0.10976
D138800,D304900,0.028351
D138800,D311360,0.063889
D138800,D312910,0.025038
D138800,D600263,0.13799
D138800,D600496,0.09119
D138800,D600634,0.24854
D138800,D600807,0.02045
D138800,D601042,0.023803
D138800,D601367,0.08896
D138800,D601518,0.094986
D138800,D601608,0.037078
D138800,D601626,0.089599
D138800,D601665,0.11026
D138800,D602080,0.078964
D138800,D602522,0.023154
D138800,D603165,0.059189
D138800,D604278,0.02511
D138800,D604416,0.026909
D138800,D605839,0.17327
D138800,D606798,0.033886
D138800,D606842,0.030359
D138800,D607459,0.023635
D138800,D608033,0.027756
D138800,D608105,0.036042
D138800,D608320,0.025405
D140300,D140600,0.026326
D140300,D140850,0.080298
D140300,D143100,0.23899
D140300,D143465,0.073342
D140300,D143500,0.18864
D140300,D143880,0.16329
D140300,D144010,0.23437
D140300,D144110,0.10767
D140300,D144650,0.16777
D140300,D144700,0.1668
D140300,D145100,0.13717
D140300,D145200,0.12512
D140300,D145500,0.24194
D140300,D145590,0.10357
D140300,D145600,0.20676
D140300,D146110,0.20301
D140300,D146255,0.26614
D140300,D146500,0.24504
D140300,D146850,0.26534
D140300,D147480,0.19107
D140300,D147530,0.087911
D140300,D147540,0.065231
D140300,D148000,0.12149
D140300,D148100,0.10846
D140300,D150600,0.10793
D140300,D150699,0.13153
D140300,D151400,0.1944
D140300,D151590,0.19094
D140300,D152700,0.32798
D140300,D153880,0.052322
D140300,D154276,0.1781
D140300,D155100,0.17971
D140300,D155600,0.22316
D140300,D155601,0.098774
D140300,D156000,0.075594
D140300,D156190,0.10957
D140300,D157300,0.14463
D140300,D157700,0.078267
D140300,D157950,0.072606
D140300,D160300,0.16359
D140300,D160750,0.22978
D140300,D161900,0.26995
D140300,D164230,0.15356
D140300,D165150,0.084495
D140300,D165199,0.087051
D140300,D165720,0.074731
D140300,D166300,0.10846
D140300,D166710,0.15147
D140300,D166760,0.042918
D140300,D167320,0.15673
D140300,D167870,0.14945
D140300,D168100,0.061903
D140300,D168600,0.15584
D140300,D170900,0.068364
D140300,D171300,0.21228
D140300,D173200,0.094568
D140300,D174800,0.28172
D140300,D175100,0.23877
D140300,D175505,0.030579
D140300,D175510,0.10826
D140300,D176800,0.055192
D140300,D176807,0.17031
D140300,D178600,0.12962
D140300,D179800,0.27465
D140300,D179830,0.1143
D140300,D181000,0.1996
D140300,D181500,0.26376
D140300,D182000,0.14054
D140300,D182280,0.20022
D140300,D182830,0.13756
D140300,D184700,0.16827
D140300,D187950,0.14996
D140300,D188030,0.13622
D140300,D188050,0.20334
D140300,D188470,0.2479
D140300,D189600,0.059728
D140300,D189800,0.15714
D140300,D190300,0.12649
D140300,D190310,0.06853
D140300,D190400,0.037144
D140300,D191390,0.24148
D140300,D192200,0.076941
D140300,D194070,0.21587
D140300,D194200,0.11988
D140300,D200170,0.21225
D140300,D203700,0.12374
D140300,D205700,0.06591
D140300,D206200,0.11013
D140300,D208085,0.16057
D140300,D208230,0.13182
D140300,D208300,0.020641
D140300,D208550,0.13739
D140300,D208700,0.2801
D140300,D208750,0.10316
D140300,D208920,0.3389
D140300,D210050,0.070375
D140300,D211980,0.14124
D140300,D212050,0.11208
D140300,D212112,0.083362
D140300,D212130,0.10869
D140300,D212140,0.24407
D140300,D212350,0.17946
D140300,D215140,0.16654
D140300,D215470,0.24715
D140300,D217150,0.061958
D140300,D217200,0.15436
D140300,D218200,0.15641
D140300,D218800,0.2575
D140300,D220120,0.22463
D140300,D223350,0.12724
D140300,D225740,0.098407
D140300,D225755,0.14102
D140300,D226000,0.13165
D140300,D227300,0.11235
D140300,D230450,0.16789
D140300,D230800,0.2156
D140300,D231090,0.03616
D140300,D231200,0.14162
D140300,D231900,0.12717
D140300,D233810,0.085753
D140300,D236000,0.15874
D140300,D237450,0.13399
D140300,D237500,0.19526
D140300,D238800,0.27117
D140300,D239350,0.14897
D140300,D240400,0.10611
D140300,D241100,0.10769
D140300,D241519,0.15164
D140300,D243200,0.11133
D140300,D246300,0.23267
D140300,D246400,0.11139
D140300,D246470,0.062695
D140300,D247200,0.15953
D140300,D247640,0.07925
D140300,D248190,0.12754
D140300,D249100,0.23994
D140300,D250790,0.17928
D140300,D252320,0.10149
D140300,D254200,0.30267
D140300,D254400,0.075964
D140300,D254450,0.062004
D140300,D254500,0.24032
D140300,D254770,0.09265
D140300,D254800,0.19348
D140300,D255900,0.3167
D140300,D256370,0.10586
D140300,D256700,0.26888
D140300,D258360,0.20347
D140300,D259050,0.11009
D140300,D259500,0.16778
D140300,D259660,0.044746
D140300,D260480,0.16035
D140300,D260570,0.17566
D140300,D260970,0.08045
D140300,D261515,0.20163
D140300,D263300,0.11892
D140300,D263800,0.21583
D140300,D264120,0.16068
D140300,D266120,0.15907
D140300,D266600,0.26146
D140300,D267730,0.053655
D140300,D267740,0.12175
D140300,D268220,0.1169
D140300,D268320,0.12204
D140300,D270960,0.08875
D140300,D273300,0.1657
D140300,D273800,0.17801
D140300,D275000,0.56311
D140300,D276300,0.12801
D140300,D277350,0.1358
D140300,D277440,0.2924
D140300,D277460,0.28888
D140300,D278200,0.12112
D140300,D300125,0.095543
D140300,D300232,0.10769
D140300,D300491,0.10057
D140300,D303110,0.084255
D140300,D304790,0.32422
D140300,D304900,0.12524
D140300,D305300,0.070606
D140300,D308205,0.11672
D140300,D308350,0.19179
D140300,D308600,0.13765
D140300,D310468,0.11095
D140300,D311360,0.26957
D140300,D312910,0.15481
D140300,D540000,0.20044
D140300,D600082,0.028508
D140300,D600131,0.10472
D140300,D600263,0.14909
D140300,D600351,0.1375
D140300,D600496,0.20866
D140300,D600631,0.080733
D140300,D600634,0.069418
D140300,D600803,0.083163
D140300,D600807,0.18496
D140300,D600808,0.080369
D140300,D601042,0.082222
D140300,D601367,0.18579
D140300,D601518,0.052942
D140300,D601608,0.162
D140300,D601626,0.083399
D140300,D601665,0.13773
D140300,D601682,0.064175
D140300,D602068,0.10265
D140300,D602080,0.12337
D140300,D602522,0.12851
D140300,D603165,0.19085
D140300,D604278,0.18155
D140300,D604416,0.16933
D140300,D604827,0.11838
D140300,D605021,0.10202
D140300,D605055,0.10997
D140300,D605839,0.098647
D140300,D606703,0.074523
D140300,D606798,0.070275
D140300,D606842,0.088831
D140300,D607225,0.1335
D140300,D607459,0.14887
D140300,D607498,0.083571
D140300,D607501,0.086655
D140300,D607508,0.14397
D140300,D607516,0.1012
D140300,D607554,0.098116
D140300,D607628,0.093165
D140300,D607631,0.11679
D140300,D607681,0.10464
D140300,D607682,0.10644
D140300,D607685,0.21324
D140300,D607850,0.040623
D140300,D608033,0.108
D140300,D608088,0.13743
D140300,D608105,0.12572
D140300,D608217,0.10986
D140300,D608320,0.1056
D140300,D608583,0.080877
D140300,D608622,0.15385
D140600,D143100,0.083905
D140600,D143465,0.096552
D140600,D144700,0.067409
D140600,D145200,0.17497
D140600,D145500,0.10159
D140600,D145600,0.11519
D140600,D146110,0.054281
D140600,D146255,0.11847
D140600,D146500,0.02535
D140600,D148000,0.036203
D140600,D148100,0.1006
D140600,D150600,0.2538
D140600,D150699,0.037242
D140600,D151400,0.11058
D140600,D152700,0.21842
D140600,D153880,0.082887
D140600,D154276,0.088464
D140600,D155100,0.058866
D140600,D155600,0.068903
D140600,D155601,0.11288
D140600,D156190,0.03608
D140600,D157700,0.12454
D140600,D157950,0.27876
D140600,D160300,0.33563
D140600,D160750,0.095183
D140600,D161900,0.11644
D140600,D165720,0.64093
D140600,D166300,0.22421
D140600,D166710,0.16726
D140600,D166760,0.10123
D140600,D167320,0.14271
D140600,D167870,0.062694
D140600,D168100,0.17664
D140600,D168600,0.096204
D140600,D173200,0.16037
D140600,D174800,0.052543
D140600,D175100,0.097588
D140600,D176800,0.19766
D140600,D176807,0.093419
D140600,D178600,0.053947
D140600,D179600,0.35722
D140600,D179800,0.061993
D140600,D179830,0.043458
D140600,D181000,0.08669
D140600,D181500,0.085799
D140600,D182000,0.045496
D140600,D184700,0.023649
D140600,D187950,0.02824
D140600,D188050,0.12009
D140600,D188470,0.089507
D140600,D189600,0.18989
D140600,D190300,0.1804
D140600,D191390,0.18255
D140600,D192200,0.059188
D140600,D194070,0.13434
D140600,D194200,0.10794
D140600,D200170,0.15773
D140600,D203700,0.093005
D140600,D208085,0.15264
D140600,D208230,0.43325
D140600,D208300,0.10055
D140600,D208550,0.081518
D140600,D212130,0.1174
D140600,D212140,0.068679
D140600,D212350,0.057791
D140600,D215140,0.14382
D140600,D217150,0.18469
D140600,D225740,0.07178
D140600,D225755,0.040596
D140600,D230450,0.094913
D140600,D230800,0.074711
D140600,D233810,0.15865
D140600,D236000,0.10152
D140600,D238800,0.092596
D140600,D240400,0.069727
D140600,D241100,0.072477
D140600,D246400,0.077409
D140600,D247200,0.12218
D140600,D249100,0.14236
D140600,D252320,0.07674
D140600,D254200,0.1262
D140600,D254500,0.10294
D140600,D254800,0.071567
D140600,D255900,0.18414
D140600,D256700,0.091333
D140600,D259050,0.23386
D140600,D259500,0.21435
D140600,D259660,0.15893
D140600,D260480,0.10123
D140600,D261515,0.11149
D140600,D263800,0.13234
D140600,D266600,0.20571
D140600,D273300,0.042403
D140600,D275000,0.13193
D140600,D276300,0.068115
D140600,D277440,0.16358
D140600,D277460,0.029708
D140600,D300232,0.22535
D140600,D304790,0.022387
D140600,D305300,0.20789
D140600,D308205,0.025739
D140600,D310468,0.036613
D140600,D311360,0.056187
D140600,D540000,0.045515
D140600,D600263,0.11113
D140600,D600807,0.053789
D140600,D601042,0.11042
D140600,D601367,0.08755
D140600,D601608,0.07619
D140600,D602080,0.21683
D140600,D602522,0.060246
D140600,D603165,0.026391
D140600,D604278,0.094135
D140600,D604416,0.35478
D140600,D606703,0.12317
D140600,D606798,0.040805
D140600,D606842,0.14528
D140600,D607225,0.093169
D140600,D607685,0.026716
D140600,D607850,0.77658
D140600,D608033,0.02767
D140600,D608088,0.070374
D140600,D608105,0.087602
D140850,D143100,0.072673
D140850,D143500,0.081201
D140850,D143880,0.097376
D140850,D144010,0.15209
D140850,D144110,0.081364
D140850,D144650,0.034216
D140850,D144700,0.16755
D140850,D145100,0.10363
D140850,D145200,0.11171
D140850,D145500,0.12495
D140850,D145590,0.099315
D140850,D145600,0.098773
D140850,D146110,0.077483
D140850,D146255,0.060097
D140850,D146500,0.11419
D140850,D147480,0.060116
D140850,D147530,0.029576
D140850,D147540,0.21998
D140850,D148000,0.15467
D140850,D148100,0.16011
D140850,D150600,0.15571
D140850,D150699,0.11568
D140850,D151400,0.081951
D140850,D151590,0.14463
D140850,D152700,0.13661
D140850,D153880,0.029352
D140850,D155100,0.084142
D140850,D155600,0.15073
D140850,D155601,0.16974
D140850,D156000,0.063619
D140850,D156190,0.026317
D140850,D157300,0.073738
D140850,D157700,0.20972
D140850,D157950,0.023618
D140850,D158280,0.054596
D140850,D160300,0.038658
D140850,D161900,0.083976
D140850,D164230,0.036912
D140850,D166300,0.077071
D140850,D166710,0.075769
D140850,D167870,0.091751
D140850,D170900,0.22944
D140850,D171300,0.18127
D140850,D173200,0.12444
D140850,D174800,0.11889
D140850,D175100,0.12459
D140850,D175505,0.076527
D140850,D175510,0.052529
D140850,D176800,0.046447
D140850,D176807,0.067532
D140850,D178600,0.23243
D140850,D179600,0.10777
D140850,D179800,0.07198
D140850,D181000,0.14458
D140850,D181460,0.034892
D140850,D181500,0.019538
D140850,D182000,0.17343
D140850,D182280,0.14422
D140850,D184700,0.10048
D140850,D187950,0.17397
D140850,D188030,0.15774
D140850,D188050,0.13851
D140850,D188470,0.065945
D140850,D189800,0.086015
D140850,D190300,0.063868
D140850,D191390,0.092408
D140850,D192200,0.25977
D140850,D194070,0.080791
D140850,D194200,0.10031
D140850,D200170,0.061366
D140850,D203700,0.077925
D140850,D205700,0.094489
D140850,D206200,0.1189
D140850,D208085,0.064626
D140850,D208300,0.073696
D140850,D208700,0.029002
D140850,D208750,0.1055
D140850,D208920,0.16333
D140850,D210050,0.04551
D140850,D211980,0.062223
D140850,D212050,0.070951
D140850,D212110,0.11327
D140850,D212112,0.070282
D140850,D212130,0.085373
D140850,D212140,0.084938
D140850,D212350,0.062969
D140850,D215140,0.11689
D140850,D215470,0.025524
D140850,D217150,0.02606
D140850,D218200,0.10194
D140850,D218800,0.099108
D140850,D220120,0.033008
D140850,D223350,0.12266
D140850,D225740,0.052176
D140850,D225755,0.029607
D140850,D226000,0.095366
D140850,D226150,0.048981
D140850,D227300,0.14882
D140850,D230450,0.0689
D140850,D230800,0.20453
D140850,D231090,0.060328
D140850,D231200,0.1663
D140850,D231900,0.085009
D140850,D233810,0.087349
D140850,D236000,0.19016
D140850,D237450,0.11903
D140850,D237500,0.24557
D140850,D240400,0.17372
D140850,D241100,0.02583
D140850,D243200,0.063056
D140850,D246300,0.058912
D140850,D246400,0.13776
D140850,D246470,0.078723
D140850,D247200,0.13706
D140850,D247640,0.081781
D140850,D248190,0.039222
D140850,D249100,0.15446
D140850,D250790,0.11041
D140850,D252320,0.11844
D140850,D254200,0.067728
D140850,D254400,0.30735
D140850,D254450,0.23442
D140850,D254500,0.19073
D140850,D254800,0.10439
D140850,D255900,0.058858
D140850,D256370,0.073659
D140850,D256700,0.13574
D140850,D258360,0.078125
D140850,D259050,0.087606
D140850,D259500,0.07808
D140850,D259660,0.037662
D140850,D260480,0.040879
D140850,D260570,0.033979
D140850,D261515,0.13972
D140850,D263300,0.1135
D140850,D263800,0.078786
D140850,D266120,0.09985
D140850,D266600,0.14733
D140850,D267730,0.13411
D140850,D268220,0.10201
D140850,D268320,0.060316
D140850,D270960,0.059488
D140850,D273300,0.08466
D140850,D273800,0.2241
D140850,D275000,0.079175
D140850,D276300,0.13668
D140850,D277350,0.071633
D140850,D277440,0.10204
D140850,D277460,0.154
D140850,D278200,0.043846
D140850,D300125,0.099404
D140850,D300232,0.057487
D140850,D303110,0.028338
D140850,D304790,0.14403
D140850,D305300,0.11732
D140850,D308205,0.080323
D140850,D308350,0.093331
D140850,D308600,0.14685
D140850,D310468,0.026612
D140850,D311360,0.019746
D140850,D312910,0.023188
D140850,D540000,0.050103
D140850,D600263,0.10741
D140850,D600351,0.043413
D140850,D600634,0.11607
D140850,D600803,0.074933
D140850,D600807,0.098506
D140850,D601367,0.34239
D140850,D601518,0.044887
D140850,D601608,0.079661
D140850,D601626,0.11115
D140850,D601665,0.18817
D140850,D602068,0.18592
D140850,D602080,0.088911
D140850,D603165,0.097781
D140850,D604278,0.021541
D140850,D604416,0.057137
D140850,D605839,0.13833
D140850,D606842,0.048483
D140850,D607459,0.018554
D140850,D607498,0.088776
D140850,D607501,0.090841
D140850,D607508,0.092797
D140850,D607516,0.15088
D140850,D607554,0.16518
D140850,D607685,0.16153
D140850,D608033,0.019963
D140850,D608088,0.024755
D140850,D608217,0.036969
D140850,D608320,0.097622
D140850,D608583,0.13617
D140850,D608622,0.12889
D143100,D143465,0.1324
D143100,D143500,0.16905
D143100,D143880,0.14252
D143100,D144010,0.18095
D143100,D144110,0.12713
D143100,D144650,0.062166
D143100,D144700,0.23536
D143100,D145100,0.11028
D143100,D145200,0.12898
D143100,D145500,0.21224
D143100,D145590,0.10366
D143100,D145600,0.26537
D143100,D146110,0.17731
D143100,D146255,0.22008
D143100,D146500,0.31328
D143100,D146850,0.11649
D143100,D147480,0.096883
D143100,D147530,0.12219
D143100,D147540,0.054947
D143100,D148000,0.099464
D143100,D148100,0.14618
D143100,D150600,0.11417
D143100,D150699,0.12558
D143100,D151400,0.1212
D143100,D151590,0.12786
D143100,D152700,0.26437
D143100,D153880,0.1575
D143100,D154276,0.12817
D143100,D155100,0.22171
D143100,D155600,0.27213
D143100,D155601,0.13563
D143100,D156000,0.098522
D143100,D156190,0.14903
D143100,D157300,0.14124
D143100,D157700,0.17211
D143100,D157950,0.1116
D143100,D158280,0.082816
D143100,D160300,0.1541
D143100,D160750,0.15428
D143100,D161900,0.15174
D143100,D164230,0.18996
D143100,D165150,0.13644
D143100,D165199,0.14235
D143100,D165720,0.16704
D143100,D166300,0.13915
D143100,D166710,0.14278
D143100,D166760,0.09978
D143100,D167320,0.24399
D143100,D167870,0.085898
D143100,D168100,0.25766
D143100,D168600,0.39371
D143100,D170900,0.043797
D143100,D171300,0.22319
D143100,D173200,0.11939
D143100,D174800,0.24145
D143100,D175100,0.38525
D143100,D175505,0.078188
D143100,D175510,0.14208
D143100,D176800,0.10031
D143100,D176807,0.21615
D143100,D178600,0.14398
D143100,D179600,0.052164
D143100,D179800,0.18875
D143100,D179830,0.068472
D143100,D181000,0.23234
D143100,D181460,0.056229
D143100,D181500,0.35668
D143100,D182000,0.12288
D143100,D182280,0.22943
D143100,D182830,0.15491
D143100,D184700,0.17733
D143100,D187950,0.14687
D143100,D188030,0.080555
D143100,D188050,0.12919
D143100,D188470,0.1312
D143100,D189600,0.14898
D143100,D189800,0.080951
D143100,D190300,0.27669
D143100,D190310,0.10575
D143100,D190400,0.038488
D143100,D191390,0.18805
D143100,D191800,0.022937
D143100,D192000,0.041574
D143100,D192200,0.06611
D143100,D194070,0.29009
D143100,D194200,0.12569
D143100,D200170,0.16101
D143100,D203700,0.30974
D143100,D206200,0.056445
D143100,D208085,0.15466
D143100,D208230,0.16855
D143100,D208300,0.096719
D143100,D208550,0.13222
D143100,D208700,0.21467
D143100,D208750,0.12857
D143100,D208920,0.29252
D143100,D210050,0.16019
D143100,D211980,0.14804
D143100,D212050,0.094892
D143100,D212112,0.065673
D143100,D212130,0.084221
D143100,D212140,0.26636
D143100,D212350,0.21818
D143100,D215140,0.2412
D143100,D215470,0.22811
D143100,D217150,0.096396
D143100,D217200,0.1629
D143100,D218200,0.12014
D143100,D218800,0.2259
D143100,D220120,0.1853
D143100,D223350,0.1002
D143100,D225740,0.16949
D143100,D225755,0.18345
D143100,D226000,0.08007
D143100,D226150,0.022239
D143100,D227300,0.04402
D143100,D230450,0.17805
D143100,D230800,0.29701
D143100,D231090,0.14412
D143100,D231200,0.13557
D143100,D231900,0.06537
D143100,D233810,0.16265
D143100,D236000,0.11702
D143100,D237450,0.080201
D143100,D237500,0.17648
D143100,D238800,0.21041
D143100,D239350,0.080903
D143100,D240400,0.16272
D143100,D241100,0.11776
D143100,D241519,0.098626
D143100,D243200,0.13952
D143100,D246300,0.15253
D143100,D246400,0.17337
D143100,D246470,0.056485
D143100,D247200,0.31859
D143100,D247640,0.12913
D143100,D248190,0.084651
D143100,D249100,0.20436
D143100,D250790,0.19179
D143100,D252320,0.13185
D143100,D254200,0.18042
D143100,D254400,0.058843
D143100,D254450,0.060591
D143100,D254500,0.16739
D143100,D254770,0.098519
D143100,D254800,0.3627
D143100,D255900,0.13673
D143100,D256370,0.08321
D143100,D256700,0.38925
D143100,D258360,0.15375
D143100,D259050,0.19915
D143100,D259500,0.26562
D143100,D259660,0.11897
D143100,D260480,0.12922
D143100,D260570,0.087092
D143100,D260970,0.20336
D143100,D261515,0.28145
D143100,D263300,0.10495
D143100,D263800,0.14647
D143100,D264120,0.17991
D143100,D266120,0.073293
D143100,D266600,0.21055
D143100,D267730,0.02737
D143100,D267740,0.1926
D143100,D268220,0.14582
D143100,D268320,0.11248
D143100,D270960,0.1431
D143100,D273300,0.31106
D143100,D273800,0.20059
D143100,D275000,0.23681
D143100,D276300,0.20593
D143100,D277350,0.11944
D143100,D277440,0.25066
D143100,D277460,0.22143
D143100,D278200,0.074603
D143100,D300125,0.089344
D143100,D300232,0.22686
D143100,D300491,0.16837
D143100,D300494,0.12989
D143100,D303110,0.11392
D143100,D304790,0.16013
D143100,D304900,0.10489
D143100,D305300,0.10009
D143100,D308205,0.1922
D143100,D308350,0.22257
D143100,D308600,0.070658
D143100,D310468,0.065972
D143100,D311360,0.2276
D143100,D312910,0.18958
D143100,D540000,0.28307
D143100,D600082,0.077539
D143100,D600131,0.11413
D143100,D600263,0.14885
D143100,D600351,0.11477
D143100,D600496,0.13128
D143100,D600634,0.11739
D143100,D600803,0.11974
D143100,D600807,0.2042
D143100,D601004,0.031737
D143100,D601042,0.25909
D143100,D601367,0.1932
D143100,D601518,0.094234
D143100,D601608,0.1118
D143100,D601626,0.089643
D143100,D601665,0.19227
D143100,D601682,0.096517
D143100,D602068,0.091196
D143100,D602080,0.29153
D143100,D602522,0.12569
D143100,D603165,0.14026
D143100,D604278,0.18323
D143100,D604416,0.10942
D143100,D604827,0.06792
D143100,D605021,0.12371
D143100,D605055,0.25375
D143100,D605839,0.078704
D143100,D606703,0.16376
D143100,D606798,0.18973
D143100,D606842,0.21451
D143100,D607225,0.25013
D143100,D607459,0.33966
D143100,D607498,0.088118
D143100,D607499,0.10265
D143100,D607501,0.091176
D143100,D607508,0.12119
D143100,D607516,0.13221
D143100,D607554,0.063469
D143100,D607628,0.11059
D143100,D607631,0.12737
D143100,D607681,0.1165
D143100,D607682,0.11695
D143100,D607685,0.18248
D143100,D607850,0.086803
D143100,D608033,0.24811
D143100,D608088,0.22563
D143100,D608105,0.19484
D143100,D608217,0.14268
D143100,D608320,0.068658
D143100,D608583,0.055866
D143100,D608622,0.079252
D143465,D143500,0.020971
D143465,D144110,0.03624
D143465,D144700,0.1012
D143465,D145200,0.072529
D143465,D145500,0.10166
D143465,D145600,0.099591
D143465,D146110,0.02011
D143465,D146255,0.18733
D143465,D146500,0.094104
D143465,D146850,0.045555
D143465,D147530,0.061224
D143465,D148000,0.025794
D143465,D150600,0.022853
D143465,D150699,0.027947
D143465,D151400,0.027188
D143465,D152700,0.070957
D143465,D155100,0.021847
D143465,D155600,0.099248
D143465,D155601,0.20571
D143465,D157300,0.14326
D143465,D157700,0.064214
D143465,D157950,0.050606
D143465,D160300,0.082695
D143465,D164230,0.15621
D143465,D165720,0.098864
D143465,D166300,0.041319
D143465,D166710,0.050029
D143465,D167320,0.14991
D143465,D168100,0.16179
D143465,D168600,0.20579
D143465,D171300,0.016674
D143465,D173200,0.15875
D143465,D175100,0.12404
D143465,D176800,0.099314
D143465,D176807,0.045905
D143465,D179600,0.11813
D143465,D179800,0.023408
D143465,D181000,0.033441
D143465,D181500,0.38404
D143465,D182280,0.10562
D143465,D184700,0.11666
D143465,D187950,0.061854
D143465,D188050,0.058408
D143465,D188470,0.13128
D143465,D189600,0.070935
D143465,D190300,0.13215
D143465,D194070,0.095837
D143465,D194200,0.05281
D143465,D200170,0.057574
D143465,D203700,0.13564
D143465,D208085,0.04272
D143465,D208230,0.042188
D143465,D208300,0.1561
D143465,D208550,0.11928
D143465,D208920,0.14416
D143465,D210050,0.14025
D143465,D212140,0.069187
D143465,D212350,0.021674
D143465,D215140,0.053637
D143465,D215470,0.05723
D143465,D217150,0.028607
D143465,D218200,0.026374
D143465,D218800,0.12007
D143465,D225740,0.17088
D143465,D230450,0.076567
D143465,D230800,0.027538
D143465,D231090,0.031149
D143465,D231200,0.02458
D143465,D233810,0.2634
D143465,D236000,0.049803
D143465,D237500,0.022127
D143465,D238800,0.034854
D143465,D240400,0.10502
D143465,D241519,0.1609
D143465,D243200,0.12717
D143465,D246300,0.028438
D143465,D246400,0.01976
D143465,D247200,0.21081
D143465,D249100,0.04291
D143465,D250790,0.24538
D143465,D252320,0.028881
D143465,D254200,0.023659
D143465,D254500,0.039274
D143465,D254770,0.11376
D143465,D254800,0.16086
D143465,D255900,0.05521
D143465,D256700,0.13092
D143465,D259050,0.071354
D143465,D259500,0.053308
D143465,D260970,0.20129
D143465,D261515,0.099555
D143465,D263300,0.093888
D143465,D263800,0.060574
D143465,D266120,0.034687
D143465,D266600,0.11398
D143465,D268220,0.033104
D143465,D270960,0.030726
D143465,D273300,0.1541
D143465,D273800,0.041895
D143465,D275000,0.072289
D143465,D276300,0.15725
D143465,D277440,0.05007
D143465,D277460,0.022312
D143465,D300125,0.069564
D143465,D300232,0.1519
D143465,D300491,0.10461
D143465,D300494,0.15477
D143465,D304790,0.051167
D143465,D304900,0.13514
D143465,D305300,0.061848
D143465,D308205,0.14191
D143465,D308350,0.23004
D143465,D311360,0.19038
D143465,D540000,0.13946
D143465,D600131,0.094425
D143465,D600263,0.054045
D143465,D600351,0.022417
D143465,D600807,0.097552
D143465,D601042,0.16941
D143465,D601367,0.12873
D143465,D601608,0.0886
D143465,D601626,0.029816
D143465,D601665,0.13142
D143465,D602080,0.10421
D143465,D603165,0.018804
D143465,D604278,0.092677
D143465,D604416,0.052786
D143465,D604827,0.075136
D143465,D605021,0.097197
D143465,D605055,0.26222
D143465,D606703,0.18377
D143465,D606798,0.12173
D143465,D606842,0.077381
D143465,D607225,0.093017
D143465,D607459,0.10123
D143465,D607498,0.062109
D143465,D607499,0.18854
D143465,D607501,0.06356
D143465,D607508,0.064942
D143465,D607516,0.060958
D143465,D607628,0.088837
D143465,D607631,0.083476
D143465,D607681,0.096777
D143465,D607682,0.0978
D143465,D607685,0.063601
D143465,D607850,0.10764
D143465,D608033,0.12744
D143465,D608088,0.077045
D143465,D608105,0.099753
D143465,D608217,0.21884
D143500,D143880,0.18063
D143500,D144010,0.15793
D143500,D144110,0.074212
D143500,D144650,0.20155
D143500,D144700,0.16722
D143500,D145200,0.021231
D143500,D145500,0.21663
D143500,D145590,0.050926
D143500,D145600,0.25214
D143500,D146110,0.20269
D143500,D146255,0.17079
D143500,D146500,0.16768
D143500,D146850,0.084367
D143500,D147480,0.3735
D143500,D147530,0.055714
D143500,D147540,0.066129
D143500,D148000,0.15253
D143500,D150600,0.096389
D143500,D150699,0.070146
D143500,D151400,0.11584
D143500,D151590,0.12389
D143500,D152700,0.16694
D143500,D153880,0.036865
D143500,D154276,0.12492
D143500,D155100,0.16172
D143500,D155600,0.16991
D143500,D155601,0.028297
D143500,D156000,0.059921
D143500,D156190,0.066124
D143500,D157300,0.091134
D143500,D157700,0.045515
D143500,D157950,0.062563
D143500,D158280,0.033638
D143500,D160300,0.048552
D143500,D160750,0.089388
D143500,D161900,0.11459
D143500,D164230,0.14882
D143500,D165150,0.0439
D143500,D165199,0.022913
D143500,D165720,0.059243
D143500,D166300,0.050069
D143500,D166710,0.10488
D143500,D167320,0.12395
D143500,D167870,0.061612
D143500,D168100,0.049068
D143500,D168600,0.042673
D143500,D170900,0.12594
D143500,D171300,0.24864
D143500,D174800,0.1869
D143500,D175100,0.18194
D143500,D175505,0.096451
D143500,D175510,0.098669
D143500,D176800,0.029168
D143500,D176807,0.1946
D143500,D178600,0.12367
D143500,D179800,0.16755
D143500,D179830,0.15528
D143500,D181000,0.16725
D143500,D181460,0.021912
D143500,D181500,0.16797
D143500,D182000,0.062595
D143500,D182280,0.13008
D143500,D182830,0.071625
D143500,D184700,0.17896
D143500,D187950,0.15126
D143500,D188030,0.15868
D143500,D188050,0.21079
D143500,D188470,0.17501
D143500,D189600,0.042083
D143500,D189800,0.17263
D143500,D190300,0.080349
D143500,D190310,0.072579
D143500,D190400,0.039264
D143500,D191390,0.17074
D143500,D192200,0.027111
D143500,D194070,0.13154
D143500,D194200,0.094865
D143500,D200170,0.051144
D143500,D203700,0.22195
D143500,D205700,0.089072
D143500,D206200,0.19264
D143500,D208085,0.33556
D143500,D208230,0.061951
D143500,D208300,0.043766
D143500,D208550,0.073139
D143500,D208700,0.10945
D143500,D208750,0.014612
D143500,D208920,0.1577
D143500,D210050,0.10995
D143500,D211980,0.11822
D143500,D212050,0.057452
D143500,D212112,0.044038
D143500,D212130,0.026717
D143500,D212140,0.29499
D143500,D212350,0.17172
D143500,D215140,0.18871
D143500,D215470,0.16744
D143500,D217150,0.032911
D143500,D217200,0.061346
D143500,D218200,0.12803
D143500,D218800,0.47951
D143500,D220120,0.32717
D143500,D223350,0.11559
D143500,D225740,0.01632
D143500,D225755,0.055961
D143500,D226000,0.099317
D143500,D226150,0.046063
D143500,D227300,0.19036
D143500,D230450,0.16124
D143500,D230800,0.2639
D143500,D231090,0.076148
D143500,D231200,0.10204
D143500,D231900,0.16182
D143500,D233810,0.019475
D143500,D236000,0.090295
D143500,D237450,0.45566
D143500,D237500,0.52594
D143500,D238800,0.17009
D143500,D239350,0.12296
D143500,D240400,0.23864
D143500,D241100,0.032485
D143500,D241519,0.17573
D143500,D243200,0.13756
D143500,D246300,0.05276
D143500,D246400,0.15702
D143500,D246470,0.082499
D143500,D247200,0.14304
D143500,D247640,0.08343
D143500,D248190,0.057885
D143500,D249100,0.1782
D143500,D250790,0.24043
D143500,D252320,0.035134
D143500,D254200,0.14989
D143500,D254400,0.091616
D143500,D254450,0.098913
D143500,D254500,0.12981
D143500,D254770,0.09794
D143500,D254800,0.13887
D143500,D255900,0.048385
D143500,D256370,0.061677
D143500,D256700,0.13305
D143500,D258360,0.080948
D143500,D259050,0.019795
D143500,D259500,0.097672
D143500,D259660,0.023651
D143500,D260480,0.22753
D143500,D260570,0.10823
D143500,D260970,0.041983
D143500,D261515,0.28631
D143500,D263300,0.16916
D143500,D263800,0.19011
D143500,D264120,0.16896
D143500,D266120,0.19482
D143500,D266600,0.19937
D143500,D267730,0.084151
D143500,D267740,0.077086
D143500,D268220,0.107
D143500,D268320,0.036559
D143500,D270960,0.21254
D143500,D273300,0.15968
D143500,D273800,0.13686
D143500,D275000,0.12637
D143500,D276300,0.12277
D143500,D277350,0.15213
D143500,D277440,0.22097
D143500,D277460,0.27472
D143500,D300125,0.081021
D143500,D300232,0.053672
D143500,D300491,0.079703
D143500,D303110,0.053469
D143500,D304790,0.1672
D143500,D304900,0.11638
D143500,D305300,0.055175
D143500,D308205,0.075129
D143500,D308350,0.090944
D143500,D308600,0.32587
D143500,D310468,0.083978
D143500,D311360,0.20705
D143500,D312910,0.13135
D143500,D540000,0.20469
D143500,D600131,0.083019
D143500,D600263,0.16056
D143500,D600351,0.17415
D143500,D600496,0.2662
D143500,D600634,0.19821
D143500,D600803,0.3097
D143500,D600807,0.18858
D143500,D601004,0.071211
D143500,D601042,0.049374
D143500,D601367,0.18099
D143500,D601518,0.055416
D143500,D601608,0.066696
D143500,D601626,0.12302
D143500,D601665,0.2297
D143500,D602080,0.11361
D143500,D602522,0.13902
D143500,D603165,0.12115
D143500,D604278,0.15077
D143500,D604416,0.046995
D143500,D604827,0.060364
D143500,D605021,0.080872
D143500,D605055,0.13555
D143500,D605839,0.043262
D143500,D606703,0.052542
D143500,D606798,0.037139
D143500,D606842,0.09154
D143500,D607225,0.040596
D143500,D607459,0.099895
D143500,D607498,0.071032
D143500,D607499,0.093234
D143500,D607501,0.073147
D143500,D607508,0.13424
D143500,D607516,0.070698
D143500,D607554,0.10372
D143500,D607628,0.073796
D143500,D607631,0.073078
D143500,D607681,0.08295
D143500,D607682,0.08438
D143500,D607685,0.14413
D143500,D607850,0.021488
D143500,D608033,0.12648
D143500,D608088,0.07783
D143500,D608105,0.056931
D143500,D608217,0.11617
D143500,D608320,0.089237
D143500,D608583,0.085496
D143500,D608622,0.16383
D143880,D144010,0.27785
D143880,D144110,0.05392
D143880,D144650,0.12766
D143880,D144700,0.1447
D143880,D145100,0.13359
D143880,D145200,0.025458
D143880,D145500,0.13398
D143880,D145590,0.18554
D143880,D145600,0.24235
D143880,D146110,0.16995
D143880,D146255,0.26539
D143880,D146500,0.26955
D143880,D146850,0.066317
D143880,D147480,0.11203
D143880,D147530,0.066872
D143880,D147540,0.052864
D143880,D148000,0.17169
D143880,D150600,0.11531
D143880,D150699,0.082674
D143880,D151400,0.12363
D143880,D151590,0.11337
D143880,D152700,0.11593
D143880,D153880,0.15831
D143880,D154276,0.14836
D143880,D155100,0.095677
D143880,D155600,0.12376
D143880,D156000,0.11991
D143880,D156190,0.18829
D143880,D157300,0.072804
D143880,D157700,0.24473
D143880,D157950,0.16838
D143880,D158280,0.16436
D143880,D160300,0.058219
D143880,D160750,0.13182
D143880,D161900,0.14786
D143880,D164230,0.083392
D143880,D165150,0.35233
D143880,D165199,0.16879
D143880,D165720,0.047364
D143880,D166300,0.21602
D143880,D166710,0.10047
D143880,D166760,0.054639
D143880,D167320,0.14106
D143880,D167870,0.12101
D143880,D168100,0.092749
D143880,D168600,0.091573
D143880,D170900,0.1293
D143880,D171300,0.23142
D143880,D173200,0.026909
D143880,D174800,0.21195
D143880,D175100,0.16559
D143880,D175505,0.077469
D143880,D175510,0.096929
D143880,D176800,0.034975
D143880,D176807,0.08232
D143880,D178600,0.13083
D143880,D179600,0.040471
D143880,D179800,0.19463
D143880,D179830,0.14545
D143880,D181000,0.34009
D143880,D181460,0.079019
D143880,D181500,0.21383
D143880,D182000,0.024988
D143880,D182280,0.048759
D143880,D182830,0.17628
D143880,D184700,0.1643
D143880,D187950,0.16234
D143880,D188030,0.0991
D143880,D188050,0.16695
D143880,D188470,0.1519
D143880,D189600,0.13397
D143880,D189800,0.1296
D143880,D190300,0.19383
D143880,D190310,0.057888
D143880,D190400,0.047083
D143880,D191390,0.17672
D143880,D192200,0.097543
D143880,D194070,0.17982
D143880,D194200,0.21201
D143880,D200170,0.12286
D143880,D203700,0.13989
D143880,D205700,0.035567
D143880,D206200,0.18361
D143880,D208085,0.10538
D143880,D208230,0.058852
D143880,D208300,0.15915
D143880,D208550,0.12991
D143880,D208700,0.10928
D143880,D208750,0.17177
D143880,D208920,0.21557
D143880,D210050,0.068898
D143880,D211980,0.088188
D143880,D212050,0.1631
D143880,D212110,0.085298
D143880,D212112,0.16217
D143880,D212130,0.16801
D143880,D212140,0.18219
D143880,D212350,0.21032
D143880,D215140,0.099465
D143880,D215470,0.22028
D143880,D217150,0.14088
D143880,D217200,0.10955
D143880,D218200,0.1342
D143880,D218800,0.1664
D143880,D220120,0.32019
D143880,D223350,0.11495
D143880,D225740,0.17952
D143880,D225755,0.12439
D143880,D226000,0.1195
D143880,D227300,0.13517
D143880,D230450,0.15744
D143880,D230800,0.19297
D143880,D231090,0.046627
D143880,D231200,0.15671
D143880,D231900,0.16038
D143880,D233810,0.094825
D143880,D236000,0.12534
D143880,D237450,0.11119
D143880,D237500,0.14928
D143880,D238800,0.12835
D143880,D239350,0.10521
D143880,D240400,0.20937
D143880,D241100,0.058642
D143880,D241519,0.1976
D143880,D243200,0.070538
D143880,D246300,0.04151
D143880,D246400,0.069996
D143880,D246470,0.11901
D143880,D247200,0.21333
D143880,D247640,0.077022
D143880,D248190,0.092683
D143880,D249100,0.17613
D143880,D250790,0.11897
D143880,D252320,0.062991
D143880,D254200,0.17447
D143880,D254400,0.088172
D143880,D254450,0.097463
D143880,D254500,0.14061
D143880,D254770,0.039116
D143880,D254800,0.10215
D143880,D255900,0.11684
D143880,D256370,0.055613
D143880,D256700,0.13645
D143880,D258360,0.21802
D143880,D259050,0.13996
D143880,D259500,0.057368
D143880,D259660,0.02836
D143880,D260480,0.17005
D143880,D260570,0.077092
D143880,D260970,0.050318
D143880,D261515,0.26866
D143880,D263300,0.10711
D143880,D263800,0.17516
D143880,D264120,0.2607
D143880,D266120,0.12548
D143880,D266600,0.19379
D143880,D267730,0.10107
D143880,D267740,0.20016
D143880,D268220,0.14074
D143880,D268320,0.28598
D143880,D270960,0.022396
D143880,D273300,0.10385
D143880,D273800,0.20855
D143880,D275000,0.234
D143880,D276300,0.083711
D143880,D277350,0.2444
D143880,D277440,0.22401
D143880,D277460,0.21726
D143880,D278200,0.20656
D143880,D300125,0.072659
D143880,D300232,0.21253
D143880,D300491,0.10518
D143880,D300494,0.21149
D143880,D303110,0.17339
D143880,D304790,0.19863
D143880,D304900,0.08004
D143880,D305300,0.08834
D143880,D308205,0.15891
D143880,D308350,0.11177
D143880,D308600,0.10193
D143880,D310468,0.10097
D143880,D311360,0.25957
D143880,D312910,0.19631
D143880,D540000,0.19202
D143880,D600131,0.066361
D143880,D600263,0.12281
D143880,D600351,0.15346
D143880,D600496,0.23929
D143880,D600634,0.028667
D143880,D600803,0.16019
D143880,D600807,0.19071
D143880,D601042,0.10626
D143880,D601367,0.18562
D143880,D601608,0.059873
D143880,D601626,0.10493
D143880,D601665,0.11596
D143880,D601682,0.15585
D143880,D602080,0.15565
D143880,D602522,0.28074
D143880,D603165,0.14114
D143880,D604278,0.26824
D143880,D604416,0.037502
D143880,D604827,0.02405
D143880,D605021,0.064595
D143880,D605055,0.046086
D143880,D606703,0.06283
D143880,D606798,0.13728
D143880,D606842,0.091543
D143880,D607225,0.13155
D143880,D607459,0.14341
D143880,D607498,0.063514
D143880,D607501,0.066167
D143880,D607508,0.13684
D143880,D607516,0.084935
D143880,D607554,0.12438
D143880,D607628,0.059091
D143880,D607631,0.058415
D143880,D607681,0.066288
D143880,D607682,0.067436
D143880,D607685,0.14956
D143880,D608033,0.14064
D143880,D608088,0.074658
D143880,D608105,0.13984
D143880,D608217,0.14047
D143880,D608320,0.13294
D143880,D608583,0.10253
D143880,D608622,0.19796
D144010,D144110,0.16489
D144010,D144650,0.28917
D144010,D144700,0.12249
D144010,D145100,0.27446
D144010,D145200,0.13284
D144010,D145500,0.33796
D144010,D145590,0.25779
D144010,D145600,0.15585
D144010,D146110,0.1665
D144010,D146255,0.19718
D144010,D146500,0.29975
D144010,D146850,0.17142
D144010,D147480,0.14781
D144010,D147530,0.066829
D144010,D147540,0.083629
D144010,D148000,0.13294
D144010,D148100,0.11055
D144010,D150600,0.13239
D144010,D150699,0.082988
D144010,D151400,0.12422
D144010,D151590,0.18523
D144010,D152700,0.16435
D144010,D153880,0.15846
D144010,D154276,0.1484
D144010,D155100,0.14857
D144010,D155600,0.19617
D144010,D155601,0.061613
D144010,D156000,0.14501
D144010,D156190,0.18219
D144010,D157300,0.12822
D144010,D157700,0.15517
D144010,D157950,0.11025
D144010,D158280,0.16484
D144010,D160300,0.05818
D144010,D160750,0.18387
D144010,D161900,0.1601
D144010,D164230,0.083338
D144010,D165150,0.2205
D144010,D165199,0.19656
D144010,D165720,0.047334
D144010,D166300,0.16382
D144010,D166710,0.089603
D144010,D166760,0.109
D144010,D167320,0.093006
D144010,D167870,0.086748
D144010,D168100,0.058916
D144010,D168600,0.07735
D144010,D170900,0.065638
D144010,D171300,0.27019
D144010,D173200,0.14926
D144010,D174800,0.18165
D144010,D175100,0.16639
D144010,D175505,0.019184
D144010,D175510,0.098612
D144010,D176800,0.034952
D144010,D176807,0.13159
D144010,D178600,0.16274
D144010,D179600,0.083153
D144010,D179800,0.2056
D144010,D179830,0.18318
D144010,D181000,0.22737
D144010,D181500,0.22488
D144010,D182000,0.12854
D144010,D182280,0.16837
D144010,D182830,0.20519
D144010,D184700,0.27932
D144010,D187950,0.19089
D144010,D188030,0.18909
D144010,D188050,0.23209
D144010,D188470,0.071494
D144010,D189600,0.077372
D144010,D189800,0.17659
D144010,D190300,0.12944
D144010,D190310,0.057851
D144010,D190400,0.047052
D144010,D191390,0.19223
D144010,D192200,0.16418
D144010,D194070,0.14195
D144010,D194200,0.1714
D144010,D200170,0.16707
D144010,D203700,0.14224
D144010,D206200,0.13896
D144010,D208085,0.092334
D144010,D208230,0.088513
D144010,D208300,0.13311
D144010,D208550,0.21908
D144010,D208700,0.10927
D144010,D208750,0.20274
D144010,D208920,0.32473
D144010,D210050,0.06928
D144010,D211980,0.063086
D144010,D212050,0.16578
D144010,D212110,0.0874
D144010,D212112,0.1601
D144010,D212130,0.09789
D144010,D212140,0.25595
D144010,D212350,0.20783
D144010,D215140,0.15118
D144010,D215470,0.26457
D144010,D217150,0.078576
D144010,D217200,0.098847
D144010,D218200,0.1351
D144010,D218800,0.26464
D144010,D220120,0.25508
D144010,D223350,0.11705
D144010,D225740,0.18074
D144010,D225755,0.11193
D144010,D226000,0.12063
D144010,D227300,0.17142
D144010,D230450,0.13173
D144010,D230800,0.25447
D144010,D231200,0.15809
D144010,D231900,0.16121
D144010,D233810,0.10985
D144010,D236000,0.12763
D144010,D237450,0.19882
D144010,D237500,0.16375
D144010,D238800,0.076046
D144010,D239350,0.083887
D144010,D240400,0.22181
D144010,D241100,0.058328
D144010,D241519,0.14702
D144010,D243200,0.11774
D144010,D246300,0.14835
D144010,D246400,0.085602
D144010,D247200,0.17543
D144010,D247640,0.057605
D144010,D248190,0.11545
D144010,D249100,0.19587
D144010,D250790,0.14175
D144010,D252320,0.13048
D144010,D254200,0.13635
D144010,D254400,0.097819
D144010,D254450,0.039416
D144010,D254500,0.19899
D144010,D254770,0.03909
D144010,D254800,0.1418
D144010,D255900,0.13965
D144010,D256370,0.018454
D144010,D256700,0.19677
D144010,D258360,0.27817
D144010,D259050,0.16436
D144010,D259500,0.1354
D144010,D259660,0.028341
D144010,D260480,0.23062
D144010,D260570,0.16513
D144010,D260970,0.050286
D144010,D261515,0.22913
D144010,D263300,0.1529
D144010,D263800,0.2496
D144010,D264120,0.25015
D144010,D266120,0.1261
D144010,D266600,0.25087
D144010,D267740,0.23146
D144010,D268220,0.16442
D144010,D268320,0.22571
D144010,D270960,0.022381
D144010,D273300,0.078952
D144010,D273800,0.22576
D144010,D275000,0.29202
D144010,D276300,0.073468
D144010,D277350,0.33052
D144010,D277440,0.16998
D144010,D277460,0.45866
D144010,D278200,0.18388
D144010,D300125,0.12226
D144010,D300232,0.14062
D144010,D300491,0.10509
D144010,D300494,0.21253
D144010,D303110,0.19495
D144010,D304790,0.20137
D144010,D304900,0.059531
D144010,D305300,0.06736
D144010,D308205,0.18684
D144010,D308350,0.087021
D144010,D308600,0.17576
D144010,D310468,0.10044
D144010,D311360,0.22469
D144010,D312910,0.23094
D144010,D540000,0.22844
D144010,D600131,0.066319
D144010,D600263,0.059032
D144010,D600351,0.065952
D144010,D600496,0.19514
D144010,D600634,0.028648
D144010,D600803,0.077564
D144010,D600807,0.11584
D144010,D601042,0.12113
D144010,D601367,0.23318
D144010,D601608,0.039873
D144010,D601626,0.063577
D144010,D601665,0.11817
D144010,D601682,0.19416
D144010,D602068,0.13123
D144010,D602080,0.11385
D144010,D602522,0.21451
D144010,D603165,0.21005
D144010,D604278,0.28786
D144010,D604416,0.11645
D144010,D604827,0.024034
D144010,D605021,0.064554
D144010,D605055,0.046057
D144010,D605839,0.050308
D144010,D606703,0.06279
D144010,D606798,0.15979
D144010,D606842,0.092402
D144010,D607225,0.099296
D144010,D607459,0.1436
D144010,D607498,0.10687
D144010,D607501,0.11087
D144010,D607508,0.18323
D144010,D607516,0.12815
D144010,D607554,0.15695
D144010,D607628,0.059054
D144010,D607631,0.058377
D144010,D607681,0.066245
D144010,D607682,0.067393
D144010,D607685,0.21056
D144010,D608033,0.10562
D144010,D608088,0.074646
D144010,D608105,0.16284
D144010,D608217,0.11149
D144010,D608320,0.44469
D144010,D608583,0.13835
D144010,D608622,0.30169
D144110,D144700,0.03912
D144110,D145100,0.3034
D144110,D145200,0.15828
D144110,D145500,0.10776
D144110,D145590,0.19907
D144110,D145600,0.13132
D144110,D146110,0.076421
D144110,D146255,0.021697
D144110,D146500,0.16564
D144110,D146850,0.047854
D144110,D147480,0.12522
D144110,D147530,0.07567
D144110,D147540,0.086915
D144110,D148000,0.1157
D144110,D148100,0.16263
D144110,D150600,0.071121
D144110,D150699,0.18074
D144110,D151400,0.069848
D144110,D151590,0.15709
D144110,D152700,0.10644
D144110,D153880,0.064993
D144110,D154276,0.08364
D144110,D155100,0.074394
D144110,D155600,0.12556
D144110,D155601,0.093472
D144110,D156000,0.034449
D144110,D156190,0.058364
D144110,D157300,0.026184
D144110,D157700,0.11469
D144110,D157950,0.053218
D144110,D158280,0.11897
D144110,D160750,0.074065
D144110,D161900,0.022457
D144110,D165150,0.07778
D144110,D165199,0.081084
D144110,D165720,0.034121
D144110,D166300,0.043696
D144110,D166710,0.025395
D144110,D166760,0.1165
D144110,D167870,0.091563
D144110,D168600,0.057915
D144110,D171300,0.12537
D144110,D173200,0.17879
D144110,D174800,0.15078
D144110,D175100,0.10883
D144110,D175510,0.06176
D144110,D176807,0.070321
D144110,D178600,0.066029
D144110,D179800,0.06018
D144110,D181000,0.106
D144110,D181460,0.10266
D144110,D181500,0.14014
D144110,D182000,0.15246
D144110,D182280,0.074331
D144110,D182830,0.084192
D144110,D184700,0.11342
D144110,D187950,0.020825
D144110,D188050,0.029614
D144110,D189600,0.038703
D144110,D189800,0.066209
D144110,D190300,0.070632
D144110,D191390,0.14024
D144110,D192200,0.046213
D144110,D194070,0.016831
D144110,D200170,0.12571
D144110,D203700,0.087811
D144110,D208085,0.04935
D144110,D208230,0.020854
D144110,D208300,0.076762
D144110,D208550,0.12466
D144110,D208750,0.13989
D144110,D208920,0.094901
D144110,D212050,0.28451
D144110,D212140,0.085136
D144110,D212350,0.069176
D144110,D215140,0.13001
D144110,D215470,0.057955
D144110,D217150,0.057689
D144110,D218800,0.087256
D144110,D225740,0.12573
D144110,D226000,0.082028
D144110,D226150,0.039714
D144110,D230800,0.15434
D144110,D231090,0.032721
D144110,D231200,0.10604
D144110,D233810,0.096746
D144110,D237450,0.090589
D144110,D237500,0.1299
D144110,D238800,0.036613
D144110,D240400,0.02689
D144110,D241100,0.055317
D144110,D241519,0.087309
D144110,D246300,0.12896
D144110,D246400,0.084884
D144110,D247200,0.071658
D144110,D248190,0.06568
D144110,D249100,0.12554
D144110,D250790,0.092321
D144110,D252320,0.068986
D144110,D254200,0.024305
D144110,D254400,0.080731
D144110,D254500,0.019943
D144110,D254800,0.1149
D144110,D255900,0.21336
D144110,D256700,0.10069
D144110,D258360,0.15595
D144110,D259050,0.1145
D144110,D260480,0.14494
D144110,D260970,0.036292
D144110,D261515,0.10136
D144110,D263300,0.030783
D144110,D263800,0.085597
D144110,D266120,0.093194
D144110,D266600,0.14411
D144110,D267740,0.091563
D144110,D268220,0.068381
D144110,D268320,0.098308
D144110,D270960,0.032277
D144110,D273300,0.01619
D144110,D273800,0.090092
D144110,D275000,0.12852
D144110,D276300,0.073038
D144110,D277350,0.14955
D144110,D277440,0.090242
D144110,D277460,0.097151
D144110,D278200,0.22119
D144110,D300232,0.088623
D144110,D300491,0.059648
D144110,D300494,0.12273
D144110,D303110,0.062915
D144110,D304790,0.16264
D144110,D308205,0.23357
D144110,D308350,0.031305
D144110,D308600,0.11212
D144110,D311360,0.13327
D144110,D312910,0.051677
D144110,D540000,0.05458
D144110,D600082,0.052346
D144110,D600263,0.090758
D144110,D600351,0.023548
D144110,D600496,0.034269
D144110,D600803,0.037945
D144110,D600807,0.083002
D144110,D601042,0.092938
D144110,D601518,0.047037
D144110,D601665,0.06057
D144110,D601682,0.11127
D144110,D602068,0.19328
D144110,D602080,0.076782
D144110,D602522,0.047617
D144110,D603165,0.16964
D144110,D604278,0.048304
D144110,D604416,0.17397
D144110,D605055,0.033193
D144110,D605839,0.076474
D144110,D606798,0.066061
D144110,D606842,0.08896
D144110,D607225,0.047624
D144110,D607459,0.077185
D144110,D607516,0.030964
D144110,D607685,0.1364
D144110,D607850,0.037133
D144110,D608033,0.051706
D144110,D608088,0.02687
D144110,D608105,0.068147
D144650,D144700,0.066958
D144650,D145500,0.24677
D144650,D145600,0.10049
D144650,D146110,0.15313
D144650,D146255,0.14659
D144650,D146500,0.22602
D144650,D146850,0.092261
D144650,D147480,0.086989
D144650,D147540,0.036441
D144650,D148000,0.16131
D144650,D148100,0.03742
D144650,D150600,0.13616
D144650,D151400,0.12892
D144650,D151590,0.10889
D144650,D152700,0.086176
D144650,D154276,0.17243
D144650,D155100,0.066912
D144650,D155600,0.067124
D144650,D157300,0.025115
D144650,D157700,0.015017
D144650,D157950,0.078001
D144650,D158280,0.055566
D144650,D160750,0.11063
D144650,D161900,0.11122
D144650,D166300,0.062083
D144650,D166710,0.12405
D144650,D167320,0.077931
D144650,D167870,0.12172
D144650,D170900,0.05944
D144650,D171300,0.1398
D144650,D174800,0.091736
D144650,D175100,0.069251
D144650,D175510,0.08073
D144650,D176807,0.091296
D144650,D178600,0.12675
D144650,D179800,0.14164
D144650,D179830,0.26231
D144650,D181000,0.09816
D144650,D181500,0.082752
D144650,D182280,0.16561
D144650,D184700,0.21195
D144650,D187950,0.080414
D144650,D188030,0.21132
D144650,D188050,0.11611
D144650,D188470,0.13184
D144650,D189800,0.15889
D144650,D191390,0.07573
D144650,D194070,0.04875
D144650,D194200,0.053049
D144650,D200170,0.085484
D144650,D203700,0.047565
D144650,D205700,0.098479
D144650,D206200,0.19283
D144650,D208085,0.062046
D144650,D208230,0.10187
D144650,D208550,0.090052
D144650,D208700,0.060593
D144650,D208920,0.16779
D144650,D211980,0.08752
D144650,D212112,0.036437
D144650,D212140,0.16139
D144650,D212350,0.043899
D144650,D215140,0.067751
D144650,D215470,0.17405
D144650,D218200,0.13832
D144650,D218800,0.16692
D144650,D220120,0.18089
D144650,D223350,0.095003
D144650,D225755,0.031045
D144650,D226000,0.032848
D144650,D227300,0.20766
D144650,D230450,0.072551
D144650,D230800,0.12864
D144650,D231200,0.072214
D144650,D231900,0.17832
D144650,D236000,0.074383
D144650,D237450,0.11558
D144650,D237500,0.13454
D144650,D238800,0.070306
D144650,D239350,0.087068
D144650,D240400,0.20486
D144650,D241100,0.026892
D144650,D241519,0.20393
D144650,D243200,0.097842
D144650,D246300,0.057748
D144650,D246400,0.038463
D144650,D246470,0.027209
D144650,D247200,0.078224
D144650,D247640,0.052946
D144650,D248190,0.064017
D144650,D249100,0.1411
D144650,D250790,0.054823
D144650,D254200,0.14145
D144650,D254400,0.03022
D144650,D254450,0.053631
D144650,D254500,0.17531
D144650,D254800,0.053027
D144650,D255900,0.026781
D144650,D256700,0.053945
D144650,D258360,0.053671
D144650,D259050,0.016367
D144650,D259500,0.053291
D144650,D260480,0.076698
D144650,D260570,0.14245
D144650,D261515,0.13171
D144650,D263300,0.059706
D144650,D263800,0.165
D144650,D264120,0.25119
D144650,D266120,0.10467
D144650,D266600,0.16795
D144650,D267730,0.046348
D144650,D268220,0.032221
D144650,D270960,0.030883
D144650,D273300,0.078159
D144650,D273800,0.082482
D144650,D275000,0.24132
D144650,D277350,0.22267
D144650,D277440,0.15031
D144650,D277460,0.24475
D144650,D303110,0.029646
D144650,D304790,0.21831
D144650,D304900,0.082407
D144650,D308350,0.030053
D144650,D308600,0.094268
D144650,D310468,0.083554
D144650,D311360,0.1651
D144650,D312910,0.072589
D144650,D540000,0.1053
D144650,D600263,0.10848
D144650,D600351,0.091313
D144650,D600496,0.42609
D144650,D600634,0.039535
D144650,D600803,0.14307
D144650,D600807,0.099142
D144650,D601367,0.19425
D144650,D601608,0.055433
D144650,D601626,0.087203
D144650,D601665,0.079808
D144650,D602068,0.043371
D144650,D602080,0.070095
D144650,D602522,0.18754
D144650,D603165,0.075676
D144650,D604278,0.11425
D144650,D604416,0.13554
D144650,D607459,0.038947
D144650,D607508,0.095596
D144650,D607516,0.029312
D144650,D607685,0.081309
D144650,D608033,0.041708
D144650,D608088,0.051479
D144650,D608320,0.34271
D144650,D608622,0.14027
D144700,D145200,0.0508
D144700,D145500,0.25584
D144700,D145590,0.019903
D144700,D145600,0.20845
D144700,D146110,0.17723
D144700,D146255,0.20132
D144700,D146500,0.17428
D144700,D146850,0.13269
D144700,D147480,0.097208
D144700,D147530,0.043854
D144700,D147540,0.052064
D144700,D148000,0.25201
D144700,D148100,0.017741
D144700,D150600,0.12972
D144700,D150699,0.27967
D144700,D151400,0.25116
D144700,D151590,0.18971
D144700,D152700,0.23118
D144700,D153880,0.043552
D144700,D154276,0.10393
D144700,D155100,0.22632
D144700,D155600,0.28574
D144700,D155601,0.21111
D144700,D156000,0.047166
D144700,D156190,0.026017
D144700,D157300,0.083991
D144700,D157700,0.10977
D144700,D157950,0.08407
D144700,D160300,0.077086
D144700,D160750,0.12422
D144700,D161900,0.21647
D144700,D164230,0.073018
D144700,D165150,0.052267
D144700,D165199,0.018037
D144700,D165720,0.15582
D144700,D166300,0.1453
D144700,D166710,0.082343
D144700,D166760,0.017856
D144700,D167320,0.1559
D144700,D167870,0.13139
D144700,D168100,0.039048
D144700,D168600,0.050979
D144700,D170900,0.21894
D144700,D171300,0.41984
D144700,D173200,0.076319
D144700,D174800,0.16518
D144700,D175100,0.30251
D144700,D175505,0.21865
D144700,D175510,0.21604
D144700,D176800,0.069635
D144700,D176807,0.26772
D144700,D178600,0.22478
D144700,D179600,0.10881
D144700,D179800,0.15706
D144700,D179830,0.047785
D144700,D181000,0.15871
D144700,D181460,0.069073
D144700,D181500,0.15672
D144700,D182000,0.10823
D144700,D182280,0.38603
D144700,D182830,0.01876
D144700,D184700,0.14017
D144700,D187950,0.22524
D144700,D188030,0.13021
D144700,D188050,0.15094
D144700,D188470,0.24112
D144700,D189600,0.084626
D144700,D189800,0.14169
D144700,D190300,0.14867
D144700,D190310,0.018997
D144700,D190400,0.030907
D144700,D191390,0.22035
D144700,D191800,0.07736
D144700,D192000,0.033484
D144700,D192200,0.06407
D144700,D194070,0.42605
D144700,D194200,0.086891
D144700,D200170,0.084342
D144700,D203700,0.10658
D144700,D205700,0.094298
D144700,D206200,0.14992
D144700,D208085,0.10167
D144700,D208230,0.088231
D144700,D208300,0.10888
D144700,D208550,0.15883
D144700,D208700,0.057436
D144700,D208750,0.02303
D144700,D208920,0.14885
D144700,D210050,0.081196
D144700,D211980,0.36645
D144700,D212050,0.045115
D144700,D212110,0.027949
D144700,D212112,0.034646
D144700,D212130,0.087371
D144700,D212140,0.1717
D144700,D212350,0.086294
D144700,D215140,0.15013
D144700,D215470,0.088712
D144700,D217150,0.065251
D144700,D217200,0.040867
D144700,D218200,0.11839
D144700,D218800,0.13312
D144700,D220120,0.10223
D144700,D223350,0.20309
D144700,D225740,0.092787
D144700,D225755,0.058597
D144700,D226000,0.078259
D144700,D227300,0.10637
D144700,D230450,0.15595
D144700,D230800,0.18075
D144700,D231090,0.15792
D144700,D231200,0.17109
D144700,D231900,0.10553
D144700,D233810,0.048627
D144700,D236000,0.35133
D144700,D237450,0.036543
D144700,D237500,0.17619
D144700,D238800,0.084565
D144700,D239350,0.041293
D144700,D240400,0.22657
D144700,D241100,0.089556
D144700,D241519,0.059041
D144700,D243200,0.077164
D144700,D246300,0.082108
D144700,D246400,0.16019
D144700,D246470,0.38513
D144700,D247200,0.21867
D144700,D247640,0.21663
D144700,D248190,0.04551
D144700,D249100,0.1819
D144700,D250790,0.12972
D144700,D252320,0.072175
D144700,D254200,0.18434
D144700,D254400,0.204
D144700,D254450,0.18594
D144700,D254500,0.20853
D144700,D254770,0.025677
D144700,D254800,0.11852
D144700,D255900,0.065071
D144700,D256370,0.26659
D144700,D256700,0.432
D144700,D258360,0.1031
D144700,D259050,0.053141
D144700,D259500,0.285
D144700,D259660,0.037303
D144700,D260480,0.084141
D144700,D260570,0.12373
D144700,D260970,0.033046
D144700,D261515,0.13297
D144700,D263300,0.20478
D144700,D263800,0.14202
D144700,D264120,0.083547
D144700,D266120,0.16504
D144700,D266600,0.25081
D144700,D267730,0.20888
D144700,D267740,0.020225
D144700,D268220,0.18436
D144700,D268320,0.028777
D144700,D270960,0.22944
D144700,D273300,0.30238
D144700,D273800,0.17535
D144700,D275000,0.11384
D144700,D276300,0.22789
D144700,D277350,0.098374
D144700,D277440,0.17088
D144700,D277460,0.12788
D144700,D300125,0.047694
D144700,D300232,0.060141
D144700,D300491,0.020829
D144700,D303110,0.028015
D144700,D304790,0.17058
D144700,D304900,0.052191
D144700,D305300,0.16154
D144700,D308205,0.034019
D144700,D308350,0.08619
D144700,D308600,0.022295
D144700,D310468,0.10823
D144700,D311360,0.16997
D144700,D312910,0.04845
D144700,D540000,0.12
D144700,D600082,0.04743
D144700,D600131,0.021777
D144700,D600263,0.21941
D144700,D600351,0.14019
D144700,D600496,0.12663
D144700,D600631,0.067093
D144700,D600634,0.22221
D144700,D600803,0.085906
D144700,D600807,0.26842
D144700,D600808,0.06679
D144700,D601042,0.069426
D144700,D601367,0.16668
D144700,D601518,0.13913
D144700,D601608,0.066014
D144700,D601626,0.23225
D144700,D601665,0.11963
D144700,D602080,0.15461
D144700,D602522,0.15021
D144700,D603165,0.13811
D144700,D604278,0.14109
D144700,D604416,0.075404
D144700,D604827,0.015787
D144700,D605021,0.021179
D144700,D605055,0.060504
D144700,D605839,0.33542
D144700,D606703,0.063535
D144700,D606798,0.0469
D144700,D606842,0.08533
D144700,D607225,0.066243
D144700,D607459,0.068822
D144700,D607498,0.041689
D144700,D607501,0.042998
D144700,D607508,0.089786
D144700,D607516,0.041577
D144700,D607554,0.081642
D144700,D607628,0.019362
D144700,D607631,0.019167
D144700,D607681,0.021745
D144700,D607682,0.022123
D144700,D607685,0.16556
D144700,D607850,0.067819
D144700,D608033,0.073662
D144700,D608088,0.11021
D144700,D608105,0.030579
D144700,D608217,0.0554
D144700,D608320,0.060305
D144700,D608583,0.067299
D144700,D608622,0.12792
D145100,D145200,0.40166
D145100,D145590,0.36349
D145100,D145600,0.073876
D145100,D146255,0.053919
D145100,D146500,0.20704
D145100,D147480,0.15839
D145100,D147540,0.11071
D145100,D148000,0.073642
D145100,D148100,0.20571
D145100,D150600,0.059213
D145100,D150699,0.15439
D145100,D151400,0.026762
D145100,D151590,0.1987
D145100,D152700,0.096107
D145100,D153880,0.16468
D145100,D155600,0.2456
D145100,D155601,0.11909
D145100,D156000,0.085608
D145100,D156190,0.14764
D145100,D157700,0.14298
D145100,D157950,0.064798
D145100,D158280,0.29449
D145100,D160750,0.092927
D145100,D161900,0.028173
D145100,D165150,0.2055
D145100,D165199,0.20399
D145100,D166300,0.10782
D145100,D166710,0.03186
D145100,D166760,0.19438
D145100,D168600,0.046705
D145100,D171300,0.20191
D145100,D173200,0.22608
D145100,D174800,0.15951
D145100,D175100,0.14591
D145100,D176807,0.058579
D145100,D178600,0.026029
D145100,D181000,0.13288
D145100,D181500,0.1083
D145100,D182000,0.19285
D145100,D182280,0.064999
D145100,D182830,0.21346
D145100,D184700,0.093572
D145100,D188050,0.037153
D145100,D189600,0.048068
D145100,D190300,0.057891
D145100,D191390,0.20013
D145100,D192200,0.057978
D145100,D200170,0.28002
D145100,D203700,0.083937
D145100,D208085,0.06286
D145100,D208230,0.026162
D145100,D208300,0.19108
D145100,D208550,0.19264
D145100,D208750,0.3528
D145100,D208920,0.060398
D145100,D212050,0.263
D145100,D212140,0.050638
D145100,D212350,0.11585
D145100,D215140,0.14046
D145100,D215470,0.14713
D145100,D217150,0.070257
D145100,D218800,0.084482
D145100,D225740,0.14609
D145100,D230800,0.2035
D145100,D231200,0.16314
D145100,D233810,0.12305
D145100,D237450,0.11539
D145100,D237500,0.066051
D145100,D241100,0.069404
D145100,D246300,0.082648
D145100,D246400,0.10737
D145100,D247200,0.10756
D145100,D248190,0.082406
D145100,D249100,0.077286
D145100,D250790,0.081624
D145100,D252320,0.087874
D145100,D254200,0.030492
D145100,D254400,0.10274
D145100,D254500,0.02502
D145100,D254800,0.050825
D145100,D255900,0.18737
D145100,D256700,0.16212
D145100,D258360,0.24823
D145100,D259050,0.19116
D145100,D260480,0.20962
D145100,D261515,0.12828
D145100,D263800,0.10827
D145100,D266600,0.15863
D145100,D267740,0.24807
D145100,D268220,0.25003
D145100,D268320,0.20819
D145100,D273800,0.13874
D145100,D275000,0.1874
D145100,D276300,0.11499
D145100,D277350,0.27797
D145100,D277440,0.092298
D145100,D277460,0.12288
D145100,D278200,0.33029
D145100,D300232,0.16334
D145100,D300491,0.074082
D145100,D300494,0.37999
D145100,D303110,0.15758
D145100,D304790,0.13167
D145100,D308205,0.19981
D145100,D308600,0.14282
D145100,D311360,0.10862
D145100,D312910,0.13127
D145100,D540000,0.09072
D145100,D600496,0.077512
D145100,D600807,0.050977
D145100,D601042,0.11117
D145100,D601665,0.077169
D145100,D601682,0.27927
D145100,D602068,0.24448
D145100,D602080,0.045441
D145100,D602522,0.1177
D145100,D603165,0.20889
D145100,D604278,0.11953
D145100,D604416,0.14715
D145100,D605839,0.0974
D145100,D606798,0.25225
D145100,D606842,0.033036
D145100,D607225,0.11937
D145100,D607459,0.10609
D145100,D607516,0.038457
D145100,D607685,0.1136
D145100,D608105,0.16895
D145200,D145500,0.083884
D145200,D145590,0.10484
D145200,D145600,0.072734
D145200,D146110,0.020258
D145200,D146255,0.09725
D145200,D146500,0.1002
D145200,D147480,0.12112
D145200,D147530,0.030934
D145200,D147540,0.11994
D145200,D148000,0.081624
D145200,D148100,0.15731
D145200,D150600,0.09886
D145200,D150699,0.11807
D145200,D151400,0.020851
D145200,D151590,0.15193
D145200,D152700,0.18722
D145200,D153880,0.0307
D145200,D155600,0.26656
D145200,D155601,0.17434
D145200,D156190,0.055135
D145200,D157700,0.19674
D145200,D157950,0.11614
D145200,D160300,0.32929
D145200,D160750,0.072399
D145200,D161900,0.043893
D145200,D164230,0.038607
D145200,D165720,0.16022
D145200,D166300,0.19554
D145200,D166710,0.16231
D145200,D166760,0.075595
D145200,D167320,0.081417
D145200,D168100,0.1806
D145200,D168600,0.06463
D145200,D171300,0.10438
D145200,D173200,0.46634
D145200,D174800,0.10008
D145200,D175100,0.13789
D145200,D175505,0.053369
D145200,D176800,0.1492
D145200,D176807,0.1512
D145200,D178600,0.040371
D145200,D179600,0.21442
D145200,D179800,0.023571
D145200,D181000,0.057234
D145200,D181500,0.096967
D145200,D182000,0.21689
D145200,D182280,0.048885
D145200,D184700,0.10603
D145200,D187950,0.067589
D145200,D188050,0.16459
D145200,D188470,0.067212
D145200,D189600,0.12835
D145200,D189800,0.029914
D145200,D190300,0.12621
D145200,D191390,0.078214
D145200,D192200,0.13554
D145200,D194070,0.091298
D145200,D194200,0.12195
D145200,D200170,0.31249
D145200,D203700,0.037476
D145200,D208085,0.068011
D145200,D208230,0.15134
D145200,D208300,0.075463
D145200,D208550,0.12116
D145200,D208700,0.030334
D145200,D208750,0.20842
D145200,D208920,0.066316
D145200,D212050,0.13841
D145200,D212140,0.090395
D145200,D212350,0.021923
D145200,D215140,0.19768
D145200,D215470,0.065553
D145200,D217150,0.056356
D145200,D218800,0.084137
D145200,D220120,0.034523
D145200,D225755,0.06201
D145200,D226000,0.033081
D145200,D227300,0.038015
D145200,D230800,0.15645
D145200,D231200,0.10863
D145200,D233810,0.33535
D145200,D236000,0.089972
D145200,D237450,0.12526
D145200,D237500,0.072069
D145200,D240400,0.025845
D145200,D241100,0.081089
D145200,D243200,0.032648
D145200,D246300,0.06216
D145200,D246400,0.082076
D145200,D247200,0.10602
D145200,D248190,0.064203
D145200,D249100,0.13934
D145200,D250790,0.061368
D145200,D252320,0.066064
D145200,D254200,0.071422
D145200,D254400,0.077112
D145200,D254450,0.042198
D145200,D254500,0.019494
D145200,D254800,0.074054
D145200,D255900,0.19012
D145200,D256370,0.025649
D145200,D256700,0.15042
D145200,D258360,0.028548
D145200,D259050,0.23244
D145200,D259500,0.12276
D145200,D259660,0.039391
D145200,D260480,0.081457
D145200,D260570,0.035539
D145200,D261515,0.08169
D145200,D263800,0.10306
D145200,D266120,0.034698
D145200,D266600,0.13097
D145200,D268220,0.064771
D145200,D268320,0.063221
D145200,D270960,0.031108
D145200,D273300,0.047442
D145200,D273800,0.092221
D145200,D275000,0.089366
D145200,D276300,0.15499
D145200,D277350,0.075589
D145200,D277440,0.18757
D145200,D277460,0.11648
D145200,D278200,0.12937
D145200,D300232,0.22782
D145200,D300491,0.078081
D145200,D303110,0.029639
D145200,D304790,0.13395
D145200,D305300,0.11321
D145200,D308205,0.15354
D145200,D308350,0.030167
D145200,D308600,0.15454
D145200,D310468,0.027834
D145200,D311360,0.062844
D145200,D312910,0.024253
D145200,D540000,0.017302
D145200,D600263,0.098743
D145200,D600634,0.039818
D145200,D600807,0.040389
D145200,D601042,0.12472
D145200,D601367,0.09892
D145200,D601608,0.099025
D145200,D601665,0.1116
D145200,D602068,0.18686
D145200,D602080,0.059303
D145200,D603165,0.20449
D145200,D604278,0.16005
D145200,D604416,0.22832
D145200,D605839,0.073208
D145200,D606703,0.092569
D145200,D606798,0.042089
D145200,D606842,0.037708
D145200,D607225,0.047869
D145200,D607459,0.048762
D145200,D607554,0.043188
D145200,D607685,0.086819
D145200,D607850,0.14333
D145200,D608033,0.02088
D145200,D608088,0.1146
D145200,D608105,0.07823
D145200,D608217,0.077422
D145200,D608320,0.024664
D145500,D145590,0.021547
D145500,D145600,0.24557
D145500,D146110,0.24814
D145500,D146255,0.29838
D145500,D146500,0.23792
D145500,D146850,0.14951
D145500,D147480,0.094919
D145500,D147530,0.063322
D145500,D147540,0.037587
D145500,D148000,0.15189
D145500,D148100,0.099128
D145500,D150600,0.14625
D145500,D150699,0.10327
D145500,D151400,0.14563
D145500,D151590,0.097852
D145500,D152700,0.29959
D145500,D153880,0.10218
D145500,D154276,0.14894
D145500,D155100,0.24704
D145500,D155600,0.15789
D145500,D155601,0.066956
D145500,D156000,0.10215
D145500,D156190,0.056348
D145500,D157300,0.18171
D145500,D157700,0.13288
D145500,D157950,0.10976
D145500,D158280,0.028673
D145500,D160300,0.14414
D145500,D160750,0.10012
D145500,D161900,0.28759
D145500,D164230,0.079025
D145500,D165150,0.037253
D145500,D165199,0.019526
D145500,D165720,0.17105
D145500,D166300,0.27953
D145500,D166710,0.11809
D145500,D167320,0.13894
D145500,D167870,0.21683
D145500,D168100,0.10649
D145500,D168600,0.11936
D145500,D170900,0.10749
D145500,D171300,0.22858
D145500,D173200,0.079434
D145500,D174800,0.19055
D145500,D175100,0.24621
D145500,D175505,0.041156
D145500,D175510,0.14305
D145500,D176800,0.07539
D145500,D176807,0.19133
D145500,D178600,0.20201
D145500,D179600,0.18821
D145500,D179800,0.25836
D145500,D179830,0.19014
D145500,D181000,0.17987
D145500,D181460,0.06567
D145500,D181500,0.25933
D145500,D182000,0.035716
D145500,D182280,0.25314
D145500,D182830,0.061035
D145500,D184700,0.32539
D145500,D187950,0.24169
D145500,D188030,0.13688
D145500,D188050,0.22794
D145500,D188470,0.1428
D145500,D189600,0.071959
D145500,D189800,0.27022
D145500,D190300,0.13701
D145500,D190310,0.041154
D145500,D190400,0.033459
D145500,D191390,0.11835
D145500,D191800,0.083709
D145500,D192000,0.036241
D145500,D192200,0.092477
D145500,D194070,0.28028
D145500,D194200,0.21792
D145500,D200170,0.19842
D145500,D203700,0.1433
D145500,D206200,0.10773
D145500,D208085,0.13967
D145500,D208230,0.13416
D145500,D208300,0.056475
D145500,D208550,0.12775
D145500,D208700,0.093247
D145500,D208750,0.050711
D145500,D208920,0.24097
D145500,D210050,0.12711
D145500,D211980,0.1274
D145500,D212050,0.083021
D145500,D212110,0.06061
D145500,D212112,0.094134
D145500,D212130,0.068451
D145500,D212140,0.33737
D145500,D212350,0.14712
D145500,D215140,0.15416
D145500,D215470,0.14444
D145500,D217150,0.042654
D145500,D217200,0.079022
D145500,D218200,0.15225
D145500,D218800,0.23562
D145500,D220120,0.25195
D145500,D223350,0.10243
D145500,D225740,0.073171
D145500,D225755,0.047688
D145500,D226000,0.19072
D145500,D226150,0.038853
D145500,D227300,0.12636
D145500,D230450,0.16189
D145500,D230800,0.32625
D145500,D231090,0.0648
D145500,D231200,0.11579
D145500,D231900,0.18171
D145500,D233810,0.076206
D145500,D236000,0.14358
D145500,D237450,0.12196
D145500,D237500,0.2432
D145500,D238800,0.090111
D145500,D239350,0.1192
D145500,D240400,0.27263
D145500,D241100,0.055433
D145500,D241519,0.15082
D145500,D243200,0.11713
D145500,D246300,0.13679
D145500,D246400,0.070274
D145500,D246470,0.056326
D145500,D247200,0.2312
D145500,D247640,0.043933
D145500,D248190,0.08209
D145500,D249100,0.31839
D145500,D250790,0.21055
D145500,D252320,0.06469
D145500,D254200,0.11226
D145500,D254400,0.046932
D145500,D254450,0.041909
D145500,D254500,0.24629
D145500,D254770,0.083461
D145500,D254800,0.18304
D145500,D255900,0.099488
D145500,D256370,0.16221
D145500,D256700,0.3011
D145500,D258360,0.11936
D145500,D259050,0.074143
D145500,D259500,0.14083
D145500,D259660,0.020154
D145500,D260480,0.073876
D145500,D260570,0.12026
D145500,D260970,0.035777
D145500,D261515,0.28569
D145500,D263300,0.20279
D145500,D263800,0.29259
D145500,D264120,0.20126
D145500,D266120,0.23369
D145500,D266600,0.28728
D145500,D267730,0.02417
D145500,D267740,0.06569
D145500,D268220,0.08805
D145500,D268320,0.031154
D145500,D270960,0.17588
D145500,D273300,0.22522
D145500,D273800,0.2142
D145500,D275000,0.22887
D145500,D276300,0.088012
D145500,D277350,0.16595
D145500,D277440,0.30583
D145500,D277460,0.2373
D145500,D300125,0.10332
D145500,D300232,0.077539
D145500,D300491,0.067919
D145500,D303110,0.076648
D145500,D304790,0.21734
D145500,D304900,0.12699
D145500,D305300,0.16024
D145500,D308205,0.10286
D145500,D308350,0.15732
D145500,D308600,0.072448
D145500,D310468,0.24719
D145500,D311360,0.21905
D145500,D312910,0.11181
D145500,D540000,0.17826
D145500,D600082,0.051342
D145500,D600131,0.070746
D145500,D600263,0.22003
D145500,D600351,0.096641
D145500,D600496,0.29749
D145500,D600631,0.07266
D145500,D600634,0.062312
D145500,D600803,0.13982
D145500,D600807,0.2696
D145500,D600808,0.072332
D145500,D601004,0.055449
D145500,D601042,0.061556
D145500,D601367,0.38477
D145500,D601518,0.070718
D145500,D601608,0.028798
D145500,D601626,0.078832
D145500,D601665,0.20966
D145500,D601682,0.031086
D145500,D602068,0.045105
D145500,D602080,0.17666
D145500,D602522,0.27599
D145500,D603165,0.10956
D145500,D604278,0.26359
D145500,D604416,0.16561
D145500,D604827,0.051439
D145500,D605021,0.068916
D145500,D605055,0.082651
D145500,D605839,0.069961
D145500,D606703,0.09126
D145500,D606798,0.031649
D145500,D606842,0.10394
D145500,D607225,0.060096
D145500,D607459,0.094429
D145500,D607498,0.090395
D145500,D607499,0.032179
D145500,D607501,0.093165
D145500,D607508,0.1499
D145500,D607516,0.12143
D145500,D607554,0.22646
D145500,D607628,0.062886
D145500,D607631,0.062274
D145500,D607681,0.070687
D145500,D607682,0.071905
D145500,D607685,0.16085
D145500,D607850,0.097454
D145500,D608033,0.1346
D145500,D608088,0.066276
D145500,D608105,0.065448
D145500,D608217,0.079131
D145500,D608320,0.36523
D145500,D608583,0.22508
D145500,D608622,0.40472
D145590,D145600,0.085726
D145590,D146110,0.048258
D145590,D146255,0.10001
D145590,D146500,0.1945
D145590,D147480,0.15008
D145590,D147530,0.14811
D145590,D147540,0.10604
D145590,D148000,0.07044
D145590,D148100,0.10455
D145590,D150600,0.027986
D145590,D150699,0.078211
D145590,D151590,0.1016
D145590,D152700,0.072568
D145590,D153880,0.19058
D145590,D154276,0.039863
D145590,D155100,0.052334
D145590,D155600,0.17826
D145590,D155601,0.11388
D145590,D156000,0.1588
D145590,D156190,0.20366
D145590,D157300,0.28758
D145590,D157700,0.17559
D145590,D157950,0.060188
D145590,D158280,0.43445
D145590,D160300,0.048153
D145590,D160750,0.086178
D145590,D161900,0.052269
D145590,D164230,0.13869
D145590,D165150,0.27868
D145590,D165199,0.28166
D145590,D165720,0.11993
D145590,D166300,0.10081
D145590,D166760,0.090447
D145590,D167320,0.060975
D145590,D167870,0.15352
D145590,D168100,0.064899
D145590,D168600,0.086264
D145590,D171300,0.14808
D145590,D173200,0.12024
D145590,D174800,0.18727
D145590,D175100,0.12596
D145590,D176807,0.027166
D145590,D179800,0.056172
D145590,D181000,0.18393
D145590,D181500,0.14996
D145590,D182000,0.099198
D145590,D182280,0.062175
D145590,D182830,0.29422
D145590,D184700,0.068114
D145590,D187950,0.023903
D145590,D188050,0.034462
D145590,D189600,0.12811
D145590,D190300,0.10681
D145590,D190310,0.095759
D145590,D190400,0.077886
D145590,D191390,0.16554
D145590,D194070,0.038638
D145590,D194200,0.062428
D145590,D200170,0.15011
D145590,D203700,0.16417
D145590,D208085,0.060219
D145590,D208230,0.075496
D145590,D208300,0.17866
D145590,D208550,0.17964
D145590,D208700,0.072372
D145590,D208750,0.19614
D145590,D208920,0.10773
D145590,D210050,0.056553
D145590,D212050,0.20943
D145590,D212112,0.0873
D145590,D212130,0.052998
D145590,D212140,0.16137
D145590,D212350,0.16056
D145590,D215140,0.091476
D145590,D215470,0.20604
D145590,D217150,0.065258
D145590,D217200,0.081468
D145590,D218200,0.063482
D145590,D218800,0.10411
D145590,D220120,0.082314
D145590,D225740,0.20139
D145590,D225755,0.073792
D145590,D226000,0.078885
D145590,D226150,0.046131
D145590,D230450,0.087515
D145590,D230800,0.12277
D145590,D231200,0.15353
D145590,D233810,0.19638
D145590,D237450,0.11051
D145590,D237500,0.11712
D145590,D238800,0.041911
D145590,D239350,0.17489
D145590,D243200,0.038881
D145590,D246300,0.079051
D145590,D246400,0.055186
D145590,D247200,0.16055
D145590,D249100,0.16747
D145590,D250790,0.14424
D145590,D252320,0.15366
D145590,D254200,0.056407
D145590,D254400,0.099021
D145590,D254500,0.02321
D145590,D254770,0.064706
D145590,D254800,0.090821
D145590,D255900,0.24057
D145590,D256700,0.16759
D145590,D258360,0.23056
D145590,D259050,0.17956
D145590,D260480,0.17413
D145590,D260570,0.085856
D145590,D260970,0.083237
D145590,D261515,0.17581
D145590,D263800,0.14976
D145590,D264120,0.083329
D145590,D266600,0.13119
D145590,D267740,0.33458
D145590,D268220,0.15762
D145590,D268320,0.2654
D145590,D273300,0.018582
D145590,D273800,0.15499
D145590,D275000,0.20005
D145590,D276300,0.067448
D145590,D277350,0.26222
D145590,D277440,0.087101
D145590,D277460,0.11608
D145590,D278200,0.2053
D145590,D300125,0.23866
D145590,D300232,0.1965
D145590,D300491,0.17402
D145590,D300494,0.35643
D145590,D303110,0.21795
D145590,D304790,0.10487
D145590,D304900,0.032777
D145590,D305300,0.036478
D145590,D308205,0.18814
D145590,D308350,0.071897
D145590,D308600,0.13681
D145590,D311360,0.15076
D145590,D312910,0.18076
D145590,D540000,0.24863
D145590,D600131,0.10978
D145590,D600351,0.07634
D145590,D600496,0.072916
D145590,D600807,0.04735
D145590,D601042,0.25626
D145590,D601367,0.050754
D145590,D601608,0.066
D145590,D601665,0.10568
D145590,D601682,0.26116
D145590,D602068,0.12674
D145590,D602080,0.12905
D145590,D602522,0.197
D145590,D603165,0.15152
D145590,D604278,0.16542
D145590,D604416,0.076972
D145590,D604827,0.039784
D145590,D605021,0.10685
D145590,D605055,0.076237
D145590,D605839,0.093374
D145590,D606703,0.10393
D145590,D606798,0.22911
D145590,D606842,0.12331
D145590,D607225,0.16539
D145590,D607459,0.14574
D145590,D607498,0.36264
D145590,D607499,0.15911
D145590,D607501,0.34632
D145590,D607508,0.22219
D145590,D607516,0.24661
D145590,D607554,0.051434
D145590,D607628,0.09775
D145590,D607631,0.096631
D145590,D607681,0.10965
D145590,D607682,0.11155
D145590,D607685,0.083136
D145590,D607850,0.043037
D145590,D608033,0.11483
D145590,D608088,0.061678
D145590,D608105,0.23332
D145590,D608217,0.092187
D145590,D608320,0.029969
D145590,D608583,0.05653
D145590,D608622,0.05155
D145600,D146110,0.20296
D145600,D146255,0.24124
D145600,D146500,0.21424
D145600,D146850,0.05612
D145600,D147480,0.10925
D145600,D147530,0.088172
D145600,D147540,0.11451
D145600,D148000,0.14896
D145600,D148100,0.10805
D145600,D150600,0.20403
D145600,D150699,0.17512
D145600,D151400,0.13059
D145600,D151590,0.090643
D145600,D152700,0.28231
D145600,D153880,0.17998
D145600,D154276,0.38871
D145600,D155100,0.20998
D145600,D155600,0.17823
D145600,D155601,0.070405
D145600,D156000,0.10857
D145600,D156190,0.16996
D145600,D157300,0.12353
D145600,D157700,0.29314
D145600,D157950,0.19648
D145600,D158280,0.091131
D145600,D160300,0.13407
D145600,D160750,0.23198
D145600,D161900,0.19647
D145600,D164230,0.14152
D145600,D165150,0.18629
D145600,D165199,0.1422
D145600,D165720,0.1608
D145600,D166300,0.2424
D145600,D166710,0.2215
D145600,D166760,0.10836
D145600,D167320,0.26759
D145600,D167870,0.16832
D145600,D168100,0.11764
D145600,D168600,0.18303
D145600,D170900,0.072856
D145600,D171300,0.26119
D145600,D173200,0.13304
D145600,D174800,0.23102
D145600,D175100,0.25409
D145600,D175505,0.076126
D145600,D175510,0.088954
D145600,D176800,0.15914
D145600,D176807,0.20519
D145600,D178600,0.21858
D145600,D179600,0.070595
D145600,D179800,0.25925
D145600,D179830,0.1374
D145600,D181000,0.249
D145600,D181460,0.067551
D145600,D181500,0.22736
D145600,D182000,0.098746
D145600,D182280,0.1038
D145600,D182830,0.14552
D145600,D184700,0.16039
D145600,D187950,0.12293
D145600,D188030,0.083198
D145600,D188050,0.17776
D145600,D188470,0.16665
D145600,D189600,0.17967
D145600,D189800,0.13447
D145600,D190300,0.29455
D145600,D190310,0.06533
D145600,D190400,0.053387
D145600,D191390,0.17561
D145600,D192200,0.14676
D145600,D194070,0.23443
D145600,D194200,0.20831
D145600,D200170,0.11653
D145600,D203700,0.25491
D145600,D205700,0.020068
D145600,D206200,0.10352
D145600,D208085,0.2047
D145600,D208230,0.19002
D145600,D208300,0.18382
D145600,D208550,0.13485
D145600,D208700,0.15174
D145600,D208750,0.11919
D145600,D208920,0.20548
D145600,D210050,0.14157
D145600,D211980,0.1104
D145600,D212050,0.14464
D145600,D212110,0.048116
D145600,D212112,0.13697
D145600,D212130,0.15706
D145600,D212140,0.32708
D145600,D212350,0.35504
D145600,D215140,0.20536
D145600,D215470,0.19944
D145600,D217150,0.27518
D145600,D217200,0.12622
D145600,D218200,0.16361
D145600,D218800,0.1987
D145600,D220120,0.20696
D145600,D223350,0.064445
D145600,D225740,0.23436
D145600,D225755,0.16399
D145600,D226000,0.30135
D145600,D226150,0.030863
D145600,D227300,0.11132
D145600,D230450,0.19912
D145600,D230800,0.26664
D145600,D231090,0.077183
D145600,D231200,0.16021
D145600,D231900,0.13045
D145600,D233810,0.13513
D145600,D236000,0.11138
D145600,D237450,0.062721
D145600,D237500,0.14658
D145600,D238800,0.24937
D145600,D239350,0.20519
D145600,D240400,0.15984
D145600,D241100,0.12156
D145600,D241519,0.17267
D145600,D243200,0.14618
D145600,D246300,0.058896
D145600,D246400,0.12929
D145600,D246470,0.10037
D145600,D247200,0.33365
D145600,D247640,0.067195
D145600,D248190,0.10422
D145600,D249100,0.26814
D145600,D250790,0.15861
D145600,D252320,0.14013
D145600,D254200,0.2835
D145600,D254400,0.061941
D145600,D254450,0.074818
D145600,D254500,0.15898
D145600,D254770,0.1361
D145600,D254800,0.24312
D145600,D255900,0.17984
D145600,D256370,0.10953
D145600,D256700,0.28649
D145600,D258360,0.12374
D145600,D259050,0.28403
D145600,D259500,0.16273
D145600,D259660,0.18921
D145600,D260480,0.14094
D145600,D260570,0.078994
D145600,D260970,0.087278
D145600,D261515,0.35131
D145600,D263300,0.10866
D145600,D263800,0.24639
D145600,D264120,0.086057
D145600,D266120,0.12986
D145600,D266600,0.27364
D145600,D267730,0.056942
D145600,D267740,0.18894
D145600,D268220,0.082773
D145600,D268320,0.15717
D145600,D270960,0.15229
D145600,D273300,0.20724
D145600,D273800,0.20323
D145600,D275000,0.23063
D145600,D276300,0.15201
D145600,D277350,0.1363
D145600,D277440,0.27731
D145600,D277460,0.19407
D145600,D278200,0.12741
D145600,D300125,0.10988
D145600,D300232,0.32625
D145600,D300491,0.20848
D145600,D300494,0.13333
D145600,D303110,0.10995
D145600,D304790,0.16822
D145600,D304900,0.13558
D145600,D305300,0.18362
D145600,D308205,0.17982
D145600,D308350,0.21809
D145600,D308600,0.057502
D145600,D310468,0.15015
D145600,D311360,0.21224
D145600,D312910,0.16258
D145600,D540000,0.30346
D145600,D600082,0.040951
D145600,D600131,0.15773
D145600,D600263,0.17702
D145600,D600351,0.11328
D145600,D600496,0.10866
D145600,D600631,0.057659
D145600,D600634,0.13336
D145600,D600803,0.11707
D145600,D600807,0.20296
D145600,D600808,0.057398
D145600,D601004,0.066053
D145600,D601042,0.18363
D145600,D601367,0.25397
D145600,D601518,0.09276
D145600,D601608,0.17355
D145600,D601626,0.070782
D145600,D601665,0.20703
D145600,D601682,0.08564
D145600,D602068,0.053262
D145600,D602080,0.22729
D145600,D602522,0.23008
D145600,D603165,0.17319
D145600,D604278,0.239
D145600,D604416,0.17269
D145600,D604827,0.11424
D145600,D605021,0.17108
D145600,D605055,0.17146
D145600,D605839,0.081456
D145600,D606703,0.14514
D145600,D606798,0.17194
D145600,D606842,0.31001
D145600,D607225,0.19604
D145600,D607459,0.15652
D145600,D607498,0.10987
D145600,D607499,0.038395
D145600,D607501,0.099758
D145600,D607508,0.1549
D145600,D607516,0.14545
D145600,D607554,0.16105
D145600,D607628,0.15294
D145600,D607631,0.1425
D145600,D607681,0.16103
D145600,D607682,0.16165
D145600,D607685,0.16868
D145600,D607850,0.10213
D145600,D608033,0.20666
D145600,D608088,0.15906
D145600,D608105,0.2429
D145600,D608217,0.14999
D145600,D608320,0.11522
D145600,D608583,0.15799
D145600,D608622,0.14679
D146110,D146255,0.21108
D146110,D146500,0.18477
D146110,D146850,0.079479
D146110,D147480,0.092462
D146110,D147530,0.08993
D146110,D147540,0.021032
D146110,D148000,0.11546
D146110,D148100,0.13143
D146110,D150600,0.14611
D146110,D150699,0.1816
D146110,D151400,0.085512
D146110,D151590,0.1584
D146110,D152700,0.20756
D146110,D153880,0.089244
D146110,D154276,0.11837
D146110,D155100,0.19338
D146110,D155600,0.11
D146110,D155601,0.026999
D146110,D156000,0.095458
D146110,D156190,0.063208
D146110,D157300,0.11599
D146110,D157700,0.079717
D146110,D157950,0.10348
D146110,D160300,0.046327
D146110,D160750,0.1258
D146110,D161900,0.24789
D146110,D164230,0.066359
D146110,D165150,0.04154
D146110,D165199,0.065819
D146110,D165720,0.13309
D146110,D166300,0.12956
D146110,D166710,0.16457
D146110,D166760,0.06494
D146110,D167320,0.14852
D146110,D167870,0.11019
D146110,D168100,0.031219
D146110,D168600,0.05779
D146110,D170900,0.10297
D146110,D171300,0.1886
D146110,D173200,0.021412
D146110,D174800,0.27557
D146110,D175100,0.17332
D146110,D175505,0.04583
D146110,D175510,0.06243
D146110,D176800,0.027831
D146110,D176807,0.33378
D146110,D178600,0.17848
D146110,D179600,0.064573
D146110,D179800,0.18665
D146110,D179830,0.14966
D146110,D181000,0.12577
D146110,D181460,0.043384
D146110,D181500,0.1498
D146110,D182000,0.039769
D146110,D182280,0.17771
D146110,D182830,0.045494
D146110,D184700,0.37762
D146110,D187950,0.15687
D146110,D188030,0.12053
D146110,D188050,0.2169
D146110,D188470,0.18306
D146110,D189600,0.12283
D146110,D189800,0.17641
D146110,D190300,0.11487
D146110,D190310,0.046064
D146110,D190400,0.037466
D146110,D191390,0.12241
D146110,D191800,0.045761
D146110,D192000,0.084176
D146110,D192200,0.07767
D146110,D194070,0.29359
D146110,D194200,0.090248
D146110,D200170,0.13338
D146110,D203700,0.11001
D146110,D206200,0.1108
D146110,D208085,0.08707
D146110,D208230,0.12211
D146110,D208550,0.034605
D146110,D208700,0.069599
D146110,D208750,0.055956
D146110,D208920,0.16222
D146110,D210050,0.054473
D146110,D211980,0.16194
D146110,D212050,0.018192
D146110,D212110,0.03388
D146110,D212112,0.18996
D146110,D212130,0.076632
D146110,D212140,0.23845
D146110,D212350,0.088101
D146110,D215140,0.1419
D146110,D215470,0.24023
D146110,D217150,0.062464
D146110,D217200,0.058895
D146110,D218200,0.091621
D146110,D218800,0.14106
D146110,D220120,0.17411
D146110,D223350,0.054633
D146110,D225740,0.062408
D146110,D225755,0.07119
D146110,D226000,0.24204
D146110,D227300,0.14005
D146110,D230450,0.10443
D146110,D230800,0.19899
D146110,D231090,0.091732
D146110,D231200,0.12884
D146110,D231900,0.076853
D146110,D233810,0.037177
D146110,D236000,0.071359
D146110,D237450,0.066422
D146110,D237500,0.17811
D146110,D238800,0.12236
D146110,D239350,0.08351
D146110,D240400,0.25619
D146110,D241100,0.4314
D146110,D241519,0.14072
D146110,D243200,0.11244
D146110,D246300,0.067699
D146110,D246400,0.07813
D146110,D246470,0.11044
D146110,D247200,0.18914
D146110,D247640,0.04899
D146110,D248190,0.036759
D146110,D249100,0.23603
D146110,D250790,0.098241
D146110,D252320,0.083648
D146110,D254200,0.18187
D146110,D254400,0.069876
D146110,D254450,0.030948
D146110,D254500,0.15839
D146110,D254770,0.031126
D146110,D254800,0.10302
D146110,D255900,0.10762
D146110,D256370,0.22534
D146110,D256700,0.211
D146110,D258360,0.061301
D146110,D259050,0.079841
D146110,D259500,0.12334
D146110,D259660,0.096384
D146110,D260480,0.046345
D146110,D260570,0.061464
D146110,D260970,0.060178
D146110,D261515,0.23605
D146110,D263300,0.11974
D146110,D263800,0.21305
D146110,D264120,0.45765
D146110,D266120,0.14478
D146110,D266600,0.20772
D146110,D267730,0.026763
D146110,D267740,0.049227
D146110,D268220,0.098379
D146110,D268320,0.069931
D146110,D270960,0.19775
D146110,D273300,0.32671
D146110,D273800,0.15597
D146110,D275000,0.21162
D146110,D276300,0.099105
D146110,D277350,0.14623
D146110,D277440,0.248
D146110,D277460,0.17993
D146110,D300125,0.096522
D146110,D300232,0.079169
D146110,D300491,0.05063
D146110,D303110,0.18297
D146110,D304790,0.14963
D146110,D304900,0.063166
D146110,D305300,0.070667
D146110,D308205,0.053155
D146110,D308350,0.08655
D146110,D308600,0.054103
D146110,D310468,0.096475
D146110,D311360,0.33229
D146110,D312910,0.19103
D146110,D540000,0.14431
D146110,D600082,0.19205
D146110,D600131,0.052807
D146110,D600263,0.13788
D146110,D600351,0.10025
D146110,D600496,0.25481
D146110,D600631,0.040672
D146110,D600634,0.092366
D146110,D600803,0.11524
D146110,D600807,0.12182
D146110,D600808,0.040461
D146110,D601042,0.047096
D146110,D601367,0.16073
D146110,D601518,0.34894
D146110,D601608,0.031749
D146110,D601626,0.083548
D146110,D601665,0.18844
D146110,D601682,0.038023
D146110,D602080,0.16212
D146110,D602522,0.26577
D146110,D603165,0.081307
D146110,D604278,0.14602
D146110,D604416,0.075232
D146110,D604827,0.019137
D146110,D605021,0.051401
D146110,D605055,0.055092
D146110,D605839,0.13366
D146110,D606703,0.049997
D146110,D606798,0.071024
D146110,D606842,0.13545
D146110,D607225,0.025861
D146110,D607459,0.067827
D146110,D607498,0.084414
D146110,D607499,0.035747
D146110,D607501,0.087565
D146110,D607508,0.14519
D146110,D607516,0.084172
D146110,D607554,0.098971
D146110,D607628,0.047022
D146110,D607631,0.046484
D146110,D607681,0.052748
D146110,D607682,0.053662
D146110,D607685,0.12165
D146110,D607850,0.061945
D146110,D608033,0.059942
D146110,D608088,0.089224
D146110,D608105,0.036245
D146110,D608217,0.066497
D146110,D608320,0.13626
D146110,D608583,0.081583
D146110,D608622,0.15533
D146255,D146500,0.22918
D146255,D146850,0.054488
D146255,D147480,0.089524
D146255,D147530,0.073406
D146255,D147540,0.021752
D146255,D148000,0.10812
D146255,D150600,0.1219
D146255,D150699,0.067333
D146255,D151400,0.078699
D146255,D151590,0.11131
D146255,D152700,0.27316
D146255,D153880,0.17533
D146255,D154276,0.12202
D146255,D155100,0.21948
D146255,D155600,0.15109
D146255,D155601,0.12683
D146255,D156000,0.30303
D146255,D156190,0.16373
D146255,D157300,0.22523
D146255,D157700,0.12778
D146255,D157950,0.13789
D146255,D158280,0.066899
D146255,D160300,0.168
D146255,D160750,0.13203
D146255,D161900,0.38439
D146255,D164230,0.18558
D146255,D165150,0.10815
D146255,D165199,0.26596
D146255,D165720,0.10043
D146255,D166300,0.23625
D146255,D166710,0.13906
D146255,D166760,0.11399
D146255,D167320,0.19347
D146255,D167870,0.22124
D146255,D168100,0.18882
D146255,D168600,0.18152
D146255,D170900,0.070847
D146255,D171300,0.22952
D146255,D173200,0.092067
D146255,D174800,0.24653
D146255,D175100,0.19139
D146255,D175505,0.015799
D146255,D175510,0.047856
D146255,D176800,0.087319
D146255,D176807,0.17625
D146255,D178600,0.10809
D146255,D179600,0.21911
D146255,D179800,0.21762
D146255,D179830,0.11958
D146255,D181000,0.19505
D146255,D181460,0.021984
D146255,D181500,0.30211
D146255,D182000,0.020564
D146255,D182280,0.097181
D146255,D182830,0.16514
D146255,D184700,0.18386
D146255,D187950,0.15637
D146255,D188030,0.097805
D146255,D188050,0.22401
D146255,D188470,0.20174
D146255,D189600,0.12632
D146255,D189800,0.14215
D146255,D190300,0.17215
D146255,D190310,0.071486
D146255,D190400,0.038747
D146255,D191390,0.1003
D146255,D191800,0.099635
D146255,D192000,0.042598
D146255,D192200,0.080322
D146255,D194070,0.24542
D146255,D194200,0.23648
D146255,D200170,0.21103
D146255,D203700,0.2097
D146255,D205700,0.029338
D146255,D206200,0.1142
D146255,D208085,0.18319
D146255,D208230,0.1252
D146255,D208300,0.10859
D146255,D208550,0.14233
D146255,D208700,0.16748
D146255,D208750,0.20726
D146255,D208920,0.24919
D146255,D210050,0.24143
D146255,D211980,0.069812
D146255,D212050,0.056527
D146255,D212110,0.035038
D146255,D212112,0.10864
D146255,D212130,0.052743
D146255,D212140,0.21546
D146255,D212350,0.15777
D146255,D215140,0.10555
D146255,D215470,0.25937
D146255,D217150,0.065544
D146255,D217200,0.32505
D146255,D218200,0.18935
D146255,D218800,0.2693
D146255,D220120,0.28161
D146255,D223350,0.056315
D146255,D225740,0.1821
D146255,D225755,0.14699
D146255,D226000,0.20099
D146255,D227300,0.08907
D146255,D230450,0.13151
D146255,D230800,0.13238
D146255,D231090,0.018983
D146255,D231200,0.161
D146255,D231900,0.10556
D146255,D233810,0.20546
D146255,D236000,0.11769
D146255,D237450,0.091495
D146255,D237500,0.10821
D146255,D238800,0.10555
D146255,D239350,0.2924
D146255,D240400,0.23975
D146255,D241100,0.096649
D146255,D241519,0.23024
D146255,D243200,0.17461
D146255,D246300,0.10382
D146255,D246400,0.034776
D146255,D246470,0.065276
D146255,D247200,0.30339
D146255,D247640,0.063178
D146255,D248190,0.13332
D146255,D249100,0.23989
D146255,D250790,0.17181
D146255,D252320,0.086465
D146255,D254200,0.18331
D146255,D254400,0.054129
D146255,D254450,0.03199
D146255,D254500,0.18908
D146255,D254770,0.19908
D146255,D254800,0.28495
D146255,D255900,0.16109
D146255,D256370,0.18223
D146255,D256700,0.20894
D146255,D258360,0.11173
D146255,D259050,0.19392
D146255,D259500,0.12593
D146255,D259660,0.023339
D146255,D260480,0.079627
D146255,D260570,0.084439
D146255,D260970,0.1146
D146255,D261515,0.27227
D146255,D263300,0.08811
D146255,D263800,0.37126
D146255,D264120,0.18844
D146255,D266120,0.12381
D146255,D266600,0.17709
D146255,D267730,0.027681
D146255,D267740,0.32856
D146255,D268220,0.11634
D146255,D268320,0.15242
D146255,D270960,0.074073
D146255,D273300,0.24373
D146255,D273800,0.20812
D146255,D275000,0.20212
D146255,D276300,0.10964
D146255,D277350,0.13901
D146255,D277440,0.31937
D146255,D277460,0.1763
D146255,D278200,0.083574
D146255,D300125,0.28085
D146255,D300232,0.20953
D146255,D300491,0.30601
D146255,D300494,0.16059
D146255,D303110,0.2809
D146255,D304790,0.18445
D146255,D304900,0.23001
D146255,D305300,0.15121
D146255,D308205,0.24345
D146255,D308350,0.20385
D146255,D308600,0.083883
D146255,D310468,0.22216
D146255,D311360,0.31679
D146255,D312910,0.27903
D146255,D540000,0.37074
D146255,D600082,0.059901
D146255,D600131,0.2314
D146255,D600263,0.16577
D146255,D600351,0.1289
D146255,D600496,0.2493
D146255,D600631,0.084134
D146255,D600634,0.047206
D146255,D600803,0.085977
D146255,D600807,0.13274
D146255,D600808,0.083754
D146255,D601042,0.14877
D146255,D601367,0.30806
D146255,D601518,0.05417
D146255,D601608,0.10173
D146255,D601626,0.069074
D146255,D601665,0.17528
D146255,D601682,0.12955
D146255,D602080,0.27069
D146255,D602522,0.33381
D146255,D603165,0.12488
D146255,D604278,0.3426
D146255,D604416,0.1085
D146255,D604827,0.13725
D146255,D605021,0.25137
D146255,D605055,0.21336
D146255,D605839,0.057107
D146255,D606703,0.18602
D146255,D606798,0.18493
D146255,D606842,0.091159
D146255,D607225,0.15048
D146255,D607459,0.21877
D146255,D607498,0.26611
D146255,D607499,0.085989
D146255,D607501,0.25448
D146255,D607508,0.33867
D146255,D607516,0.28144
D146255,D607554,0.2097
D146255,D607628,0.22475
D146255,D607631,0.2091
D146255,D607681,0.23627
D146255,D607682,0.2372
D146255,D607685,0.13439
D146255,D607850,0.092254
D146255,D608033,0.1976
D146255,D608088,0.1075
D146255,D608105,0.24096
D146255,D608217,0.24344
D146255,D608320,0.12003
D146255,D608583,0.20286
D146255,D608622,0.2703
D146500,D146850,0.075037
D146500,D147480,0.12724
D146500,D147530,0.101
D146500,D147540,0.10316
D146500,D148000,0.10286
D146500,D148100,0.14804
D146500,D150600,0.12387
D146500,D150699,0.15623
D146500,D151400,0.06886
D146500,D151590,0.15951
D146500,D152700,0.16118
D146500,D153880,0.15997
D146500,D154276,0.18377
D146500,D155100,0.10166
D146500,D155600,0.13956
D146500,D155601,0.046477
D146500,D156000,0.18707
D146500,D156190,0.15225
D146500,D157300,0.13732
D146500,D157700,0.15851
D146500,D157950,0.096658
D146500,D158280,0.15476
D146500,D160300,0.043907
D146500,D160750,0.18235
D146500,D161900,0.15963
D146500,D164230,0.27598
D146500,D165150,0.18698
D146500,D165199,0.12759
D146500,D165720,0.071505
D146500,D166300,0.14548
D146500,D166710,0.10808
D146500,D166760,0.10278
D146500,D167320,0.25495
D146500,D167870,0.14495
D146500,D168100,0.25391
D146500,D168600,0.25197
D146500,D170900,0.081189
D146500,D171300,0.27876
D146500,D173200,0.11155
D146500,D174800,0.19533
D146500,D175100,0.25699
D146500,D175505,0.10468
D146500,D175510,0.10266
D146500,D176800,0.026359
D146500,D176807,0.13647
D146500,D178600,0.12389
D146500,D179600,0.061239
D146500,D179800,0.15573
D146500,D179830,0.14302
D146500,D181000,0.20683
D146500,D181460,0.019972
D146500,D181500,0.2857
D146500,D182000,0.09695
D146500,D182280,0.14215
D146500,D182830,0.17647
D146500,D184700,0.22749
D146500,D187950,0.10921
D146500,D188030,0.11517
D146500,D188050,0.17308
D146500,D188470,0.071789
D146500,D189600,0.17702
D146500,D189800,0.15171
D146500,D190300,0.37239
D146500,D190310,0.16151
D146500,D190400,0.035533
D146500,D191390,0.23023
D146500,D191800,0.19243
D146500,D192000,0.0387
D146500,D192200,0.098133
D146500,D194070,0.14499
D146500,D194200,0.20494
D146500,D200170,0.17401
D146500,D203700,0.26978
D146500,D206200,0.10474
D146500,D208085,0.14886
D146500,D208230,0.090594
D146500,D208300,0.080696
D146500,D208550,0.13045
D146500,D208700,0.24547
D146500,D208750,0.19692
D146500,D208920,0.36496
D146500,D210050,0.14777
D146500,D211980,0.065919
D146500,D212050,0.17693
D146500,D212110,0.032095
D146500,D212112,0.099774
D146500,D212130,0.10275
D146500,D212140,0.29674
D146500,D212350,0.20233
D146500,D215140,0.13302
D146500,D215470,0.43794
D146500,D217150,0.089021
D146500,D217200,0.11215
D146500,D218200,0.17822
D146500,D218800,0.21264
D146500,D220120,0.23022
D146500,D223350,0.034485
D146500,D225740,0.1875
D146500,D225755,0.16977
D146500,D226000,0.12582
D146500,D227300,0.13386
D146500,D230450,0.18318
D146500,D230800,0.20796
D146500,D231090,0.034368
D146500,D231200,0.11913
D146500,D231900,0.096851
D146500,D233810,0.13598
D146500,D236000,0.053888
D146500,D237450,0.12887
D146500,D237500,0.13563
D146500,D238800,0.14796
D146500,D239350,0.11076
D146500,D240400,0.32984
D146500,D241100,0.088303
D146500,D241519,0.17769
D146500,D243200,0.21858
D146500,D246300,0.079118
D146500,D246400,0.085961
D146500,D246470,0.11915
D146500,D247200,0.22212
D146500,D247640,0.014473
D146500,D248190,0.087117
D146500,D249100,0.22001
D146500,D250790,0.16777
D146500,D252320,0.22794
D146500,D254200,0.14409
D146500,D254400,0.072984
D146500,D254450,0.029383
D146500,D254500,0.17817
D146500,D254770,0.14936
D146500,D254800,0.38177
D146500,D255900,0.15187
D146500,D256370,0.042617
D146500,D256700,0.25712
D146500,D258360,0.14822
D146500,D259050,0.16816
D146500,D259500,0.05766
D146500,D259660,0.042895
D146500,D260480,0.14927
D146500,D260570,0.058113
D146500,D260970,0.20264
D146500,D261515,0.2531
D146500,D263300,0.096872
D146500,D263800,0.27561
D146500,D264120,0.2137
D146500,D266120,0.094766
D146500,D266600,0.26432
D146500,D267740,0.19786
D146500,D268220,0.12681
D146500,D268320,0.15368
D146500,D270960,0.067731
D146500,D273300,0.14936
D146500,D273800,0.22448
D146500,D275000,0.24465
D146500,D276300,0.17555
D146500,D277350,0.29389
D146500,D277440,0.23143
D146500,D277460,0.34523
D146500,D278200,0.13869
D146500,D300125,0.14679
D146500,D300232,0.21046
D146500,D300491,0.1832
D146500,D300494,0.24271
D146500,D303110,0.13099
D146500,D304790,0.23176
D146500,D304900,0.15309
D146500,D305300,0.10229
D146500,D308205,0.2237
D146500,D308350,0.21424
D146500,D308600,0.13259
D146500,D310468,0.091878
D146500,D311360,0.21444
D146500,D312910,0.24595
D146500,D540000,0.28823
D146500,D600082,0.027409
D146500,D600131,0.15057
D146500,D600263,0.088941
D146500,D600351,0.08718
D146500,D600496,0.24984
D146500,D600634,0.043278
D146500,D600803,0.11674
D146500,D600807,0.11886
D146500,D601042,0.21135
D146500,D601367,0.25947
D146500,D601518,0.024798
D146500,D601608,0.062228
D146500,D601626,0.031708
D146500,D601665,0.23442
D146500,D601682,0.11794
D146500,D602068,0.14674
D146500,D602080,0.16989
D146500,D602522,0.23796
D146500,D603165,0.12735
D146500,D604278,0.23641
D146500,D604416,0.16606
D146500,D604827,0.094682
D146500,D605021,0.14941
D146500,D605055,0.17603
D146500,D605839,0.03795
D146500,D606703,0.17917
D146500,D606798,0.26877
D146500,D606842,0.12754
D146500,D607225,0.19434
D146500,D607459,0.33532
D146500,D607498,0.12904
D146500,D607499,0.078532
D146500,D607501,0.13327
D146500,D607508,0.18917
D146500,D607516,0.16046
D146500,D607554,0.14072
D146500,D607628,0.13648
D146500,D607631,0.1551
D146500,D607681,0.15172
D146500,D607682,0.15399
D146500,D607685,0.18016
D146500,D607850,0.038926
D146500,D608033,0.21721
D146500,D608088,0.18974
D146500,D608105,0.19328
D146500,D608217,0.1707
D146500,D608320,0.1233
D146500,D608583,0.1289
D146500,D608622,0.19405
D146850,D147480,0.075119
D146850,D147530,0.04034
D146850,D148000,0.067233
D146850,D150600,0.059443
D146850,D150699,0.078676
D146850,D151400,0.27177
D146850,D151590,0.094071
D146850,D152700,0.19831
D146850,D154276,0.092775
D146850,D155100,0.18203
D146850,D155600,0.18805
D146850,D157300,0.098399
D146850,D157950,0.068708
D146850,D160750,0.096046
D146850,D161900,0.087311
D146850,D165720,0.042891
D146850,D166300,0.054013
D146850,D166710,0.06452
D146850,D167320,0.067531
D146850,D168600,0.023173
D146850,D171300,0.043626
D146850,D174800,0.05117
D146850,D175100,0.14505
D146850,D175510,0.17711
D146850,D176807,0.088837
D146850,D178600,0.078698
D146850,D179800,0.26467
D146850,D179830,0.087062
D146850,D181000,0.19406
D146850,D181500,0.23435
D146850,D182280,0.1786
D146850,D184700,0.0671
D146850,D187950,0.15958
D146850,D188030,0.14416
D146850,D188050,0.11345
D146850,D188470,0.085625
D146850,D189800,0.077763
D146850,D190300,0.029042
D146850,D191390,0.22283
D146850,D194070,0.21291
D146850,D203700,0.020821
D146850,D206200,0.16873
D146850,D208230,0.079868
D146850,D208550,0.19955
D146850,D208920,0.21084
D146850,D211980,0.075491
D146850,D212140,0.13798
D146850,D212350,0.02862
D146850,D215140,0.1343
D146850,D215470,0.069905
D146850,D218800,0.19976
D146850,D220120,0.09509
D146850,D223350,0.21022
D146850,D227300,0.097031
D146850,D230450,0.14149
D146850,D230800,0.15759
D146850,D231090,0.04113
D146850,D231200,0.093899
D146850,D231900,0.17426
D146850,D236000,0.24667
D146850,D237500,0.11687
D146850,D238800,0.046023
D146850,D240400,0.069582
D146850,D241519,0.11013
D146850,D246300,0.3393
D146850,D246400,0.050286
D146850,D247200,0.063921
D146850,D247640,0.069148
D146850,D249100,0.093407
D146850,D250790,0.14252
D146850,D254200,0.061308
D146850,D254450,0.070917
D146850,D254500,0.19338
D146850,D254800,0.023173
D146850,D256700,0.15116
D146850,D258360,0.27694
D146850,D259500,0.26283
D146850,D260480,0.1331
D146850,D260570,0.25065
D146850,D260970,0.045619
D146850,D261515,0.060122
D146850,D263300,0.2347
D146850,D263800,0.052077
D146850,D264120,0.09236
D146850,D266120,0.18207
D146850,D266600,0.19633
D146850,D268220,0.084131
D146850,D270960,0.040573
D146850,D273300,0.081409
D146850,D273800,0.13628
D146850,D275000,0.26411
D146850,D277350,0.087176
D146850,D277440,0.065043
D146850,D277460,0.058573
D146850,D304790,0.2266
D146850,D308350,0.039351
D146850,D311360,0.080677
D146850,D540000,0.093357
D146850,D600263,0.071113
D146850,D600351,0.11861
D146850,D600496,0.076603
D146850,D600803,0.092836
D146850,D600807,0.2604
D146850,D601367,0.057166
D146850,D601626,0.11407
D146850,D602080,0.068519
D146850,D602522,0.05909
D146850,D603165,0.073734
D146850,D604278,0.060045
D146850,D605055,0.041724
D146850,D606842,0.033065
D146850,D607508,0.082785
D146850,D607685,0.24393
D146850,D607850,0.10054
D146850,D608088,0.033776
D146850,D608622,0.1249
D147480,D147530,0.050468
D147480,D147540,0.064246
D147480,D148000,0.13159
D147480,D148100,0.12469
D147480,D150600,0.095499
D147480,D150699,0.13992
D147480,D151400,0.069406
D147480,D151590,0.24774
D147480,D152700,0.10887
D147480,D154276,0.086141
D147480,D155100,0.054611
D147480,D155600,0.14019
D147480,D155601,0.069191
D147480,D157300,0.085134
D147480,D157700,0.087793
D147480,D157950,0.06364
D147480,D158280,0.045518
D147480,D160750,0.18093
D147480,D161900,0.13242
D147480,D164230,0.031695
D147480,D165150,0.030047
D147480,D165720,0.028232
D147480,D166300,0.050664
D147480,D166710,0.16046
D147480,D166760,0.061609
D147480,D167320,0.12077
D147480,D167870,0.019707
D147480,D168600,0.048185
D147480,D170900,0.024577
D147480,D171300,0.16692
D147480,D173200,0.13641
D147480,D174800,0.12189
D147480,D175100,0.12519
D147480,D175505,0.043894
D147480,D175510,0.11376
D147480,D176807,0.13233
D147480,D178600,0.1204
D147480,D179800,0.084606
D147480,D179830,0.082512
D147480,D181000,0.18651
D147480,D181500,0.10933
D147480,D182000,0.11681
D147480,D182280,0.092978
D147480,D184700,0.17583
D147480,D187950,0.086796
D147480,D188030,0.12053
D147480,D188050,0.12751
D147480,D188470,0.14612
D147480,D189800,0.22845
D147480,D190300,0.018307
D147480,D190310,0.032986
D147480,D191390,0.15498
D147480,D192200,0.036816
D147480,D194070,0.081434
D147480,D194200,0.021461
D147480,D200170,0.096248
D147480,D203700,0.16125
D147480,D206200,0.15735
D147480,D208085,0.29156
D147480,D208230,0.068313
D147480,D208300,0.029793
D147480,D208550,0.17454
D147480,D208750,0.087194
D147480,D208920,0.10681
D147480,D210050,0.11223
D147480,D211980,0.18189
D147480,D212050,0.13566
D147480,D212140,0.2241
D147480,D212350,0.019662
D147480,D215140,0.16057
D147480,D215470,0.065993
D147480,D217150,0.022443
D147480,D217200,0.042453
D147480,D218800,0.25256
D147480,D220120,0.2042
D147480,D223350,0.051813
D147480,D226150,0.062447
D147480,D227300,0.12998
D147480,D230450,0.12667
D147480,D230800,0.14283
D147480,D231090,0.051445
D147480,D231200,0.1415
D147480,D231900,0.072872
D147480,D233810,0.070868
D147480,D236000,0.085557
D147480,D237450,0.22755
D147480,D237500,0.39102
D147480,D239350,0.024424
D147480,D240400,0.11312
D147480,D241100,0.066103
D147480,D241519,0.15778
D147480,D243200,0.053268
D147480,D246300,0.095028
D147480,D246400,0.17316
D147480,D246470,0.04493
D147480,D247200,0.10629
D147480,D247640,0.054728
D147480,D248190,0.078622
D147480,D249100,0.1816
D147480,D250790,0.15626
D147480,D252320,0.074902
D147480,D254200,0.14646
D147480,D254400,0.059357
D147480,D254450,0.046429
D147480,D254500,0.099882
D147480,D254800,0.045471
D147480,D255900,0.091542
D147480,D256370,0.02093
D147480,D256700,0.19124
D147480,D258360,0.066391
D147480,D259050,0.057209
D147480,D259500,0.043389
D147480,D260480,0.3218
D147480,D260570,0.16266
D147480,D261515,0.17394
D147480,D263300,0.15352
D147480,D263800,0.16624
D147480,D264120,0.08699
D147480,D266120,0.085438
D147480,D266600,0.18855
D147480,D268220,0.026421
D147480,D268320,0.026052
D147480,D270960,0.025396
D147480,D273300,0.091911
D147480,D273800,0.15431
D147480,D275000,0.15505
D147480,D276300,0.096942
D147480,D277350,0.1682
D147480,D277440,0.13124
D147480,D277460,0.21378
D147480,D278200,0.10451
D147480,D300125,0.027639
D147480,D300232,0.047646
D147480,D304790,0.19068
D147480,D308205,0.078365
D147480,D308350,0.025501
D147480,D308600,0.22759
D147480,D310468,0.022883
D147480,D311360,0.089153
D147480,D540000,0.088758
D147480,D600263,0.13759
D147480,D600351,0.11813
D147480,D600496,0.12526
D147480,D600803,0.45371
D147480,D600807,0.17586
D147480,D601004,0.096013
D147480,D601042,0.01697
D147480,D601367,0.11029
D147480,D601608,0.065838
D147480,D601626,0.076609
D147480,D601665,0.091817
D147480,D602068,0.148
D147480,D602080,0.091923
D147480,D602522,0.111
D147480,D603165,0.20866
D147480,D604278,0.056492
D147480,D604416,0.088999
D147480,D604827,0.090233
D147480,D605839,0.082653
D147480,D606842,0.021906
D147480,D607225,0.039147
D147480,D607459,0.015924
D147480,D607498,0.04871
D147480,D607499,0.038593
D147480,D607501,0.050077
D147480,D607508,0.10385
D147480,D607516,0.024145
D147480,D607685,0.2368
D147480,D607850,0.029221
D147480,D608033,0.058643
D147480,D608088,0.021244
D147480,D608320,0.043448
D147480,D608622,0.11442
D147530,D147540,0.032115
D147530,D150600,0.019804
D147530,D150699,0.024748
D147530,D152700,0.07354
D147530,D153880,0.05371
D147530,D154276,0.058891
D147530,D155100,0.057835
D147530,D155600,0.029321
D147530,D156000,0.05829
D147530,D156190,0.072309
D147530,D157300,0.13387
D147530,D157700,0.066332
D147530,D157950,0.02161
D147530,D160300,0.10614
D147530,D160750,0.095078
D147530,D161900,0.057637
D147530,D164230,0.13524
D147530,D165150,0.063509
D147530,D165199,0.1547
D147530,D165720,0.14691
D147530,D166300,0.017619
D147530,D166710,0.021709
D147530,D167320,0.089992
D147530,D167870,0.084069
D147530,D168100,0.071566
D147530,D168600,0.12689
D147530,D171300,0.059469
D147530,D174800,0.034457
D147530,D175100,0.10458
D147530,D175505,0.023326
D147530,D176800,0.042497
D147530,D176807,0.039906
D147530,D178600,0.017576
D147530,D179800,0.10479
D147530,D181000,0.042985
D147530,D181500,0.14331
D147530,D182000,0.030362
D147530,D182280,0.019652
D147530,D182830,0.069554
D147530,D184700,0.044766
D147530,D187950,0.03511
D147530,D188050,0.050625
D147530,D189600,0.061401
D147530,D189800,0.026169
D147530,D190300,0.11697
D147530,D190310,0.070426
D147530,D190400,0.057204
D147530,D191390,0.016423
D147530,D192200,0.039501
D147530,D194070,0.056794
D147530,D194200,0.06884
D147530,D200170,0.049705
D147530,D203700,0.085476
D147530,D208085,0.054745
D147530,D208230,0.074923
D147530,D208550,0.052483
D147530,D208700,0.14128
D147530,D208750,0.042674
D147530,D208920,0.11179
D147530,D210050,0.062348
D147530,D212050,0.027777
D147530,D212112,0.064204
D147530,D212130,0.078223
D147530,D212140,0.13652
D147530,D212350,0.096086
D147530,D215140,0.02962
D147530,D215470,0.097233
D147530,D217150,0.023844
D147530,D217200,0.059916
D147530,D218200,0.16441
D147530,D218800,0.070001
D147530,D220120,0.090739
D147530,D225740,0.095554
D147530,D225755,0.08136
D147530,D226000,0.086955
D147530,D227300,0.033256
D147530,D230450,0.20097
D147530,D230800,0.048697
D147530,D231090,0.027583
D147530,D231200,0.021097
D147530,D233810,0.085228
D147530,D237450,0.033676
D147530,D237500,0.09807
D147530,D238800,0.092494
D147530,D239350,0.051056
D147530,D240400,0.070514
D147530,D241100,0.023634
D147530,D241519,0.034572
D147530,D243200,0.085689
D147530,D246300,0.13266
D147530,D246400,0.017448
D147530,D247200,0.063995
D147530,D249100,0.074803
D147530,D250790,0.096253
D147530,D252320,0.32759
D147530,D254200,0.082799
D147530,D254500,0.10433
D147530,D254770,0.095298
D147530,D254800,0.09321
D147530,D255900,0.046671
D147530,D256370,0.022438
D147530,D256700,0.18001
D147530,D258360,0.04665
D147530,D259050,0.057881
D147530,D259500,0.023162
D147530,D259660,0.034459
D147530,D260480,0.016741
D147530,D260570,0.093559
D147530,D260970,0.43544
D147530,D261515,0.066766
D147530,D263300,0.02595
D147530,D263800,0.086738
D147530,D264120,0.061284
D147530,D266120,0.096354
D147530,D266600,0.052144
D147530,D267740,0.075262
D147530,D268220,0.028299
D147530,D268320,0.079983
D147530,D270960,0.054422
D147530,D273300,0.054599
D147530,D273800,0.053948
D147530,D275000,0.052499
D147530,D276300,0.04357
D147530,D277440,0.058263
D147530,D277460,0.11927
D147530,D300125,0.088452
D147530,D300232,0.06272
D147530,D300491,0.11698
D147530,D300494,0.052597
D147530,D303110,0.077853
D147530,D304790,0.028047
D147530,D304900,0.077338
D147530,D305300,0.053693
D147530,D308205,0.062449
D147530,D308350,0.18516
D147530,D308600,0.041269
D147530,D310468,0.024349
D147530,D311360,0.090398
D147530,D312910,0.063868
D147530,D540000,0.15184
D147530,D600131,0.12112
D147530,D600351,0.019851
D147530,D600634,0.034833
D147530,D600807,0.017325
D147530,D601042,0.090249
D147530,D601367,0.074619
D147530,D601608,0.073045
D147530,D601665,0.070252
D147530,D602080,0.11169
D147530,D602522,0.039391
D147530,D603165,0.016521
D147530,D604278,0.078989
D147530,D604827,0.058941
D147530,D605021,0.11822
D147530,D605055,0.14045
D147530,D606703,0.11483
D147530,D606798,0.081331
D147530,D606842,0.20432
D147530,D607225,0.098982
D147530,D607459,0.089522
D147530,D607498,0.12959
D147530,D607499,0.040985
D147530,D607501,0.13426
D147530,D607508,0.082709
D147530,D607516,0.07716
D147530,D607554,0.075557
D147530,D607628,0.10811
D147530,D607631,0.10663
D147530,D607681,0.12113
D147530,D607682,0.12319
D147530,D607685,0.09083
D147530,D607850,0.093951
D147530,D608033,0.095823
D147530,D608088,0.20452
D147530,D608105,0.08325
D147530,D608217,0.1358
D147530,D608320,0.065202
D147530,D608583,0.041519
D147530,D608622,0.037861
D147540,D148000,0.082562
D147540,D148100,0.12239
D147540,D150600,0.094032
D147540,D150699,0.062287
D147540,D151400,0.068307
D147540,D151590,0.08084
D147540,D152700,0.13735
D147540,D153880,0.031873
D147540,D154276,0.12825
D147540,D155100,0.045632
D147540,D155600,0.145
D147540,D155601,0.090735
D147540,D156190,0.028577
D147540,D157700,0.11262
D147540,D157950,0.025646
D147540,D158280,0.058145
D147540,D160300,0.041978
D147540,D161900,0.022781
D147540,D164230,0.040082
D147540,D166300,0.02091
D147540,D166710,0.051536
D147540,D167870,0.024792
D147540,D170900,0.093364
D147540,D171300,0.054249
D147540,D173200,0.094702
D147540,D174800,0.084481
D147540,D175100,0.075644
D147540,D175505,0.027683
D147540,D176800,0.050435
D147540,D176807,0.023681
D147540,D178600,0.11105
D147540,D179800,0.048951
D147540,D181000,0.12523
D147540,D181460,0.037888
D147540,D181500,0.021216
D147540,D182000,0.11492
D147540,D182280,0.12753
D147540,D184700,0.038128
D147540,D187950,0.062578
D147540,D188030,0.056859
D147540,D188050,0.090255
D147540,D189800,0.031057
D147540,D190300,0.023116
D147540,D191390,0.060665
D147540,D192200,0.046879
D147540,D194070,0.01684
D147540,D194200,0.027209
D147540,D200170,0.065572
D147540,D203700,0.049848
D147540,D205700,0.21896
D147540,D206200,0.25757
D147540,D208085,0.069399
D147540,D208300,0.037749
D147540,D208550,0.031633
D147540,D208700,0.031492
D147540,D208750,0.062342
D147540,D208920,0.13279
D147540,D210050,0.061814
D147540,D211980,0.073472
D147540,D212050,0.075797
D147540,D212140,0.056212
D147540,D212350,0.022761
D147540,D215140,0.13196
D147540,D215470,0.027716
D147540,D217150,0.13248
D147540,D218200,0.05545
D147540,D218800,0.1069
D147540,D220120,0.035842
D147540,D223350,0.13186
D147540,D225755,0.03215
D147540,D226000,0.034345
D147540,D227300,0.117
D147540,D230450,0.18839
D147540,D230800,0.13514
D147540,D231200,0.15378
D147540,D231900,0.23223
D147540,D233810,0.09321
D147540,D236000,0.10851
D147540,D237450,0.12782
D147540,D237500,0.14333
D147540,D240400,0.080493
D147540,D241100,0.028048
D147540,D243200,0.102
D147540,D246300,0.062962
D147540,D246400,0.10711
D147540,D246470,0.02847
D147540,D247200,0.13488
D147540,D247640,0.027658
D147540,D249100,0.16686
D147540,D250790,0.11889
D147540,D252320,0.066898
D147540,D254200,0.024501
D147540,D254400,0.14138
D147540,D254450,0.056004
D147540,D254500,0.080999
D147540,D254800,0.094926
D147540,D255900,0.062878
D147540,D256370,0.026629
D147540,D256700,0.088441
D147540,D258360,0.084615
D147540,D259050,0.074004
D147540,D259500,0.088572
D147540,D259660,0.040896
D147540,D260480,0.043682
D147540,D260570,0.036896
D147540,D261515,0.066626
D147540,D263300,0.061661
D147540,D263800,0.043709
D147540,D266120,0.26772
D147540,D266600,0.15976
D147540,D267730,0.0485
D147540,D268220,0.033584
D147540,D268320,0.097624
D147540,D270960,0.032296
D147540,D273300,0.032401
D147540,D273800,0.15226
D147540,D275000,0.043764
D147540,D276300,0.089567
D147540,D277350,0.076543
D147540,D277440,0.072295
D147540,D277460,0.11968
D147540,D278200,0.047257
D147540,D300232,0.080675
D147540,D303110,0.030771
D147540,D304790,0.12406
D147540,D305300,0.063606
D147540,D308205,0.064015
D147540,D308350,0.062768
D147540,D308600,0.1577
D147540,D310468,0.028897
D147540,D311360,0.021441
D147540,D312910,0.025179
D147540,D540000,0.017963
D147540,D600263,0.027808
D147540,D600351,0.047141
D147540,D600634,0.041339
D147540,D600803,0.037114
D147540,D600807,0.10715
D147540,D601367,0.088492
D147540,D601608,0.14539
D147540,D601626,0.060372
D147540,D601665,0.11437
D147540,D602068,0.262
D147540,D602080,0.036291
D147540,D603165,0.11007
D147540,D604278,0.02339
D147540,D604416,0.061042
D147540,D605839,0.074119
D147540,D606842,0.059537
D147540,D607459,0.020147
D147540,D607516,0.030673
D147540,D607554,0.044838
D147540,D607685,0.13714
D147540,D608033,0.021678
D147540,D608088,0.026881
D147540,D608217,0.040144
D147540,D608320,0.025606
D148000,D148100,0.087663
D148000,D150600,0.11586
D148000,D150699,0.10871
D148000,D151400,0.23652
D148000,D151590,0.22025
D148000,D152700,0.14821
D148000,D154276,0.13255
D148000,D155100,0.13293
D148000,D155600,0.15065
D148000,D155601,0.1599
D148000,D157300,0.038263
D148000,D157700,0.066978
D148000,D157950,0.075498
D148000,D160300,0.030083
D148000,D160750,0.080511
D148000,D161900,0.10124
D148000,D165720,0.024195
D148000,D166300,0.060358
D148000,D166710,0.098443
D148000,D167320,0.12199
D148000,D167870,0.05446
D148000,D168100,0.020173
D148000,D168600,0.039402
D148000,D170900,0.15628
D148000,D171300,0.12557
D148000,D173200,0.091891
D148000,D174800,0.10912
D148000,D175100,0.07997
D148000,D175505,0.041309
D148000,D175510,0.16212
D148000,D176800,0.035869
D148000,D176807,0.10382
D148000,D178600,0.38003
D148000,D179600,0.044598
D148000,D179800,0.073397
D148000,D179830,0.13377
D148000,D181000,0.15783
D148000,D181460,0.14819
D148000,D181500,0.10852
D148000,D182000,0.10628
D148000,D182280,0.18989
D148000,D184700,0.14256
D148000,D187950,0.19438
D148000,D188030,0.14695
D148000,D188050,0.084611
D148000,D188470,0.17922
D148000,D189600,0.025774
D148000,D189800,0.15419
D148000,D190300,0.016347
D148000,D191390,0.13876
D148000,D194070,0.088081
D148000,D194200,0.019241
D148000,D200170,0.064529
D148000,D203700,0.083348
D148000,D205700,0.10844
D148000,D206200,0.18507
D148000,D208085,0.16811
D148000,D208230,0.060149
D148000,D208300,0.13775
D148000,D208550,0.13077
D148000,D208750,0.041448
D148000,D208920,0.13981
D148000,D210050,0.034226
D148000,D211980,0.22376
D148000,D212050,0.12304
D148000,D212140,0.13055
D148000,D215140,0.13694
D148000,D215470,0.10158
D148000,D217150,0.021113
D148000,D218200,0.076863
D148000,D218800,0.18159
D148000,D220120,0.11155
D148000,D223350,0.21197
D148000,D225740,0.10478
D148000,D226000,0.054647
D148000,D226150,0.027461
D148000,D227300,0.16961
D148000,D230450,0.078836
D148000,D230800,0.22662
D148000,D231090,0.048833
D148000,D231200,0.17618
D148000,D231900,0.097262
D148000,D233810,0.088999
D148000,D236000,0.26004
D148000,D237450,0.086486
D148000,D237500,0.15122
D148000,D240400,0.12332
D148000,D241519,0.19476
D148000,D243200,0.047284
D148000,D246300,0.12681
D148000,D246400,0.1866
D148000,D246470,0.14251
D148000,D247200,0.12999
D148000,D247640,0.1623
D148000,D249100,0.17758
D148000,D250790,0.10098
D148000,D252320,0.044528
D148000,D254200,0.15856
D148000,D254400,0.24219
D148000,D254450,0.20159
D148000,D254500,0.1733
D148000,D254800,0.090636
D148000,D255900,0.10454
D148000,D256370,0.039771
D148000,D256700,0.11168
D148000,D258360,0.12405
D148000,D259050,0.040085
D148000,D259500,0.14158
D148000,D260480,0.070986
D148000,D260570,0.077845
D148000,D261515,0.15907
D148000,D263300,0.064904
D148000,D263800,0.13262
D148000,D264120,0.1466
D148000,D266120,0.10126
D148000,D266600,0.19867
D148000,D267730,0.27761
D148000,D268220,0.1304
D148000,D268320,0.022902
D148000,D270960,0.025756
D148000,D273300,0.08834
D148000,D273800,0.12151
D148000,D275000,0.10275
D148000,D276300,0.091269
D148000,D277350,0.18087
D148000,D277440,0.10452
D148000,D277460,0.15298
D148000,D278200,0.032178
D148000,D300232,0.043053
D148000,D304790,0.14716
D148000,D305300,0.044582
D148000,D308205,0.11175
D148000,D308600,0.072361
D148000,D310468,0.020242
D148000,D311360,0.1241
D148000,D540000,0.065116
D148000,D600263,0.20234
D148000,D600351,0.1779
D148000,D600496,0.153
D148000,D600634,0.063236
D148000,D600803,0.10622
D148000,D600807,0.17661
D148000,D601042,0.01538
D148000,D601367,0.12712
D148000,D601518,0.038867
D148000,D601608,0.06104
D148000,D601626,0.19319
D148000,D601665,0.061309
D148000,D602068,0.067035
D148000,D602080,0.17359
D148000,D602522,0.083253
D148000,D603165,0.25515
D148000,D604278,0.066936
D148000,D604416,0.098306
D148000,D605839,0.15426
D148000,D606703,0.032503
D148000,D606842,0.018259
D148000,D607225,0.049211
D148000,D607508,0.069568
D148000,D607685,0.15204
D148000,D607850,0.026272
D148000,D608033,0.094901
D148000,D608088,0.056369
D148000,D608105,0.024278
D148000,D608320,0.017786
D148000,D608622,0.10211
D148100,D150600,0.19733
D148100,D150699,0.30955
D148100,D151400,0.044307
D148100,D151590,0.15639
D148100,D152700,0.12137
D148100,D153880,0.13431
D148100,D154276,0.035824
D148100,D155100,0.070002
D148100,D155600,0.12735
D148100,D155601,0.08965
D148100,D157300,0.026856
D148100,D157700,0.2168
D148100,D157950,0.1099
D148100,D158280,0.059708
D148100,D160750,0.15377
D148100,D161900,0.069955
D148100,D165720,0.1053
D148100,D166300,0.13625
D148100,D166710,0.25333
D148100,D166760,0.20061
D148100,D167320,0.11659
D148100,D167870,0.025459
D148100,D171300,0.072068
D148100,D173200,0.17715
D148100,D174800,0.1723
D148100,D175100,0.21705
D148100,D175510,0.028513
D148100,D176807,0.072711
D148100,D178600,0.16065
D148100,D179800,0.077264
D148100,D181000,0.070496
D148100,D182000,0.15172
D148100,D182280,0.17284
D148100,D184700,0.091668
D148100,D188050,0.061463
D148100,D189600,0.11208
D148100,D190300,0.070939
D148100,D191390,0.16066
D148100,D192200,0.09592
D148100,D194070,0.070096
D148100,D200170,0.12501
D148100,D203700,0.08623
D148100,D208085,0.092238
D148100,D208230,0.15698
D148100,D208550,0.063628
D148100,D208750,0.11323
D148100,D208920,0.13662
D148100,D211980,0.095068
D148100,D212050,0.14225
D148100,D212130,0.047494
D148100,D212140,0.12273
D148100,D212350,0.02338
D148100,D215140,0.25595
D148100,D217150,0.086841
D148100,D218800,0.08662
D148100,D225740,0.029048
D148100,D230450,0.038381
D148100,D230800,0.212
D148100,D231200,0.052838
D148100,D233810,0.091775
D148100,D237450,0.08677
D148100,D237500,0.099286
D148100,D238800,0.037448
D148100,D240400,0.11287
D148100,D241100,0.17875
D148100,D243200,0.034824
D148100,D246300,0.062205
D148100,D246400,0.18891
D148100,D247200,0.067319
D148100,D247640,0.029907
D148100,D248190,0.22011
D148100,D249100,0.15457
D148100,D250790,0.061375
D148100,D252320,0.097132
D148100,D254200,0.075941
D148100,D254400,0.076883
D148100,D254500,0.14876
D148100,D254800,0.076035
D148100,D255900,0.14704
D148100,D256700,0.21837
D148100,D258360,0.029483
D148100,D259050,0.23814
D148100,D259500,0.11449
D148100,D259660,0.23267
D148100,D260480,0.10414
D148100,D261515,0.21911
D148100,D263800,0.10631
D148100,D266600,0.16192
D148100,D268220,0.034519
D148100,D268320,0.033848
D148100,D273300,0.067798
D148100,D273800,0.11468
D148100,D275000,0.1718
D148100,D276300,0.18049
D148100,D277350,0.075592
D148100,D277440,0.24796
D148100,D277460,0.12072
D148100,D278200,0.136
D148100,D300232,0.18446
D148100,D304790,0.088933
D148100,D305300,0.032523
D148100,D308205,0.082757
D148100,D308350,0.068052
D148100,D308600,0.10736
D148100,D540000,0.018393
D148100,D600263,0.059297
D148100,D600351,0.024116
D148100,D600803,0.079111
D148100,D600807,0.065025
D148100,D601042,0.021869
D148100,D601367,0.047175
D148100,D601626,0.031087
D148100,D601665,0.14689
D148100,D602068,0.289
D148100,D602080,0.14046
D148100,D602522,0.071642
D148100,D603165,0.086067
D148100,D604416,0.17182
D148100,D605839,0.07318
D148100,D606798,0.032889
D148100,D606842,0.080876
D148100,D607516,0.067258
D148100,D607685,0.11083
D148100,D607850,0.11611
D148100,D608033,0.022302
D148100,D608088,0.027533
D150600,D150699,0.05435
D150600,D151400,0.2065
D150600,D151590,0.093242
D150600,D152700,0.29656
D150600,D153880,0.12204
D150600,D154276,0.13334
D150600,D155100,0.12882
D150600,D155600,0.13008
D150600,D155601,0.027011
D150600,D156000,0.064714
D150600,D156190,0.07118
D150600,D157300,0.066006
D150600,D157700,0.19698
D150600,D157950,0.23839
D150600,D158280,0.073716
D150600,D160300,0.078426
D150600,D160750,0.16406
D150600,D161900,0.21476
D150600,D164230,0.024716
D150600,D165150,0.02417
D150600,D165199,0.025503
D150600,D165720,0.19635
D150600,D166300,0.22659
D150600,D166710,0.3332
D150600,D166760,0.12391
D150600,D167320,0.13953
D150600,D167870,0.092002
D150600,D168100,0.017872
D150600,D168600,0.034311
D150600,D170900,0.11494
D150600,D171300,0.098296
D150600,D173200,0.10348
D150600,D174800,0.17981
D150600,D175100,0.12921
D150600,D175505,0.017071
D150600,D175510,0.089196
D150600,D176800,0.15675
D150600,D176807,0.10403
D150600,D178600,0.25054
D150600,D179600,0.11169
D150600,D179800,0.1517
D150600,D179830,0.10765
D150600,D181000,0.22362
D150600,D181460,0.046973
D150600,D181500,0.10776
D150600,D182000,0.088931
D150600,D182280,0.072762
D150600,D182830,0.026379
D150600,D184700,0.076718
D150600,D187950,0.18685
D150600,D188030,0.17666
D150600,D188050,0.2719
D150600,D188470,0.085318
D150600,D189600,0.14567
D150600,D189800,0.13483
D150600,D190300,0.13049
D150600,D191390,0.28079
D150600,D192200,0.2025
D150600,D194070,0.083539
D150600,D194200,0.067396
D150600,D200170,0.054835
D150600,D203700,0.1565
D150600,D205700,0.15883
D150600,D206200,0.2039
D150600,D208085,0.10985
D150600,D208230,0.28495
D150600,D208300,0.07175
D150600,D208550,0.11661
D150600,D208700,0.01942
D150600,D208750,0.047647
D150600,D208920,0.14797
D150600,D210050,0.030479
D150600,D211980,0.056402
D150600,D212050,0.06205
D150600,D212110,0.037862
D150600,D212112,0.023473
D150600,D212130,0.085769
D150600,D212140,0.088776
D150600,D212350,0.070825
D150600,D215140,0.20721
D150600,D215470,0.10747
D150600,D217150,0.16058
D150600,D218200,0.068276
D150600,D218800,0.11527
D150600,D220120,0.094237
D150600,D223350,0.10231
D150600,D225740,0.088491
D150600,D225755,0.079461
D150600,D226000,0.06424
D150600,D226150,0.07299
D150600,D227300,0.27519
D150600,D230450,0.13919
D150600,D230800,0.25536
D150600,D231200,0.15572
D150600,D231900,0.1146
D150600,D233810,0.024083
D150600,D236000,0.14329
D150600,D237450,0.049527
D150600,D237500,0.14402
D150600,D238800,0.045166
D150600,D240400,0.2032
D150600,D241100,0.088061
D150600,D241519,0.10578
D150600,D243200,0.062746
D150600,D246300,0.15076
D150600,D246400,0.13805
D150600,D246470,0.035115
D150600,D247200,0.12808
D150600,D247640,0.076567
D150600,D248190,0.041438
D150600,D249100,0.23049
D150600,D250790,0.070323
D150600,D252320,0.074827
D150600,D254200,0.21505
D150600,D254400,0.11718
D150600,D254450,0.10819
D150600,D254500,0.23776
D150600,D254800,0.079776
D150600,D255900,0.12175
D150600,D256370,0.016421
D150600,D256700,0.15763
D150600,D258360,0.10483
D150600,D259050,0.2321
D150600,D259500,0.17231
D150600,D259660,0.21164
D150600,D260480,0.2414
D150600,D260570,0.11451
D150600,D261515,0.19572
D150600,D263300,0.15472
D150600,D263800,0.14067
D150600,D264120,0.068688
D150600,D266120,0.13433
D150600,D266600,0.3691
D150600,D267730,0.059819
D150600,D267740,0.028518
D150600,D268220,0.062982
D150600,D268320,0.039929
D150600,D270960,0.019915
D150600,D273300,0.070524
D150600,D273800,0.18592
D150600,D275000,0.20724
D150600,D276300,0.08625
D150600,D277350,0.087152
D150600,D277440,0.20324
D150600,D277460,0.14472
D150600,D278200,0.054773
D150600,D300125,0.043084
D150600,D300232,0.1997
D150600,D300491,0.077752
D150600,D300494,0.038126
D150600,D303110,0.038758
D150600,D304790,0.15583
D150600,D305300,0.11807
D150600,D308205,0.069571
D150600,D308350,0.058665
D150600,D308600,0.030202
D150600,D310468,0.072758
D150600,D311360,0.12025
D150600,D312910,0.031791
D150600,D540000,0.11571
D150600,D600263,0.12182
D150600,D600351,0.10341
D150600,D600496,0.094952
D150600,D600634,0.025492
D150600,D600803,0.14063
D150600,D600807,0.14412
D150600,D601042,0.069711
D150600,D601367,0.19889
D150600,D601608,0.1254
D150600,D601626,0.1157
D150600,D601665,0.085951
D150600,D601682,0.034895
D150600,D602068,0.083953
D150600,D602080,0.25088
D150600,D602522,0.10335
D150600,D603165,0.12285
D150600,D604278,0.10483
D150600,D604416,0.18024
D150600,D606703,0.028796
D150600,D606798,0.062084
D150600,D606842,0.13562
D150600,D607225,0.044207
D150600,D607459,0.041051
D150600,D607498,0.037659
D150600,D607501,0.038833
D150600,D607508,0.1019
D150600,D607516,0.096304
D150600,D607554,0.082963
D150600,D607685,0.18548
D150600,D607850,0.21852
D150600,D608033,0.080801
D150600,D608088,0.083239
D150600,D608105,0.086156
D150600,D608217,0.024755
D150600,D608320,0.079279
D150600,D608583,0.060794
D150600,D608622,0.14622
D150699,D151400,0.086673
D150699,D151590,0.26858
D150699,D152700,0.14817
D150699,D153880,0.024592
D150699,D154276,0.064649
D150699,D155100,0.12539
D150699,D155600,0.12358
D150699,D155601,0.14258
D150699,D157300,0.020192
D150699,D157700,0.1473
D150699,D157950,0.059545
D150699,D160750,0.14835
D150699,D161900,0.17974
D150699,D165150,0.13173
D150699,D165720,0.052648
D150699,D166300,0.097039
D150699,D166710,0.079625
D150699,D166760,0.09064
D150699,D167320,0.060598
D150699,D167870,0.057697
D150699,D168600,0.014216
D150699,D170900,0.098533
D150699,D171300,0.24593
D150699,D173200,0.13294
D150699,D174800,0.1813
D150699,D175100,0.20007
D150699,D175505,0.10974
D150699,D175510,0.19846
D150699,D176807,0.24141
D150699,D178600,0.099086
D150699,D179800,0.11414
D150699,D181000,0.14792
D150699,D181460,0.058469
D150699,D181500,0.016359
D150699,D182000,0.17277
D150699,D182280,0.11734
D150699,D184700,0.20646
D150699,D187950,0.050139
D150699,D188050,0.046295
D150699,D188470,0.084912
D150699,D189600,0.058722
D150699,D189800,0.095731
D150699,D190300,0.12478
D150699,D191390,0.1676
D150699,D191800,0.062613
D150699,D192000,0.28552
D150699,D192200,0.072248
D150699,D194070,0.26523
D150699,D200170,0.16258
D150699,D203700,0.051218
D150699,D208085,0.11919
D150699,D208230,0.066489
D150699,D208550,0.047919
D150699,D208750,0.084971
D150699,D208920,0.034019
D150699,D210050,0.01957
D150699,D211980,0.10214
D150699,D212050,0.21012
D150699,D212130,0.076609
D150699,D212140,0.10596
D150699,D212350,0.056455
D150699,D215140,0.13846
D150699,D217150,0.11142
D150699,D218800,0.081049
D150699,D220120,0.028249
D150699,D223350,0.054327
D150699,D225740,0.047579
D150699,D226000,0.053017
D150699,D230450,0.09013
D150699,D230800,0.10159
D150699,D231090,0.20487
D150699,D231200,0.1362
D150699,D233810,0.12071
D150699,D236000,0.04237
D150699,D237450,0.064933
D150699,D237500,0.12918
D150699,D238800,0.086771
D150699,D239350,0.046594
D150699,D240400,0.083606
D150699,D241100,0.19506
D150699,D243200,0.052223
D150699,D246300,0.046553
D150699,D246400,0.12736
D150699,D246470,0.26772
D150699,D247200,0.16324
D150699,D247640,0.071494
D150699,D248190,0.17817
D150699,D249100,0.12491
D150699,D250790,0.089881
D150699,D252320,0.10149
D150699,D254200,0.15424
D150699,D254400,0.13398
D150699,D254450,0.045725
D150699,D254500,0.080163
D150699,D254800,0.08576
D150699,D255900,0.13392
D150699,D256370,0.31405
D150699,D256700,0.25198
D150699,D258360,0.022144
D150699,D259050,0.11739
D150699,D259500,0.11053
D150699,D259660,0.031618
D150699,D260480,0.14089
D150699,D260970,0.027986
D150699,D261515,0.13698
D150699,D263300,0.047577
D150699,D263800,0.15952
D150699,D264120,0.056511
D150699,D266120,0.083749
D150699,D266600,0.18065
D150699,D267730,0.079281
D150699,D268220,0.11584
D150699,D268320,0.074266
D150699,D270960,0.20228
D150699,D273300,0.17136
D150699,D273800,0.18175
D150699,D275000,0.11242
D150699,D276300,0.16686
D150699,D277350,0.11057
D150699,D277440,0.18939
D150699,D277460,0.10876
D150699,D278200,0.1742
D150699,D300232,0.1058
D150699,D304790,0.11769
D150699,D304900,0.066303
D150699,D305300,0.07394
D150699,D308205,0.090672
D150699,D308350,0.024141
D150699,D308600,0.080342
D150699,D310468,0.089466
D150699,D311360,0.099323
D150699,D540000,0.04828
D150699,D600082,0.16081
D150699,D600263,0.11089
D150699,D600351,0.054492
D150699,D600496,0.047178
D150699,D600631,0.11352
D150699,D600634,0.10107
D150699,D600803,0.028625
D150699,D600807,0.11298
D150699,D600808,0.11301
D150699,D601042,0.016475
D150699,D601367,0.036147
D150699,D601518,0.2963
D150699,D601626,0.072431
D150699,D601665,0.13176
D150699,D602068,0.14429
D150699,D602080,0.073763
D150699,D602522,0.18044
D150699,D603165,0.096647
D150699,D604278,0.10834
D150699,D604416,0.17234
D150699,D605055,0.025597
D150699,D605839,0.54357
D150699,D606798,0.054601
D150699,D606842,0.063335
D150699,D607459,0.015844
D150699,D607685,0.11623
D150699,D607850,0.12113
D150699,D608033,0.036244
D150699,D608088,0.041462
D151400,D151590,0.13076
D151400,D152700,0.28268
D151400,D153880,0.018167
D151400,D154276,0.14983
D151400,D155100,0.22757
D151400,D155600,0.17875
D151400,D155601,0.085422
D151400,D156190,0.016216
D151400,D157300,0.031189
D151400,D157700,0.071926
D151400,D157950,0.076169
D151400,D160300,0.023821
D151400,D160750,0.13069
D151400,D161900,0.2043
D151400,D165720,0.079377
D151400,D166300,0.075115
D151400,D166710,0.088957
D151400,D166760,0.022272
D151400,D167320,0.077239
D151400,D167870,0.073464
D151400,D168600,0.043023
D151400,D170900,0.37617
D151400,D171300,0.081452
D151400,D173200,0.022695
D151400,D174800,0.15003
D151400,D175100,0.12253
D151400,D175505,0.064051
D151400,D175510,0.18175
D151400,D176800,0.028631
D151400,D176807,0.11186
D151400,D178600,0.2078
D151400,D179800,0.24103
D151400,D179830,0.17865
D151400,D181000,0.24422
D151400,D181460,0.12498
D151400,D181500,0.18385
D151400,D182000,0.083203
D151400,D182280,0.25029
D151400,D184700,0.10157
D151400,D187950,0.29015
D151400,D188030,0.20058
D151400,D188050,0.13882
D151400,D188470,0.12122
D151400,D189600,0.020738
D151400,D189800,0.091324
D151400,D190300,0.026251
D151400,D191390,0.31083
D151400,D192200,0.079908
D151400,D194070,0.13712
D151400,D194200,0.048695
D151400,D200170,0.050158
D151400,D203700,0.078414
D151400,D205700,0.18459
D151400,D206200,0.27212
D151400,D208085,0.049048
D151400,D208230,0.15796
D151400,D208300,0.067565
D151400,D208550,0.18073
D151400,D208700,0.017871
D151400,D208750,0.044976
D151400,D208920,0.19806
D151400,D210050,0.027989
D151400,D211980,0.22062
D151400,D212050,0.060131
D151400,D212130,0.026283
D151400,D212140,0.13596
D151400,D212350,0.025873
D151400,D215140,0.13294
D151400,D215470,0.064542
D151400,D217150,0.032143
D151400,D218200,0.047849
D151400,D218800,0.18331
D151400,D220120,0.08777
D151400,D223350,0.3552
D151400,D225740,0.054081
D151400,D225755,0.018246
D151400,D226000,0.045807
D151400,D226150,0.022676
D151400,D227300,0.11267
D151400,D230450,0.15436
D151400,D230800,0.25795
D151400,D231090,0.038396
D151400,D231200,0.1965
D151400,D231900,0.19014
D151400,D236000,0.34244
D151400,D237450,0.045631
D151400,D237500,0.13467
D151400,D238800,0.04147
D151400,D239350,0.017147
D151400,D240400,0.1557
D151400,D241100,0.015929
D151400,D241519,0.14742
D151400,D243200,0.019299
D151400,D246300,0.18429
D151400,D246400,0.22878
D151400,D246470,0.18171
D151400,D247200,0.10349
D151400,D247640,0.21533
D151400,D248190,0.056691
D151400,D249100,0.20949
D151400,D250790,0.10334
D151400,D252320,0.017168
D151400,D254200,0.19905
D151400,D254400,0.31935
D151400,D254450,0.24258
D151400,D254500,0.50371
D151400,D254800,0.052238
D151400,D255900,0.082497
D151400,D256370,0.046428
D151400,D256700,0.12687
D151400,D258360,0.19328
D151400,D259050,0.029243
D151400,D259500,0.18165
D151400,D259660,0.023208
D151400,D260480,0.19058
D151400,D260570,0.15997
D151400,D261515,0.11153
D151400,D263300,0.14878
D151400,D263800,0.12984
D151400,D264120,0.10646
D151400,D266120,0.15248
D151400,D266600,0.28619
D151400,D267730,0.25558
D151400,D268220,0.10988
D151400,D270960,0.037838
D151400,D273300,0.092683
D151400,D273800,0.12436
D151400,D275000,0.28428
D151400,D276300,0.093591
D151400,D277350,0.16001
D151400,D277440,0.11913
D151400,D277460,0.1477
D151400,D278200,0.024542
D151400,D300232,0.031646
D151400,D303110,0.035287
D151400,D304790,0.25451
D151400,D304900,0.016231
D151400,D305300,0.054971
D151400,D308205,0.053706
D151400,D308600,0.027799
D151400,D310468,0.1153
D151400,D311360,0.11861
D151400,D312910,0.014288
D151400,D540000,0.073719
D151400,D600263,0.14822
D151400,D600351,0.12491
D151400,D600496,0.10769
D151400,D600634,0.073206
D151400,D600803,0.08591
D151400,D600807,0.21732
D151400,D601042,0.012021
D151400,D601367,0.1037
D151400,D601518,0.056159
D151400,D601608,0.14552
D151400,D601626,0.36656
D151400,D601665,0.064132
D151400,D602068,0.025749
D151400,D602080,0.14012
D151400,D602522,0.054412
D151400,D603165,0.13782
D151400,D604278,0.054987
D151400,D604416,0.12444
D151400,D605839,0.062978
D151400,D606842,0.029868
D151400,D607225,0.013249
D151400,D607459,0.011468
D151400,D607508,0.057601
D151400,D607685,0.24812
D151400,D607850,0.084915
D151400,D608033,0.053484
D151400,D608088,0.047624
D151400,D608105,0.018622
D151400,D608217,0.029647
D151400,D608320,0.074975
D151400,D608622,0.084559
D151590,D152700,0.15003
D151590,D154276,0.10783
D151590,D155100,0.11323
D151590,D155600,0.25257
D151590,D155601,0.17744
D151590,D157300,0.025759
D151590,D157700,0.063286
D151590,D157950,0.079665
D151590,D160750,0.18677
D151590,D161900,0.16369
D151590,D166300,0.084197
D151590,D166710,0.14059
D151590,D166760,0.077009
D151590,D167320,0.20554
D151590,D167870,0.024934
D151590,D170900,0.060948
D151590,D171300,0.19354
D151590,D173200,0.20984
D151590,D174800,0.1947
D151590,D175100,0.15401
D151590,D175505,0.081823
D151590,D175510,0.11095
D151590,D176807,0.26172
D151590,D178600,0.12346
D151590,D179800,0.10529
D151590,D179830,0.10328
D151590,D181000,0.12085
D151590,D181460,0.075426
D151590,D181500,0.089248
D151590,D182000,0.29235
D151590,D182280,0.27428
D151590,D184700,0.21823
D151590,D187950,0.12643
D151590,D188030,0.084655
D151590,D188050,0.088912
D151590,D188470,0.33133
D151590,D189800,0.092068
D151590,D191390,0.21457
D151590,D191800,0.080347
D151590,D192000,0.22837
D151590,D192200,0.046024
D151590,D194070,0.17192
D151590,D200170,0.21188
D151590,D206200,0.19697
D151590,D208085,0.045896
D151590,D208230,0.062609
D151590,D208550,0.12258
D151590,D208750,0.1094
D151590,D208920,0.13347
D151590,D211980,0.2539
D151590,D212050,0.13739
D151590,D212140,0.13631
D151590,D215140,0.14061
D151590,D215470,0.082605
D151590,D218800,0.15513
D151590,D220120,0.15973
D151590,D223350,0.13022
D151590,D227300,0.11477
D151590,D230450,0.073974
D151590,D230800,0.14561
D151590,D231090,0.19751
D151590,D231200,0.17788
D151590,D231900,0.091258
D151590,D233810,0.089223
D151590,D236000,0.20671
D151590,D237450,0.12386
D151590,D237500,0.23808
D151590,D240400,0.10851
D151590,D241100,0.11142
D151590,D241519,0.19623
D151590,D243200,0.033314
D151590,D246300,0.11929
D151590,D246400,0.1608
D151590,D246470,0.12217
D151590,D247200,0.10532
D151590,D247640,0.11462
D151590,D248190,0.065404
D151590,D249100,0.14877
D151590,D250790,0.11551
D151590,D252320,0.064164
D151590,D254200,0.17328
D151590,D254400,0.13723
D151590,D254450,0.082577
D151590,D254500,0.13991
D151590,D254800,0.037152
D151590,D255900,0.08744
D151590,D256370,0.23675
D151590,D256700,0.18377
D151590,D258360,0.083179
D151590,D259050,0.071759
D151590,D259500,0.13781
D151590,D260480,0.12026
D151590,D260570,0.073061
D151590,D261515,0.11048
D151590,D263300,0.060878
D151590,D263800,0.18769
D151590,D264120,0.18179
D151590,D266120,0.10694
D151590,D266600,0.1381
D151590,D267730,0.095282
D151590,D268220,0.10878
D151590,D268320,0.032668
D151590,D270960,0.096054
D151590,D273300,0.19171
D151590,D273800,0.17262
D151590,D275000,0.14705
D151590,D276300,0.16369
D151590,D277350,0.17647
D151590,D277440,0.16376
D151590,D277460,0.19299
D151590,D278200,0.13078
D151590,D300232,0.041458
D151590,D303110,0.073271
D151590,D304790,0.11887
D151590,D305300,0.031626
D151590,D308205,0.079961
D151590,D308600,0.10427
D151590,D310468,0.057494
D151590,D311360,0.15601
D151590,D540000,0.075219
D151590,D600082,0.10348
D151590,D600263,0.22893
D151590,D600351,0.10011
D151590,D600496,0.15609
D151590,D600634,0.12443
D151590,D600803,0.15204
D151590,D600807,0.12645
D151590,D601367,0.11044
D151590,D601518,0.14143
D151590,D601626,0.11884
D151590,D601665,0.083679
D151590,D602068,0.18563
D151590,D602080,0.11416
D151590,D602522,0.092946
D151590,D603165,0.22365
D151590,D604278,0.094021
D151590,D604416,0.11164
D151590,D605839,0.21388
D151590,D607225,0.056254
D151590,D607459,0.020331
D151590,D607508,0.097662
D151590,D607685,0.17285
D151590,D608622,0.14324
D152700,D153880,0.073487
D152700,D154276,0.14076
D152700,D155100,0.31005
D152700,D155600,0.24576
D152700,D155601,0.10213
D152700,D156000,0.079038
D152700,D156190,0.098296
D152700,D157300,0.16112
D152700,D157700,0.19517
D152700,D157950,0.13258
D152700,D160300,0.20481
D152700,D160750,0.26302
D152700,D161900,0.35706
D152700,D164230,0.10762
D152700,D165150,0.028707
D152700,D165199,0.045567
D152700,D165720,0.25474
D152700,D166300,0.25019
D152700,D166710,0.18414
D152700,D166760,0.06002
D152700,D167320,0.1732
D152700,D167870,0.15677
D152700,D168100,0.13936
D152700,D168600,0.13553
D152700,D170900,0.10697
D152700,D171300,0.16151
D152700,D173200,0.1605
D152700,D174800,0.19024
D152700,D175100,0.26007
D152700,D175505,0.021256
D152700,D175510,0.15268
D152700,D176800,0.11626
D152700,D176807,0.21022
D152700,D178600,0.21137
D152700,D179600,0.14727
D152700,D179800,0.23301
D152700,D179830,0.083562
D152700,D181000,0.27647
D152700,D181460,0.080553
D152700,D181500,0.21906
D152700,D182000,0.12575
D152700,D182280,0.16753
D152700,D182830,0.062953
D152700,D184700,0.16573
D152700,D187950,0.26815
D152700,D188030,0.24684
D152700,D188050,0.18564
D152700,D188470,0.14045
D152700,D189600,0.097604
D152700,D189800,0.13126
D152700,D190300,0.16001
D152700,D190310,0.047765
D152700,D190400,0.025891
D152700,D191390,0.27125
D152700,D191800,0.064899
D152700,D192000,0.028072
D152700,D192200,0.16153
D152700,D194070,0.27111
D152700,D194200,0.14679
D152700,D200170,0.17613
D152700,D203700,0.17214
D152700,D205700,0.16803
D152700,D206200,0.17519
D152700,D208085,0.16415
D152700,D208230,0.27504
D152700,D208300,0.059168
D152700,D208550,0.14385
D152700,D208700,0.09995
D152700,D208750,0.11607
D152700,D208920,0.21309
D152700,D210050,0.13173
D152700,D211980,0.088941
D152700,D212050,0.13346
D152700,D212110,0.046914
D152700,D212112,0.14796
D152700,D212130,0.12887
D152700,D212140,0.27889
D152700,D212350,0.16734
D152700,D215140,0.27749
D152700,D215470,0.16254
D152700,D217150,0.076341
D152700,D217200,0.11047
D152700,D218200,0.11612
D152700,D218800,0.23976
D152700,D220120,0.18001
D152700,D223350,0.17842
D152700,D225740,0.13676
D152700,D225755,0.086058
D152700,D226000,0.24544
D152700,D226150,0.045131
D152700,D227300,0.12116
D152700,D230450,0.23525
D152700,D230800,0.366
D152700,D231090,0.062863
D152700,D231200,0.19692
D152700,D231900,0.14429
D152700,D233810,0.16623
D152700,D236000,0.21089
D152700,D237450,0.081256
D152700,D237500,0.17437
D152700,D238800,0.14003
D152700,D239350,0.10903
D152700,D240400,0.19012
D152700,D241100,0.1585
D152700,D241519,0.1566
D152700,D243200,0.090856
D152700,D246300,0.35585
D152700,D246400,0.24692
D152700,D246470,0.076868
D152700,D247200,0.29037
D152700,D247640,0.066341
D152700,D248190,0.076756
D152700,D249100,0.39305
D152700,D250790,0.22065
D152700,D252320,0.11724
D152700,D254200,0.18233
D152700,D254400,0.12626
D152700,D254450,0.086824
D152700,D254500,0.26186
D152700,D254770,0.13306
D152700,D254800,0.19481
D152700,D255900,0.17819
D152700,D256370,0.12796
D152700,D256700,0.26583
D152700,D258360,0.23794
D152700,D259050,0.20187
D152700,D259500,0.20465
D152700,D259660,0.12625
D152700,D260480,0.15008
D152700,D260570,0.1486
D152700,D260970,0.085313
D152700,D261515,0.23915
D152700,D263300,0.16537
D152700,D263800,0.2485
D152700,D264120,0.084037
D152700,D266120,0.20026
D152700,D266600,0.39881
D152700,D267730,0.075341
D152700,D267740,0.11564
D152700,D268220,0.068212
D152700,D268320,0.085045
D152700,D270960,0.15153
D152700,D273300,0.20565
D152700,D273800,0.23006
D152700,D275000,0.29117
D152700,D276300,0.15638
D152700,D277350,0.068462
D152700,D277440,0.27333
D152700,D277460,0.17377
D152700,D278200,0.084339
D152700,D300125,0.10734
D152700,D300232,0.22737
D152700,D300491,0.18114
D152700,D300494,0.060859
D152700,D303110,0.046974
D152700,D304790,0.32167
D152700,D304900,0.098561
D152700,D305300,0.23976
D152700,D308205,0.17026
D152700,D308350,0.14769
D152700,D308600,0.05894
D152700,D310468,0.12693
D152700,D311360,0.17631
D152700,D312910,0.093845
D152700,D540000,0.1846
D152700,D600082,0.039752
D152700,D600131,0.15432
D152700,D600263,0.16972
D152700,D600351,0.18936
D152700,D600496,0.13414
D152700,D600631,0.056256
D152700,D600634,0.048252
D152700,D600803,0.059971
D152700,D600807,0.341
D152700,D600808,0.056002
D152700,D601004,0.02149
D152700,D601042,0.13287
D152700,D601367,0.21428
D152700,D601518,0.072746
D152700,D601608,0.30729
D152700,D601626,0.11889
D152700,D601665,0.13909
D152700,D601682,0.024364
D152700,D602068,0.089387
D152700,D602080,0.22919
D152700,D602522,0.13581
D152700,D603165,0.21134
D152700,D604278,0.20296
D152700,D604416,0.24363
D152700,D604827,0.091732
D152700,D605021,0.16748
D152700,D605055,0.15481
D152700,D605839,0.094384
D152700,D606703,0.1245
D152700,D606798,0.074307
D152700,D606842,0.22537
D152700,D607225,0.10069
D152700,D607459,0.082684
D152700,D607498,0.10732
D152700,D607499,0.037747
D152700,D607501,0.097464
D152700,D607508,0.15138
D152700,D607516,0.1061
D152700,D607554,0.15647
D152700,D607628,0.14973
D152700,D607631,0.13942
D152700,D607681,0.15756
D152700,D607682,0.15817
D152700,D607685,0.31935
D152700,D607850,0.19851
D152700,D608033,0.11922
D152700,D608088,0.12544
D152700,D608105,0.14777
D152700,D608217,0.14672
D152700,D608320,0.10419
D152700,D608583,0.15344
D152700,D608622,0.16056
D153880,D154276,0.058409
D153880,D155100,0.096802
D153880,D155600,0.13316
D153880,D156000,0.086901
D153880,D156190,0.2823
D153880,D157300,0.088239
D153880,D157700,0.16143
D153880,D157950,0.15615
D153880,D158280,0.20259
D153880,D160300,0.070206
D153880,D160750,0.062945
D153880,D161900,0.082364
D153880,D164230,0.067037
D153880,D165150,0.2695
D153880,D165199,0.23984
D153880,D165720,0.11675
D153880,D166300,0.20017
D153880,D166710,0.12033
D153880,D166760,0.16681
D153880,D167320,0.17862
D153880,D167870,0.020723
D153880,D168100,0.023646
D153880,D168600,0.1446
D153880,D171300,0.1188
D153880,D174800,0.14044
D153880,D175100,0.12455
D153880,D175505,0.046517
D153880,D175510,0.0234
D153880,D176800,0.042176
D153880,D176807,0.039607
D153880,D178600,0.14232
D153880,D179800,0.061462
D153880,D181000,0.20734
D153880,D181500,0.11
D153880,D182000,0.030133
D153880,D182830,0.25043
D153880,D184700,0.029468
D153880,D187950,0.034919
D153880,D188050,0.050245
D153880,D189600,0.18746
D153880,D189800,0.025971
D153880,D190300,0.18041
D153880,D190310,0.034898
D153880,D190400,0.11414
D153880,D191390,0.13287
D153880,D192200,0.039202
D153880,D194070,0.084715
D153880,D194200,0.091127
D153880,D200170,0.024631
D153880,D203700,0.17535
D153880,D208085,0.055082
D153880,D208230,0.093689
D153880,D208300,0.16303
D153880,D208550,0.10447
D153880,D208700,0.052685
D153880,D208750,0.10777
D153880,D208920,0.13294
D153880,D210050,0.02059
D153880,D212050,0.082859
D153880,D212112,0.095906
D153880,D212130,0.077545
D153880,D212140,0.074066
D153880,D212350,0.24596
D153880,D215140,0.12674
D153880,D215470,0.23164
D153880,D217150,0.16759
D153880,D217200,0.059165
D153880,D218200,0.09582
D153880,D218800,0.069227
D153880,D220120,0.059947
D153880,D225740,0.17162
D153880,D225755,0.16377
D153880,D226000,0.086758
D153880,D227300,0.033005
D153880,D230450,0.062751
D153880,D230800,0.19002
D153880,D231200,0.12564
D153880,D233810,0.028161
D153880,D237450,0.033422
D153880,D237500,0.019445
D153880,D238800,0.061233
D153880,D239350,0.025269
D153880,D240400,0.11575
D153880,D241100,0.095735
D153880,D243200,0.11342
D153880,D246400,0.069309
D153880,D246470,0.023995
D153880,D247200,0.13309
D153880,D247640,0.046373
D153880,D248190,0.11446
D153880,D249100,0.073889
D153880,D250790,0.023642
D153880,D252320,0.050803
D153880,D254200,0.12338
D153880,D254450,0.023518
D153880,D254500,0.033852
D153880,D254770,0.047169
D153880,D254800,0.11177
D153880,D255900,0.094033
D153880,D256370,0.022268
D153880,D256700,0.17829
D153880,D258360,0.14477
D153880,D259050,0.17205
D153880,D259500,0.16368
D153880,D259660,0.18405
D153880,D260480,0.12095
D153880,D260570,0.030854
D153880,D260970,0.030341
D153880,D261515,0.15212
D153880,D263300,0.051712
D153880,D263800,0.034431
D153880,D264120,0.030363
D153880,D266120,0.030124
D153880,D266600,0.14422
D153880,D267740,0.36278
D153880,D268220,0.14403
D153880,D268320,0.1932
D153880,D270960,0.027007
D153880,D273300,0.081381
D153880,D273800,0.089419
D153880,D275000,0.14133
D153880,D276300,0.087871
D153880,D277350,0.15108
D153880,D277440,0.11046
D153880,D277460,0.058696
D153880,D278200,0.11051
D153880,D300125,0.058431
D153880,D300232,0.21194
D153880,D300491,0.088363
D153880,D300494,0.26358
D153880,D303110,0.21187
D153880,D304790,0.07534
D153880,D304900,0.023893
D153880,D305300,0.080058
D153880,D308205,0.15041
D153880,D308350,0.052396
D153880,D308600,0.040957
D153880,D310468,0.024165
D153880,D311360,0.12853
D153880,D312910,0.15367
D153880,D540000,0.18641
D153880,D600131,0.040006
D153880,D600496,0.054191
D153880,D600634,0.03457
D153880,D600803,0.031142
D153880,D600807,0.034457
D153880,D601004,0.094256
D153880,D601042,0.12984
D153880,D601367,0.074543
D153880,D601608,0.02405
D153880,D601665,0.069939
D153880,D601682,0.23788
D153880,D602080,0.24676
D153880,D602522,0.16048
D153880,D603165,0.10094
D153880,D604278,0.14097
D153880,D604416,0.046328
D153880,D604827,0.029002
D153880,D605021,0.038906
D153880,D605055,0.027778
D153880,D606703,0.037841
D153880,D606798,0.19507
D153880,D606842,0.13419
D153880,D607225,0.10168
D153880,D607459,0.10672
D153880,D607498,0.051075
D153880,D607501,0.052686
D153880,D607508,0.054642
D153880,D607516,0.076945
D153880,D607554,0.11266
D153880,D607628,0.035568
D153880,D607631,0.035211
D153880,D607681,0.039945
D153880,D607682,0.040641
D153880,D607685,0.070562
D153880,D607850,0.094474
D153880,D608033,0.054529
D153880,D608088,0.067515
D153880,D608105,0.22701
D153880,D608217,0.067136
D153880,D608320,0.086278
D153880,D608583,0.082626
D153880,D608622,0.037579
D154276,D155100,0.15758
D154276,D155600,0.049996
D154276,D156000,0.031489
D154276,D156190,0.052193
D154276,D157300,0.048221
D154276,D157700,0.078165
D154276,D157950,0.12459
D154276,D160300,0.16067
D154276,D160750,0.34234
D154276,D161900,0.10857
D154276,D164230,0.036545
D154276,D165150,0.034288
D154276,D165199,0.073211
D154276,D165720,0.093792
D154276,D166300,0.099971
D154276,D166710,0.12134
D154276,D166760,0.036055
D154276,D167320,0.19238
D154276,D167870,0.099039
D154276,D168100,0.025781
D154276,D168600,0.091554
D154276,D170900,0.028295
D154276,D171300,0.097865
D154276,D174800,0.12922
D154276,D175100,0.099224
D154276,D175510,0.11368
D154276,D176800,0.046149
D154276,D176807,0.089566
D154276,D178600,0.12266
D154276,D179800,0.29501
D154276,D179830,0.297
D154276,D181000,0.20425
D154276,D181460,0.099229
D154276,D181500,0.1455
D154276,D182000,0.032961
D154276,D182280,0.066991
D154276,D182830,0.037574
D154276,D184700,0.099102
D154276,D187950,0.078903
D154276,D188030,0.082068
D154276,D188050,0.14081
D154276,D188470,0.098216
D154276,D189600,0.11753
D154276,D189800,0.15291
D154276,D190300,0.14501
D154276,D190310,0.038049
D154276,D190400,0.061903
D154276,D191390,0.091527
D154276,D192200,0.04288
D154276,D194070,0.12097
D154276,D194200,0.075095
D154276,D200170,0.13935
D154276,D203700,0.12166
D154276,D206200,0.19119
D154276,D208085,0.10217
D154276,D208230,0.15135
D154276,D208550,0.06066
D154276,D208700,0.11585
D154276,D208750,0.023037
D154276,D208920,0.18774
D154276,D210050,0.022449
D154276,D211980,0.086658
D154276,D212050,0.10139
D154276,D212112,0.034687
D154276,D212130,0.30213
D154276,D212140,0.28909
D154276,D212350,0.3237
D154276,D215140,0.066602
D154276,D215470,0.10538
D154276,D217150,0.21269
D154276,D217200,0.032241
D154276,D218200,0.10106
D154276,D218800,0.11613
D154276,D220120,0.20894
D154276,D223350,0.063991
D154276,D225740,0.25362
D154276,D225755,0.058723
D154276,D226000,0.11036
D154276,D226150,0.037159
D154276,D227300,0.11124
D154276,D230450,0.30834
D154276,D230800,0.13667
D154276,D231200,0.048636
D154276,D231900,0.27056
D154276,D233810,0.030703
D154276,D236000,0.050115
D154276,D237450,0.10999
D154276,D237500,0.10932
D154276,D238800,0.35138
D154276,D239350,0.1823
D154276,D240400,0.15299
D154276,D241100,0.02579
D154276,D241519,0.28283
D154276,D243200,0.06204
D154276,D246300,0.11972
D154276,D246400,0.10718
D154276,D247200,0.084605
D154276,D247640,0.025687
D154276,D248190,0.060685
D154276,D249100,0.17587
D154276,D250790,0.080906
D154276,D252320,0.16345
D154276,D254200,0.24724
D154276,D254450,0.1124
D154276,D254500,0.15059
D154276,D254770,0.051428
D154276,D254800,0.128
D154276,D255900,0.20579
D154276,D256700,0.11103
D154276,D258360,0.1456
D154276,D259050,0.10196
D154276,D259500,0.10401
D154276,D259660,0.075143
D154276,D260480,0.075076
D154276,D260570,0.17122
D154276,D260970,0.06825
D154276,D261515,0.12075
D154276,D263300,0.060038
D154276,D263800,0.22216
D154276,D264120,0.17211
D154276,D266120,0.10363
D154276,D266600,0.14691
D154276,D267740,0.040508
D154276,D268220,0.031216
D154276,D268320,0.028818
D154276,D273300,0.061497
D154276,D273800,0.080917
D154276,D275000,0.20347
D154276,D276300,0.03157
D154276,D277350,0.13146
D154276,D277440,0.12865
D154276,D277460,0.15264
D154276,D300125,0.031841
D154276,D300232,0.071089
D154276,D300491,0.041718
D154276,D303110,0.056224
D154276,D304790,0.11898
D154276,D304900,0.10733
D154276,D305300,0.19405
D154276,D308205,0.054862
D154276,D308350,0.028571
D154276,D308600,0.089362
D154276,D310468,0.16794
D154276,D311360,0.18506
D154276,D312910,0.068962
D154276,D540000,0.27192
D154276,D600131,0.043617
D154276,D600263,0.16916
D154276,D600351,0.068165
D154276,D600496,0.14372
D154276,D600803,0.10655
D154276,D600807,0.059243
D154276,D601042,0.081233
D154276,D601367,0.12553
D154276,D601608,0.083609
D154276,D601626,0.058829
D154276,D601665,0.050681
D154276,D602080,0.14074
D154276,D602522,0.17513
D154276,D603165,0.097406
D154276,D604278,0.19718
D154276,D604416,0.19226
D154276,D604827,0.03162
D154276,D605021,0.042418
D154276,D605055,0.030286
D154276,D606703,0.041258
D154276,D606798,0.10835
D154276,D606842,0.16745
D154276,D607225,0.089548
D154276,D607459,0.055295
D154276,D607498,0.027832
D154276,D607501,0.028721
D154276,D607508,0.12447
D154276,D607516,0.027758
D154276,D607554,0.040879
D154276,D607628,0.038779
D154276,D607631,0.038389
D154276,D607681,0.043551
D154276,D607682,0.04431
D154276,D607685,0.19101
D154276,D607850,0.068112
D154276,D608033,0.16145
D154276,D608088,0.074032
D154276,D608105,0.095361
D154276,D608217,0.036596
D154276,D608320,0.047036
D154276,D608583,0.044929
D154276,D608622,0.18033
D155100,D155600,0.15369
D155100,D155601,0.055181
D155100,D156000,0.14952
D155100,D156190,0.11
D155100,D157300,0.18895
D155100,D157700,0.10532
D155100,D157950,0.097252
D155100,D160300,0.02512
D155100,D160750,0.13694
D155100,D161900,0.31345
D155100,D164230,0.047977
D155100,D165150,0.091118
D155100,D165199,0.20132
D155100,D165720,0.27183
D155100,D166300,0.14749
D155100,D166710,0.11948
D155100,D166760,0.11759
D155100,D167320,0.14865
D155100,D167870,0.092493
D155100,D168100,0.033856
D155100,D168600,0.10581
D155100,D170900,0.074373
D155100,D171300,0.13875
D155100,D174800,0.22514
D155100,D175100,0.17012
D155100,D175505,0.033192
D155100,D175510,0.2127
D155100,D176807,0.14399
D155100,D178600,0.19147
D155100,D179800,0.21152
D155100,D179830,0.063466
D155100,D181000,0.17749
D155100,D181460,0.083407
D155100,D181500,0.186
D155100,D182000,0.043204
D155100,D182280,0.19367
D155100,D182830,0.14696
D155100,D184700,0.064165
D155100,D187950,0.26167
D155100,D188030,0.26007
D155100,D188050,0.1484
D155100,D188470,0.10516
D155100,D189600,0.13321
D155100,D189800,0.13301
D155100,D190300,0.10318
D155100,D190310,0.049955
D155100,D190400,0.040631
D155100,D191390,0.13162
D155100,D194070,0.23922
D155100,D194200,0.032567
D155100,D200170,0.035257
D155100,D203700,0.15376
D155100,D205700,0.061418
D155100,D206200,0.19835
D155100,D208085,0.082597
D155100,D208230,0.12023
D155100,D208300,0.045181
D155100,D208550,0.11785
D155100,D208700,0.037754
D155100,D208750,0.14143
D155100,D208920,0.17502
D155100,D210050,0.029502
D155100,D211980,0.09541
D155100,D212050,0.063632
D155100,D212112,0.068324
D155100,D212130,0.055444
D155100,D212140,0.15436
D155100,D212350,0.16807
D155100,D215140,0.26022
D155100,D215470,0.11966
D155100,D217150,0.06776
D155100,D217200,0.22935
D155100,D218200,0.10383
D155100,D218800,0.14001
D155100,D220120,0.11321
D155100,D223350,0.32359
D155100,D225740,0.15408
D155100,D225755,0.057747
D155100,D226000,0.1103
D155100,D226150,0.023785
D155100,D227300,0.1448
D155100,D230450,0.18176
D155100,D230800,0.30097
D155100,D231090,0.10103
D155100,D231200,0.20961
D155100,D231900,0.14006
D155100,D233810,0.040317
D155100,D236000,0.15979
D155100,D237450,0.024156
D155100,D237500,0.12637
D155100,D238800,0.15685
D155100,D239350,0.072422
D155100,D240400,0.13161
D155100,D241100,0.067281
D155100,D241519,0.1302
D155100,D243200,0.082519
D155100,D246300,0.20403
D155100,D246400,0.16548
D155100,D246470,0.10372
D155100,D247200,0.25074
D155100,D247640,0.12112
D155100,D248190,0.079851
D155100,D249100,0.2397
D155100,D250790,0.24191
D155100,D252320,0.054431
D155100,D254200,0.14754
D155100,D254400,0.10121
D155100,D254450,0.13363
D155100,D254500,0.16235
D155100,D254770,0.033755
D155100,D254800,0.17411
D155100,D255900,0.10382
D155100,D256370,0.13086
D155100,D256700,0.22403
D155100,D258360,0.28893
D155100,D259050,0.15983
D155100,D259500,0.18751
D155100,D259660,0.080053
D155100,D260480,0.09022
D155100,D260570,0.24123
D155100,D260970,0.0653
D155100,D261515,0.15615
D155100,D263300,0.2316
D155100,D263800,0.12398
D155100,D264120,0.11038
D155100,D266120,0.19664
D155100,D266600,0.19939
D155100,D267730,0.087203
D155100,D267740,0.080004
D155100,D268220,0.10964
D155100,D268320,0.075739
D155100,D270960,0.15605
D155100,D273300,0.17067
D155100,D273800,0.23814
D155100,D275000,0.15282
D155100,D276300,0.097741
D155100,D277350,0.084056
D155100,D277440,0.20668
D155100,D277460,0.11266
D155100,D300125,0.14672
D155100,D300232,0.074776
D155100,D300491,0.054905
D155100,D303110,0.1738
D155100,D304790,0.18673
D155100,D304900,0.068687
D155100,D305300,0.076139
D155100,D308205,0.12566
D155100,D308350,0.056379
D155100,D310468,0.10542
D155100,D311360,0.11822
D155100,D312910,0.1881
D155100,D540000,0.21057
D155100,D600082,0.031175
D155100,D600131,0.057267
D155100,D600263,0.13837
D155100,D600351,0.12819
D155100,D600496,0.055732
D155100,D600631,0.088215
D155100,D600634,0.05073
D155100,D600803,0.067553
D155100,D600807,0.27772
D155100,D600808,0.087817
D155100,D601042,0.10156
D155100,D601367,0.13505
D155100,D601518,0.057351
D155100,D601608,0.18532
D155100,D601626,0.23555
D155100,D601665,0.033259
D155100,D601682,0.032683
D155100,D602080,0.34941
D155100,D602522,0.32014
D155100,D603165,0.15814
D155100,D604278,0.16492
D155100,D604416,0.099589
D155100,D604827,0.020754
D155100,D605021,0.055743
D155100,D605055,0.12198
D155100,D605839,0.10476
D155100,D606703,0.054219
D155100,D606798,0.096129
D155100,D606842,0.17929
D155100,D607225,0.077516
D155100,D607459,0.048831
D155100,D607498,0.12866
D155100,D607501,0.13309
D155100,D607508,0.19718
D155100,D607516,0.14653
D155100,D607554,0.026831
D155100,D607628,0.050993
D155100,D607631,0.075909
D155100,D607681,0.057203
D155100,D607682,0.058194
D155100,D607685,0.25478
D155100,D607850,0.067217
D155100,D608033,0.10032
D155100,D608088,0.080605
D155100,D608105,0.058952
D155100,D608217,0.048091
D155100,D608583,0.02949
D155100,D608622,0.11496
D155600,D155601,0.40191
D155600,D156000,0.031623
D155600,D156190,0.093502
D155600,D157300,0.10877
D155600,D157700,0.16916
D155600,D157950,0.10863
D155600,D158280,0.1607
D155600,D160300,0.10019
D155600,D160750,0.086709
D155600,D161900,0.095759
D155600,D164230,0.059471
D155600,D165150,0.092193
D155600,D165199,0.092657
D155600,D165720,0.080506
D155600,D166300,0.14643
D155600,D166710,0.15998
D155600,D166760,0.071777
D155600,D167320,0.12711
D155600,D167870,0.011316
D155600,D168100,0.056039
D155600,D168600,0.07631
D155600,D170900,0.071494
D155600,D171300,0.25766
D155600,D173200,0.2157
D155600,D174800,0.22803
D155600,D175100,0.38683
D155600,D175505,0.19204
D155600,D175510,0.14116
D155600,D176800,0.11703
D155600,D176807,0.1968
D155600,D178600,0.16488
D155600,D179600,0.084407
D155600,D179800,0.14803
D155600,D179830,0.047894
D155600,D181000,0.26712
D155600,D181460,0.017297
D155600,D181500,0.19947
D155600,D182000,0.16738
D155600,D182280,0.37556
D155600,D182830,0.096832
D155600,D184700,0.13326
D155600,D187950,0.17441
D155600,D188030,0.12812
D155600,D188050,0.13827
D155600,D188470,0.2305
D155600,D189600,0.071955
D155600,D189800,0.056872
D155600,D190300,0.12895
D155600,D190310,0.057202
D155600,D191390,0.28702
D155600,D192200,0.042807
D155600,D194070,0.24167
D155600,D194200,0.062545
D155600,D200170,0.14268
D155600,D203700,0.10753
D155600,D205700,0.046843
D155600,D206200,0.15027
D155600,D208085,0.066233
D155600,D208230,0.091162
D155600,D208300,0.17758
D155600,D208550,0.21498
D155600,D208700,0.014377
D155600,D208750,0.14119
D155600,D208920,0.18061
D155600,D210050,0.037007
D155600,D211980,0.32954
D155600,D212050,0.1126
D155600,D212112,0.034984
D155600,D212140,0.16953
D155600,D212350,0.096225
D155600,D215140,0.24089
D155600,D215470,0.15741
D155600,D217150,0.065483
D155600,D217200,0.033003
D155600,D218200,0.037926
D155600,D218800,0.18518
D155600,D220120,0.088096
D155600,D223350,0.13703
D155600,D225740,0.066291
D155600,D225755,0.044301
D155600,D226000,0.031689
D155600,D226150,0.11692
D155600,D227300,0.10663
D155600,D230450,0.085801
D155600,D230800,0.28668
D155600,D231090,0.090445
D155600,D231200,0.24342
D155600,D231900,0.10575
D155600,D233810,0.11222
D155600,D236000,0.22524
D155600,D237450,0.075392
D155600,D237500,0.27188
D155600,D238800,0.016725
D155600,D239350,0.037152
D155600,D240400,0.074649
D155600,D241100,0.038424
D155600,D241519,0.087457
D155600,D243200,0.061912
D155600,D246300,0.15064
D155600,D246400,0.16318
D155600,D246470,0.081648
D155600,D247200,0.18146
D155600,D247640,0.16795
D155600,D248190,0.076017
D155600,D249100,0.21669
D155600,D250790,0.13399
D155600,D252320,0.057126
D155600,D254200,0.13604
D155600,D254400,0.10746
D155600,D254450,0.1116
D155600,D254500,0.17734
D155600,D254800,0.067717
D155600,D255900,0.13486
D155600,D256370,0.073616
D155600,D256700,0.40629
D155600,D258360,0.30585
D155600,D259050,0.17677
D155600,D259500,0.42017
D155600,D259660,0.01867
D155600,D260480,0.14104
D155600,D260570,0.12371
D155600,D260970,0.016578
D155600,D261515,0.1626
D155600,D263300,0.18472
D155600,D263800,0.10511
D155600,D264120,0.067725
D155600,D266120,0.13247
D155600,D266600,0.28424
D155600,D267730,0.067373
D155600,D267740,0.1322
D155600,D268220,0.2376
D155600,D268320,0.16242
D155600,D270960,0.074348
D155600,D273300,0.21643
D155600,D273800,0.20599
D155600,D275000,0.24824
D155600,D276300,0.32532
D155600,D277350,0.20359
D155600,D277440,0.21134
D155600,D277460,0.15181
D155600,D278200,0.16062
D155600,D300125,0.066058
D155600,D300232,0.14831
D155600,D300491,0.055947
D155600,D300494,0.13818
D155600,D303110,0.13286
D155600,D304790,0.28128
D155600,D305300,0.15126
D155600,D308205,0.18482
D155600,D308350,0.057732
D155600,D308600,0.0703
D155600,D310468,0.026494
D155600,D311360,0.16254
D155600,D312910,0.070983
D155600,D540000,0.117
D155600,D600263,0.27386
D155600,D600351,0.20396
D155600,D600496,0.1274
D155600,D600634,0.19112
D155600,D600803,0.11917
D155600,D600807,0.23738
D155600,D601004,0.077258
D155600,D601042,0.14337
D155600,D601367,0.1533
D155600,D601518,0.044663
D155600,D601608,0.10291
D155600,D601626,0.13906
D155600,D601665,0.12904
D155600,D601682,0.12701
D155600,D602068,0.12727
D155600,D602080,0.2056
D155600,D602522,0.075406
D155600,D603165,0.27783
D155600,D604278,0.14216
D155600,D604416,0.089091
D155600,D605055,0.015163
D155600,D605839,0.14403
D155600,D606703,0.043176
D155600,D606798,0.1056
D155600,D606842,0.075017
D155600,D607225,0.087288
D155600,D607459,0.077114
D155600,D607498,0.063464
D155600,D607499,0.15851
D155600,D607501,0.061
D155600,D607508,0.10687
D155600,D607516,0.10113
D155600,D607554,0.041039
D155600,D607685,0.21653
D155600,D607850,0.07226
D155600,D608033,0.01994
D155600,D608088,0.087014
D155600,D608105,0.10883
D155600,D608217,0.037137
D155600,D608320,0.047293
D155600,D608583,0.022619
D155600,D608622,0.066405
D155601,D157700,0.094227
D155601,D157950,0.059157
D155601,D160300,0.096649
D155601,D161900,0.055255
D155601,D165720,0.077586
D155601,D166300,0.072008
D155601,D166710,0.058473
D155601,D167320,0.10847
D155601,D168100,0.065089
D155601,D168600,0.041794
D155601,D170900,0.074962
D155601,D171300,0.1628
D155601,D173200,0.24466
D155601,D174800,0.097112
D155601,D175100,0.22425
D155601,D175505,0.066866
D155601,D175510,0.068929
D155601,D176800,0.11606
D155601,D176807,0.11374
D155601,D178600,0.050402
D155601,D179600,0.13812
D155601,D181000,0.0607
D155601,D181500,0.099676
D155601,D182000,0.17197
D155601,D182280,0.30985
D155601,D184700,0.083542
D155601,D187950,0.099402
D155601,D188050,0.068264
D155601,D188470,0.20591
D155601,D189600,0.082903
D155601,D190300,0.0802
D155601,D191390,0.091433
D155601,D194070,0.19942
D155601,D194200,0.061722
D155601,D200170,0.13787
D155601,D208085,0.051512
D155601,D208230,0.049314
D155601,D208300,0.1395
D155601,D208550,0.10843
D155601,D208750,0.067021
D155601,D208920,0.074174
D155601,D211980,0.32351
D155601,D212050,0.081535
D155601,D212140,0.061638
D155601,D215140,0.12697
D155601,D215470,0.031871
D155601,D217150,0.033813
D155601,D218800,0.048323
D155601,D223350,0.080298
D155601,D230800,0.084155
D155601,D231090,0.11609
D155601,D231200,0.1158
D155601,D233810,0.1827
D155601,D236000,0.12084
D155601,D237450,0.09459
D155601,D237500,0.11034
D155601,D246300,0.1016
D155601,D246400,0.095793
D155601,D246470,0.068793
D155601,D247200,0.12112
D155601,D247640,0.16821
D155601,D249100,0.050254
D155601,D250790,0.13862
D155601,D252320,0.072018
D155601,D254200,0.087142
D155601,D254400,0.16061
D155601,D254450,0.067589
D155601,D254500,0.096814
D155601,D254800,0.062754
D155601,D255900,0.13218
D155601,D256370,0.094701
D155601,D256700,0.1956
D155601,D258360,0.032405
D155601,D259050,0.084511
D155601,D259500,0.22494
D155601,D260480,0.047029
D155601,D261515,0.057017
D155601,D263300,0.034994
D155601,D263800,0.070621
D155601,D266600,0.10772
D155601,D267730,0.11719
D155601,D268220,0.13205
D155601,D268320,0.037203
D155601,D270960,0.041461
D155601,D273300,0.19888
D155601,D273800,0.048737
D155601,D275000,0.047145
D155601,D276300,0.1876
D155601,D277350,0.082402
D155601,D277440,0.14443
D155601,D277460,0.053409
D155601,D278200,0.05227
D155601,D300232,0.090763
D155601,D304790,0.079192
D155601,D305300,0.072285
D155601,D308205,0.070563
D155601,D308600,0.11703
D155601,D311360,0.13226
D155601,D600263,0.16198
D155601,D600351,0.027027
D155601,D600634,0.29
D155601,D600807,0.097569
D155601,D601042,0.078166
D155601,D601367,0.10358
D155601,D601518,0.062566
D155601,D601608,0.033581
D155601,D601626,0.10713
D155601,D601665,0.098997
D155601,D602068,0.10842
D155601,D602080,0.067761
D155601,D603165,0.14256
D155601,D604278,0.053232
D155601,D604416,0.12737
D155601,D605839,0.17074
D155601,D606703,0.10676
D155601,D607225,0.055209
D155601,D607685,0.075137
D155601,D607850,0.084491
D155601,D608088,0.030498
D155601,D608105,0.038882
D155601,D608217,0.04634
D156000,D156190,0.18177
D156000,D157300,0.36274
D156000,D157700,0.12948
D156000,D157950,0.023417
D156000,D158280,0.10622
D156000,D160300,0.038037
D156000,D160750,0.068085
D156000,D161900,0.19078
D156000,D164230,0.18202
D156000,D165150,0.13763
D156000,D165199,0.39387
D156000,D165720,0.061901
D156000,D166300,0.076032
D156000,D166760,0.18101
D156000,D167320,0.09644
D156000,D167870,0.23381
D156000,D168100,0.12934
D156000,D168600,0.11728
D156000,D170900,0.056243
D156000,D171300,0.12666
D156000,D173200,0.035161
D156000,D174800,0.15135
D156000,D175100,0.074853
D156000,D176807,0.064379
D156000,D178600,0.03789
D156000,D179600,0.10603
D156000,D179800,0.044378
D156000,D181000,0.10791
D156000,D181500,0.13669
D156000,D182830,0.22485
D156000,D184700,0.047817
D156000,D187950,0.11333
D156000,D188030,0.051436
D156000,D188050,0.13617
D156000,D189600,0.16773
D156000,D189800,0.056487
D156000,D190300,0.25427
D156000,D190310,0.15198
D156000,D190400,0.061524
D156000,D191390,0.088381
D156000,D192200,0.085058
D156000,D194070,0.045786
D156000,D194200,0.17268
D156000,D200170,0.053395
D156000,D203700,0.18221
D156000,D208230,0.038365
D156000,D208300,0.068505
D156000,D208550,0.084692
D156000,D208700,0.18099
D156000,D208750,0.37796
D156000,D208920,0.16956
D156000,D210050,0.15642
D156000,D212050,0.089755
D156000,D212110,0.055635
D156000,D212112,0.10346
D156000,D212130,0.083748
D156000,D212140,0.080043
D156000,D212350,0.14457
D156000,D215140,0.01768
D156000,D215470,0.2355
D156000,D217150,0.025687
D156000,D217200,0.33026
D156000,D218200,0.17531
D156000,D218800,0.093926
D156000,D220120,0.12999
D156000,D225740,0.12826
D156000,D225755,0.13567
D156000,D226000,0.15574
D156000,D230450,0.069142
D156000,D230800,0.091408
D156000,D231200,0.068021
D156000,D233810,0.061059
D156000,D236000,0.04654
D156000,D238800,0.033107
D156000,D239350,0.10961
D156000,D240400,0.048626
D156000,D243200,0.092214
D156000,D247200,0.10886
D156000,D249100,0.066525
D156000,D250790,0.052202
D156000,D252320,0.10983
D156000,D254200,0.044565
D156000,D254400,0.05729
D156000,D254500,0.055003
D156000,D254770,0.15347
D156000,D254800,0.24081
D156000,D255900,0.10067
D156000,D256700,0.11476
D156000,D258360,0.10201
D156000,D259050,0.17168
D156000,D260480,0.054195
D156000,D260970,0.15514
D156000,D261515,0.10123
D156000,D263300,0.055804
D156000,D263800,0.1305
D156000,D264120,0.065834
D156000,D266600,0.070132
D156000,D267740,0.24368
D156000,D268220,0.060959
D156000,D268320,0.18468
D156000,D273300,0.073429
D156000,D273800,0.17402
D156000,D275000,0.11293
D156000,D276300,0.046813
D156000,D277350,0.063097
D156000,D277440,0.062613
D156000,D277460,0.15253
D156000,D278200,0.13262
D156000,D300125,0.48454
D156000,D300232,0.12518
D156000,D300491,0.2209
D156000,D300494,0.11057
D156000,D303110,0.28983
D156000,D304790,0.061375
D156000,D304900,0.077676
D156000,D305300,0.057643
D156000,D308205,0.18879
D156000,D308350,0.11414
D156000,D311360,0.11668
D156000,D312910,0.30885
D156000,D540000,0.33948
D156000,D600131,0.17347
D156000,D600496,0.027772
D156000,D600807,0.018657
D156000,D601042,0.18902
D156000,D601367,0.14045
D156000,D601608,0.052144
D156000,D601665,0.101
D156000,D601682,0.099371
D156000,D602080,0.16993
D156000,D602522,0.21881
D156000,D603165,0.053603
D156000,D604278,0.12792
D156000,D604827,0.094587
D156000,D605021,0.16898
D156000,D605055,0.12191
D156000,D606703,0.17537
D156000,D606798,0.20482
D156000,D606842,0.095763
D156000,D607225,0.12734
D156000,D607459,0.20578
D156000,D607498,0.42776
D156000,D607501,0.44035
D156000,D607508,0.4528
D156000,D607516,0.44357
D156000,D607554,0.24394
D156000,D607628,0.15432
D156000,D607631,0.19107
D156000,D607681,0.17333
D156000,D607682,0.17631
D156000,D607685,0.057192
D156000,D608033,0.07874
D156000,D608088,0.073175
D156000,D608105,0.20997
D156000,D608217,0.14559
D156000,D608320,0.046803
D156000,D608583,0.26813
D156000,D608622,0.24536
D156190,D157300,0.13835
D156190,D157700,0.15856
D156190,D157950,0.07779
D156190,D158280,0.18162
D156190,D160300,0.094419
D156190,D160750,0.084496
D156190,D161900,0.085442
D156190,D164230,0.15033
D156190,D165150,0.35001
D156190,D165199,0.27478
D156190,D165720,0.076819
D156190,D166300,0.12927
D156190,D166710,0.096942
D156190,D166760,0.059307
D156190,D167320,0.079818
D156190,D167870,0.092936
D156190,D168100,0.10637
D156190,D168600,0.16809
D156190,D171300,0.22246
D156190,D174800,0.16539
D156190,D175100,0.13081
D156190,D175505,0.041564
D156190,D176800,0.15133
D156190,D176807,0.071043
D156190,D178600,0.01564
D156190,D179800,0.12879
D156190,D179830,0.051632
D156190,D181000,0.21567
D156190,D181500,0.18379
D156190,D182000,0.13519
D156190,D182830,0.31761
D156190,D184700,0.013184
D156190,D187950,0.046887
D156190,D188050,0.090124
D156190,D189600,0.11102
D156190,D189800,0.023286
D156190,D190300,0.15674
D156190,D190310,0.093924
D156190,D190400,0.10233
D156190,D191390,0.13343
D156190,D192200,0.17587
D156190,D194070,0.25514
D156190,D194200,0.12274
D156190,D200170,0.066264
D156190,D203700,0.19319
D156190,D208085,0.032313
D156190,D208230,0.098136
D156190,D208300,0.23616
D156190,D208550,0.070409
D156190,D208700,0.11833
D156190,D208750,0.15526
D156190,D208920,0.16918
D156190,D210050,0.073914
D156190,D212050,0.099161
D156190,D212112,0.15472
D156190,D212130,0.069363
D156190,D212140,0.093043
D156190,D212350,0.31273
D156190,D215140,0.081056
D156190,D215470,0.26149
D156190,D217150,0.10645
D156190,D217200,0.2624
D156190,D218200,0.1482
D156190,D218800,0.077727
D156190,D220120,0.20347
D156190,D225740,0.24014
D156190,D225755,0.26458
D156190,D226000,0.12885
D156190,D227300,0.029592
D156190,D230450,0.085293
D156190,D230800,0.10931
D156190,D231200,0.075318
D156190,D233810,0.05052
D156190,D237450,0.029966
D156190,D237500,0.017435
D156190,D238800,0.054788
D156190,D239350,0.09072
D156190,D240400,0.020118
D156190,D241100,0.02103
D156190,D243200,0.15275
D156190,D246400,0.030127
D156190,D247200,0.17482
D156190,D247640,0.020871
D156190,D248190,0.02513
D156190,D249100,0.055039
D156190,D250790,0.043192
D156190,D252320,0.068105
D156190,D254200,0.12916
D156190,D254500,0.045609
D156190,D254770,0.12703
D156190,D254800,0.11086
D156190,D255900,0.12586
D156190,D256370,0.019966
D156190,D256700,0.11701
D156190,D258360,0.20204
D156190,D259050,0.23664
D156190,D259500,0.082593
D156190,D259660,0.15456
D156190,D260480,0.12334
D156190,D260570,0.027664
D156190,D260970,0.054411
D156190,D261515,0.15785
D156190,D263800,0.10823
D156190,D264120,0.12471
D156190,D266120,0.02701
D156190,D266600,0.094229
D156190,D267740,0.32055
D156190,D268220,0.1544
D156190,D268320,0.33548
D156190,D270960,0.024215
D156190,D273300,0.072971
D156190,D273800,0.11228
D156190,D275000,0.1583
D156190,D276300,0.064592
D156190,D277350,0.16272
D156190,D277440,0.090671
D156190,D277460,0.087755
D156190,D278200,0.099338
D156190,D300125,0.18444
D156190,D300232,0.21384
D156190,D300491,0.18281
D156190,D300494,0.23599
D156190,D303110,0.28408
D156190,D304790,0.037622
D156190,D304900,0.064294
D156190,D305300,0.047705
D156190,D308205,0.20473
D156190,D308350,0.17486
D156190,D308600,0.036722
D156190,D310468,0.066563
D156190,D311360,0.21683
D156190,D312910,0.31581
D156190,D540000,0.20497
D156190,D600131,0.14357
D156190,D600496,0.048516
D156190,D600634,0.030995
D156190,D600807,0.030941
D156190,D601042,0.19697
D156190,D601367,0.099777
D156190,D601608,0.064708
D156190,D601665,0.10425
D156190,D601682,0.33044
D156190,D602080,0.17938
D156190,D602522,0.12512
D156190,D603165,0.12575
D156190,D604278,0.36119
D156190,D604416,0.020268
D156190,D604827,0.078292
D156190,D605021,0.13986
D156190,D605055,0.1009
D156190,D606703,0.10214
D156190,D606798,0.24803
D156190,D606842,0.079245
D156190,D607225,0.1438
D156190,D607459,0.17227
D156190,D607498,0.16158
D156190,D607501,0.16717
D156190,D607508,0.17248
D156190,D607516,0.18425
D156190,D607554,0.13451
D156190,D607628,0.12772
D156190,D607631,0.12638
D156190,D607681,0.14345
D156190,D607682,0.14592
D156190,D607685,0.015773
D156190,D607850,0.027814
D156190,D608033,0.12463
D156190,D608088,0.10116
D156190,D608105,0.30212
D156190,D608217,0.25
D156190,D608320,0.019199
D156190,D608583,0.11089
D156190,D608622,0.10112
D157300,D157700,0.10875
D157300,D157950,0.017757
D157300,D158280,0.086362
D157300,D160300,0.028857
D157300,D160750,0.077779
D157300,D161900,0.25193
D157300,D164230,0.19409
D157300,D165150,0.077758
D157300,D165199,0.1924
D157300,D165720,0.095923
D157300,D166300,0.072351
D157300,D166710,0.017721
D157300,D166760,0.054171
D157300,D167320,0.1099
D157300,D167870,0.24283
D157300,D168100,0.11703
D157300,D168600,0.15327
D157300,D170900,0.042663
D157300,D171300,0.12047
D157300,D173200,0.026671
D157300,D174800,0.14097
D157300,D175100,0.16466
D157300,D175510,0.17563
D157300,D176807,0.19695
D157300,D178600,0.072753
D157300,D179600,0.080428
D157300,D179800,0.084359
D157300,D179830,0.023731
D157300,D181000,0.17716
D157300,D181500,0.17914
D157300,D182280,0.18001
D157300,D182830,0.14199
D157300,D184700,0.097187
D157300,D187950,0.15906
D157300,D188030,0.078107
D157300,D188050,0.12396
D157300,D188470,0.023494
D157300,D189600,0.075188
D157300,D189800,0.064211
D157300,D190300,0.23434
D157300,D190310,0.086269
D157300,D190400,0.046675
D157300,D191390,0.06701
D157300,D192200,0.06452
D157300,D194070,0.092687
D157300,D194200,0.14984
D157300,D200170,0.040618
D157300,D203700,0.18688
D157300,D206200,0.044745
D157300,D208085,0.030193
D157300,D208230,0.074835
D157300,D208300,0.084423
D157300,D208550,0.10765
D157300,D208700,0.086948
D157300,D208750,0.14068
D157300,D208920,0.17941
D157300,D210050,0.15284
D157300,D211980,0.041535
D157300,D212050,0.045393
D157300,D212110,0.042201
D157300,D212112,0.13134
D157300,D212130,0.063531
D157300,D212140,0.18724
D157300,D212350,0.12534
D157300,D215140,0.080964
D157300,D215470,0.22774
D157300,D217150,0.019466
D157300,D217200,0.24501
D157300,D218200,0.1711
D157300,D218800,0.17185
D157300,D220120,0.1238
D157300,D223350,0.092002
D157300,D225740,0.1176
D157300,D225755,0.066454
D157300,D226000,0.14241
D157300,D226150,0.06336
D157300,D227300,0.026576
D157300,D230450,0.1324
D157300,D230800,0.18012
D157300,D231090,0.022505
D157300,D231200,0.08676
D157300,D231900,0.031725
D157300,D233810,0.093062
D157300,D236000,0.070838
D157300,D237500,0.081317
D157300,D238800,0.050299
D157300,D239350,0.13976
D157300,D240400,0.093004
D157300,D241519,0.085685
D157300,D243200,0.14017
D157300,D246300,0.14385
D157300,D246400,0.14357
D157300,D247200,0.11511
D157300,D247640,0.084523
D157300,D248190,0.051651
D157300,D249100,0.18827
D157300,D250790,0.16178
D157300,D252320,0.10425
D157300,D254200,0.085382
D157300,D254400,0.043457
D157300,D254450,0.039014
D157300,D254500,0.11132
D157300,D254770,0.19682
D157300,D254800,0.2038
D157300,D255900,0.076451
D157300,D256700,0.17448
D157300,D258360,0.13368
D157300,D259050,0.1086
D157300,D259500,0.056693
D157300,D260480,0.054743
D157300,D260570,0.15419
D157300,D260970,0.12739
D157300,D261515,0.12035
D157300,D263300,0.21397
D157300,D263800,0.17071
D157300,D264120,0.075149
D157300,D266120,0.049833
D157300,D266600,0.18238
D157300,D267740,0.15317
D157300,D268220,0.046284
D157300,D268320,0.10971
D157300,D270960,0.0222
D157300,D273300,0.13382
D157300,D273800,0.17665
D157300,D275000,0.18651
D157300,D276300,0.084188
D157300,D277350,0.072009
D157300,D277440,0.08324
D157300,D277460,0.11269
D157300,D300125,0.75392
D157300,D300232,0.093592
D157300,D300491,0.20034
D157300,D300494,0.10898
D157300,D303110,0.1705
D157300,D304790,0.081861
D157300,D304900,0.098581
D157300,D305300,0.065808
D157300,D308205,0.19163
D157300,D308350,0.19683
D157300,D311360,0.13888
D157300,D312910,0.1563
D157300,D540000,0.32571
D157300,D600131,0.19852
D157300,D600263,0.019231
D157300,D600351,0.21223
D157300,D600496,0.021044
D157300,D600803,0.05317
D157300,D600807,0.11342
D157300,D601004,0.11706
D157300,D601042,0.1664
D157300,D601367,0.18368
D157300,D601608,0.08217
D157300,D601626,0.065811
D157300,D601665,0.11513
D157300,D601682,0.037526
D157300,D602080,0.21674
D157300,D602522,0.11262
D157300,D603165,0.053984
D157300,D604278,0.13004
D157300,D604827,0.12479
D157300,D605021,0.19702
D157300,D605055,0.16253
D157300,D606703,0.15908
D157300,D606798,0.17821
D157300,D606842,0.14733
D157300,D607225,0.096779
D157300,D607459,0.11473
D157300,D607498,0.76944
D157300,D607499,0.15311
D157300,D607501,0.77407
D157300,D607508,0.73308
D157300,D607516,0.67654
D157300,D607554,0.21607
D157300,D607628,0.17997
D157300,D607631,0.175
D157300,D607681,0.20005
D157300,D607682,0.20305
D157300,D607685,0.16204
D157300,D607850,0.051795
D157300,D608033,0.14653
D157300,D608088,0.092568
D157300,D608105,0.1602
D157300,D608217,0.1697
D157300,D608320,0.10744
D157300,D608583,0.23751
D157300,D608622,0.21738
D157700,D157950,0.21552
D157700,D158280,0.097615
D157700,D160300,0.12682
D157700,D160750,0.14258
D157700,D161900,0.1136
D157700,D164230,0.049562
D157700,D165150,0.19044
D157700,D165199,0.13512
D157700,D165720,0.19675
D157700,D166300,0.26204
D157700,D166710,0.22862
D157700,D166760,0.25507
D157700,D167320,0.19109
D157700,D167870,0.1854
D157700,D168100,0.086851
D157700,D168600,0.10112
D157700,D170900,0.10252
D157700,D171300,0.124
D157700,D173200,0.17785
D157700,D174800,0.18357
D157700,D175100,0.24284
D157700,D175505,0.057498
D157700,D175510,0.046198
D157700,D176800,0.14798
D157700,D176807,0.06938
D157700,D178600,0.24827
D157700,D179600,0.12684
D157700,D179800,0.11155
D157700,D179830,0.028383
D157700,D181000,0.20704
D157700,D181460,0.031397
D157700,D181500,0.10815
D157700,D182000,0.1357
D157700,D182280,0.058639
D157700,D182830,0.086409
D157700,D184700,0.11872
D157700,D187950,0.086606
D157700,D188030,0.070429
D157700,D188050,0.13818
D157700,D188470,0.061705
D157700,D189600,0.17362
D157700,D189800,0.064157
D157700,D190300,0.26369
D157700,D190310,0.034403
D157700,D190400,0.027982
D157700,D191390,0.13782
D157700,D192200,0.26131
D157700,D194070,0.17136
D157700,D194200,0.2876
D157700,D200170,0.12616
D157700,D203700,0.16061
D157700,D205700,0.042285
D157700,D206200,0.053211
D157700,D208085,0.084753
D157700,D208230,0.21674
D157700,D208300,0.13316
D157700,D208550,0.1848
D157700,D208700,0.038982
D157700,D208750,0.25738
D157700,D208920,0.12671
D157700,D210050,0.083925
D157700,D211980,0.025176
D157700,D212050,0.16943
D157700,D212110,0.19632
D157700,D212112,0.22008
D157700,D212130,0.24705
D157700,D212140,0.19353
D157700,D212350,0.22339
D157700,D215140,0.24401
D157700,D215470,0.083323
D157700,D217150,0.23177
D157700,D217200,0.11683
D157700,D218200,0.06846
D157700,D218800,0.13823
D157700,D220120,0.093056
D157700,D223350,0.027444
D157700,D225740,0.1507
D157700,D225755,0.1406
D157700,D226000,0.15928
D157700,D226150,0.032563
D157700,D227300,0.066595
D157700,D230450,0.12601
D157700,D230800,0.29624
D157700,D231090,0.055983
D157700,D231200,0.16651
D157700,D231900,0.038043
D157700,D233810,0.20396
D157700,D236000,0.10715
D157700,D237450,0.051729
D157700,D237500,0.097078
D157700,D238800,0.061497
D157700,D239350,0.024941
D157700,D240400,0.14646
D157700,D241100,0.085137
D157700,D241519,0.016885
D157700,D243200,0.041914
D157700,D246300,0.049893
D157700,D246400,0.14779
D157700,D246470,0.047139
D157700,D247200,0.29043
D157700,D247640,0.024692
D157700,D248190,0.056653
D157700,D249100,0.17086
D157700,D250790,0.083932
D157700,D252320,0.1172
D157700,D254200,0.1327
D157700,D254400,0.10966
D157700,D254450,0.052767
D157700,D254500,0.10017
D157700,D254770,0.023247
D157700,D254800,0.1616
D157700,D255900,0.17914
D157700,D256370,0.010976
D157700,D256700,0.20014
D157700,D258360,0.12996
D157700,D259050,0.35838
D157700,D259500,0.12763
D157700,D259660,0.19889
D157700,D260480,0.13434
D157700,D260570,0.030558
D157700,D260970,0.029904
D157700,D261515,0.26096
D157700,D263300,0.10248
D157700,D263800,0.1202
D157700,D264120,0.064136
D157700,D266120,0.044686
D157700,D266600,0.19932
D157700,D267730,0.019988
D157700,D267740,0.094107
D157700,D268220,0.070186
D157700,D268320,0.23707
D157700,D270960,0.013312
D157700,D273300,0.075351
D157700,D273800,0.19561
D157700,D275000,0.14705
D157700,D276300,0.15173
D157700,D277350,0.10361
D157700,D277440,0.22054
D157700,D277460,0.1361
D157700,D278200,0.20416
D157700,D300125,0.086425
D157700,D300232,0.31699
D157700,D300491,0.062705
D157700,D300494,0.077041
D157700,D303110,0.11724
D157700,D304790,0.148
D157700,D304900,0.011775
D157700,D305300,0.25216
D157700,D308205,0.19905
D157700,D308350,0.11931
D157700,D308600,0.063811
D157700,D310468,0.036592
D157700,D311360,0.10967
D157700,D312910,0.11833
D157700,D540000,0.12367
D157700,D600131,0.039439
D157700,D600263,0.094214
D157700,D600351,0.038902
D157700,D600496,0.025273
D157700,D600634,0.017039
D157700,D600803,0.061296
D157700,D600807,0.13062
D157700,D601004,0.069744
D157700,D601042,0.12159
D157700,D601367,0.2075
D157700,D601608,0.097818
D157700,D601626,0.024881
D157700,D601665,0.12818
D157700,D601682,0.069239
D157700,D602068,0.11524
D157700,D602080,0.18918
D157700,D602522,0.15884
D157700,D603165,0.14158
D157700,D604278,0.16226
D157700,D604416,0.13854
D157700,D604827,0.014293
D157700,D605021,0.038389
D157700,D605055,0.02739
D157700,D605839,0.029735
D157700,D606703,0.077441
D157700,D606798,0.096678
D157700,D606842,0.23173
D157700,D607225,0.099852
D157700,D607459,0.067894
D157700,D607498,0.088376
D157700,D607501,0.091489
D157700,D607508,0.08082
D157700,D607516,0.11428
D157700,D607554,0.15105
D157700,D607628,0.035119
D157700,D607631,0.034716
D157700,D607681,0.039395
D157700,D607682,0.040078
D157700,D607685,0.16776
D157700,D607850,0.14602
D157700,D608033,0.085403
D157700,D608088,0.11185
D157700,D608105,0.097662
D157700,D608217,0.1002
D157700,D608320,0.18368
D157700,D608583,0.14598
D157700,D608622,0.076349
D157950,D158280,0.080186
D157950,D160300,0.20552
D157950,D160750,0.13176
D157950,D161900,0.095521
D157950,D164230,0.02697
D157950,D165150,0.1156
D157950,D165199,0.054643
D157950,D165720,0.19234
D157950,D166300,0.30999
D157950,D166710,0.20569
D157950,D166760,0.13615
D157950,D167320,0.17435
D157950,D167870,0.03347
D157950,D168100,0.12519
D157950,D168600,0.064235
D157950,D171300,0.072714
D157950,D173200,0.083834
D157950,D174800,0.14317
D157950,D175100,0.19796
D157950,D175505,0.018627
D157950,D175510,0.040169
D157950,D176800,0.17253
D157950,D176807,0.115
D157950,D178600,0.11691
D157950,D179600,0.18808
D157950,D179800,0.10157
D157950,D179830,0.09713
D157950,D181000,0.11696
D157950,D181500,0.13402
D157950,D182000,0.097067
D157950,D182280,0.04949
D157950,D182830,0.056736
D157950,D184700,0.049882
D157950,D187950,0.058862
D157950,D188030,0.060633
D157950,D188050,0.1264
D157950,D188470,0.11947
D157950,D189600,0.18347
D157950,D189800,0.086819
D157950,D190300,0.23956
D157950,D191390,0.12842
D157950,D192200,0.063091
D157950,D194070,0.11911
D157950,D194200,0.074747
D157950,D200170,0.082844
D157950,D203700,0.10278
D157950,D206200,0.1413
D157950,D208085,0.088597
D157950,D208230,0.1861
D157950,D208300,0.10441
D157950,D208550,0.13033
D157950,D208700,0.070679
D157950,D208750,0.017417
D157950,D208920,0.060888
D157950,D211980,0.064019
D157950,D212050,0.13561
D157950,D212130,0.062625
D157950,D212140,0.086804
D157950,D212350,0.077417
D157950,D215140,0.23067
D157950,D215470,0.11688
D157950,D217150,0.47915
D157950,D218200,0.03729
D157950,D218800,0.057911
D157950,D220120,0.10607
D157950,D223350,0.047391
D157950,D225740,0.077133
D157950,D225755,0.086765
D157950,D226000,0.02311
D157950,D227300,0.10874
D157950,D230450,0.10466
D157950,D230800,0.12061
D157950,D231090,0.14662
D157950,D231200,0.087182
D157950,D231900,0.066655
D157950,D233810,0.22082
D157950,D236000,0.090196
D157950,D237450,0.054084
D157950,D237500,0.065067
D157950,D238800,0.049394
D157950,D240400,0.15304
D157950,D241100,0.078389
D157950,D241519,0.091671
D157950,D243200,0.045689
D157950,D246300,0.043006
D157950,D246400,0.11098
D157950,D247200,0.28024
D157950,D247640,0.018746
D157950,D248190,0.022879
D157950,D249100,0.091314
D157950,D250790,0.040829
D157950,D252320,0.040936
D157950,D254200,0.17837
D157950,D254450,0.019039
D157950,D254500,0.097461
D157950,D254800,0.050149
D157950,D255900,0.13603
D157950,D256370,0.017918
D157950,D256700,0.12629
D157950,D258360,0.079155
D157950,D259050,0.25488
D157950,D259500,0.21095
D157950,D259660,0.23308
D157950,D260480,0.15883
D157950,D260570,0.07819
D157950,D261515,0.18199
D157950,D263300,0.044464
D157950,D263800,0.10014
D157950,D264120,0.078015
D157950,D266120,0.1008
D157950,D266600,0.15465
D157950,D267740,0.061699
D157950,D268220,0.091461
D157950,D268320,0.21424
D157950,D270960,0.021731
D157950,D273300,0.067644
D157950,D273800,0.11798
D157950,D275000,0.11448
D157950,D276300,0.10901
D157950,D277350,0.12139
D157950,D277440,0.22139
D157950,D277460,0.081221
D157950,D278200,0.12298
D157950,D300232,0.26516
D157950,D300491,0.040546
D157950,D300494,0.082697
D157950,D303110,0.063104
D157950,D304790,0.070101
D157950,D305300,0.10955
D157950,D308205,0.12228
D157950,D308350,0.021074
D157950,D308600,0.032956
D157950,D310468,0.058614
D157950,D311360,0.11885
D157950,D312910,0.051768
D157950,D540000,0.10004
D157950,D600263,0.11806
D157950,D600351,0.050363
D157950,D600496,0.064941
D157950,D600634,0.027816
D157950,D600803,0.078714
D157950,D600807,0.12796
D157950,D601042,0.088879
D157950,D601367,0.10871
D157950,D601608,0.039979
D157950,D601626,0.043566
D157950,D601665,0.037544
D157950,D601682,0.074987
D157950,D602080,0.16992
D157950,D602522,0.1811
D157950,D603165,0.095548
D157950,D604278,0.23799
D157950,D604416,0.1119
D157950,D606703,0.064571
D157950,D606798,0.066306
D157950,D606842,0.091573
D157950,D607225,0.081194
D157950,D607459,0.042238
D157950,D607508,0.069961
D157950,D607516,0.021048
D157950,D607554,0.030171
D157950,D607685,0.05898
D157950,D607850,0.24033
D157950,D608033,0.029359
D157950,D608088,0.055055
D157950,D608105,0.091893
D157950,D608217,0.027012
D157950,D608320,0.01723
D157950,D608622,0.10306
D158280,D164230,0.061292
D158280,D165150,0.25271
D158280,D165199,0.25097
D158280,D166300,0.13264
D158280,D166710,0.039298
D158280,D166760,0.12079
D158280,D167870,0.037804
D158280,D168600,0.057136
D158280,D171300,0.10776
D158280,D174800,0.14964
D158280,D175100,0.095024
D158280,D179800,0.037328
D158280,D181000,0.1569
D158280,D181500,0.13325
D158280,D182280,0.035674
D158280,D182830,0.2626
D158280,D189600,0.060376
D158280,D190300,0.071659
D158280,D191390,0.12042
D158280,D203700,0.18877
D158280,D208300,0.2351
D158280,D208550,0.19006
D158280,D208750,0.07918
D158280,D208920,0.033102
D158280,D212050,0.10124
D158280,D212140,0.065474
D158280,D212350,0.14253
D158280,D215140,0.057744
D158280,D215470,0.18103
D158280,D217150,0.086956
D158280,D225740,0.17971
D158280,D226150,0.060517
D158280,D230800,0.11103
D158280,D231200,0.11463
D158280,D237500,0.070847
D158280,D239350,0.13273
D158280,D243200,0.05171
D158280,D247200,0.085488
D158280,D249100,0.044723
D158280,D254500,0.030861
D158280,D254800,0.028139
D158280,D255900,0.12961
D158280,D256700,0.12897
D158280,D258360,0.17623
D158280,D259050,0.14505
D158280,D260480,0.12678
D158280,D260570,0.056332
D158280,D261515,0.15035
D158280,D263800,0.031308
D158280,D266600,0.11906
D158280,D267740,0.30502
D158280,D268220,0.20746
D158280,D268320,0.20348
D158280,D273300,0.024706
D158280,D273800,0.13045
D158280,D275000,0.12833
D158280,D277350,0.21827
D158280,D277440,0.026343
D158280,D278200,0.20137
D158280,D300125,0.11843
D158280,D300232,0.13112
D158280,D300491,0.09305
D158280,D300494,0.46682
D158280,D303110,0.19387
D158280,D304790,0.076583
D158280,D308205,0.11576
D158280,D308350,0.047953
D158280,D311360,0.13364
D158280,D312910,0.16148
D158280,D540000,0.17858
D158280,D600263,0.042402
D158280,D600351,0.096235
D158280,D600496,0.094823
D158280,D600803,0.056592
D158280,D600807,0.094474
D158280,D601042,0.13683
D158280,D601367,0.033742
D158280,D601665,0.042381
D158280,D601682,0.34358
D158280,D602068,0.069204
D158280,D602080,0.11174
D158280,D602522,0.14481
D158280,D603165,0.1219
D158280,D604278,0.14708
D158280,D606798,0.20448
D158280,D606842,0.041495
D158280,D607225,0.14686
D158280,D607459,0.13055
D158280,D607498,0.11854
D158280,D607499,0.20044
D158280,D607501,0.11046
D158280,D607508,0.11027
D158280,D607516,0.19968
D158280,D608033,0.082089
D158280,D608105,0.2079
D160300,D160750,0.16598
D160300,D161900,0.075272
D160300,D164230,0.088289
D160300,D165150,0.041419
D160300,D165199,0.087971
D160300,D165720,0.23988
D160300,D166300,0.18965
D160300,D166710,0.14427
D160300,D167320,0.12288
D160300,D167870,0.054587
D160300,D168100,0.30542
D160300,D168600,0.12554
D160300,D171300,0.038466
D160300,D173200,0.26612
D160300,D174800,0.044951
D160300,D175100,0.081321
D160300,D175505,0.030489
D160300,D176800,0.22584
D160300,D176807,0.13487
D160300,D178600,0.022974
D160300,D179600,0.37023
D160300,D179800,0.10786
D160300,D179830,0.037908
D160300,D181000,0.037408
D160300,D181500,0.12281
D160300,D182000,0.079372
D160300,D182830,0.045388
D160300,D184700,0.059302
D160300,D187950,0.10879
D160300,D188050,0.17256
D160300,D188470,0.076637
D160300,D189600,0.12202
D160300,D189800,0.034205
D160300,D190300,0.20956
D160300,D190310,0.045961
D160300,D190400,0.074777
D160300,D191390,0.042936
D160300,D192200,0.10326
D160300,D194070,0.14869
D160300,D194200,0.15552
D160300,D200170,0.20434
D160300,D203700,0.054739
D160300,D208085,0.071257
D160300,D208230,0.26093
D160300,D208300,0.086052
D160300,D208550,0.069797
D160300,D208700,0.10486
D160300,D208750,0.027828
D160300,D208920,0.07173
D160300,D210050,0.027118
D160300,D212050,0.036309
D160300,D212112,0.0419
D160300,D212130,0.21891
D160300,D212140,0.14283
D160300,D212350,0.12783
D160300,D215140,0.10561
D160300,D215470,0.061088
D160300,D217150,0.12695
D160300,D217200,0.038946
D160300,D218200,0.060902
D160300,D218800,0.045547
D160300,D220120,0.078951
D160300,D225740,0.13595
D160300,D225755,0.10623
D160300,D226000,0.075654
D160300,D227300,0.043469
D160300,D230450,0.16996
D160300,D230800,0.08018
D160300,D231200,0.027576
D160300,D233810,0.31158
D160300,D236000,0.089885
D160300,D237450,0.044018
D160300,D237500,0.02561
D160300,D238800,0.16165
D160300,D239350,0.03328
D160300,D240400,0.029552
D160300,D241100,0.030892
D160300,D243200,0.074659
D160300,D246400,0.022123
D160300,D247200,0.13038
D160300,D249100,0.1088
D160300,D250790,0.031137
D160300,D252320,0.10011
D160300,D254200,0.16257
D160300,D254500,0.066858
D160300,D254770,0.062123
D160300,D254800,0.10184
D160300,D255900,0.19244
D160300,D256370,0.029328
D160300,D256700,0.095102
D160300,D258360,0.030445
D160300,D259050,0.24728
D160300,D259500,0.15674
D160300,D259660,0.090084
D160300,D260480,0.043768
D160300,D260570,0.040636
D160300,D260970,0.082001
D160300,D261515,0.07162
D160300,D263800,0.091204
D160300,D264120,0.039988
D160300,D266120,0.039675
D160300,D266600,0.10516
D160300,D267740,0.048932
D160300,D268220,0.036989
D160300,D268320,0.069625
D160300,D270960,0.03557
D160300,D273300,0.071985
D160300,D273800,0.047014
D160300,D275000,0.068594
D160300,D276300,0.077059
D160300,D277440,0.17619
D160300,D277460,0.051467
D160300,D300125,0.038463
D160300,D300232,0.22914
D160300,D300491,0.050393
D160300,D303110,0.067781
D160300,D304790,0.056162
D160300,D304900,0.031468
D160300,D305300,0.25503
D160300,D308205,0.08363
D160300,D308350,0.069007
D160300,D308600,0.053942
D160300,D310468,0.063763
D160300,D311360,0.11896
D160300,D312910,0.055566
D160300,D540000,0.099814
D160300,D600131,0.052688
D160300,D600263,0.098448
D160300,D600634,0.04553
D160300,D600807,0.046053
D160300,D601042,0.18762
D160300,D601367,0.12625
D160300,D601608,0.22055
D160300,D601665,0.061205
D160300,D602080,0.080737
D160300,D602522,0.025709
D160300,D603165,0.066232
D160300,D604278,0.13495
D160300,D604416,0.17341
D160300,D604827,0.038196
D160300,D605021,0.05124
D160300,D605055,0.036584
D160300,D606703,0.15537
D160300,D606798,0.035358
D160300,D606842,0.12088
D160300,D607225,0.15772
D160300,D607459,0.044386
D160300,D607498,0.03362
D160300,D607501,0.034694
D160300,D607508,0.035969
D160300,D607516,0.033531
D160300,D607554,0.098764
D160300,D607628,0.046844
D160300,D607631,0.046373
D160300,D607681,0.052608
D160300,D607682,0.053525
D160300,D607685,0.046342
D160300,D607850,0.25891
D160300,D608033,0.047752
D160300,D608088,0.20171
D160300,D608105,0.14688
D160300,D608217,0.08842
D160300,D608320,0.028202
D160300,D608583,0.054273
D160300,D608622,0.049491
D160750,D161900,0.20823
D160750,D164230,0.079004
D160750,D165150,0.07418
D160750,D165199,0.11778
D160750,D165720,0.13473
D160750,D166300,0.10581
D160750,D166710,0.17931
D160750,D166760,0.11607
D160750,D167320,0.25
D160750,D167870,0.073269
D160750,D168100,0.05575
D160750,D168600,0.11158
D160750,D171300,0.10415
D160750,D173200,0.080743
D160750,D174800,0.12157
D160750,D175100,0.13447
D160750,D175510,0.056151
D160750,D176800,0.049722
D160750,D176807,0.14127
D160750,D178600,0.14802
D160750,D179800,0.28247
D160750,D179830,0.13885
D160750,D181000,0.13717
D160750,D181500,0.10654
D160750,D182000,0.10664
D160750,D182280,0.070222
D160750,D182830,0.081241
D160750,D184700,0.1054
D160750,D187950,0.083328
D160750,D188030,0.086008
D160750,D188050,0.14952
D160750,D188470,0.14192
D160750,D189600,0.15165
D160750,D189800,0.093533
D160750,D190300,0.16261
D160750,D190310,0.08226
D160750,D190400,0.066908
D160750,D191390,0.15467
D160750,D192200,0.13867
D160750,D194070,0.1369
D160750,D194200,0.082315
D160750,D200170,0.20389
D160750,D203700,0.10086
D160750,D206200,0.20019
D160750,D208085,0.093117
D160750,D208230,0.26472
D160750,D208550,0.12412
D160750,D208700,0.093935
D160750,D208750,0.099686
D160750,D208920,0.13003
D160750,D210050,0.079494
D160750,D211980,0.090838
D160750,D212050,0.097474
D160750,D212112,0.074993
D160750,D212130,0.30083
D160750,D212140,0.26234
D160750,D212350,0.24933
D160750,D215140,0.12496
D160750,D215470,0.14269
D160750,D217150,0.084041
D160750,D217200,0.12673
D160750,D218200,0.081782
D160750,D218800,0.16755
D160750,D220120,0.1869
D160750,D223350,0.066248
D160750,D225740,0.2431
D160750,D225755,0.095077
D160750,D226000,0.067764
D160750,D227300,0.1166
D160750,D230450,0.34901
D160750,D230800,0.11438
D160750,D231200,0.050351
D160750,D231900,0.093174
D160750,D233810,0.10059
D160750,D236000,0.051884
D160750,D237450,0.03981
D160750,D237500,0.07012
D160750,D238800,0.22463
D160750,D239350,0.090287
D160750,D240400,0.1096
D160750,D241100,0.083022
D160750,D241519,0.12975
D160750,D243200,0.066901
D160750,D246300,0.060117
D160750,D246400,0.099238
D160750,D247200,0.13191
D160750,D247640,0.027433
D160750,D248190,0.065671
D160750,D249100,0.131
D160750,D250790,0.11383
D160750,D252320,0.27243
D160750,D254200,0.35267
D160750,D254450,0.027863
D160750,D254500,0.16061
D160750,D254770,0.055585
D160750,D254800,0.1512
D160750,D255900,0.25248
D160750,D256700,0.15348
D160750,D258360,0.11036
D160750,D259050,0.14993
D160750,D259500,0.10973
D160750,D259660,0.08085
D160750,D260480,0.13811
D160750,D260570,0.074595
D160750,D260970,0.10915
D160750,D261515,0.14761
D160750,D263300,0.062156
D160750,D263800,0.27631
D160750,D264120,0.18222
D160750,D266120,0.10864
D160750,D266600,0.13805
D160750,D267740,0.087908
D160750,D268220,0.033338
D160750,D268320,0.062313
D160750,D273300,0.082308
D160750,D273800,0.085443
D160750,D275000,0.2759
D160750,D276300,0.067961
D160750,D277350,0.1047
D160750,D277440,0.17141
D160750,D277460,0.18585
D160750,D278200,0.085233
D160750,D300125,0.068834
D160750,D300232,0.091801
D160750,D300491,0.090412
D160750,D303110,0.060649
D160750,D304790,0.10385
D160750,D304900,0.028157
D160750,D305300,0.1945
D160750,D308205,0.073005
D160750,D308350,0.1269
D160750,D310468,0.057356
D160750,D311360,0.12803
D160750,D312910,0.049818
D160750,D540000,0.23519
D160750,D600131,0.094301
D160750,D600263,0.085018
D160750,D600351,0.071433
D160750,D600496,0.092142
D160750,D600803,0.11169
D160750,D600807,0.062093
D160750,D601042,0.12631
D160750,D601367,0.13539
D160750,D601608,0.14232
D160750,D601626,0.060911
D160750,D601665,0.027382
D160750,D602068,0.089395
D160750,D602080,0.12648
D160750,D602522,0.16312
D160750,D603165,0.097811
D160750,D604278,0.11796
D160750,D604416,0.13947
D160750,D604827,0.034176
D160750,D605021,0.091791
D160750,D605055,0.06549
D160750,D606703,0.13448
D160750,D606798,0.16971
D160750,D606842,0.25855
D160750,D607225,0.1665
D160750,D607459,0.039969
D160750,D607498,0.060173
D160750,D607501,0.063005
D160750,D607508,0.1636
D160750,D607516,0.060042
D160750,D607554,0.044184
D160750,D607628,0.08397
D160750,D607631,0.083008
D160750,D607681,0.094196
D160750,D607682,0.095827
D160750,D607685,0.19113
D160750,D607850,0.073286
D160750,D608033,0.092207
D160750,D608088,0.10609
D160750,D608105,0.16242
D160750,D608217,0.079191
D160750,D608320,0.030879
D160750,D608583,0.048562
D160750,D608622,0.18996
D161900,D164230,0.071875
D161900,D165150,0.044992
D161900,D165199,0.17752
D161900,D165720,0.12441
D161900,D166300,0.28418
D161900,D166710,0.13143
D161900,D166760,0.070551
D161900,D167320,0.16406
D161900,D167870,0.17113
D161900,D168100,0.033813
D161900,D168600,0.079727
D161900,D170900,0.074246
D161900,D171300,0.20505
D161900,D173200,0.047089
D161900,D174800,0.22475
D161900,D175100,0.17983
D161900,D175505,0.049782
D161900,D175510,0.20238
D161900,D176800,0.060304
D161900,D176807,0.27195
D161900,D178600,0.17725
D161900,D179600,0.070022
D161900,D179800,0.18256
D161900,D179830,0.084657
D161900,D181000,0.17494
D161900,D181460,0.022841
D161900,D181500,0.11854
D161900,D182000,0.10776
D161900,D182280,0.17625
D161900,D182830,0.049274
D161900,D184700,0.19325
D161900,D187950,0.16438
D161900,D188030,0.15789
D161900,D188050,0.14499
D161900,D188470,0.13451
D161900,D189600,0.06538
D161900,D189800,0.23497
D161900,D190300,0.11188
D161900,D190310,0.049892
D161900,D190400,0.040582
D161900,D191390,0.18982
D161900,D191800,0.10283
D161900,D192000,0.044258
D161900,D192200,0.16829
D161900,D194070,0.21831
D161900,D194200,0.11519
D161900,D200170,0.12958
D161900,D203700,0.13289
D161900,D205700,0.061509
D161900,D206200,0.12229
D161900,D208085,0.14989
D161900,D208230,0.18976
D161900,D208550,0.13153
D161900,D208700,0.056531
D161900,D208750,0.18879
D161900,D208920,0.17294
D161900,D210050,0.077902
D161900,D211980,0.11545
D161900,D212050,0.039411
D161900,D212110,0.036704
D161900,D212112,0.06824
D161900,D212130,0.082931
D161900,D212140,0.19404
D161900,D212350,0.084098
D161900,D215140,0.1392
D161900,D215470,0.17737
D161900,D217150,0.050772
D161900,D217200,0.2163
D161900,D218200,0.066132
D161900,D218800,0.1689
D161900,D220120,0.16143
D161900,D223350,0.14016
D161900,D225740,0.067539
D161900,D225755,0.076883
D161900,D226000,0.14437
D161900,D227300,0.12103
D161900,D230450,0.11424
D161900,D230800,0.19164
D161900,D231090,0.058849
D161900,D231200,0.15672
D161900,D231900,0.057058
D161900,D233810,0.040267
D161900,D236000,0.109
D161900,D237450,0.048063
D161900,D237500,0.10102
D161900,D238800,0.043679
D161900,D239350,0.072697
D161900,D240400,0.15132
D161900,D241100,0.13503
D161900,D241519,0.11881
D161900,D243200,0.12174
D161900,D246300,0.18579
D161900,D246400,0.14601
D161900,D246470,0.13673
D161900,D247200,0.18843
D161900,D247640,0.069725
D161900,D248190,0.10179
D161900,D249100,0.26426
D161900,D250790,0.088525
D161900,D252320,0.090567
D161900,D254200,0.20842
D161900,D254400,0.075648
D161900,D254450,0.084272
D161900,D254500,0.25922
D161900,D254770,0.033714
D161900,D254800,0.18208
D161900,D255900,0.099274
D161900,D256370,0.26058
D161900,D256700,0.22023
D161900,D258360,0.11725
D161900,D259050,0.11531
D161900,D259500,0.10106
D161900,D259660,0.048891
D161900,D260480,0.17001
D161900,D260570,0.17891
D161900,D260970,0.043368
D161900,D261515,0.1644
D161900,D263300,0.11178
D161900,D263800,0.26507
D161900,D264120,0.13298
D161900,D266120,0.1315
D161900,D266600,0.29817
D161900,D267730,0.057981
D161900,D267740,0.053318
D161900,D268220,0.086525
D161900,D268320,0.075631
D161900,D270960,0.11615
D161900,D273300,0.20151
D161900,D273800,0.18329
D161900,D275000,0.24088
D161900,D276300,0.086127
D161900,D277350,0.063942
D161900,D277440,0.19374
D161900,D277460,0.13037
D161900,D278200,0.025837
D161900,D300125,0.16748
D161900,D300232,0.08093
D161900,D300491,0.054837
D161900,D303110,0.17522
D161900,D304790,0.15618
D161900,D304900,0.070414
D161900,D305300,0.11822
D161900,D308205,0.14017
D161900,D308350,0.076984
D161900,D308600,0.029274
D161900,D310468,0.21538
D161900,D311360,0.15739
D161900,D312910,0.14777
D161900,D540000,0.20084
D161900,D600082,0.062575
D161900,D600131,0.057195
D161900,D600263,0.14577
D161900,D600351,0.22604
D161900,D600496,0.17056
D161900,D600631,0.088995
D161900,D600634,0.050572
D161900,D600803,0.11471
D161900,D600807,0.18917
D161900,D600808,0.088593
D161900,D601042,0.050814
D161900,D601367,0.17873
D161900,D601518,0.11395
D161900,D601608,0.1079
D161900,D601626,0.091337
D161900,D601665,0.066615
D161900,D601682,0.037656
D161900,D602068,0.027107
D161900,D602080,0.25903
D161900,D602522,0.28475
D161900,D603165,0.12022
D161900,D604278,0.19007
D161900,D604416,0.1416
D161900,D604827,0.020729
D161900,D605021,0.055673
D161900,D605055,0.039721
D161900,D605839,0.1466
D161900,D606703,0.054152
D161900,D606798,0.057588
D161900,D606842,0.062916
D161900,D607225,0.07282
D161900,D607459,0.086166
D161900,D607498,0.1468
D161900,D607501,0.15181
D161900,D607508,0.21719
D161900,D607516,0.14612
D161900,D607554,0.10726
D161900,D607628,0.05093
D161900,D607631,0.050346
D161900,D607681,0.057132
D161900,D607682,0.058121
D161900,D607685,0.15351
D161900,D607850,0.089418
D161900,D608033,0.05515
D161900,D608088,0.096454
D161900,D608105,0.058872
D161900,D608217,0.072025
D161900,D608320,0.16116
D161900,D608583,0.088434
D161900,D608622,0.27153
D164230,D165150,0.079166
D164230,D165199,0.083332
D164230,D165720,0.071828
D164230,D166300,0.021989
D164230,D166710,0.027094
D164230,D167320,0.13992
D164230,D167870,0.10427
D164230,D168100,0.30294
D164230,D168600,0.21676
D164230,D171300,0.12862
D164230,D174800,0.11463
D164230,D175100,0.1202
D164230,D175505,0.029112
D164230,D176800,0.053039
D164230,D176807,0.099635
D164230,D178600,0.021936
D164230,D179800,0.07723
D164230,D181000,0.11268
D164230,D181500,0.30068
D164230,D182000,0.037894
D164230,D182830,0.17364
D164230,D184700,0.075623
D164230,D187950,0.065755
D164230,D188050,0.1264
D164230,D189600,0.19292
D164230,D189800,0.03266
D164230,D190300,0.26904
D164230,D190310,0.22238
D164230,D190400,0.071402
D164230,D191390,0.061515
D164230,D192200,0.049299
D164230,D194070,0.053131
D164230,D194200,0.14309
D164230,D200170,0.061959
D164230,D203700,0.18007
D164230,D208085,0.068894
D164230,D208230,0.044518
D164230,D208550,0.03296
D164230,D208700,0.26642
D164230,D208750,0.081492
D164230,D208920,0.25351
D164230,D210050,0.1837
D164230,D212050,0.069468
D164230,D212112,0.080032
D164230,D212130,0.048586
D164230,D212140,0.14983
D164230,D212350,0.11971
D164230,D215140,0.018486
D164230,D215470,0.3004
D164230,D217150,0.029759
D164230,D217200,0.18741
D164230,D218200,0.14539
D164230,D218800,0.17835
D164230,D220120,0.18857
D164230,D225740,0.15795
D164230,D225755,0.20401
D164230,D226000,0.1807
D164230,D226150,0.04214
D164230,D227300,0.041505
D164230,D230450,0.16306
D164230,D230800,0.060461
D164230,D231200,0.026331
D164230,D233810,0.18035
D164230,D237450,0.042029
D164230,D237500,0.049089
D164230,D238800,0.038422
D164230,D239350,0.16011
D164230,D240400,0.11838
D164230,D241100,0.029496
D164230,D241519,0.13797
D164230,D243200,0.25284
D164230,D246300,0.031363
D164230,D246400,0.021793
D164230,D247200,0.11941
D164230,D249100,0.10856
D164230,D250790,0.15614
D164230,D252320,0.095555
D164230,D254200,0.077477
D164230,D254500,0.042588
D164230,D254770,0.30124
D164230,D254800,0.25613
D164230,D255900,0.087686
D164230,D256370,0.028003
D164230,D256700,0.14764
D164230,D258360,0.058151
D164230,D259050,0.092623
D164230,D259500,0.028908
D164230,D259660,0.043007
D164230,D260480,0.020896
D164230,D260570,0.078027
D164230,D260970,0.25494
D164230,D261515,0.1571
D164230,D263800,0.15232
D164230,D264120,0.076393
D164230,D266120,0.037883
D164230,D266600,0.065381
D164230,D267740,0.18731
D164230,D268220,0.035318
D164230,D268320,0.099742
D164230,D270960,0.033963
D164230,D273300,0.12078
D164230,D273800,0.13509
D164230,D275000,0.043649
D164230,D276300,0.12968
D164230,D277440,0.090834
D164230,D277460,0.22168
D164230,D300125,0.25945
D164230,D300232,0.1645
D164230,D300491,0.30634
D164230,D300494,0.1669
D164230,D303110,0.097085
D164230,D304790,0.035166
D164230,D304900,0.18326
D164230,D305300,0.033441
D164230,D308205,0.15749
D164230,D308350,0.33434
D164230,D308600,0.051506
D164230,D310468,0.030389
D164230,D311360,0.13536
D164230,D312910,0.21873
D164230,D540000,0.23062
D164230,D600131,0.30353
D164230,D600351,0.078275
D164230,D600634,0.043473
D164230,D601042,0.19852
D164230,D601367,0.19003
D164230,D601608,0.1256
D164230,D601665,0.2077
D164230,D602080,0.13646
D164230,D602522,0.049102
D164230,D603165,0.02062
D164230,D604278,0.17401
D164230,D604827,0.19101
D164230,D605021,0.30124
D164230,D605055,0.28615
D164230,D606703,0.36108
D164230,D606798,0.276
D164230,D606842,0.112
D164230,D607225,0.14813
D164230,D607459,0.24223
D164230,D607498,0.22857
D164230,D607499,0.339
D164230,D607501,0.23599
D164230,D607508,0.24252
D164230,D607516,0.22667
D164230,D607554,0.18865
D164230,D607628,0.27518
D164230,D607631,0.31232
D164230,D607681,0.30588
D164230,D607682,0.31046
D164230,D607685,0.06773
D164230,D608033,0.21187
D164230,D608088,0.16975
D164230,D608105,0.24556
D164230,D608217,0.30169
D164230,D608320,0.026928
D164230,D608583,0.15551
D164230,D608622,0.14181
D165150,D165199,0.33182
D165150,D165720,0.067443
D165150,D166300,0.11366
D165150,D166760,0.078927
D165150,D167320,0.080445
D165150,D167870,0.048944
D165150,D168100,0.084877
D165150,D168600,0.20845
D165150,D170900,0.062843
D165150,D171300,0.1449
D165150,D174800,0.11278
D165150,D175100,0.13606
D165150,D175505,0.05676
D165150,D175510,0.05655
D165150,D176807,0.023367
D165150,D179800,0.076582
D165150,D181000,0.21707
D165150,D181500,0.18718
D165150,D182830,0.39007
D165150,D184700,0.034935
D165150,D187950,0.02056
D165150,D188050,0.029642
D165150,D189600,0.1104
D165150,D189800,0.030947
D165150,D190300,0.26485
D165150,D190310,0.082428
D165150,D190400,0.13473
D165150,D191390,0.14285
D165150,D194070,0.1076
D165150,D194200,0.081667
D165150,D200170,0.058176
D165150,D203700,0.19734
D165150,D208085,0.022255
D165150,D208230,0.0418
D165150,D208300,0.20126
D165150,D208550,0.093996
D165150,D208700,0.062297
D165150,D208750,0.1852
D165150,D208920,0.16201
D165150,D210050,0.073971
D165150,D212050,0.24957
D165150,D212112,0.20908
D165150,D212130,0.045587
D165150,D212140,0.070913
D165150,D212350,0.21321
D165150,D215140,0.055404
D165150,D215470,0.21301
D165150,D217150,0.21592
D165150,D217200,0.25751
D165150,D218200,0.25136
D165150,D218800,0.061794
D165150,D220120,0.20397
D165150,D225740,0.20934
D165150,D225755,0.19531
D165150,D226000,0.067903
D165150,D230450,0.11328
D165150,D230800,0.090588
D165150,D231090,0.080431
D165150,D231200,0.075486
D165150,D233810,0.14953
D165150,D237500,0.023459
D165150,D238800,0.03605
D165150,D239350,0.059757
D165150,D240400,0.055255
D165150,D243200,0.10039
D165150,D246400,0.020173
D165150,D246470,0.057803
D165150,D247200,0.20203
D165150,D247640,0.027299
D165150,D248190,0.032869
D165150,D249100,0.043668
D165150,D250790,0.08553
D165150,D252320,0.059813
D165150,D254200,0.22221
D165150,D254500,0.039936
D165150,D254770,0.055657
D165150,D254800,0.055213
D165150,D255900,0.11165
D165150,D256700,0.14386
D165150,D258360,0.27666
D165150,D259050,0.22038
D165150,D259500,0.027133
D165150,D260480,0.21961
D165150,D260970,0.071649
D165150,D261515,0.17555
D165150,D263300,0.030807
D165150,D263800,0.06175
D165150,D264120,0.17004
D165150,D266600,0.11318
D165150,D267740,0.34728
D165150,D268220,0.14454
D165150,D268320,0.40435
D165150,D273300,0.047973
D165150,D273800,0.18132
D165150,D275000,0.15105
D165150,D276300,0.069231
D165150,D277350,0.25764
D165150,D277440,0.11172
D165150,D277460,0.069675
D165150,D278200,0.24859
D165150,D300125,0.10345
D165150,D300232,0.26724
D165150,D300491,0.14999
D165150,D300494,0.33527
D165150,D303110,0.22651
D165150,D304790,0.067426
D165150,D304900,0.028193
D165150,D305300,0.031376
D165150,D308205,0.23011
D165150,D308350,0.14146
D165150,D311360,0.20827
D165150,D312910,0.24824
D165150,D540000,0.1488
D165150,D600131,0.094494
D165150,D600263,0.057915
D165150,D600351,0.047749
D165150,D600496,0.10057
D165150,D600803,0.036992
D165150,D600807,0.13351
D165150,D601042,0.2022
D165150,D601367,0.066383
D165150,D601608,0.087123
D165150,D601665,0.083784
D165150,D601682,0.29387
D165150,D602080,0.12838
D165150,D602522,0.25255
D165150,D603165,0.10431
D165150,D604278,0.2934
D165150,D604827,0.03422
D165150,D605021,0.091979
D165150,D605055,0.065624
D165150,D606703,0.089465
D165150,D606798,0.23805
D165150,D606842,0.078461
D165150,D607225,0.17738
D165150,D607459,0.15192
D165150,D607498,0.09043
D165150,D607501,0.094207
D165150,D607508,0.09674
D165150,D607516,0.15255
D165150,D607554,0.044241
D165150,D607628,0.084142
D165150,D607631,0.12657
D165150,D607681,0.094389
D165150,D607682,0.096024
D165150,D607685,0.041811
D165150,D608033,0.12624
D165150,D608088,0.080703
D165150,D608105,0.30911
D165150,D608217,0.176
D165150,D608583,0.048625
D165150,D608622,0.044341
D165199,D165720,0.070993
D165199,D166300,0.091876
D165199,D166760,0.21259
D165199,D167320,0.055248
D165199,D167870,0.05152
D165199,D168100,0.058804
D165199,D168600,0.13617
D165199,D171300,0.11093
D165199,D174800,0.19443
D165199,D175100,0.10548
D165199,D176807,0.024618
D165199,D179800,0.050897
D165199,D181000,0.17991
D165199,D181500,0.13642
D165199,D182830,0.54498
D165199,D184700,0.01828
D165199,D187950,0.021661
D165199,D188050,0.03123
D165199,D189600,0.11631
D165199,D190300,0.096878
D165199,D190310,0.086767
D165199,D190400,0.14189
D165199,D191390,0.10365
D165199,D194070,0.052516
D165199,D194200,0.056566
D165199,D200170,0.061238
D165199,D203700,0.14051
D165199,D208230,0.044
D165199,D208300,0.20207
D165199,D208550,0.13028
D165199,D208700,0.16653
D165199,D208750,0.2951
D165199,D208920,0.15261
D165199,D210050,0.051242
D165199,D212050,0.10325
D165199,D212112,0.11866
D165199,D212130,0.097243
D165199,D212140,0.055434
D165199,D212350,0.2176
D165199,D215140,0.039328
D165199,D215470,0.24523
D165199,D217150,0.088688
D165199,D217200,0.31402
D165199,D218200,0.19335
D165199,D218800,0.064746
D165199,D220120,0.074584
D165199,D225740,0.24271
D165199,D225755,0.10029
D165199,D226000,0.071477
D165199,D230450,0.19141
D165199,D230800,0.076644
D165199,D231200,0.10458
D165199,D233810,0.070027
D165199,D238800,0.076613
D165199,D239350,0.062902
D165199,D243200,0.14255
D165199,D247200,0.13148
D165199,D247640,0.028751
D165199,D248190,0.034617
D165199,D249100,0.030564
D165199,D250790,0.059869
D165199,D252320,0.062961
D165199,D254200,0.12795
D165199,D254500,0.097095
D165199,D254770,0.058638
D165199,D254800,0.14317
D165199,D255900,0.14593
D165199,D256700,0.15596
D165199,D258360,0.20826
D165199,D259050,0.26502
D165199,D259500,0.028576
D165199,D260480,0.12923
D165199,D260970,0.21529
D165199,D261515,0.10335
D165199,D263800,0.064235
D165199,D264120,0.075504
D165199,D266600,0.08219
D165199,D267740,0.35066
D165199,D268220,0.14367
D165199,D268320,0.32298
D165199,D273300,0.084221
D165199,D273800,0.11149
D165199,D275000,0.17541
D165199,D276300,0.017903
D165199,D277350,0.18722
D165199,D277440,0.035913
D165199,D277460,0.048765
D165199,D278200,0.20443
D165199,D300125,0.2567
D165199,D300232,0.15764
D165199,D300491,0.15803
D165199,D300494,0.32498
D165199,D303110,0.44584
D165199,D304790,0.055212
D165199,D304900,0.029703
D165199,D305300,0.066747
D165199,D308205,0.24371
D165199,D308350,0.065145
D165199,D311360,0.18208
D165199,D312910,0.36988
D165199,D540000,0.35501
D165199,D600131,0.099467
D165199,D600496,0.066707
D165199,D600807,0.04299
D165199,D601042,0.1832
D165199,D601367,0.045988
D165199,D601608,0.059802
D165199,D601665,0.028885
D165199,D601682,0.29479
D165199,D602080,0.24095
D165199,D602522,0.28215
D165199,D603165,0.12519
D165199,D604278,0.17487
D165199,D604827,0.036053
D165199,D605021,0.09682
D165199,D605055,0.069078
D165199,D606703,0.094174
D165199,D606798,0.27534
D165199,D606842,0.15698
D165199,D607225,0.19961
D165199,D607459,0.17534
D165199,D607498,0.22512
D165199,D607501,0.23287
D165199,D607508,0.23999
D165199,D607516,0.25652
D165199,D607554,0.046611
D165199,D607628,0.08857
D165199,D607631,0.087556
D165199,D607681,0.099357
D165199,D607682,0.10108
D165199,D607685,0.079014
D165199,D608033,0.045135
D165199,D608088,0.15702
D165199,D608105,0.28052
D165199,D608217,0.083529
D165199,D608583,0.051229
D165199,D608622,0.046715
D165720,D166300,0.19923
D165720,D166710,0.23513
D165720,D166760,0.10594
D165720,D167320,0.19968
D165720,D167870,0.11257
D165720,D168100,0.1649
D165720,D168600,0.11816
D165720,D171300,0.015643
D165720,D173200,0.15068
D165720,D174800,0.074693
D165720,D175100,0.1501
D165720,D176800,0.1373
D165720,D176807,0.087893
D165720,D178600,0.05672
D165720,D179600,0.1726
D165720,D179800,0.10982
D165720,D179830,0.030837
D165720,D181000,0.092816
D165720,D181500,0.1374
D165720,D182000,0.032283
D165720,D182280,0.020894
D165720,D182830,0.073862
D165720,D184700,0.085622
D165720,D187950,0.075039
D165720,D188050,0.11269
D165720,D188470,0.061521
D165720,D189600,0.267
D165720,D190300,0.23155
D165720,D190310,0.074789
D165720,D190400,0.060819
D165720,D191390,0.14306
D165720,D192200,0.041999
D165720,D194070,0.21509
D165720,D194200,0.12583
D165720,D200170,0.16539
D165720,D203700,0.13611
D165720,D208085,0.10243
D165720,D208230,0.43415
D165720,D208300,0.069081
D165720,D208550,0.085389
D165720,D208700,0.056523
D165720,D208750,0.045317
D165720,D208920,0.039019
D165720,D210050,0.044168
D165720,D212050,0.029532
D165720,D212112,0.068181
D165720,D212130,0.12455
D165720,D212140,0.14429
D165720,D212350,0.12253
D165720,D215140,0.172
D165720,D215470,0.053429
D165720,D217150,0.15404
D165720,D217200,0.063627
D165720,D218200,0.04958
D165720,D218800,0.037282
D165720,D220120,0.064288
D165720,D225740,0.10142
D165720,D225755,0.086438
D165720,D226000,0.061609
D165720,D230450,0.13558
D165720,D230800,0.14754
D165720,D231090,0.05878
D165720,D233810,0.20569
D165720,D236000,0.072471
D165720,D237500,0.042777
D165720,D238800,0.16389
D165720,D239350,0.054219
D165720,D240400,0.074086
D165720,D241100,0.075937
D165720,D243200,0.030361
D165720,D246400,0.072945
D165720,D247200,0.19262
D165720,D249100,0.15124
D165720,D250790,0.10224
D165720,D252320,0.10863
D165720,D254200,0.1322
D165720,D254500,0.092027
D165720,D254770,0.050527
D165720,D254800,0.11567
D165720,D255900,0.18067
D165720,D256700,0.20494
D165720,D258360,0.04954
D165720,D259050,0.28779
D165720,D259500,0.17724
D165720,D259660,0.15704
D165720,D260480,0.090469
D165720,D260570,0.034945
D165720,D260970,0.097536
D165720,D261515,0.14625
D165720,D263300,0.02759
D165720,D263800,0.15003
D165720,D264120,0.065081
D165720,D266120,0.032658
D165720,D266600,0.17084
D165720,D267740,0.079923
D165720,D268320,0.056654
D165720,D270960,0.17495
D165720,D273300,0.13118
D165720,D273800,0.019096
D165720,D275000,0.15021
D165720,D276300,0.093388
D165720,D277440,0.25543
D165720,D277460,0.063042
D165720,D300125,0.062582
D165720,D300232,0.27717
D165720,D300491,0.0822
D165720,D303110,0.055141
D165720,D304790,0.044985
D165720,D304900,0.025594
D165720,D305300,0.17652
D165720,D308205,0.067257
D165720,D308350,0.084211
D165720,D310468,0.02598
D165720,D311360,0.096249
D165720,D312910,0.045293
D165720,D540000,0.11367
D165720,D600131,0.085736
D165720,D600263,0.07938
D165720,D600351,0.021106
D165720,D600807,0.14777
D165720,D601042,0.15859
D165720,D601367,0.10214
D165720,D601608,0.13384
D165720,D601665,0.02489
D165720,D602080,0.36263
D165720,D602522,0.12668
D165720,D603165,0.035479
D165720,D604278,0.10919
D165720,D604416,0.3036
D165720,D604827,0.031066
D165720,D605021,0.083454
D165720,D605055,0.11905
D165720,D606703,0.16589
D165720,D606798,0.08639
D165720,D606842,0.27129
D165720,D607225,0.10671
D165720,D607459,0.036339
D165720,D607498,0.083898
D165720,D607501,0.087296
D165720,D607508,0.058524
D165720,D607516,0.054589
D165720,D607554,0.040163
D165720,D607628,0.076343
D165720,D607631,0.075469
D165720,D607681,0.08564
D165720,D607682,0.087124
D165720,D607685,0.037737
D165720,D607850,0.56953
D165720,D608033,0.058471
D165720,D608088,0.14518
D165720,D608105,0.1191
D165720,D608217,0.071998
D165720,D608320,0.024404
D165720,D608583,0.044142
D165720,D608622,0.040253
D166300,D166710,0.24063
D166300,D166760,0.1318
D166300,D167320,0.15541
D166300,D167870,0.15645
D166300,D168100,0.11469
D166300,D168600,0.083392
D166300,D170900,0.034084
D166300,D171300,0.17087
D166300,D173200,0.13918
D166300,D174800,0.18345
D166300,D175100,0.19153
D166300,D175505,0.015187
D166300,D175510,0.031578
D166300,D176800,0.19623
D166300,D176807,0.11926
D166300,D178600,0.16645
D166300,D179600,0.16835
D166300,D179800,0.14914
D166300,D179830,0.12245
D166300,D181000,0.14375
D166300,D181460,0.020917
D166300,D181500,0.13368
D166300,D182000,0.079157
D166300,D182280,0.053477
D166300,D182830,0.096143
D166300,D184700,0.10035
D166300,D187950,0.12063
D166300,D188030,0.079434
D166300,D188050,0.13534
D166300,D188470,0.096063
D166300,D189600,0.14826
D166300,D189800,0.18302
D166300,D190300,0.21978
D166300,D191390,0.13273
D166300,D191800,0.093984
D166300,D192000,0.04053
D166300,D192200,0.18025
D166300,D194070,0.18882
D166300,D194200,0.13622
D166300,D200170,0.12173
D166300,D203700,0.12172
D166300,D206200,0.11237
D166300,D208085,0.12517
D166300,D208230,0.22884
D166300,D208300,0.12908
D166300,D208550,0.12237
D166300,D208700,0.017277
D166300,D208750,0.071001
D166300,D208920,0.072578
D166300,D210050,0.027135
D166300,D211980,0.050971
D166300,D212050,0.055343
D166300,D212110,0.06748
D166300,D212112,0.063025
D166300,D212130,0.12744
D166300,D212140,0.1544
D166300,D212350,0.13989
D166300,D215140,0.24799
D166300,D215470,0.14399
D166300,D217150,0.24245
D166300,D218200,0.030334
D166300,D218800,0.069099
D166300,D220120,0.1101
D166300,D223350,0.037255
D166300,D225740,0.12807
D166300,D225755,0.088484
D166300,D226000,0.094914
D166300,D227300,0.087079
D166300,D230450,0.083718
D166300,D230800,0.19595
D166300,D231090,0.036067
D166300,D231200,0.12516
D166300,D231900,0.052398
D166300,D233810,0.13808
D166300,D236000,0.10109
D166300,D237450,0.071415
D166300,D237500,0.066422
D166300,D238800,0.040236
D166300,D239350,0.033286
D166300,D240400,0.21792
D166300,D241100,0.11377
D166300,D241519,0.072846
D166300,D243200,0.037307
D166300,D246300,0.050169
D166300,D246400,0.078947
D166300,D246470,0.03134
D166300,D247200,0.24646
D166300,D247640,0.031847
D166300,D248190,0.07368
D166300,D249100,0.24564
D166300,D250790,0.032096
D166300,D252320,0.066638
D166300,D254200,0.12268
D166300,D254400,0.034718
D166300,D254450,0.015488
D166300,D254500,0.12624
D166300,D254800,0.081273
D166300,D255900,0.11159
D166300,D256370,0.17707
D166300,D256700,0.22356
D166300,D258360,0.09591
D166300,D259050,0.30679
D166300,D259500,0.1858
D166300,D259660,0.24012
D166300,D260480,0.12551
D166300,D260570,0.062192
D166300,D261515,0.25156
D166300,D263300,0.1027
D166300,D263800,0.20065
D166300,D264120,0.08223
D166300,D266120,0.14502
D166300,D266600,0.22744
D166300,D267740,0.11171
D166300,D268220,0.1129
D166300,D268320,0.13223
D166300,D270960,0.053303
D166300,D273300,0.072357
D166300,D273800,0.13059
D166300,D275000,0.16374
D166300,D276300,0.10711
D166300,D277350,0.13866
D166300,D277440,0.18928
D166300,D277460,0.090896
D166300,D278200,0.097441
D166300,D300125,0.038356
D166300,D300232,0.34391
D166300,D300491,0.033014
D166300,D300494,0.17104
D166300,D303110,0.087855
D166300,D304790,0.10278
D166300,D304900,0.047407
D166300,D305300,0.19793
D166300,D308205,0.08383
D166300,D308350,0.017182
D166300,D308600,0.02687
D166300,D310468,0.21977
D166300,D311360,0.13285
D166300,D312910,0.072932
D166300,D540000,0.12153
D166300,D600082,0.057308
D166300,D600263,0.1109
D166300,D600351,0.053176
D166300,D600496,0.13847
D166300,D600631,0.081099
D166300,D600634,0.022679
D166300,D600803,0.062669
D166300,D600807,0.12717
D166300,D600808,0.080733
D166300,D601004,0.06184
D166300,D601042,0.12541
D166300,D601367,0.16654
D166300,D601518,0.051825
D166300,D601608,0.069352
D166300,D601626,0.034253
D166300,D601665,0.045994
D166300,D601682,0.12579
D166300,D602080,0.21877
D166300,D602522,0.28359
D166300,D603165,0.11051
D166300,D604278,0.2556
D166300,D604416,0.24928
D166300,D605839,0.055059
D166300,D606703,0.052726
D166300,D606798,0.092585
D166300,D606842,0.11749
D166300,D607225,0.093841
D166300,D607459,0.082001
D166300,D607498,0.033527
D166300,D607501,0.034571
D166300,D607508,0.091552
D166300,D607516,0.050574
D166300,D607554,0.12316
D166300,D607685,0.093447
D166300,D607850,0.19546
D166300,D608033,0.023916
D166300,D608088,0.077447
D166300,D608105,0.11345
D166300,D608217,0.022023
D166300,D608320,0.11555
D166300,D608583,0.10834
D166300,D608622,0.21746
D166710,D166760,0.11865
D166710,D167320,0.23028
D166710,D167870,0.03351
D166710,D168100,0.05844
D166710,D168600,0.065337
D166710,D171300,0.070918
D166710,D173200,0.14377
D166710,D174800,0.27348
D166710,D175100,0.14356
D166710,D175505,0.018713
D166710,D175510,0.03772
D166710,D176800,0.27756
D166710,D176807,0.12828
D166710,D178600,0.18075
D166710,D179600,0.0826
D166710,D179800,0.25935
D166710,D179830,0.14188
D166710,D181000,0.13526
D166710,D181500,0.12359
D166710,D182000,0.12186
D166710,D182280,0.095224
D166710,D184700,0.11687
D166710,D187950,0.090269
D166710,D188030,0.082937
D166710,D188050,0.19037
D166710,D188470,0.17546
D166710,D189600,0.20303
D166710,D189800,0.12987
D166710,D190300,0.13259
D166710,D191390,0.10584
D166710,D192200,0.19022
D166710,D194070,0.11401
D166710,D194200,0.055304
D166710,D200170,0.080064
D166710,D203700,0.085801
D166710,D206200,0.13524
D166710,D208085,0.059194
D166710,D208230,0.33258
D166710,D208300,0.052063
D166710,D208550,0.10544
D166710,D208700,0.021288
D166710,D208750,0.017087
D166710,D208920,0.094034
D166710,D211980,0.13422
D166710,D212050,0.022284
D166710,D212112,0.025776
D166710,D212130,0.062785
D166710,D212140,0.12027
D166710,D212350,0.046292
D166710,D215140,0.2104
D166710,D215470,0.11792
D166710,D217150,0.12495
D166710,D218200,0.018757
D166710,D218800,0.1091
D166710,D220120,0.14009
D166710,D223350,0.044503
D166710,D225740,0.038387
D166710,D225755,0.1091
D166710,D226000,0.046454
D166710,D227300,0.13722
D166710,D230450,0.1015
D166710,D230800,0.21872
D166710,D231200,0.088185
D166710,D231900,0.062591
D166710,D233810,0.073113
D166710,D236000,0.10778
D166710,D237450,0.054264
D166710,D237500,0.11657
D166710,D238800,0.04952
D166710,D239350,0.041967
D166710,D240400,0.15724
D166710,D241100,0.12301
D166710,D241519,0.14408
D166710,D243200,0.068761
D166710,D246300,0.040385
D166710,D246400,0.11592
D166710,D247200,0.12605
D166710,D247640,0.018709
D166710,D248190,0.04541
D166710,D249100,0.15506
D166710,D250790,0.038339
D166710,D252320,0.04104
D166710,D254200,0.18988
D166710,D254450,0.044712
D166710,D254500,0.14017
D166710,D254800,0.062402
D166710,D255900,0.13246
D166710,D256370,0.018
D166710,D256700,0.14784
D166710,D258360,0.037533
D166710,D259050,0.34164
D166710,D259500,0.27107
D166710,D259660,0.2736
D166710,D260480,0.080726
D166710,D260570,0.075051
D166710,D261515,0.22014
D166710,D263300,0.041754
D166710,D263800,0.14552
D166710,D264120,0.074768
D166710,D266120,0.097786
D166710,D266600,0.18108
D166710,D268220,0.045437
D166710,D268320,0.021367
D166710,D270960,0.043678
D166710,D273300,0.114
D166710,D273800,0.11878
D166710,D275000,0.17913
D166710,D276300,0.087376
D166710,D277350,0.070763
D166710,D277440,0.40104
D166710,D277460,0.11993
D166710,D278200,0.029218
D166710,D300232,0.2256
D166710,D300491,0.047575
D166710,D303110,0.020801
D166710,D304790,0.090931
D166710,D304900,0.019342
D166710,D305300,0.086299
D166710,D308205,0.050648
D166710,D308350,0.064326
D166710,D308600,0.033108
D166710,D310468,0.099914
D166710,D311360,0.12352
D166710,D312910,0.034103
D166710,D540000,0.090971
D166710,D600263,0.15969
D166710,D600351,0.072802
D166710,D600496,0.11188
D166710,D600634,0.055912
D166710,D600803,0.16033
D166710,D600807,0.14831
D166710,D601042,0.09347
D166710,D601367,0.16893
D166710,D601608,0.11775
D166710,D601626,0.04092
D166710,D601665,0.094033
D166710,D602068,0.092055
D166710,D602080,0.29445
D166710,D602522,0.13795
D166710,D603165,0.15824
D166710,D604278,0.1152
D166710,D604416,0.14799
D166710,D604827,0.076499
D166710,D606703,0.063846
D166710,D606798,0.047442
D166710,D606842,0.12965
D166710,D607225,0.048798
D166710,D607459,0.031506
D166710,D607508,0.06706
D166710,D607516,0.042633
D166710,D607554,0.030309
D166710,D607685,0.091265
D166710,D607850,0.152
D166710,D608033,0.029434
D166710,D608088,0.07309
D166710,D608105,0.072711
D166710,D608217,0.027136
D166710,D608320,0.034642
D166710,D608622,0.098331
D166760,D167320,0.088541
D166760,D168600,0.019039
D166760,D171300,0.071989
D166760,D173200,0.084307
D166760,D174800,0.15708
D166760,D175100,0.096252
D166760,D176807,0.048743
D166760,D178600,0.086505
D166760,D179800,0.025225
D166760,D181000,0.052649
D166760,D181500,0.044025
D166760,D182000,0.11857
D166760,D182830,0.08557
D166760,D184700,0.036195
D166760,D188050,0.030919
D166760,D189600,0.15284
D166760,D190300,0.11948
D166760,D191390,0.12055
D166760,D192200,0.048251
D166760,D194070,0.01733
D166760,D200170,0.060633
D166760,D203700,0.085899
D166760,D208085,0.045264
D166760,D208230,0.091232
D166760,D208300,0.077901
D166760,D208550,0.16032
D166760,D208750,0.19443
D166760,D212050,0.10187
D166760,D212130,0.0478
D166760,D212140,0.018212
D166760,D212350,0.070638
D166760,D215140,0.13805
D166760,D215470,0.058914
D166760,D217150,0.1458
D166760,D217200,0.07311
D166760,D218800,0.04258
D166760,D225740,0.087818
D166760,D230450,0.038628
D166760,D230800,0.10458
D166760,D231200,0.07734
D166760,D238800,0.03769
D166760,D240400,0.084697
D166760,D241100,0.14456
D166760,D246400,0.10422
D166760,D247200,0.11104
D166760,D248190,0.06857
D166760,D249100,0.060437
D166760,D252320,0.031266
D166760,D254200,0.050606
D166760,D254500,0.020822
D166760,D254800,0.056983
D166760,D255900,0.085832
D166760,D256700,0.10093
D166760,D258360,0.05902
D166760,D259050,0.30158
D166760,D259500,0.085802
D166760,D259660,0.13766
D166760,D260480,0.08208
D166760,D261515,0.084058
D166760,D263800,0.063522
D166760,D266600,0.095634
D166760,D267740,0.093585
D166760,D268220,0.069321
D166760,D268320,0.11309
D166760,D273300,0.033492
D166760,D273800,0.066047
D166760,D275000,0.085549
D166760,D276300,0.10679
D166760,D277350,0.071751
D166760,D277440,0.098192
D166760,D277460,0.072189
D166760,D278200,0.24108
D166760,D300125,0.072226
D166760,D300232,0.15334
D166760,D300491,0.061762
D166760,D300494,0.12574
D166760,D303110,0.16416
D166760,D304790,0.10466
D166760,D305300,0.032733
D166760,D308205,0.13414
D166760,D311360,0.044297
D166760,D312910,0.13689
D166760,D540000,0.11288
D166760,D600496,0.031587
D166760,D600807,0.021212
D166760,D601042,0.068018
D166760,D601682,0.113
D166760,D602068,0.09334
D166760,D602080,0.17958
D166760,D602522,0.16858
D166760,D603165,0.12284
D166760,D604278,0.049036
D166760,D604416,0.11226
D166760,D606798,0.10012
D166760,D606842,0.10891
D166760,D607225,0.072435
D166760,D607459,0.064065
D166760,D607498,0.063152
D166760,D607501,0.065112
D166760,D607508,0.067541
D166760,D607516,0.095029
D166760,D607685,0.064982
D166760,D607850,0.077093
D166760,D608033,0.022446
D166760,D608088,0.02771
D166760,D608105,0.069211
D167320,D167870,0.13198
D167320,D168100,0.16121
D167320,D168600,0.18645
D167320,D171300,0.085753
D167320,D173200,0.17873
D167320,D174800,0.13164
D167320,D175100,0.16128
D167320,D175505,0.019532
D167320,D175510,0.05904
D167320,D176800,0.074985
D167320,D176807,0.13447
D167320,D178600,0.16816
D167320,D179600,0.089364
D167320,D179800,0.18536
D167320,D179830,0.073917
D167320,D181000,0.159
D167320,D181500,0.21291
D167320,D182280,0.065746
D167320,D182830,0.23617
D167320,D184700,0.14482
D167320,D187950,0.15316
D167320,D188030,0.060587
D167320,D188050,0.1497
D167320,D188470,0.22735
D167320,D189600,0.29162
D167320,D189800,0.065889
D167320,D190300,0.31858
D167320,D190310,0.08734
D167320,D190400,0.047333
D167320,D191390,0.10984
D167320,D194070,0.15768
D167320,D194200,0.15733
D167320,D200170,0.084556
D167320,D203700,0.20019
D167320,D206200,0.141
D167320,D208085,0.14321
D167320,D208230,0.2036
D167320,D208300,0.12905
D167320,D208550,0.16686
D167320,D208700,0.13509
D167320,D208750,0.053034
D167320,D208920,0.18004
D167320,D210050,0.12724
D167320,D211980,0.11381
D167320,D212050,0.046045
D167320,D212112,0.053061
D167320,D212130,0.13678
D167320,D212140,0.23046
D167320,D212350,0.13761
D167320,D215140,0.13839
D167320,D215470,0.21377
D167320,D217150,0.08643
D167320,D217200,0.17672
D167320,D218200,0.12136
D167320,D218800,0.1746
D167320,D220120,0.22029
D167320,D223350,0.04658
D167320,D225740,0.12434
D167320,D225755,0.044851
D167320,D226000,0.095946
D167320,D227300,0.082135
D167320,D230450,0.21521
D167320,D230800,0.16972
D167320,D231200,0.05281
D167320,D231900,0.065512
D167320,D233810,0.1488
D167320,D236000,0.10425
D167320,D237450,0.028153
D167320,D237500,0.071963
D167320,D238800,0.10463
D167320,D239350,0.084424
D167320,D240400,0.1795
D167320,D241100,0.063477
D167320,D241519,0.17791
D167320,D243200,0.11838
D167320,D246300,0.063043
D167320,D246400,0.11713
D167320,D246470,0.020056
D167320,D247200,0.16892
D167320,D247640,0.019363
D167320,D248190,0.047228
D167320,D249100,0.16473
D167320,D250790,0.10002
D167320,D252320,0.13514
D167320,D254200,0.25996
D167320,D254450,0.039323
D167320,D254500,0.071103
D167320,D254770,0.15777
D167320,D254800,0.21164
D167320,D255900,0.14117
D167320,D256370,0.059895
D167320,D256700,0.20171
D167320,D258360,0.077839
D167320,D259050,0.19157
D167320,D259500,0.16151
D167320,D259660,0.13077
D167320,D260480,0.05604
D167320,D260570,0.052449
D167320,D260970,0.10204
D167320,D261515,0.24108
D167320,D263300,0.043703
D167320,D263800,0.19442
D167320,D264120,0.12858
D167320,D266120,0.076533
D167320,D266600,0.12059
D167320,D267740,0.12429
D167320,D268220,0.02353
D167320,D268320,0.044089
D167320,D273300,0.1609
D167320,D273800,0.1198
D167320,D275000,0.1355
D167320,D276300,0.12466
D167320,D277350,0.073754
D167320,D277440,0.21509
D167320,D277460,0.17327
D167320,D300125,0.12194
D167320,D300232,0.20209
D167320,D300491,0.16104
D167320,D300494,0.043512
D167320,D303110,0.085806
D167320,D304790,0.10609
D167320,D304900,0.1042
D167320,D305300,0.13491
D167320,D308205,0.16134
D167320,D308350,0.13634
D167320,D310468,0.020351
D167320,D311360,0.18219
D167320,D312910,0.070437
D167320,D540000,0.19829
D167320,D600131,0.16701
D167320,D600263,0.12825
D167320,D600351,0.075487
D167320,D600496,0.094552
D167320,D600803,0.14026
D167320,D600807,0.1308
D167320,D601042,0.19502
D167320,D601367,0.20037
D167320,D601608,0.16374
D167320,D601626,0.042828
D167320,D601665,0.097266
D167320,D602080,0.22059
D167320,D602522,0.1352
D167320,D603165,0.12586
D167320,D604278,0.16671
D167320,D604416,0.1384
D167320,D604827,0.097468
D167320,D605021,0.16294
D167320,D605055,0.17754
D167320,D606703,0.19568
D167320,D606798,0.16478
D167320,D606842,0.2251
D167320,D607225,0.36005
D167320,D607459,0.070946
D167320,D607498,0.10673
D167320,D607499,0.033906
D167320,D607501,0.11064
D167320,D607508,0.18395
D167320,D607516,0.12836
D167320,D607554,0.093917
D167320,D607628,0.14882
D167320,D607631,0.17731
D167320,D607681,0.16699
D167320,D607682,0.16984
D167320,D607685,0.15347
D167320,D607850,0.13396
D167320,D608033,0.21431
D167320,D608088,0.20092
D167320,D608105,0.14062
D167320,D608217,0.14041
D167320,D608320,0.042131
D167320,D608583,0.10322
D167320,D608622,0.19671
D167870,D168100,0.073569
D167870,D168600,0.085391
D167870,D170900,0.040355
D167870,D171300,0.10228
D167870,D173200,0.025229
D167870,D174800,0.12732
D167870,D175100,0.10923
D167870,D175510,0.039742
D167870,D176800,0.032806
D167870,D176807,0.077276
D167870,D178600,0.097418
D167870,D179600,0.076078
D167870,D179800,0.095564
D167870,D179830,0.022381
D167870,D181000,0.11068
D167870,D181460,0.09098
D167870,D181500,0.08529
D167870,D182000,0.023431
D167870,D182280,0.030378
D167870,D182830,0.10734
D167870,D184700,0.10337
D167870,D187950,0.094883
D167870,D188030,0.036906
D167870,D188050,0.097706
D167870,D188470,0.083228
D167870,D189600,0.070977
D167870,D189800,0.12365
D167870,D190300,0.17008
D167870,D190310,0.081438
D167870,D190400,0.044144
D167870,D191390,0.063422
D167870,D191800,0.27825
D167870,D192000,0.048634
D167870,D192200,0.12199
D167870,D194070,0.14795
D167870,D194200,0.15941
D167870,D200170,0.16625
D167870,D203700,0.13178
D167870,D208085,0.056189
D167870,D208230,0.070568
D167870,D208300,0.024499
D167870,D208550,0.040723
D167870,D208700,0.082115
D167870,D208750,0.066161
D167870,D208920,0.12943
D167870,D210050,0.12826
D167870,D211980,0.019649
D167870,D212050,0.090611
D167870,D212110,0.079964
D167870,D212112,0.099096
D167870,D212130,0.15064
D167870,D212140,0.13579
D167870,D212350,0.11856
D167870,D215140,0.011429
D167870,D215470,0.074819
D167870,D217150,0.036898
D167870,D217200,0.092158
D167870,D218200,0.12581
D167870,D218800,0.067388
D167870,D220120,0.09327
D167870,D225740,0.13572
D167870,D225755,0.062731
D167870,D226000,0.20948
D167870,D226150,0.026017
D167870,D230450,0.073959
D167870,D230800,0.11334
D167870,D231090,0.021673
D167870,D231200,0.032757
D167870,D233810,0.043804
D167870,D236000,0.033393
D167870,D237500,0.030441
D167870,D238800,0.15144
D167870,D239350,0.1399
D167870,D240400,0.11638
D167870,D241100,0.073824
D167870,D241519,0.056209
D167870,D243200,0.088216
D167870,D246300,0.041259
D167870,D246400,0.039285
D167870,D246470,0.056213
D167870,D247200,0.11547
D167870,D248190,0.043378
D167870,D249100,0.21971
D167870,D250790,0.03745
D167870,D252320,0.098473
D167870,D254200,0.16378
D167870,D254400,0.041106
D167870,D254500,0.12399
D167870,D254770,0.11012
D167870,D254800,0.11991
D167870,D255900,0.15599
D167870,D256370,0.13129
D167870,D256700,0.1724
D167870,D258360,0.080189
D167870,D259050,0.055806
D167870,D259500,0.017875
D167870,D259660,0.026593
D167870,D260480,0.038815
D167870,D260570,0.024394
D167870,D260970,0.047177
D167870,D261515,0.17119
D167870,D263300,0.04004
D167870,D263800,0.2078
D167870,D264120,0.11922
D167870,D266120,0.047088
D167870,D266600,0.10181
D167870,D267740,0.11579
D167870,D268320,0.041114
D167870,D270960,0.042435
D167870,D273300,0.08466
D167870,D273800,0.12506
D167870,D275000,0.12653
D167870,D276300,0.033591
D167870,D277440,0.12765
D167870,D277460,0.091284
D167870,D300125,0.26359
D167870,D300232,0.072372
D167870,D300491,0.11952
D167870,D303110,0.040016
D167870,D304790,0.08354
D167870,D304900,0.11358
D167870,D305300,0.15511
D167870,D308205,0.085648
D167870,D308350,0.10234
D167870,D310468,0.1239
D167870,D311360,0.12824
D167870,D312910,0.065616
D167870,D540000,0.16254
D167870,D600082,0.068337
D167870,D600131,0.12446
D167870,D600263,0.076196
D167870,D600496,0.1079
D167870,D600631,0.26783
D167870,D600803,0.02413
D167870,D600807,0.072011
D167870,D600808,0.26828
D167870,D601042,0.12533
D167870,D601367,0.12976
D167870,D601518,0.061799
D167870,D601608,0.05611
D167870,D601665,0.090541
D167870,D602068,0.029507
D167870,D602080,0.098538
D167870,D602522,0.12935
D167870,D603165,0.040207
D167870,D604278,0.14503
D167870,D604416,0.10782
D167870,D604827,0.067871
D167870,D605021,0.12124
D167870,D605055,0.087468
D167870,D605839,0.043423
D167870,D606703,0.088559
D167870,D606798,0.062636
D167870,D606842,0.15831
D167870,D607225,0.060835
D167870,D607459,0.13166
D167870,D607498,0.28252
D167870,D607501,0.28974
D167870,D607508,0.24629
D167870,D607516,0.24385
D167870,D607554,0.20422
D167870,D607628,0.11072
D167870,D607631,0.10956
D167870,D607681,0.12436
D167870,D607682,0.1265
D167870,D607685,0.084698
D167870,D607850,0.072828
D167870,D608033,0.10384
D167870,D608088,0.069993
D167870,D608105,0.10672
D167870,D608217,0.10446
D167870,D608320,0.069304
D167870,D608583,0.22447
D167870,D608622,0.20823
D168100,D168600,0.46405
D168100,D171300,0.051833
D168100,D173200,0.16593
D168100,D174800,0.040418
D168100,D175100,0.086537
D168100,D176800,0.077266
D168100,D176807,0.11086
D168100,D179600,0.22837
D168100,D179800,0.036338
D168100,D181000,0.050552
D168100,D181500,0.29458
D168100,D182830,0.12251
D168100,D184700,0.078703
D168100,D187950,0.095466
D168100,D188050,0.14173
D168100,D188470,0.051611
D168100,D189600,0.31405
D168100,D190300,0.44679
D168100,D190310,0.26351
D168100,D190400,0.050371
D168100,D191390,0.043395
D168100,D194070,0.11561
D168100,D194200,0.1682
D168100,D200170,0.11905
D168100,D203700,0.12639
D168100,D208085,0.032373
D168100,D208230,0.14538
D168100,D208300,0.057949
D168100,D208550,0.047005
D168100,D208700,0.11855
D168100,D208750,0.077556
D168100,D208920,0.16227
D168100,D210050,0.14653
D168100,D212050,0.049003
D168100,D212112,0.084958
D168100,D212130,0.034275
D168100,D212140,0.1195
D168100,D212350,0.067572
D168100,D215140,0.047037
D168100,D215470,0.20796
D168100,D217150,0.022373
D168100,D217200,0.15993
D168100,D218200,0.10256
D168100,D218800,0.10907
D168100,D220120,0.13332
D168100,D225740,0.10932
D168100,D225755,0.097384
D168100,D226000,0.10201
D168100,D230450,0.11461
D168100,D230800,0.053687
D168100,D233810,0.29404
D168100,D236000,0.063198
D168100,D238800,0.027105
D168100,D239350,0.089761
D168100,D240400,0.061739
D168100,D241519,0.094469
D168100,D243200,0.15101
D168100,D246300,0.022099
D168100,D246400,0.015356
D168100,D247200,0.15763
D168100,D249100,0.089074
D168100,D250790,0.10817
D168100,D252320,0.067396
D168100,D254200,0.054994
D168100,D254500,0.030026
D168100,D254770,0.21185
D168100,D254800,0.28996
D168100,D255900,0.11211
D168100,D256700,0.097151
D168100,D258360,0.061691
D168100,D259050,0.16819
D168100,D259500,0.06763
D168100,D260480,0.014741
D168100,D260970,0.17766
D168100,D261515,0.098866
D168100,D263800,0.12272
D168100,D264120,0.081411
D168100,D266600,0.072474
D168100,D267740,0.13215
D168100,D268320,0.11643
D168100,D273300,0.12157
D168100,D273800,0.07921
D168100,D275000,0.030801
D168100,D276300,0.10351
D168100,D277440,0.12625
D168100,D277460,0.10496
D168100,D300125,0.15639
D168100,D300232,0.2316
D168100,D300491,0.21548
D168100,D300494,0.11672
D168100,D303110,0.045674
D168100,D304790,0.025103
D168100,D304900,0.12742
D168100,D305300,0.10299
D168100,D308205,0.13843
D168100,D308350,0.18732
D168100,D311360,0.11196
D168100,D312910,0.17325
D168100,D540000,0.13533
D168100,D600131,0.21361
D168100,D600263,0.069266
D168100,D600807,0.031015
D168100,D601042,0.39583
D168100,D601367,0.18706
D168100,D601608,0.16031
D168100,D601665,0.12408
D168100,D602080,0.096568
D168100,D602522,0.062629
D168100,D603165,0.029616
D168100,D604278,0.18132
D168100,D604416,0.085212
D168100,D604827,0.1343
D168100,D605021,0.21196
D168100,D605055,0.17502
D168100,D606703,0.32665
D168100,D606798,0.35226
D168100,D606842,0.078723
D168100,D607225,0.12356
D168100,D607459,0.30863
D168100,D607498,0.13774
D168100,D607499,0.11102
D168100,D607501,0.14233
D168100,D607508,0.14619
D168100,D607516,0.13663
D168100,D607554,0.099814
D168100,D607628,0.19362
D168100,D607631,0.22099
D168100,D607681,0.21524
D168100,D607682,0.21847
D168100,D607685,0.047539
D168100,D607850,0.13807
D168100,D608033,0.15634
D168100,D608088,0.14415
D168100,D608105,0.29069
D168100,D608217,0.21237
D168100,D608583,0.1097
D168100,D608622,0.10004
D168600,D171300,0.076416
D168600,D173200,0.059236
D168600,D174800,0.085764
D168600,D175100,0.14134
D168600,D175505,0.013477
D168600,D175510,0.041611
D168600,D176800,0.074025
D168600,D176807,0.068908
D168600,D178600,0.084862
D168600,D179600,0.089325
D168600,D179800,0.0845
D168600,D179830,0.016656
D168600,D181000,0.12524
D168600,D181460,0.046332
D168600,D181500,0.35621
D168600,D182000,0.017438
D168600,D182280,0.034731
D168600,D182830,0.22347
D168600,D184700,0.094898
D168600,D187950,0.0606
D168600,D188030,0.017703
D168600,D188050,0.12111
D168600,D188470,0.070121
D168600,D189600,0.18798
D168600,D189800,0.061783
D168600,D190300,0.43101
D168600,D190310,0.18193
D168600,D190400,0.066045
D168600,D191390,0.07646
D168600,D192200,0.022685
D168600,D194070,0.09045
D168600,D194200,0.14596
D168600,D200170,0.14327
D168600,D203700,0.22771
D168600,D208085,0.067562
D168600,D208230,0.096177
D168600,D208300,0.092758
D168600,D208550,0.060334
D168600,D208700,0.15295
D168600,D208750,0.099982
D168600,D208920,0.21246
D168600,D210050,0.15116
D168600,D211980,0.03102
D168600,D212050,0.06568
D168600,D212112,0.092487
D168600,D212130,0.073601
D168600,D212140,0.13184
D168600,D212350,0.18182
D168600,D215140,0.071645
D168600,D215470,0.21983
D168600,D217150,0.055572
D168600,D217200,0.18811
D168600,D218200,0.15734
D168600,D218800,0.12366
D168600,D220120,0.086953
D168600,D225740,0.23341
D168600,D225755,0.10976
D168600,D226000,0.12075
D168600,D226150,0.019096
D168600,D227300,0.022644
D168600,D230450,0.13332
D168600,D230800,0.083633
D168600,D231090,0.015845
D168600,D231200,0.037085
D168600,D233810,0.19109
D168600,D236000,0.063892
D168600,D237500,0.011256
D168600,D238800,0.071032
D168600,D239350,0.073557
D168600,D240400,0.056569
D168600,D241519,0.12233
D168600,D243200,0.14967
D168600,D246300,0.072835
D168600,D246400,0.019742
D168600,D246470,0.013839
D168600,D247200,0.21139
D168600,D247640,0.013384
D168600,D248190,0.032224
D168600,D249100,0.086031
D168600,D250790,0.12925
D168600,D252320,0.10264
D168600,D254200,0.13116
D168600,D254450,0.033109
D168600,D254500,0.070215
D168600,D254770,0.13823
D168600,D254800,0.32905
D168600,D255900,0.16806
D168600,D256700,0.1642
D168600,D258360,0.11245
D168600,D259050,0.13227
D168600,D259500,0.066753
D168600,D259660,0.019791
D168600,D260480,0.058983
D168600,D260970,0.26186
D168600,D261515,0.12026
D168600,D263300,0.044969
D168600,D263800,0.13108
D168600,D264120,0.053096
D168600,D266120,0.017645
D168600,D266600,0.14506
D168600,D267740,0.15974
D168600,D268220,0.03261
D168600,D268320,0.12912
D168600,D270960,0.01563
D168600,D273300,0.12658
D168600,D273800,0.072951
D168600,D275000,0.16336
D168600,D276300,0.084286
D168600,D277350,0.051673
D168600,D277440,0.092276
D168600,D277460,0.090837
D168600,D278200,0.02133
D168600,D300125,0.13588
D168600,D300232,0.20295
D168600,D300491,0.14058
D168600,D300494,0.16371
D168600,D303110,0.090543
D168600,D304790,0.087384
D168600,D304900,0.16473
D168600,D305300,0.1096
D168600,D308205,0.17394
D168600,D308350,0.23173
D168600,D310468,0.014033
D168600,D311360,0.16099
D168600,D312910,0.16098
D168600,D540000,0.22243
D168600,D600131,0.13936
D168600,D600263,0.081748
D168600,D600351,0.023078
D168600,D600496,0.04479
D168600,D600803,0.017962
D168600,D600807,0.060936
D168600,D601004,0.027228
D168600,D601042,0.302
D168600,D601367,0.17524
D168600,D601608,0.18231
D168600,D601665,0.13548
D168600,D601682,0.081326
D168600,D602080,0.16323
D168600,D602522,0.079952
D168600,D603165,0.098075
D168600,D604278,0.1493
D168600,D604416,0.081497
D168600,D604827,0.14054
D168600,D605021,0.13829
D168600,D605055,0.28689
D168600,D606703,0.23326
D168600,D606798,0.27805
D168600,D606842,0.1172
D168600,D607225,0.21204
D168600,D607459,0.26154
D168600,D607498,0.11949
D168600,D607499,0.073293
D168600,D607501,0.12339
D168600,D607508,0.12703
D168600,D607516,0.13353
D168600,D607554,0.086902
D168600,D607628,0.12632
D168600,D607631,0.16395
D168600,D607681,0.14043
D168600,D607682,0.14253
D168600,D607685,0.083906
D168600,D607850,0.09446
D168600,D608033,0.23391
D168600,D608088,0.15905
D168600,D608105,0.3135
D168600,D608217,0.13854
D168600,D608320,0.039971
D168600,D608583,0.095524
D168600,D608622,0.065253
D170900,D171300,0.10051
D170900,D173200,0.031595
D170900,D174800,0.1114
D170900,D175100,0.083643
D170900,D175505,0.14993
D170900,D175510,0.16745
D170900,D176807,0.040396
D170900,D178600,0.17016
D170900,D179600,0.095276
D170900,D179800,0.099752
D170900,D179830,0.14094
D170900,D181000,0.12466
D170900,D181460,0.0618
D170900,D181500,0.05313
D170900,D182000,0.058686
D170900,D182280,0.04428
D170900,D184700,0.086065
D170900,D187950,0.20475
D170900,D188030,0.16244
D170900,D188050,0.12248
D170900,D188470,0.058262
D170900,D189800,0.076072
D170900,D190300,0.075294
D170900,D191390,0.12779
D170900,D192200,0.076431
D170900,D194070,0.071682
D170900,D194200,0.066661
D170900,D200170,0.023988
D170900,D203700,0.067673
D170900,D205700,0.25389
D170900,D206200,0.2104
D170900,D208085,0.071033
D170900,D208230,0.017229
D170900,D208300,0.030741
D170900,D208550,0.02533
D170900,D208700,0.025644
D170900,D208750,0.02062
D170900,D208920,0.10607
D170900,D210050,0.060921
D170900,D211980,0.054976
D170900,D212050,0.053831
D170900,D212110,0.049991
D170900,D212112,0.030993
D170900,D212130,0.037635
D170900,D212140,0.10301
D170900,D212350,0.037102
D170900,D215140,0.071612
D170900,D217150,0.046283
D170900,D218200,0.11263
D170900,D218800,0.084289
D170900,D220120,0.059044
D170900,D223350,0.24297
D170900,D225740,0.02299
D170900,D226000,0.028003
D170900,D227300,0.13104
D170900,D230450,0.12316
D170900,D230800,0.24102
D170900,D231090,0.053298
D170900,D231200,0.12258
D170900,D231900,0.15106
D170900,D236000,0.29905
D170900,D237450,0.03257
D170900,D237500,0.15184
D170900,D238800,0.029753
D170900,D239350,0.024605
D170900,D240400,0.28545
D170900,D241519,0.033395
D170900,D246300,0.024324
D170900,D246400,0.18351
D170900,D246470,0.1859
D170900,D247200,0.07469
D170900,D247640,0.14014
D170900,D248190,0.027093
D170900,D249100,0.095722
D170900,D250790,0.069651
D170900,D252320,0.049364
D170900,D254200,0.059853
D170900,D254400,0.44993
D170900,D254450,0.18409
D170900,D254500,0.5143
D170900,D254800,0.044937
D170900,D256370,0.04341
D170900,D256700,0.058552
D170900,D258360,0.04505
D170900,D259500,0.046617
D170900,D260480,0.048663
D170900,D260570,0.030053
D170900,D261515,0.091221
D170900,D263300,0.12556
D170900,D263800,0.10069
D170900,D264120,0.060612
D170900,D266120,0.093447
D170900,D266600,0.15168
D170900,D267730,0.27722
D170900,D268220,0.090294
D170900,D270960,0.026298
D170900,D273300,0.032719
D170900,D273800,0.12154
D170900,D275000,0.050704
D170900,D276300,0.088345
D170900,D277350,0.19948
D170900,D277440,0.17048
D170900,D277460,0.19057
D170900,D300125,0.056873
D170900,D300232,0.030339
D170900,D303110,0.050635
D170900,D304790,0.16463
D170900,D304900,0.023291
D170900,D305300,0.077704
D170900,D308600,0.03989
D170900,D310468,0.11806
D170900,D311360,0.034919
D170900,D312910,0.020502
D170900,D540000,0.04431
D170900,D600263,0.20027
D170900,D600351,0.13557
D170900,D600496,0.099758
D170900,D600634,0.06891
D170900,D600803,0.030259
D170900,D600807,0.11743
D170900,D601367,0.16229
D170900,D601518,0.039684
D170900,D601608,0.11828
D170900,D601626,0.17197
D170900,D601665,0.13614
D170900,D602080,0.031405
D170900,D602522,0.057066
D170900,D603165,0.063968
D170900,D604278,0.019053
D170900,D604416,0.022012
D170900,D605839,0.060922
D170900,D606842,0.021416
D170900,D607459,0.016455
D170900,D607498,0.049712
D170900,D607501,0.051261
D170900,D607508,0.053185
D170900,D607516,0.049578
D170900,D607554,0.073017
D170900,D607685,0.10296
D170900,D608033,0.017652
D170900,D608088,0.02189
D170900,D608320,0.10522
D170900,D608583,0.080252
D170900,D608622,0.073706
D171300,D173200,0.096543
D171300,D174800,0.30273
D171300,D175100,0.29348
D171300,D175505,0.21896
D171300,D175510,0.15623
D171300,D176800,0.023108
D171300,D176807,0.329
D171300,D178600,0.13629
D171300,D179600,0.053622
D171300,D179800,0.13492
D171300,D179830,0.15614
D171300,D181000,0.2117
D171300,D181500,0.15726
D171300,D182000,0.16816
D171300,D182280,0.25516
D171300,D182830,0.15371
D171300,D184700,0.22239
D171300,D187950,0.14516
D171300,D188030,0.12545
D171300,D188050,0.15149
D171300,D188470,0.16409
D171300,D189600,0.051142
D171300,D189800,0.20279
D171300,D190300,0.14852
D171300,D190310,0.095674
D171300,D190400,0.031109
D171300,D191390,0.27048
D171300,D192200,0.10746
D171300,D194070,0.29165
D171300,D194200,0.15188
D171300,D200170,0.1098
D171300,D203700,0.12965
D171300,D206200,0.091513
D171300,D208085,0.13052
D171300,D208230,0.048512
D171300,D208300,0.12223
D171300,D208550,0.09982
D171300,D208700,0.11563
D171300,D208750,0.13395
D171300,D208920,0.16941
D171300,D210050,0.10201
D171300,D211980,0.20339
D171300,D212050,0.15405
D171300,D212110,0.097551
D171300,D212112,0.10547
D171300,D212130,0.063644
D171300,D212140,0.17266
D171300,D212350,0.16835
D171300,D215140,0.1232
D171300,D215470,0.23508
D171300,D217150,0.07796
D171300,D217200,0.064807
D171300,D218200,0.1393
D171300,D218800,0.1728
D171300,D220120,0.18822
D171300,D223350,0.061602
D171300,D225740,0.15232
D171300,D225755,0.088589
D171300,D226000,0.16331
D171300,D226150,0.07234
D171300,D227300,0.13206
D171300,D230450,0.086286
D171300,D230800,0.1998
D171300,D231090,0.10635
D171300,D231200,0.14114
D171300,D231900,0.084627
D171300,D233810,0.071371
D171300,D236000,0.10777
D171300,D237450,0.15172
D171300,D237500,0.20504
D171300,D238800,0.050229
D171300,D239350,0.12484
D171300,D240400,0.24605
D171300,D241100,0.10293
D171300,D241519,0.1157
D171300,D243200,0.17103
D171300,D246300,0.082235
D171300,D246400,0.094
D171300,D246470,0.26496
D171300,D247200,0.19272
D171300,D247640,0.14896
D171300,D248190,0.16799
D171300,D249100,0.20404
D171300,D250790,0.092155
D171300,D252320,0.11246
D171300,D254200,0.13605
D171300,D254400,0.10764
D171300,D254450,0.092833
D171300,D254500,0.13068
D171300,D254770,0.10357
D171300,D254800,0.11826
D171300,D255900,0.091663
D171300,D256370,0.19993
D171300,D256700,0.488
D171300,D258360,0.11625
D171300,D259050,0.12185
D171300,D259500,0.166
D171300,D259660,0.018738
D171300,D260480,0.15753
D171300,D260570,0.050788
D171300,D260970,0.051695
D171300,D261515,0.23226
D171300,D263300,0.084744
D171300,D263800,0.22858
D171300,D264120,0.13003
D171300,D266120,0.11854
D171300,D266600,0.28537
D171300,D267730,0.045972
D171300,D267740,0.17202
D171300,D268220,0.12919
D171300,D268320,0.13405
D171300,D270960,0.18196
D171300,D273300,0.26757
D171300,D273800,0.22784
D171300,D275000,0.17178
D171300,D276300,0.31115
D171300,D277350,0.26656
D171300,D277440,0.18406
D171300,D277460,0.25875
D171300,D278200,0.12117
D171300,D300125,0.1281
D171300,D300232,0.11748
D171300,D300491,0.1121
D171300,D300494,0.16685
D171300,D303110,0.14247
D171300,D304790,0.18581
D171300,D304900,0.14472
D171300,D305300,0.06028
D171300,D308205,0.17761
D171300,D308350,0.10077
D171300,D308600,0.13762
D171300,D310468,0.12183
D171300,D311360,0.19716
D171300,D312910,0.19689
D171300,D540000,0.1823
D171300,D600082,0.023871
D171300,D600131,0.087725
D171300,D600263,0.18229
D171300,D600351,0.065436
D171300,D600496,0.17141
D171300,D600631,0.067563
D171300,D600634,0.27243
D171300,D600803,0.12081
D171300,D600807,0.095155
D171300,D600808,0.067258
D171300,D601004,0.025789
D171300,D601042,0.079594
D171300,D601367,0.22713
D171300,D601518,0.11019
D171300,D601608,0.043083
D171300,D601626,0.085812
D171300,D601665,0.24382
D171300,D601682,0.12718
D171300,D602068,0.085511
D171300,D602080,0.10182
D171300,D602522,0.22682
D171300,D603165,0.1658
D171300,D604278,0.23423
D171300,D604416,0.12866
D171300,D604827,0.063982
D171300,D605021,0.085616
D171300,D605055,0.076928
D171300,D605839,0.30114
D171300,D606703,0.062499
D171300,D606798,0.11969
D171300,D606842,0.060489
D171300,D607225,0.10795
D171300,D607459,0.14077
D171300,D607498,0.1121
D171300,D607499,0.022279
D171300,D607501,0.11553
D171300,D607508,0.16518
D171300,D607516,0.12596
D171300,D607554,0.18515
D171300,D607628,0.078156
D171300,D607631,0.077231
D171300,D607681,0.087728
D171300,D607682,0.08922
D171300,D607685,0.14653
D171300,D608033,0.10528
D171300,D608088,0.086239
D171300,D608105,0.13709
D171300,D608217,0.09215
D171300,D608320,0.11634
D171300,D608583,0.18091
D171300,D608622,0.27622
D173200,D174800,0.079797
D173200,D175100,0.11536
D173200,D176800,0.10798
D173200,D176807,0.12679
D173200,D178600,0.043366
D173200,D179600,0.25589
D173200,D181000,0.078583
D173200,D181500,0.069725
D173200,D182000,0.16614
D173200,D182280,0.05552
D173200,D184700,0.13597
D173200,D187950,0.089
D173200,D188030,0.028893
D173200,D188050,0.15967
D173200,D188470,0.11458
D173200,D189600,0.13155
D173200,D189800,0.031636
D173200,D190300,0.17855
D173200,D191390,0.10816
D173200,D192200,0.096903
D173200,D194070,0.091095
D173200,D194200,0.1154
D173200,D200170,0.23498
D173200,D203700,0.037594
D173200,D208085,0.053779
D173200,D208230,0.1433
D173200,D208300,0.13438
D173200,D208550,0.17103
D173200,D208750,0.15054
D173200,D208920,0.073671
D173200,D210050,0.02508
D173200,D212050,0.15627
D173200,D212110,0.062507
D173200,D212112,0.038753
D173200,D212130,0.047057
D173200,D212140,0.099643
D173200,D212350,0.023181
D173200,D215140,0.16475
D173200,D215470,0.037433
D173200,D217150,0.032153
D173200,D218200,0.028118
D173200,D218800,0.072028
D173200,D225740,0.028746
D173200,D226000,0.035014
D173200,D230800,0.12821
D173200,D231200,0.090541
D173200,D233810,0.32861
D173200,D236000,0.10862
D173200,D237450,0.098689
D173200,D237500,0.05644
D173200,D240400,0.027315
D173200,D241100,0.060305
D173200,D246300,0.070589
D173200,D246400,0.11326
D173200,D247200,0.10553
D173200,D248190,0.071603
D173200,D249100,0.16456
D173200,D250790,0.069809
D173200,D252320,0.10598
D173200,D254200,0.05245
D173200,D254400,0.12066
D173200,D254450,0.04065
D173200,D254500,0.041817
D173200,D254800,0.082134
D173200,D255900,0.19248
D173200,D256700,0.1561
D173200,D258360,0.029506
D173200,D259050,0.23922
D173200,D259500,0.088258
D173200,D260480,0.091804
D173200,D261515,0.073785
D173200,D263300,0.031348
D173200,D263800,0.13655
D173200,D266600,0.15104
D173200,D268320,0.033875
D173200,D273300,0.053712
D173200,D273800,0.098407
D173200,D275000,0.11715
D173200,D276300,0.13998
D173200,D277350,0.086005
D173200,D277440,0.17512
D173200,D277460,0.1296
D173200,D278200,0.14053
D173200,D300125,0.035555
D173200,D300232,0.20323
D173200,D300491,0.075217
D173200,D304790,0.15354
D173200,D305300,0.13587
D173200,D308205,0.15542
D173200,D308600,0.12218
D173200,D311360,0.071747
D173200,D540000,0.01881
D173200,D600263,0.090288
D173200,D600807,0.068269
D173200,D601042,0.18872
D173200,D601367,0.093678
D173200,D601608,0.14145
D173200,D601665,0.0945
D173200,D602068,0.21066
D173200,D602080,0.042855
D173200,D603165,0.26012
D173200,D604278,0.10654
D173200,D604416,0.24408
D173200,D605839,0.083394
D173200,D606703,0.099291
D173200,D606798,0.040545
D173200,D606842,0.063103
D173200,D607225,0.051344
D173200,D607459,0.028279
D173200,D607498,0.031078
D173200,D607501,0.032047
D173200,D607508,0.03325
D173200,D607516,0.030995
D173200,D607554,0.045648
D173200,D607685,0.11934
D173200,D607850,0.12883
D173200,D608088,0.12239
D173200,D608105,0.0801
D173200,D608320,0.026402
D173200,D608583,0.05017
D173200,D608622,0.046228
D174800,D175100,0.30343
D174800,D175505,0.080489
D174800,D175510,0.091313
D174800,D176800,0.072322
D174800,D176807,0.26367
D174800,D178600,0.12095
D174800,D179800,0.31962
D174800,D179830,0.22555
D174800,D181000,0.21527
D174800,D181460,0.088772
D174800,D181500,0.16241
D174800,D182000,0.17058
D174800,D182280,0.17437
D174800,D182830,0.13478
D174800,D184700,0.25869
D174800,D187950,0.13066
D174800,D188030,0.083772
D174800,D188050,0.12942
D174800,D188470,0.21225
D174800,D189600,0.14498
D174800,D189800,0.099945
D174800,D190300,0.1503
D174800,D190310,0.044757
D174800,D190400,0.024233
D174800,D191390,0.19027
D174800,D191800,0.029035
D174800,D192000,0.079792
D174800,D192200,0.083946
D174800,D194070,0.21976
D174800,D194200,0.078004
D174800,D200170,0.21089
D174800,D203700,0.16375
D174800,D205700,0.036617
D174800,D206200,0.1176
D174800,D208085,0.14158
D174800,D208230,0.1251
D174800,D208300,0.081655
D174800,D208550,0.12251
D174800,D208700,0.11265
D174800,D208750,0.1728
D174800,D208920,0.21154
D174800,D210050,0.035202
D174800,D211980,0.13383
D174800,D212050,0.14925
D174800,D212112,0.068327
D174800,D212130,0.049619
D174800,D212140,0.17892
D174800,D212350,0.12268
D174800,D215140,0.20929
D174800,D215470,0.22407
D174800,D217150,0.12344
D174800,D217200,0.17561
D174800,D218200,0.098778
D174800,D218800,0.17545
D174800,D220120,0.15942
D174800,D223350,0.083409
D174800,D225740,0.11503
D174800,D225755,0.11525
D174800,D226000,0.12557
D174800,D226150,0.028291
D174800,D227300,0.099281
D174800,D230450,0.10761
D174800,D230800,0.23586
D174800,D231090,0.10714
D174800,D231200,0.19255
D174800,D231900,0.09903
D174800,D233810,0.069458
D174800,D236000,0.074193
D174800,D237450,0.11746
D174800,D237500,0.20329
D174800,D238800,0.11974
D174800,D239350,0.14848
D174800,D240400,0.19818
D174800,D241100,0.23966
D174800,D241519,0.17705
D174800,D243200,0.12122
D174800,D246300,0.086561
D174800,D246400,0.14661
D174800,D246470,0.11353
D174800,D247200,0.21655
D174800,D247640,0.091556
D174800,D248190,0.16827
D174800,D249100,0.23405
D174800,D250790,0.083301
D174800,D252320,0.067178
D174800,D254200,0.18743
D174800,D254400,0.085113
D174800,D254450,0.15328
D174800,D254500,0.16704
D174800,D254770,0.060445
D174800,D254800,0.15231
D174800,D255900,0.24122
D174800,D256370,0.17504
D174800,D256700,0.30981
D174800,D258360,0.18732
D174800,D259050,0.2941
D174800,D259500,0.17983
D174800,D259660,0.1381
D174800,D260480,0.13818
D174800,D260570,0.066181
D174800,D260970,0.025943
D174800,D261515,0.26616
D174800,D263300,0.077263
D174800,D263800,0.23743
D174800,D264120,0.20034
D174800,D266120,0.10331
D174800,D266600,0.20583
D174800,D267730,0.052812
D174800,D267740,0.15035
D174800,D268220,0.14975
D174800,D268320,0.19699
D174800,D270960,0.15411
D174800,D273300,0.2666
D174800,D273800,0.22492
D174800,D275000,0.25261
D174800,D276300,0.2364
D174800,D277350,0.20292
D174800,D277440,0.37585
D174800,D277460,0.22018
D174800,D278200,0.17941
D174800,D300125,0.1513
D174800,D300232,0.20023
D174800,D300491,0.10982
D174800,D300494,0.10817
D174800,D303110,0.20436
D174800,D304790,0.21297
D174800,D304900,0.13925
D174800,D305300,0.068205
D174800,D308205,0.20646
D174800,D308350,0.10131
D174800,D308600,0.10905
D174800,D310468,0.29075
D174800,D311360,0.28839
D174800,D312910,0.23575
D174800,D540000,0.21735
D174800,D600082,0.074542
D174800,D600131,0.068376
D174800,D600263,0.14442
D174800,D600351,0.090513
D174800,D600496,0.15671
D174800,D600631,0.052599
D174800,D600634,0.1543
D174800,D600803,0.10825
D174800,D600807,0.12707
D174800,D600808,0.052362
D174800,D601042,0.10128
D174800,D601367,0.15139
D174800,D601518,0.10239
D174800,D601608,0.064526
D174800,D601626,0.11543
D174800,D601665,0.17067
D174800,D601682,0.099437
D174800,D602068,0.10071
D174800,D602080,0.27356
D174800,D602522,0.28895
D174800,D603165,0.21066
D174800,D604278,0.19463
D174800,D604416,0.18633
D174800,D604827,0.037254
D174800,D605021,0.06661
D174800,D605055,0.059925
D174800,D605839,0.13714
D174800,D606703,0.048671
D174800,D606798,0.15316
D174800,D606842,0.077995
D174800,D607225,0.092732
D174800,D607459,0.13303
D174800,D607498,0.13582
D174800,D607499,0.04406
D174800,D607501,0.13775
D174800,D607508,0.17683
D174800,D607516,0.166
D174800,D607554,0.06401
D174800,D607628,0.06083
D174800,D607631,0.06019
D174800,D607681,0.068321
D174800,D607682,0.069499
D174800,D607685,0.17078
D174800,D607850,0.053464
D174800,D608033,0.12305
D174800,D608088,0.076893
D174800,D608105,0.13167
D174800,D608217,0.071715
D174800,D608320,0.064368
D174800,D608583,0.052765
D174800,D608622,0.10012
D175100,D175505,0.35002
D175100,D175510,0.23764
D175100,D176800,0.082112
D175100,D176807,0.2525
D175100,D178600,0.1711
D175100,D179600,0.065611
D175100,D179800,0.15313
D175100,D179830,0.065458
D175100,D181000,0.23555
D175100,D181460,0.053078
D175100,D181500,0.26541
D175100,D182000,0.1958
D175100,D182280,0.28812
D175100,D182830,0.090682
D175100,D184700,0.16847
D175100,D187950,0.12452
D175100,D188030,0.055704
D175100,D188050,0.13075
D175100,D188470,0.26667
D175100,D189600,0.1222
D175100,D189800,0.076324
D175100,D190300,0.20763
D175100,D190310,0.079066
D175100,D190400,0.018306
D175100,D191390,0.3215
D175100,D191800,0.088589
D175100,D192000,0.039767
D175100,D192200,0.15415
D175100,D194070,0.32649
D175100,D194200,0.13374
D175100,D200170,0.17396
D175100,D203700,0.208
D175100,D206200,0.053956
D175100,D208085,0.15222
D175100,D208230,0.13588
D175100,D208300,0.095983
D175100,D208550,0.15392
D175100,D208700,0.11584
D175100,D208750,0.16329
D175100,D208920,0.20268
D175100,D210050,0.10957
D175100,D211980,0.21577
D175100,D212050,0.12981
D175100,D212110,0.033158
D175100,D212112,0.10587
D175100,D212130,0.089404
D175100,D212140,0.25068
D175100,D212350,0.18231
D175100,D215140,0.2589
D175100,D215470,0.18367
D175100,D217150,0.16487
D175100,D217200,0.076142
D175100,D218200,0.096955
D175100,D218800,0.19132
D175100,D220120,0.15545
D175100,D223350,0.087313
D175100,D225740,0.11882
D175100,D225755,0.10898
D175100,D226000,0.10437
D175100,D226150,0.083231
D175100,D227300,0.054011
D175100,D230450,0.15952
D175100,D230800,0.27948
D175100,D231090,0.17015
D175100,D231200,0.16115
D175100,D231900,0.062568
D175100,D233810,0.14925
D175100,D236000,0.13374
D175100,D237450,0.077198
D175100,D237500,0.24824
D175100,D238800,0.17156
D175100,D239350,0.079045
D175100,D240400,0.21751
D175100,D241100,0.10063
D175100,D241519,0.091683
D175100,D243200,0.11127
D175100,D246300,0.16385
D175100,D246400,0.14951
D175100,D246470,0.18731
D175100,D247200,0.30185
D175100,D247640,0.10159
D175100,D248190,0.11242
D175100,D249100,0.2525
D175100,D250790,0.18152
D175100,D252320,0.10115
D175100,D254200,0.17235
D175100,D254400,0.060788
D175100,D254450,0.082658
D175100,D254500,0.19377
D175100,D254770,0.07701
D175100,D254800,0.19125
D175100,D255900,0.15762
D175100,D256370,0.099811
D175100,D256700,0.44386
D175100,D258360,0.16516
D175100,D259050,0.22068
D175100,D259500,0.2613
D175100,D259660,0.10514
D175100,D260480,0.1627
D175100,D260570,0.093348
D175100,D260970,0.13118
D175100,D261515,0.30345
D175100,D263300,0.13531
D175100,D263800,0.157
D175100,D264120,0.1311
D175100,D266120,0.070154
D175100,D266600,0.32876
D175100,D267730,0.035442
D175100,D267740,0.10161
D175100,D268220,0.15905
D175100,D268320,0.16859
D175100,D270960,0.13823
D175100,D273300,0.26487
D175100,D273800,0.20549
D175100,D275000,0.25645
D175100,D276300,0.46862
D175100,D277350,0.12663
D175100,D277440,0.29999
D175100,D277460,0.17174
D175100,D278200,0.13541
D175100,D300125,0.085856
D175100,D300232,0.2483
D175100,D300491,0.1114
D175100,D300494,0.12437
D175100,D303110,0.085022
D175100,D304790,0.27201
D175100,D304900,0.091183
D175100,D305300,0.14705
D175100,D308205,0.17272
D175100,D308350,0.16364
D175100,D308600,0.068199
D175100,D310468,0.080002
D175100,D311360,0.23238
D175100,D312910,0.14031
D175100,D540000,0.18391
D175100,D600082,0.042277
D175100,D600131,0.077638
D175100,D600263,0.25688
D175100,D600351,0.15636
D175100,D600496,0.15195
D175100,D600634,0.17016
D175100,D600803,0.16661
D175100,D600807,0.24527
D175100,D601004,0.045684
D175100,D601042,0.10138
D175100,D601367,0.19158
D175100,D601518,0.073306
D175100,D601608,0.057735
D175100,D601626,0.10006
D175100,D601665,0.2198
D175100,D601682,0.077316
D175100,D602068,0.087726
D175100,D602080,0.23126
D175100,D602522,0.15288
D175100,D603165,0.13489
D175100,D604278,0.20826
D175100,D604416,0.10964
D175100,D604827,0.048819
D175100,D605021,0.077039
D175100,D605055,0.12721
D175100,D605839,0.10498
D175100,D606703,0.087658
D175100,D606798,0.11673
D175100,D606842,0.18892
D175100,D607225,0.11574
D175100,D607459,0.13814
D175100,D607498,0.076043
D175100,D607499,0.10796
D175100,D607501,0.078289
D175100,D607508,0.10697
D175100,D607516,0.10051
D175100,D607554,0.098623
D175100,D607628,0.070374
D175100,D607631,0.068439
D175100,D607681,0.078231
D175100,D607682,0.079405
D175100,D607685,0.22296
D175100,D607850,0.11934
D175100,D608033,0.1259
D175100,D608088,0.11622
D175100,D608105,0.1182
D175100,D608217,0.12126
D175100,D608320,0.093642
D175100,D608583,0.095299
D175100,D608622,0.10115
D175505,D175510,0.35962
D175505,D176800,0.036632
D175505,D176807,0.10491
D175505,D178600,0.060719
D175505,D179800,0.017774
D175505,D181000,0.086795
D175505,D181500,0.01541
D175505,D182000,0.15724
D175505,D182280,0.073398
D175505,D184700,0.051282
D175505,D187950,0.045529
D175505,D188050,0.021821
D175505,D188470,0.13063
D175505,D189600,0.026674
D175505,D189800,0.045233
D175505,D190300,0.067683
D175505,D190310,0.091024
D175505,D191390,0.31958
D175505,D192200,0.068126
D175505,D194070,0.10051
D175505,D194200,0.039661
D175505,D203700,0.048468
D175505,D208085,0.047837
D175505,D208300,0.027381
D175505,D208550,0.066382
D175505,D208700,0.022874
D175505,D208750,0.018504
D175505,D208920,0.031611
D175505,D210050,0.036449
D175505,D211980,0.092938
D175505,D212050,0.048614
D175505,D212140,0.051567
D175505,D212350,0.016532
D175505,D215140,0.076699
D175505,D215470,0.040484
D175505,D217150,0.062351
D175505,D218800,0.030186
D175505,D220120,0.052782
D175505,D223350,0.048333
D175505,D225755,0.046747
D175505,D226000,0.024945
D175505,D226150,0.11471
D175505,D227300,0.028666
D175505,D230450,0.027804
D175505,D230800,0.062759
D175505,D231090,0.071312
D175505,D231200,0.018186
D175505,D236000,0.056305
D175505,D237450,0.029028
D175505,D237500,0.13545
D175505,D240400,0.16471
D175505,D241100,0.020372
D175505,D243200,0.024618
D175505,D246400,0.044
D175505,D246470,0.37175
D175505,D247200,0.066865
D175505,D247640,0.08457
D175505,D248190,0.072674
D175505,D249100,0.064051
D175505,D250790,0.020995
D175505,D252320,0.043952
D175505,D254200,0.071186
D175505,D254400,0.069316
D175505,D254450,0.061127
D175505,D254500,0.029652
D175505,D254800,0.026812
D175505,D256370,0.096893
D175505,D256700,0.11329
D175505,D259050,0.012431
D175505,D259500,0.12155
D175505,D259660,0.029704
D175505,D260480,0.058328
D175505,D260570,0.026799
D175505,D261515,0.092637
D175505,D263300,0.044939
D175505,D266120,0.026165
D175505,D266600,0.24099
D175505,D267730,0.070484
D175505,D268220,0.10485
D175505,D268320,0.022958
D175505,D270960,0.093937
D175505,D273300,0.088187
D175505,D273800,0.046884
D175505,D276300,0.46908
D175505,D277350,0.082299
D175505,D277440,0.10993
D175505,D277460,0.084995
D175505,D300232,0.054465
D175505,D303110,0.02235
D175505,D304790,0.13864
D175505,D308205,0.081223
D175505,D308350,0.022748
D175505,D308600,0.035574
D175505,D310468,0.020989
D175505,D311360,0.015573
D175505,D312910,0.018288
D175505,D540000,0.026176
D175505,D600263,0.28161
D175505,D600351,0.052847
D175505,D600496,0.022323
D175505,D600634,0.21916
D175505,D600803,0.081175
D175505,D600807,0.060168
D175505,D601004,0.040878
D175505,D601367,0.048202
D175505,D601518,0.0696
D175505,D601626,0.065653
D175505,D601665,0.18473
D175505,D602080,0.054469
D175505,D602522,0.034368
D175505,D603165,0.042741
D175505,D604278,0.03399
D175505,D605839,0.10273
D175505,D607225,0.033924
D175505,D607459,0.043918
D175505,D607554,0.032567
D175505,D607685,0.030806
D175505,D608033,0.015745
D175505,D608088,0.058575
D175505,D608217,0.058366
D175505,D608320,0.0374
D175510,D176807,0.21261
D175510,D178600,0.15521
D175510,D179800,0.089717
D175510,D179830,0.050899
D175510,D181000,0.17505
D175510,D181460,0.072733
D175510,D181500,0.12931
D175510,D182000,0.053883
D175510,D182280,0.23095
D175510,D184700,0.078129
D175510,D187950,0.1557
D175510,D188030,0.12808
D175510,D188050,0.06612
D175510,D188470,0.10361
D175510,D189600,0.026711
D175510,D189800,0.11534
D175510,D190300,0.050794
D175510,D190310,0.091481
D175510,D191390,0.26303
D175510,D194070,0.13898
D175510,D194200,0.019925
D175510,D203700,0.075222
D175510,D205700,0.037807
D175510,D206200,0.098645
D175510,D208085,0.048146
D175510,D208230,0.077688
D175510,D208300,0.027517
D175510,D208550,0.2359
D175510,D208750,0.01853
D175510,D208920,0.14529
D175510,D210050,0.036576
D175510,D211980,0.13902
D175510,D212050,0.10116
D175510,D212140,0.11834
D175510,D215140,0.18323
D175510,D215470,0.061251
D175510,D217150,0.041646
D175510,D218800,0.10637
D175510,D220120,0.082396
D175510,D223350,0.27274
D175510,D225740,0.048385
D175510,D226000,0.058302
D175510,D226150,0.1155
D175510,D227300,0.056727
D175510,D230450,0.11032
D175510,D230800,0.20317
D175510,D231090,0.048936
D175510,D231200,0.07308
D175510,D231900,0.10156
D175510,D236000,0.15187
D175510,D237500,0.12005
D175510,D240400,0.12308
D175510,D241519,0.12657
D175510,D246300,0.24222
D175510,D246400,0.17915
D175510,D246470,0.23407
D175510,D247200,0.086296
D175510,D247640,0.13767
D175510,D248190,0.072949
D175510,D249100,0.19747
D175510,D250790,0.083408
D175510,D252320,0.044171
D175510,D254200,0.11067
D175510,D254400,0.070856
D175510,D254450,0.12433
D175510,D254500,0.13457
D175510,D254800,0.01347
D175510,D255900,0.045006
D175510,D256370,0.039856
D175510,D256700,0.14624
D175510,D258360,0.21558
D175510,D259500,0.16367
D175510,D260480,0.14939
D175510,D260570,0.32853
D175510,D261515,0.1049
D175510,D263300,0.20502
D175510,D263800,0.030446
D175510,D264120,0.053996
D175510,D266120,0.079418
D175510,D266600,0.29142
D175510,D267730,0.10822
D175510,D268220,0.157
D175510,D270960,0.024715
D175510,D273300,0.089549
D175510,D273800,0.1097
D175510,D275000,0.1065
D175510,D276300,0.19548
D175510,D277350,0.13256
D175510,D277440,0.13213
D175510,D277460,0.10256
D175510,D300232,0.040934
D175510,D304790,0.24138
D175510,D308205,0.082365
D175510,D311360,0.080485
D175510,D540000,0.054397
D175510,D600263,0.30108
D175510,D600351,0.25914
D175510,D600496,0.089657
D175510,D600634,0.063304
D175510,D600803,0.16703
D175510,D600807,0.28101
D175510,D601004,0.041082
D175510,D601367,0.066498
D175510,D601518,0.037296
D175510,D601608,0.021264
D175510,D601626,0.18312
D175510,D601665,0.10392
D175510,D602080,0.16492
D175510,D602522,0.068789
D175510,D603165,0.13321
D175510,D604278,0.035104
D175510,D604416,0.041042
D175510,D605839,0.17921
D175510,D607225,0.034093
D175510,D607459,0.02943
D175510,D607508,0.048398
D175510,D607685,0.25869
D175510,D608033,0.058812
D175510,D608088,0.059017
D175510,D608320,0.037666
D175510,D608622,0.073017
D176800,D176807,0.095023
D176800,D178600,0.027602
D176800,D179600,0.1639
D176800,D179800,0.12957
D176800,D179830,0.091143
D176800,D181000,0.04496
D176800,D181500,0.085213
D176800,D182000,0.19082
D176800,D184700,0.02343
D176800,D187950,0.027979
D176800,D188050,0.12079
D176800,D188470,0.092032
D176800,D189600,0.098411
D176800,D189800,0.041096
D176800,D190300,0.12341
D176800,D191390,0.051597
D176800,D192200,0.24825
D176800,D194070,0.13447
D176800,D194200,0.10927
D176800,D200170,0.11887
D176800,D203700,0.066101
D176800,D208085,0.086129
D176800,D208230,0.14442
D176800,D208300,0.10333
D176800,D208550,0.083817
D176800,D208700,0.041673
D176800,D208920,0.028701
D176800,D212130,0.061307
D176800,D212140,0.07046
D176800,D212350,0.060296
D176800,D215140,0.16796
D176800,D215470,0.036675
D176800,D217150,0.15289
D176800,D218800,0.027358
D176800,D220120,0.047429
D176800,D225740,0.037471
D176800,D225755,0.3354
D176800,D226000,0.045448
D176800,D227300,0.052227
D176800,D230450,0.049585
D176800,D230800,0.076312
D176800,D231200,0.033133
D176800,D233810,0.098232
D176800,D236000,0.069095
D176800,D237450,0.052886
D176800,D237500,0.03077
D176800,D238800,0.048368
D176800,D240400,0.035506
D176800,D241100,0.037116
D176800,D243200,0.044852
D176800,D246400,0.053182
D176800,D247200,0.13563
D176800,D249100,0.058348
D176800,D252320,0.040047
D176800,D254200,0.097754
D176800,D254500,0.026783
D176800,D254800,0.073448
D176800,D255900,0.11321
D176800,D256370,0.035237
D176800,D256700,0.056139
D176800,D259050,0.16361
D176800,D259500,0.18313
D176800,D259660,0.32711
D176800,D260480,0.052597
D176800,D260570,0.048824
D176800,D261515,0.12826
D176800,D263800,0.054913
D176800,D266120,0.047669
D176800,D266600,0.10302
D176800,D268220,0.044441
D176800,D268320,0.041828
D176800,D270960,0.042736
D176800,D273300,0.065033
D176800,D273800,0.028278
D176800,D275000,0.027468
D176800,D276300,0.045728
D176800,D277440,0.18057
D176800,D277460,0.030916
D176800,D300232,0.20035
D176800,D303110,0.040719
D176800,D304790,0.0442
D176800,D305300,0.12794
D176800,D308205,0.049995
D176800,D308350,0.041444
D176800,D308600,0.064811
D176800,D310468,0.11749
D176800,D311360,0.086144
D176800,D312910,0.033319
D176800,D540000,0.047564
D176800,D600263,0.07498
D176800,D600634,0.054703
D176800,D600807,0.055304
D176800,D601042,0.086156
D176800,D601367,0.088807
D176800,D601608,0.07758
D176800,D601665,0.036769
D176800,D602080,0.1218
D176800,D603165,0.052094
D176800,D604278,0.09414
D176800,D604416,0.10902
D176800,D606703,0.12676
D176800,D606842,0.034838
D176800,D607225,0.096452
D176800,D607459,0.026661
D176800,D607554,0.059333
D176800,D607850,0.1494
D176800,D608033,0.028686
D176800,D608088,0.071452
D176800,D608105,0.089182
D176800,D608217,0.053121
D176800,D608320,0.033884
D176807,D178600,0.10594
D176807,D179600,0.11444
D176807,D179800,0.10666
D176807,D179830,0.065119
D176807,D181000,0.10696
D176807,D181460,0.047163
D176807,D181500,0.16073
D176807,D182000,0.18142
D176807,D182280,0.28651
D176807,D182830,0.076954
D176807,D184700,0.23124
D176807,D187950,0.17059
D176807,D188030,0.10687
D176807,D188050,0.18759
D176807,D188470,0.26509
D176807,D189600,0.090705
D176807,D189800,0.11595
D176807,D190300,0.10081
D176807,D190310,0.051887
D176807,D190400,0.042185
D176807,D191390,0.1712
D176807,D191800,0.050507
D176807,D192000,0.091506
D176807,D192200,0.058258
D176807,D194070,0.27582
D176807,D194200,0.11872
D176807,D200170,0.14902
D176807,D203700,0.051503
D176807,D206200,0.12417
D176807,D208085,0.026776
D176807,D208230,0.12167
D176807,D208300,0.047771
D176807,D208550,0.13547
D176807,D208700,0.078413
D176807,D208750,0.047118
D176807,D208920,0.12164
D176807,D210050,0.045897
D176807,D211980,0.24155
D176807,D212050,0.081993
D176807,D212112,0.071502
D176807,D212130,0.028705
D176807,D212140,0.12198
D176807,D212350,0.05657
D176807,D215140,0.1681
D176807,D215470,0.15596
D176807,D217150,0.036145
D176807,D217200,0.065911
D176807,D218200,0.068738
D176807,D218800,0.11582
D176807,D220120,0.16118
D176807,D223350,0.14682
D176807,D225740,0.017534
D176807,D225755,0.060123
D176807,D226000,0.19223
D176807,D227300,0.096882
D176807,D230450,0.069828
D176807,D230800,0.19917
D176807,D231090,0.16494
D176807,D231200,0.10869
D176807,D231900,0.057448
D176807,D233810,0.095915
D176807,D236000,0.17874
D176807,D237450,0.049872
D176807,D237500,0.14624
D176807,D238800,0.0227
D176807,D239350,0.093903
D176807,D240400,0.08503
D176807,D241100,0.24698
D176807,D241519,0.080451
D176807,D243200,0.14749
D176807,D246300,0.12992
D176807,D246400,0.1932
D176807,D246470,0.20916
D176807,D247200,0.16238
D176807,D247640,0.19578
D176807,D248190,0.062072
D176807,D249100,0.20129
D176807,D250790,0.052755
D176807,D252320,0.018836
D176807,D254200,0.18529
D176807,D254400,0.061163
D176807,D254450,0.071692
D176807,D254500,0.12727
D176807,D254770,0.10523
D176807,D254800,0.068957
D176807,D255900,0.10572
D176807,D256370,0.20116
D176807,D256700,0.25487
D176807,D258360,0.10356
D176807,D259050,0.091893
D176807,D259500,0.26227
D176807,D259660,0.02541
D176807,D260480,0.074203
D176807,D260570,0.13849
D176807,D260970,0.022543
D176807,D261515,0.10125
D176807,D263300,0.076642
D176807,D263800,0.15393
D176807,D264120,0.15966
D176807,D266120,0.11221
D176807,D266600,0.23234
D176807,D267730,0.063152
D176807,D267740,0.082822
D176807,D268220,0.1132
D176807,D268320,0.039279
D176807,D270960,0.28401
D176807,D273300,0.40265
D176807,D273800,0.18582
D176807,D275000,0.10323
D176807,D276300,0.20663
D176807,D277350,0.064976
D176807,D277440,0.17319
D176807,D277460,0.13081
D176807,D278200,0.053729
D176807,D300125,0.065104
D176807,D300232,0.086129
D176807,D300491,0.085633
D176807,D303110,0.038238
D176807,D304790,0.11457
D176807,D304900,0.088785
D176807,D305300,0.09993
D176807,D308205,0.080914
D176807,D308350,0.078246
D176807,D308600,0.030431
D176807,D310468,0.072165
D176807,D311360,0.22721
D176807,D312910,0.094625
D176807,D540000,0.078937
D176807,D600082,0.35907
D176807,D600131,0.089196
D176807,D600263,0.21274
D176807,D600351,0.14736
D176807,D600496,0.095255
D176807,D600631,0.045778
D176807,D600634,0.26587
D176807,D600803,0.094237
D176807,D600807,0.16777
D176807,D600808,0.045541
D176807,D601042,0.053204
D176807,D601367,0.18121
D176807,D601518,0.50874
D176807,D601608,0.036305
D176807,D601626,0.15522
D176807,D601665,0.19183
D176807,D602068,0.056352
D176807,D602080,0.13934
D176807,D602522,0.11659
D176807,D603165,0.12322
D176807,D604278,0.17646
D176807,D604416,0.10115
D176807,D604827,0.064855
D176807,D605021,0.086889
D176807,D605055,0.062929
D176807,D605839,0.23591
D176807,D606703,0.11503
D176807,D606798,0.039903
D176807,D606842,0.016342
D176807,D607225,0.059315
D176807,D607459,0.062926
D176807,D607498,0.056967
D176807,D607501,0.058699
D176807,D607508,0.12248
D176807,D607516,0.056786
D176807,D607554,0.11144
D176807,D607628,0.079287
D176807,D607631,0.078515
D176807,D607681,0.089122
D176807,D607682,0.090658
D176807,D607685,0.1451
D176807,D607850,0.074962
D176807,D608033,0.071478
D176807,D608088,0.050147
D176807,D608105,0.082513
D176807,D608217,0.099769
D176807,D608320,0.03183
D176807,D608583,0.091857
D176807,D608622,0.17405
D178600,D179600,0.064186
D178600,D179800,0.080683
D178600,D179830,0.1051
D178600,D181000,0.21039
D178600,D181460,0.097654
D178600,D181500,0.095825
D178600,D182000,0.079095
D178600,D182280,0.17734
D178600,D184700,0.14715
D178600,D187950,0.24024
D178600,D188030,0.25748
D178600,D188050,0.28807
D178600,D188470,0.11631
D178600,D189600,0.08038
D178600,D189800,0.22795
D178600,D190300,0.088891
D178600,D191390,0.13994
D178600,D192200,0.18154
D178600,D194070,0.12267
D178600,D194200,0.15439
D178600,D200170,0.016268
D178600,D203700,0.15365
D178600,D205700,0.11276
D178600,D206200,0.18011
D178600,D208085,0.086832
D178600,D208230,0.11923
D178600,D208300,0.041324
D178600,D208550,0.15515
D178600,D208700,0.017235
D178600,D208750,0.13324
D178600,D208920,0.16891
D178600,D210050,0.12711
D178600,D211980,0.24672
D178600,D212050,0.056873
D178600,D212110,0.1029
D178600,D212112,0.11081
D178600,D212130,0.076844
D178600,D212140,0.17221
D178600,D212350,0.090479
D178600,D215140,0.18078
D178600,D215470,0.11019
D178600,D217150,0.062265
D178600,D217200,0.03032
D178600,D218200,0.1061
D178600,D218800,0.18496
D178600,D220120,0.083162
D178600,D223350,0.14501
D178600,D225740,0.12929
D178600,D225755,0.017595
D178600,D226000,0.14371
D178600,D226150,0.021677
D178600,D227300,0.24751
D178600,D230450,0.12352
D178600,D230800,0.35665
D178600,D231090,0.035835
D178600,D231200,0.22342
D178600,D231900,0.12691
D178600,D236000,0.28619
D178600,D237450,0.043933
D178600,D237500,0.12756
D178600,D238800,0.020054
D178600,D240400,0.24546
D178600,D241100,0.077325
D178600,D241519,0.11654
D178600,D243200,0.055824
D178600,D246300,0.082592
D178600,D246400,0.18271
D178600,D246470,0.078018
D178600,D247200,0.1861
D178600,D247640,0.078873
D178600,D248190,0.055166
D178600,D249100,0.21553
D178600,D250790,0.07797
D178600,D252320,0.049891
D178600,D254200,0.17561
D178600,D254400,0.17369
D178600,D254450,0.1639
D178600,D254500,0.2138
D178600,D254800,0.11509
D178600,D255900,0.079132
D178600,D256370,0.04376
D178600,D256700,0.21143
D178600,D258360,0.11196
D178600,D259050,0.059163
D178600,D259500,0.23164
D178600,D259660,0.1189
D178600,D260480,0.088798
D178600,D260570,0.10175
D178600,D261515,0.17201
D178600,D263300,0.18915
D178600,D263800,0.11554
D178600,D264120,0.11521
D178600,D266120,0.13896
D178600,D266600,0.25356
D178600,D267730,0.10622
D178600,D268220,0.11592
D178600,D268320,0.03481
D178600,D270960,0.035363
D178600,D273300,0.075813
D178600,D273800,0.19306
D178600,D275000,0.16339
D178600,D276300,0.10705
D178600,D277350,0.10204
D178600,D277440,0.10955
D178600,D277460,0.16855
D178600,D278200,0.02387
D178600,D300125,0.038314
D178600,D300232,0.075244
D178600,D303110,0.016841
D178600,D304790,0.16089
D178600,D305300,0.14781
D178600,D308205,0.06137
D178600,D308350,0.071896
D178600,D308600,0.026804
D178600,D310468,0.031761
D178600,D311360,0.083246
D178600,D312910,0.01378
D178600,D540000,0.1003
D178600,D600263,0.12372
D178600,D600351,0.10445
D178600,D600496,0.1019
D178600,D600634,0.068956
D178600,D600803,0.081427
D178600,D600807,0.20858
D178600,D601004,0.06296
D178600,D601042,0.011711
D178600,D601367,0.30442
D178600,D601518,0.026691
D178600,D601608,0.10726
D178600,D601626,0.1702
D178600,D601665,0.06111
D178600,D602068,0.025044
D178600,D602080,0.17646
D178600,D602522,0.10393
D178600,D603165,0.21
D178600,D604278,0.052097
D178600,D604416,0.075205
D178600,D604827,0.060442
D178600,D605839,0.077674
D178600,D606798,0.017612
D178600,D606842,0.19707
D178600,D607225,0.027562
D178600,D607459,0.011026
D178600,D607498,0.03349
D178600,D607501,0.034534
D178600,D607508,0.090103
D178600,D607516,0.0334
D178600,D607554,0.15369
D178600,D607685,0.2888
D178600,D607850,0.061492
D178600,D608033,0.074505
D178600,D608088,0.088489
D178600,D608217,0.02197
D178600,D608320,0.19076
D178600,D608583,0.14236
D178600,D608622,0.20847
D179600,D181000,0.052144
D179600,D181500,0.10511
D179600,D184700,0.083143
D179600,D187950,0.098802
D179600,D188030,0.087132
D179600,D188050,0.23943
D179600,D188470,0.10952
D179600,D189600,0.1171
D179600,D189800,0.095691
D179600,D190300,0.18313
D179600,D192200,0.14409
D179600,D194070,0.14376
D179600,D194200,0.21577
D179600,D200170,0.14767
D179600,D203700,0.05086
D179600,D208230,0.15784
D179600,D208300,0.12304
D179600,D208550,0.099744
D179600,D208750,0.038777
D179600,D208920,0.06661
D179600,D210050,0.07585
D179600,D212110,0.094009
D179600,D212112,0.058283
D179600,D212130,0.070773
D179600,D212140,0.056508
D179600,D212350,0.034863
D179600,D215140,0.0927
D179600,D217150,0.049462
D179600,D218200,0.084794
D179600,D225740,0.043234
D179600,D226000,0.05266
D179600,D230800,0.068103
D179600,D233810,0.19442
D179600,D236000,0.2032
D179600,D240400,0.082373
D179600,D247200,0.1141
D179600,D249100,0.069317
D179600,D252320,0.093062
D179600,D254200,0.040907
D179600,D254400,0.09705
D179600,D254500,0.062117
D179600,D254800,0.087254
D179600,D255900,0.13967
D179600,D256700,0.11058
D179600,D259050,0.14074
D179600,D259500,0.13309
D179600,D261515,0.052878
D179600,D263300,0.094532
D179600,D263800,0.097584
D179600,D266600,0.12228
D179600,D273300,0.051884
D179600,D273800,0.065446
D179600,D275000,0.031773
D179600,D276300,0.028531
D179600,D277440,0.12511
D179600,D277460,0.035776
D179600,D300125,0.10722
D179600,D300232,0.10394
D179600,D304790,0.053059
D179600,D305300,0.20473
D179600,D308205,0.031708
D179600,D311360,0.06875
D179600,D540000,0.055933
D179600,D600263,0.13613
D179600,D600807,0.065816
D179600,D601042,0.069183
D179600,D601367,0.17524
D179600,D601608,0.049123
D179600,D601665,0.043003
D179600,D602080,0.030735
D179600,D603165,0.032511
D179600,D604278,0.11532
D179600,D604416,0.087145
D179600,D606703,0.15069
D179600,D606842,0.040273
D179600,D607225,0.07792
D179600,D607498,0.093719
D179600,D607501,0.096638
D179600,D607508,0.10027
D179600,D607516,0.093466
D179600,D607554,0.13765
D179600,D607685,0.064591
D179600,D607850,0.27655
D179600,D608088,0.044613
D179600,D608105,0.056878
D179600,D608320,0.079284
D179600,D608583,0.15129
D179600,D608622,0.13895
D179800,D179830,0.45206
D179800,D181000,0.22174
D179800,D181500,0.24036
D179800,D182000,0.092562
D179800,D182280,0.13604
D179800,D182830,0.083623
D179800,D184700,0.10727
D179800,D187950,0.12411
D179800,D188030,0.092375
D179800,D188050,0.15585
D179800,D188470,0.096727
D179800,D189600,0.096827
D179800,D189800,0.11998
D179800,D190300,0.1344
D179800,D190310,0.053618
D179800,D190400,0.043593
D179800,D191390,0.16514
D179800,D192200,0.12042
D179800,D194070,0.20641
D179800,D194200,0.087856
D179800,D200170,0.13269
D179800,D203700,0.0986
D179800,D206200,0.12867
D179800,D208085,0.20726
D179800,D208230,0.21202
D179800,D208550,0.10105
D179800,D208700,0.10121
D179800,D208750,0.032489
D179800,D208920,0.2142
D179800,D210050,0.031666
D179800,D211980,0.081888
D179800,D212050,0.021168
D179800,D212112,0.048881
D179800,D212130,0.16302
D179800,D212140,0.31853
D179800,D212350,0.23419
D179800,D215140,0.12472
D179800,D215470,0.11006
D179800,D217150,0.072739
D179800,D217200,0.079475
D179800,D218200,0.096195
D179800,D218800,0.20849
D179800,D220120,0.24419
D179800,D223350,0.10646
D179800,D225740,0.13815
D179800,D225755,0.12405
D179800,D226000,0.088284
D179800,D227300,0.10031
D179800,D230450,0.22413
D179800,D230800,0.22015
D179800,D231090,0.021135
D179800,D231200,0.064356
D179800,D231900,0.2236
D179800,D233810,0.06554
D179800,D236000,0.11663
D179800,D237450,0.1289
D179800,D237500,0.19924
D179800,D238800,0.19124
D179800,D239350,0.18251
D179800,D240400,0.21193
D179800,D241100,0.054074
D179800,D241519,0.18345
D179800,D243200,0.08708
D179800,D246300,0.13454
D179800,D246400,0.064599
D179800,D246470,0.036569
D179800,D247200,0.14758
D179800,D247640,0.035571
D179800,D248190,0.21467
D179800,D249100,0.18199
D179800,D250790,0.11026
D179800,D252320,0.17163
D179800,D254200,0.23065
D179800,D254450,0.036481
D179800,D254500,0.26269
D179800,D254770,0.036216
D179800,D254800,0.15459
D179800,D255900,0.12726
D179800,D256370,0.068719
D179800,D256700,0.16209
D179800,D258360,0.16604
D179800,D259050,0.15527
D179800,D259500,0.21304
D179800,D259660,0.25729
D179800,D260480,0.10553
D179800,D260570,0.15027
D179800,D260970,0.070048
D179800,D261515,0.27944
D179800,D263300,0.11918
D179800,D263800,0.34211
D179800,D264120,0.1656
D179800,D266120,0.21527
D179800,D266600,0.19931
D179800,D267740,0.057299
D179800,D268220,0.064842
D179800,D268320,0.060911
D179800,D270960,0.062337
D179800,D273300,0.11706
D179800,D273800,0.1377
D179800,D275000,0.3013
D179800,D276300,0.033213
D179800,D277350,0.17963
D179800,D277440,0.36201
D179800,D277460,0.23155
D179800,D300125,0.044867
D179800,D300232,0.095375
D179800,D300491,0.058932
D179800,D303110,0.099225
D179800,D304790,0.15282
D179800,D304900,0.15004
D179800,D305300,0.1044
D179800,D308205,0.035675
D179800,D308350,0.1418
D179800,D308600,0.094407
D179800,D310468,0.49118
D179800,D311360,0.15625
D179800,D312910,0.097163
D179800,D540000,0.25046
D179800,D600082,0.033446
D179800,D600131,0.061466
D179800,D600263,0.11291
D179800,D600351,0.096827
D179800,D600496,0.12279
D179800,D600631,0.094631
D179800,D600634,0.026542
D179800,D600803,0.14855
D179800,D600807,0.19173
D179800,D600808,0.094204
D179800,D601042,0.097779
D179800,D601367,0.15746
D179800,D601518,0.030233
D179800,D601608,0.1139
D179800,D601626,0.058649
D179800,D601665,0.10713
D179800,D602068,0.058334
D179800,D602080,0.22136
D179800,D602522,0.26575
D179800,D603165,0.079694
D179800,D604278,0.30818
D179800,D604416,0.12428
D179800,D604827,0.022267
D179800,D605021,0.05983
D179800,D605055,0.064127
D179800,D605839,0.064208
D179800,D606703,0.087619
D179800,D606798,0.10863
D179800,D606842,0.18214
D179800,D607225,0.095294
D179800,D607459,0.065
D179800,D607498,0.039221
D179800,D607501,0.041068
D179800,D607508,0.10576
D179800,D607516,0.10183
D179800,D607554,0.057576
D179800,D607628,0.054733
D179800,D607631,0.084675
D179800,D607681,0.061398
D179800,D607682,0.062461
D179800,D607685,0.16803
D179800,D607850,0.071717
D179800,D608033,0.1306
D179800,D608088,0.086468
D179800,D608105,0.10562
D179800,D608217,0.077391
D179800,D608320,0.082814
D179800,D608583,0.03164
D179800,D608622,0.12242
D179830,D181000,0.12399
D179830,D181500,0.11811
D179830,D182000,0.065107
D179830,D182280,0.11918
D179830,D184700,0.1376
D179830,D187950,0.057387
D179830,D188030,0.15538
D179830,D188050,0.10939
D179830,D188470,0.094081
D179830,D189800,0.15633
D179830,D190300,0.020875
D179830,D191390,0.070878
D179830,D192200,0.084701
D179830,D194070,0.061234
D179830,D194200,0.0499
D179830,D200170,0.07992
D179830,D203700,0.014961
D179830,D206200,0.18288
D179830,D208085,0.078633
D179830,D208230,0.097147
D179830,D208550,0.056925
D179830,D208700,0.056996
D179830,D208920,0.099268
D179830,D211980,0.083017
D179830,D212130,0.041825
D179830,D212140,0.28168
D179830,D212350,0.12732
D179830,D215140,0.063928
D179830,D215470,0.14567
D179830,D217150,0.025561
D179830,D218200,0.04999
D179830,D218800,0.14322
D179830,D220120,0.22018
D179830,D223350,0.060051
D179830,D225740,0.025564
D179830,D225755,0.058101
D179830,D227300,0.20538
D179830,D230450,0.10229
D179830,D230800,0.14107
D179830,D231200,0.045641
D179830,D231900,0.31155
D179830,D236000,0.047031
D179830,D237450,0.16249
D179830,D237500,0.13407
D179830,D238800,0.09913
D179830,D239350,0.083155
D179830,D240400,0.33338
D179830,D241519,0.19278
D179830,D243200,0.062244
D179830,D246300,0.054494
D179830,D246400,0.054506
D179830,D247200,0.088037
D179830,D247640,0.025053
D179830,D248190,0.091473
D179830,D249100,0.11106
D179830,D250790,0.051734
D179830,D252320,0.027321
D179830,D254200,0.089531
D179830,D254450,0.025445
D179830,D254500,0.2026
D179830,D254800,0.049905
D179830,D255900,0.024976
D179830,D256700,0.054951
D179830,D258360,0.050646
D179830,D259050,0.047747
D179830,D259500,0.12612
D179830,D259660,0.073895
D179830,D260480,0.072297
D179830,D260570,0.067617
D179830,D261515,0.20944
D179830,D263300,0.056341
D179830,D263800,0.25591
D179830,D264120,0.28296
D179830,D266120,0.14709
D179830,D266600,0.1334
D179830,D268220,0.030446
D179830,D273300,0.044756
D179830,D273800,0.058885
D179830,D275000,0.11333
D179830,D277350,0.3464
D179830,D277440,0.28369
D179830,D277460,0.24678
D179830,D300232,0.033466
D179830,D303110,0.0562
D179830,D304790,0.10827
D179830,D304900,0.082988
D179830,D305300,0.028743
D179830,D308600,0.088672
D179830,D310468,0.61074
D179830,D311360,0.097855
D179830,D312910,0.045566
D179830,D540000,0.16945
D179830,D600263,0.077684
D179830,D600351,0.065276
D179830,D600496,0.20965
D179830,D600803,0.10207
D179830,D600807,0.056745
D179830,D601042,0.01913
D179830,D601367,0.10224
D179830,D601608,0.025974
D179830,D601626,0.055215
D179830,D601665,0.050293
D179830,D602080,0.083509
D179830,D602522,0.23413
D179830,D603165,0.053999
D179830,D604278,0.23981
D179830,D604416,0.073339
D179830,D606842,0.023767
D179830,D607225,0.021083
D179830,D607459,0.036635
D179830,D607508,0.090673
D179830,D607685,0.057981
D179830,D607850,0.033502
D179830,D608033,0.039232
D179830,D608105,0.029634
D179830,D608320,0.070286
D179830,D608622,0.133
D181000,D181460,0.068275
D181000,D181500,0.19376
D181000,D182000,0.11475
D181000,D182280,0.17384
D181000,D182830,0.16941
D181000,D184700,0.17607
D181000,D187950,0.23807
D181000,D188030,0.18532
D181000,D188050,0.16495
D181000,D188470,0.080477
D181000,D189600,0.12062
D181000,D189800,0.14082
D181000,D190300,0.16611
D181000,D190310,0.093039
D181000,D190400,0.060821
D181000,D191390,0.30422
D181000,D192200,0.083612
D181000,D194070,0.16778
D181000,D194200,0.098792
D181000,D200170,0.093729
D181000,D203700,0.22003
D181000,D205700,0.045902
D181000,D206200,0.14685
D181000,D208085,0.13152
D181000,D208230,0.12698
D181000,D208300,0.21269
D181000,D208550,0.18123
D181000,D208700,0.056178
D181000,D208750,0.11863
D181000,D208920,0.25375
D181000,D210050,0.1499
D181000,D211980,0.17149
D181000,D212050,0.15169
D181000,D212110,0.027357
D181000,D212112,0.067843
D181000,D212130,0.10644
D181000,D212140,0.25078
D181000,D212350,0.14527
D181000,D215140,0.17653
D181000,D215470,0.22666
D181000,D217150,0.12798
D181000,D217200,0.079713
D181000,D218200,0.13701
D181000,D218800,0.21379
D181000,D220120,0.17506
D181000,D223350,0.16419
D181000,D225740,0.18163
D181000,D225755,0.11471
D181000,D226000,0.061753
D181000,D226150,0.1843
D181000,D227300,0.10713
D181000,D230450,0.2793
D181000,D230800,0.37331
D181000,D231090,0.044043
D181000,D231200,0.1919
D181000,D231900,0.19833
D181000,D233810,0.13042
D181000,D236000,0.20975
D181000,D237450,0.091274
D181000,D237500,0.20364
D181000,D238800,0.09922
D181000,D239350,0.12048
D181000,D240400,0.18319
D181000,D241100,0.012508
D181000,D241519,0.19634
D181000,D243200,0.1216
D181000,D246300,0.24279
D181000,D246400,0.26389
D181000,D246470,0.089484
D181000,D247200,0.22308
D181000,D247640,0.14272
D181000,D248190,0.12262
D181000,D249100,0.38241
D181000,D250790,0.20962
D181000,D252320,0.16693
D181000,D254200,0.19866
D181000,D254400,0.13272
D181000,D254450,0.20639
D181000,D254500,0.23706
D181000,D254770,0.07719
D181000,D254800,0.15678
D181000,D255900,0.1687
D181000,D256370,0.011866
D181000,D256700,0.28432
D181000,D258360,0.2415
D181000,D259050,0.17379
D181000,D259500,0.1862
D181000,D259660,0.054751
D181000,D260480,0.22995
D181000,D260570,0.16075
D181000,D260970,0.066269
D181000,D261515,0.28229
D181000,D263300,0.16618
D181000,D263800,0.21296
D181000,D264120,0.1148
D181000,D266120,0.13625
D181000,D266600,0.37923
D181000,D267730,0.08712
D181000,D267740,0.20871
D181000,D268220,0.12633
D181000,D268320,0.18751
D181000,D270960,0.014391
D181000,D273300,0.11243
D181000,D273800,0.30691
D181000,D275000,0.32869
D181000,D276300,0.14228
D181000,D277350,0.22071
D181000,D277440,0.18958
D181000,D277460,0.21221
D181000,D278200,0.15136
D181000,D300125,0.19088
D181000,D300232,0.18872
D181000,D300491,0.14356
D181000,D300494,0.20556
D181000,D303110,0.16703
D181000,D304790,0.24284
D181000,D304900,0.077066
D181000,D305300,0.099685
D181000,D308205,0.21041
D181000,D308350,0.084116
D181000,D308600,0.090253
D181000,D310468,0.078632
D181000,D311360,0.13569
D181000,D312910,0.1143
D181000,D540000,0.22317
D181000,D600082,0.02344
D181000,D600131,0.08586
D181000,D600263,0.16361
D181000,D600351,0.15843
D181000,D600496,0.13761
D181000,D600634,0.019279
D181000,D600803,0.13306
D181000,D600807,0.29869
D181000,D601004,0.025077
D181000,D601042,0.15271
D181000,D601367,0.16999
D181000,D601518,0.042779
D181000,D601608,0.12746
D181000,D601626,0.10827
D181000,D601665,0.1761
D181000,D601682,0.17786
D181000,D602068,0.063374
D181000,D602080,0.22368
D181000,D602522,0.1886
D181000,D603165,0.20958
D181000,D604278,0.21104
D181000,D604416,0.15139
D181000,D604827,0.098711
D181000,D605021,0.085954
D181000,D605055,0.060105
D181000,D605839,0.050242
D181000,D606703,0.08264
D181000,D606798,0.20737
D181000,D606842,0.19611
D181000,D607225,0.11567
D181000,D607459,0.13173
D181000,D607498,0.17322
D181000,D607499,0.20076
D181000,D607501,0.17474
D181000,D607508,0.22239
D181000,D607516,0.19484
D181000,D607554,0.059939
D181000,D607628,0.078595
D181000,D607631,0.07574
D181000,D607681,0.086871
D181000,D607682,0.088081
D181000,D607685,0.33983
D181000,D607850,0.066706
D181000,D608033,0.11002
D181000,D608088,0.14497
D181000,D608105,0.18018
D181000,D608217,0.074075
D181000,D608320,0.069137
D181000,D608583,0.065878
D181000,D608622,0.12513
D181460,D181500,0.076353
D181460,D184700,0.035055
D181460,D187950,0.062233
D181460,D188030,0.028243
D181460,D188050,0.029904
D181460,D189800,0.10875
D181460,D191390,0.081744
D181460,D191800,0.080881
D181460,D192000,0.14664
D181460,D194070,0.050567
D181460,D200170,0.059378
D181460,D203700,0.065881
D181460,D205700,0.05098
D181460,D206200,0.064035
D181460,D208300,0.075251
D181460,D208920,0.077447
D181460,D210050,0.043239
D181460,D212050,0.087359
D181460,D212140,0.017666
D181460,D215140,0.035307
D181460,D218200,0.027522
D181460,D218800,0.020552
D181460,D223350,0.099142
D181460,D225740,0.080794
D181460,D226000,0.097249
D181460,D226150,0.039589
D181460,D227300,0.038477
D181460,D230450,0.037179
D181460,D230800,0.078854
D181460,D231090,0.17272
D181460,D231200,0.12495
D181460,D231900,0.045874
D181460,D236000,0.076735
D181460,D237500,0.023115
D181460,D240400,0.053618
D181460,D241100,0.056449
D181460,D241519,0.10242
D181460,D246300,0.11088
D181460,D246400,0.083151
D181460,D246470,0.085236
D181460,D247200,0.038245
D181460,D247640,0.08283
D181460,D249100,0.095515
D181460,D250790,0.028158
D181460,D254400,0.094906
D181460,D254450,0.12688
D181460,D254500,0.080623
D181460,D255900,0.074727
D181460,D256370,0.053419
D181460,D256700,0.056359
D181460,D258360,0.10968
D181460,D263300,0.030633
D181460,D263800,0.02053
D181460,D264120,0.07305
D181460,D266120,0.035921
D181460,D266600,0.10315
D181460,D267730,0.14478
D181460,D270960,0.099298
D181460,D273300,0.051081
D181460,D273800,0.085006
D181460,D275000,0.020713
D181460,D276300,0.017115
D181460,D277440,0.017245
D181460,D277460,0.023225
D181460,D304790,0.083742
D181460,D305300,0.063448
D181460,D308205,0.046335
D181460,D310468,0.029069
D181460,D311360,0.16898
D181460,D600082,0.10369
D181460,D600263,0.11135
D181460,D600351,0.070362
D181460,D600496,0.03049
D181460,D600807,0.040911
D181460,D601367,0.02199
D181460,D601518,0.093781
D181460,D601608,0.028631
D181460,D601626,0.090067
D181460,D602068,0.045308
D181460,D602080,0.04716
D181460,D602522,0.023304
D181460,D603165,0.050134
D181460,D604278,0.023463
D181460,D604416,0.067603
D181460,D607459,0.020466
D181460,D607685,0.099855
D181460,D608033,0.061293
D181500,D182000,0.020058
D181500,D182280,0.14875
D181500,D182830,0.23874
D181500,D184700,0.13365
D181500,D187950,0.16721
D181500,D188030,0.10103
D181500,D188050,0.20609
D181500,D188470,0.1201
D181500,D189600,0.16616
D181500,D189800,0.1598
D181500,D190300,0.26172
D181500,D190310,0.11931
D181500,D190400,0.037795
D181500,D191390,0.16625
D181500,D192200,0.026095
D181500,D194070,0.19196
D181500,D194200,0.15323
D181500,D200170,0.10171
D181500,D203700,0.25546
D181500,D206200,0.11281
D181500,D208085,0.075438
D181500,D208230,0.098754
D181500,D208300,0.12931
D181500,D208550,0.17521
D181500,D208700,0.23312
D181500,D208750,0.11174
D181500,D208920,0.35078
D181500,D210050,0.1465
D181500,D211980,0.087511
D181500,D212050,0.1136
D181500,D212112,0.087842
D181500,D212130,0.025718
D181500,D212140,0.2581
D181500,D212350,0.17926
D181500,D215140,0.16253
D181500,D215470,0.2744
D181500,D217150,0.064108
D181500,D217200,0.14946
D181500,D218200,0.09241
D181500,D218800,0.2554
D181500,D220120,0.25513
D181500,D223350,0.092996
D181500,D225740,0.22137
D181500,D225755,0.15582
D181500,D226000,0.1398
D181500,D226150,0.022046
D181500,D227300,0.1138
D181500,D230450,0.15031
D181500,D230800,0.21314
D181500,D231090,0.073464
D181500,D231200,0.15945
D181500,D231900,0.10427
D181500,D233810,0.20632
D181500,D236000,0.1627
D181500,D237450,0.067032
D181500,D237500,0.13351
D181500,D238800,0.12235
D181500,D239350,0.084217
D181500,D240400,0.17455
D181500,D241100,0.015613
D181500,D241519,0.25704
D181500,D243200,0.15567
D181500,D246300,0.18793
D181500,D246400,0.033994
D181500,D247200,0.24709
D181500,D247640,0.053446
D181500,D248190,0.01857
D181500,D249100,0.15877
D181500,D250790,0.28912
D181500,D252320,0.050615
D181500,D254200,0.1263
D181500,D254450,0.031646
D181500,D254500,0.18607
D181500,D254770,0.1598
D181500,D254800,0.27436
D181500,D255900,0.14627
D181500,D256370,0.014823
D181500,D256700,0.23829
D181500,D258360,0.28208
D181500,D259050,0.14891
D181500,D259500,0.17265
D181500,D259660,0.022765
D181500,D260480,0.11644
D181500,D260570,0.1311
D181500,D260970,0.1818
D181500,D261515,0.23926
D181500,D263300,0.14047
D181500,D263800,0.17547
D181500,D264120,0.19063
D181500,D266120,0.14529
D181500,D266600,0.23951
D181500,D267740,0.21147
D181500,D268220,0.1525
D181500,D268320,0.16987
D181500,D270960,0.053944
D181500,D273300,0.15804
D181500,D273800,0.21708
D181500,D275000,0.25021
D181500,D276300,0.12026
D181500,D277350,0.19859
D181500,D277440,0.20902
D181500,D277460,0.21449
D181500,D278200,0.073627
D181500,D300125,0.11786
D181500,D300232,0.21939
D181500,D300491,0.19615
D181500,D300494,0.26106
D181500,D303110,0.15754
D181500,D304790,0.19575
D181500,D304900,0.15085
D181500,D305300,0.073097
D181500,D308205,0.21386
D181500,D308350,0.273
D181500,D308600,0.054604
D181500,D310468,0.081818
D181500,D311360,0.34067
D181500,D312910,0.21911
D181500,D540000,0.30194
D181500,D600131,0.16097
D181500,D600263,0.17987
D181500,D600351,0.096701
D181500,D600496,0.12312
D181500,D600634,0.023011
D181500,D600803,0.10844
D181500,D600807,0.18842
D181500,D601042,0.19463
D181500,D601367,0.2305
D181500,D601608,0.1052
D181500,D601626,0.089226
D181500,D601665,0.15906
D181500,D601682,0.16332
D181500,D602080,0.17934
D181500,D602522,0.13223
D181500,D603165,0.15883
D181500,D604278,0.2858
D181500,D604416,0.076531
D181500,D604827,0.13133
D181500,D605021,0.15978
D181500,D605055,0.44096
D181500,D606703,0.24617
D181500,D606798,0.22531
D181500,D606842,0.14785
D181500,D607225,0.17289
D181500,D607459,0.21319
D181500,D607498,0.10382
D181500,D607499,0.090259
D181500,D607501,0.10726
D181500,D607508,0.16609
D181500,D607516,0.12044
D181500,D607554,0.099857
D181500,D607628,0.14595
D181500,D607631,0.16756
D181500,D607681,0.16222
D181500,D607682,0.16465
D181500,D607685,0.19686
D181500,D607850,0.089751
D181500,D608033,0.23823
D181500,D608088,0.14992
D181500,D608105,0.22732
D181500,D608217,0.23005
D181500,D608320,0.043367
D181500,D608583,0.082318
D181500,D608622,0.15715
D182000,D182280,0.14206
D182000,D184700,0.10224
D182000,D187950,0.03944
D182000,D188050,0.056831
D182000,D188470,0.14111
D182000,D189800,0.029361
D182000,D190300,0.043708
D182000,D191390,0.18608
D182000,D192200,0.26605
D182000,D194070,0.16261
D182000,D194200,0.025724
D182000,D200170,0.14499
D182000,D203700,0.031326
D182000,D208085,0.08553
D182000,D208230,0.081375
D182000,D208550,0.058892
D182000,D208700,0.060446
D182000,D208750,0.1062
D182000,D208920,0.063572
D182000,D211980,0.12212
D182000,D212050,0.16452
D182000,D212130,0.043786
D182000,D212140,0.069488
D182000,D212350,0.043072
D182000,D215140,0.16897
D182000,D215470,0.026203
D182000,D217150,0.10706
D182000,D218200,0.026119
D182000,D218800,0.081107
D182000,D220120,0.033886
D182000,D223350,0.062913
D182000,D225740,0.026762
D182000,D225755,0.1523
D182000,D226000,0.03247
D182000,D227300,0.037313
D182000,D230450,0.035414
D182000,D230800,0.12389
D182000,D231090,0.12381
D182000,D231200,0.073735
D182000,D233810,0.08716
D182000,D236000,0.097638
D182000,D237450,0.12001
D182000,D237500,0.15705
D182000,D238800,0.034545
D182000,D240400,0.025367
D182000,D241100,0.079641
D182000,D243200,0.032045
D182000,D246300,0.058933
D182000,D246400,0.17415
D182000,D246470,0.11383
D182000,D247200,0.12444
D182000,D247640,0.083939
D182000,D248190,0.063075
D182000,D249100,0.084734
D182000,D250790,0.058162
D182000,D252320,0.091212
D182000,D254200,0.11599
D182000,D254400,0.13315
D182000,D254450,0.052918
D182000,D254500,0.096
D182000,D254800,0.07103
D182000,D255900,0.11116
D182000,D256370,0.10092
D182000,D256700,0.1488
D182000,D258360,0.02757
D182000,D259050,0.1346
D182000,D259500,0.18421
D182000,D259660,0.15475
D182000,D260480,0.13489
D182000,D260570,0.034882
D182000,D261515,0.1074
D182000,D263800,0.099301
D182000,D266120,0.034057
D182000,D266600,0.11842
D182000,D267730,0.091747
D182000,D268220,0.13648
D182000,D268320,0.061535
D182000,D270960,0.09171
D182000,D273300,0.11683
D182000,D273800,0.062553
D182000,D275000,0.080218
D182000,D276300,0.24151
D182000,D277350,0.071637
D182000,D277440,0.15078
D182000,D277460,0.11273
D182000,D278200,0.12633
D182000,D300232,0.1105
D182000,D303110,0.029092
D182000,D304790,0.10093
D182000,D305300,0.030091
D182000,D308205,0.11589
D182000,D308350,0.02961
D182000,D308600,0.14805
D182000,D310468,0.083934
D182000,D311360,0.020271
D182000,D312910,0.023805
D182000,D540000,0.033977
D182000,D600263,0.10533
D182000,D600634,0.19787
D182000,D600807,0.019506
D182000,D601042,0.020027
D182000,D601367,0.062743
D182000,D601518,0.04608
D182000,D601608,0.027191
D182000,D601626,0.056981
D182000,D601665,0.1602
D182000,D602068,0.18012
D182000,D602080,0.10581
D182000,D603165,0.15938
D182000,D604278,0.04424
D182000,D604416,0.13389
D182000,D605839,0.20314
D182000,D606842,0.024882
D182000,D607225,0.022072
D182000,D607459,0.019048
D182000,D607554,0.042391
D182000,D607685,0.083678
D182000,D607850,0.035073
D182000,D608033,0.020495
D182000,D608088,0.025414
D182000,D608105,0.031024
D182000,D608217,0.075967
D182000,D608320,0.024209
D182280,D184700,0.14675
D182280,D187950,0.16297
D182280,D188030,0.13099
D182280,D188050,0.055556
D182280,D188470,0.225
D182280,D189800,0.097567
D182280,D190300,0.014148
D182280,D191390,0.17282
D182280,D194070,0.23556
D182280,D200170,0.038519
D182280,D203700,0.040606
D182280,D206200,0.12237
D182280,D208085,0.028111
D182280,D208230,0.06518
D182280,D208300,0.02306
D182280,D208550,0.154
D182280,D208750,0.036584
D182280,D208920,0.17552
D182280,D210050,0.067018
D182280,D211980,0.59341
D182280,D212050,0.044501
D182280,D212112,0.023322
D182280,D212140,0.17251
D182280,D212350,0.013942
D182280,D215140,0.19249
D182280,D215470,0.12617
D182280,D218200,0.016971
D182280,D218800,0.14337
D182280,D220120,0.071051
D182280,D223350,0.25547
D182280,D225755,0.019871
D182280,D226000,0.021025
D182280,D227300,0.1269
D182280,D230450,0.069284
D182280,D230800,0.25778
D182280,D231090,0.14788
D182280,D231200,0.14009
D182280,D231900,0.085334
D182280,D233810,0.054565
D182280,D236000,0.21497
D182280,D237450,0.076284
D182280,D237500,0.2207
D182280,D238800,0.02242
D182280,D239350,0.018517
D182280,D240400,0.093227
D182280,D241100,0.017213
D182280,D241519,0.079287
D182280,D243200,0.062479
D182280,D246300,0.22248
D182280,D246400,0.18037
D182280,D246470,0.16167
D182280,D247200,0.14911
D182280,D247640,0.21789
D182280,D249100,0.19225
D182280,D250790,0.18491
D182280,D252320,0.039301
D182280,D254200,0.14019
D182280,D254400,0.13426
D182280,D254450,0.10676
D182280,D254500,0.21856
D182280,D254800,0.067901
D182280,D255900,0.054059
D182280,D256370,0.070721
D182280,D256700,0.30985
D182280,D258360,0.13977
D182280,D259050,0.044653
D182280,D259500,0.3008
D182280,D260480,0.090135
D182280,D260570,0.16729
D182280,D260970,0.022224
D182280,D261515,0.15891
D182280,D263300,0.17164
D182280,D263800,0.12906
D182280,D264120,0.13084
D182280,D266120,0.11127
D182280,D266600,0.24366
D182280,D267730,0.069221
D182280,D268220,0.1618
D182280,D268320,0.039773
D182280,D270960,0.085611
D182280,D273300,0.23155
D182280,D273800,0.15852
D182280,D275000,0.19281
D182280,D276300,0.22705
D182280,D277350,0.16056
D182280,D277440,0.15746
D182280,D277460,0.10344
D182280,D278200,0.028385
D182280,D300232,0.036849
D182280,D304790,0.15409
D182280,D304900,0.017501
D182280,D308205,0.038046
D182280,D308350,0.099192
D182280,D308600,0.063868
D182280,D310468,0.01783
D182280,D311360,0.14262
D182280,D312910,0.030963
D182280,D540000,0.06775
D182280,D600263,0.21577
D182280,D600351,0.17704
D182280,D600496,0.115
D182280,D600634,0.23816
D182280,D600803,0.11436
D182280,D600807,0.24672
D182280,D601367,0.11419
D182280,D601518,0.068523
D182280,D601626,0.22319
D182280,D601665,0.12569
D182280,D602068,0.11549
D182280,D602080,0.14131
D182280,D602522,0.11819
D182280,D603165,0.16679
D182280,D604278,0.043936
D182280,D604416,0.052454
D182280,D605055,0.020326
D182280,D605839,0.18035
D182280,D606842,0.067733
D182280,D607508,0.060683
D182280,D607516,0.039119
D182280,D607685,0.17666
D182280,D607850,0.022739
D182280,D608033,0.013271
D182280,D608088,0.032908
D182280,D608217,0.025779
D182280,D608320,0.015682
D182280,D608622,0.088974
D182830,D184700,0.019013
D182830,D187950,0.06771
D182830,D188050,0.09762
D182830,D189600,0.16012
D182830,D190300,0.15083
D182830,D190310,0.13547
D182830,D190400,0.14763
D182830,D191390,0.15058
D182830,D194070,0.05464
D182830,D194200,0.11785
D182830,D200170,0.063713
D182830,D203700,0.22879
D182830,D208230,0.045779
D182830,D208300,0.21121
D182830,D208550,0.10159
D182830,D208700,0.22911
D182830,D208750,0.1108
D182830,D208920,0.14109
D182830,D210050,0.1067
D182830,D212050,0.14304
D182830,D212112,0.12346
D182830,D212130,0.049955
D182830,D212140,0.076508
D182830,D212350,0.2512
D182830,D215140,0.040827
D182830,D215470,0.28592
D182830,D217150,0.092146
D182830,D217200,0.24394
D182830,D218200,0.22159
D182830,D218800,0.08983
D182830,D220120,0.15532
D182830,D225740,0.22198
D182830,D225755,0.10435
D182830,D226000,0.14884
D182830,D230450,0.082502
D182830,D230800,0.11125
D182830,D231200,0.081584
D182830,D233810,0.072857
D182830,D238800,0.039505
D182830,D239350,0.13096
D182830,D243200,0.22238
D182830,D247200,0.178
D182830,D247640,0.029915
D182830,D248190,0.036018
D182830,D249100,0.04767
D182830,D250790,0.062289
D182830,D252320,0.065506
D182830,D254200,0.13353
D182830,D254500,0.043762
D182830,D254770,0.18344
D182830,D254800,0.12147
D182830,D255900,0.12155
D182830,D256700,0.13822
D182830,D258360,0.2174
D182830,D259050,0.14175
D182830,D259500,0.029732
D182830,D260480,0.13502
D182830,D260970,0.078468
D182830,D261515,0.14225
D182830,D263800,0.08906
D182830,D264120,0.078556
D182830,D266600,0.085886
D182830,D267740,0.46284
D182830,D268220,0.1503
D182830,D268320,0.25019
D182830,D273300,0.087693
D182830,D273800,0.13895
D182830,D275000,0.16048
D182830,D276300,0.055957
D182830,D277350,0.19573
D182830,D277440,0.07481
D182830,D277460,0.1014
D182830,D278200,0.14333
D182830,D300125,0.18905
D182830,D300232,0.17537
D182830,D300491,0.26385
D182830,D300494,0.34157
D182830,D303110,0.24041
D182830,D304790,0.036281
D182830,D304900,0.092848
D182830,D305300,0.034383
D182830,D308205,0.18412
D182830,D308350,0.13638
D182830,D311360,0.21292
D182830,D312910,0.25369
D182830,D540000,0.25362
D182830,D600131,0.20726
D182830,D600496,0.07029
D182830,D600807,0.044634
D182830,D601042,0.28801
D182830,D601367,0.14368
D182830,D601608,0.16946
D182830,D601665,0.090306
D182830,D601682,0.30817
D182830,D602080,0.14006
D182830,D602522,0.15542
D182830,D603165,0.10953
D182830,D604278,0.23326
D182830,D604827,0.11306
D182830,D605021,0.2019
D182830,D605055,0.21792
D182830,D606703,0.14731
D182830,D606798,0.28722
D182830,D606842,0.085828
D182830,D607225,0.26839
D182830,D607459,0.18231
D182830,D607498,0.16536
D182830,D607501,0.17146
D182830,D607508,0.17683
D182830,D607516,0.23277
D182830,D607554,0.1457
D182830,D607628,0.18438
D182830,D607631,0.22959
D182830,D607681,0.20709
D182830,D607682,0.21066
D182830,D607685,0.022747
D182830,D608033,0.11888
D182830,D608088,0.058145
D182830,D608105,0.36388
D182830,D608217,0.17395
D182830,D608583,0.16013
D182830,D608622,0.14603
D184700,D187950,0.17987
D184700,D188030,0.098212
D184700,D188050,0.12528
D184700,D188470,0.1855
D184700,D189600,0.050475
D184700,D189800,0.17752
D184700,D190300,0.096334
D184700,D190310,0.019253
D184700,D190400,0.031324
D184700,D191390,0.11112
D184700,D191800,0.037524
D184700,D192000,0.10316
D184700,D192200,0.086587
D184700,D194070,0.18958
D184700,D194200,0.10088
D184700,D200170,0.32534
D184700,D203700,0.11988
D184700,D206200,0.09308
D184700,D208085,0.086908
D184700,D208230,0.093229
D184700,D208300,0.03536
D184700,D208550,0.10093
D184700,D208700,0.043638
D184700,D208750,0.098482
D184700,D208920,0.18445
D184700,D210050,0.11772
D184700,D211980,0.11807
D184700,D212050,0.095205
D184700,D212110,0.056741
D184700,D212112,0.088332
D184700,D212130,0.064082
D184700,D212140,0.22772
D184700,D212350,0.063361
D184700,D215140,0.11657
D184700,D215470,0.14667
D184700,D217150,0.026926
D184700,D217200,0.016314
D184700,D218200,0.11729
D184700,D218800,0.21893
D184700,D220120,0.16922
D184700,D223350,0.04588
D184700,D225740,0.094294
D184700,D225755,0.029815
D184700,D226000,0.095436
D184700,D227300,0.095678
D184700,D230450,0.12689
D184700,D230800,0.21159
D184700,D231090,0.091041
D184700,D231200,0.15234
D184700,D231900,0.085866
D184700,D233810,0.15406
D184700,D236000,0.071688
D184700,D237450,0.095344
D184700,D237500,0.17319
D184700,D238800,0.10256
D184700,D239350,0.055824
D184700,D240400,0.2395
D184700,D241100,0.17193
D184700,D241519,0.19083
D184700,D243200,0.14113
D184700,D246300,0.070109
D184700,D246400,0.12363
D184700,D246470,0.10558
D184700,D247200,0.19348
D184700,D247640,0.040983
D184700,D248190,0.076848
D184700,D249100,0.21503
D184700,D250790,0.15807
D184700,D252320,0.08619
D184700,D254200,0.19975
D184700,D254400,0.09369
D184700,D254450,0.038835
D184700,D254500,0.14067
D184700,D254770,0.079613
D184700,D254800,0.12897
D184700,D255900,0.1061
D184700,D256370,0.19991
D184700,D256700,0.2301
D184700,D258360,0.078139
D184700,D259050,0.10194
D184700,D259500,0.064831
D184700,D260480,0.12352
D184700,D260570,0.034594
D184700,D260970,0.092619
D184700,D261515,0.22381
D184700,D263300,0.10177
D184700,D263800,0.21502
D184700,D264120,0.30803
D184700,D266120,0.067703
D184700,D266600,0.21623
D184700,D267730,0.022376
D184700,D267740,0.020498
D184700,D268220,0.035653
D184700,D268320,0.059233
D184700,D270960,0.1403
D184700,D273300,0.24582
D184700,D273800,0.19896
D184700,D275000,0.19498
D184700,D276300,0.14784
D184700,D277350,0.1699
D184700,D277440,0.26808
D184700,D277460,0.22518
D184700,D278200,0.15717
D184700,D300125,0.081129
D184700,D300232,0.1243
D184700,D300491,0.070275
D184700,D300494,0.072582
D184700,D303110,0.099215
D184700,D304790,0.20834
D184700,D304900,0.15338
D184700,D305300,0.073566
D184700,D308205,0.17326
D184700,D308350,0.087596
D184700,D308600,0.094454
D184700,D310468,0.067065
D184700,D311360,0.28028
D184700,D312910,0.058698
D184700,D540000,0.13669
D184700,D600082,0.048092
D184700,D600131,0.06657
D184700,D600263,0.10714
D184700,D600351,0.080808
D184700,D600496,0.3193
D184700,D600634,0.058117
D184700,D600803,0.12868
D184700,D600807,0.11953
D184700,D601042,0.062126
D184700,D601367,0.21021
D184700,D601518,0.13122
D184700,D601608,0.070598
D184700,D601626,0.070015
D184700,D601665,0.2803
D184700,D602068,0.087407
D184700,D602080,0.12503
D184700,D602522,0.1421
D184700,D603165,0.12424
D184700,D604278,0.10973
D184700,D604416,0.14277
D184700,D604827,0.051346
D184700,D605021,0.067219
D184700,D605055,0.10871
D184700,D605839,0.12988
D184700,D606703,0.085622
D184700,D606798,0.059868
D184700,D606842,0.11006
D184700,D607225,0.043313
D184700,D607459,0.087632
D184700,D607498,0.071517
D184700,D607499,0.09883
D184700,D607501,0.073532
D184700,D607508,0.12196
D184700,D607516,0.07087
D184700,D607554,0.082765
D184700,D607628,0.10639
D184700,D607631,0.058761
D184700,D607681,0.067621
D184700,D607682,0.068493
D184700,D607685,0.18119
D184700,D607850,0.034666
D184700,D608033,0.093008
D184700,D608088,0.099814
D184700,D608105,0.062485
D184700,D608217,0.05791
D184700,D608320,0.29149
D184700,D608583,0.090965
D184700,D608622,0.24496
D187950,D188030,0.29763
D187950,D188050,0.30674
D187950,D188470,0.15876
D187950,D189600,0.079858
D187950,D189800,0.10534
D187950,D190300,0.12655
D187950,D190310,0.045655
D187950,D190400,0.037118
D187950,D191390,0.16034
D187950,D192200,0.076984
D187950,D194070,0.12271
D187950,D194200,0.15084
D187950,D200170,0.032395
D187950,D203700,0.091298
D187950,D205700,0.1419
D187950,D206200,0.25032
D187950,D208085,0.011779
D187950,D208230,0.13192
D187950,D208300,0.085624
D187950,D208550,0.1377
D187950,D208700,0.051777
D187950,D208750,0.07102
D187950,D208920,0.1919
D187950,D210050,0.08089
D187950,D211980,0.10365
D187950,D212050,0.0361
D187950,D212110,0.067242
D187950,D212112,0.062522
D187950,D212130,0.07594
D187950,D212140,0.18318
D187950,D212350,0.074724
D187950,D215140,0.15693
D187950,D215470,0.10661
D187950,D217150,0.016469
D187950,D217200,0.057993
D187950,D218200,0.12098
D187950,D218800,0.15154
D187950,D220120,0.14502
D187950,D223350,0.30496
D187950,D225740,0.046403
D187950,D225755,0.017576
D187950,D226000,0.09417
D187950,D226150,0.028645
D187950,D227300,0.15171
D187950,D230450,0.16534
D187950,D230800,0.36108
D187950,D231090,0.053717
D187950,D231200,0.23663
D187950,D231900,0.17827
D187950,D233810,0.086485
D187950,D236000,0.28756
D187950,D237450,0.022035
D187950,D237500,0.16704
D187950,D238800,0.040002
D187950,D239350,0.04956
D187950,D240400,0.1188
D187950,D241519,0.10523
D187950,D243200,0.074175
D187950,D246300,0.11562
D187950,D246400,0.192
D187950,D246470,0.14203
D187950,D247200,0.14416
D187950,D247640,0.22873
D187950,D248190,0.041142
D187950,D249100,0.28821
D187950,D250790,0.22116
D187950,D252320,0.04974
D187950,D254200,0.15138
D187950,D254400,0.23911
D187950,D254450,0.30862
D187950,D254500,0.24713
D187950,D254770,0.092587
D187950,D254800,0.090959
D187950,D255900,0.031128
D187950,D256370,0.029173
D187950,D256700,0.15814
D187950,D258360,0.15693
D187950,D259050,0.052793
D187950,D259500,0.12225
D187950,D260480,0.1151
D187950,D260570,0.1286
D187950,D260970,0.039688
D187950,D261515,0.13126
D187950,D263300,0.32952
D187950,D263800,0.12671
D187950,D264120,0.080351
D187950,D266120,0.18246
D187950,D266600,0.20517
D187950,D267730,0.21337
D187950,D267740,0.072873
D187950,D268220,0.12063
D187950,D268320,0.01728
D187950,D270960,0.035315
D187950,D273300,0.12994
D187950,D273800,0.36721
D187950,D275000,0.13702
D187950,D276300,0.12776
D187950,D277350,0.057261
D187950,D277440,0.11692
D187950,D277460,0.14308
D187950,D300125,0.13514
D187950,D300232,0.077099
D187950,D300491,0.075346
D187950,D303110,0.016823
D187950,D304790,0.22947
D187950,D304900,0.046862
D187950,D305300,0.12214
D187950,D308205,0.073389
D187950,D308350,0.068849
D187950,D310468,0.015928
D187950,D311360,0.13266
D187950,D312910,0.041347
D187950,D540000,0.14026
D187950,D600131,0.078482
D187950,D600263,0.10858
D187950,D600351,0.15731
D187950,D600496,0.084687
D187950,D600634,0.04631
D187950,D600803,0.12453
D187950,D600807,0.2118
D187950,D601042,0.088175
D187950,D601367,0.25979
D187950,D601518,0.026647
D187950,D601608,0.21634
D187950,D601626,0.36987
D187950,D601665,0.076127
D187950,D602080,0.13627
D187950,D602522,0.051542
D187950,D603165,0.12148
D187950,D604278,0.09057
D187950,D604416,0.045231
D187950,D604827,0.057064
D187950,D605021,0.076452
D187950,D605055,0.073527
D187950,D605839,0.040938
D187950,D606703,0.075024
D187950,D606798,0.03511
D187950,D606842,0.057551
D187950,D607225,0.03863
D187950,D607459,0.033108
D187950,D607498,0.11932
D187950,D607501,0.12258
D187950,D607508,0.18056
D187950,D607516,0.11811
D187950,D607554,0.17171
D187950,D607628,0.069763
D187950,D607631,0.069084
D187950,D607681,0.078416
D187950,D607682,0.079768
D187950,D607685,0.42771
D187950,D607850,0.040806
D187950,D608033,0.066921
D187950,D608088,0.089182
D187950,D608105,0.072757
D187950,D608217,0.089728
D187950,D608320,0.16573
D187950,D608583,0.18874
D187950,D608622,0.33225
D188030,D188050,0.23001
D188030,D188470,0.077113
D188030,D189800,0.20074
D188030,D190300,0.034426
D188030,D191390,0.10305
D188030,D192200,0.069898
D188030,D194070,0.0634
D188030,D194200,0.040527
D188030,D203700,0.062081
D188030,D205700,0.15348
D188030,D206200,0.24621
D188030,D208085,0.033051
D188030,D208230,0.080017
D188030,D208300,0.028139
D188030,D208550,0.14067
D188030,D208750,0.018857
D188030,D208920,0.14671
D188030,D210050,0.036795
D188030,D211980,0.096382
D188030,D212110,0.045717
D188030,D212112,0.028343
D188030,D212130,0.034417
D188030,D212140,0.12687
D188030,D212350,0.016954
D188030,D215140,0.092571
D188030,D215470,0.11663
D188030,D218200,0.082493
D188030,D218800,0.17823
D188030,D220120,0.087024
D188030,D223350,0.17361
D188030,D225740,0.021024
D188030,D226000,0.025608
D188030,D227300,0.36517
D188030,D230450,0.14144
D188030,D230800,0.24217
D188030,D231200,0.38017
D188030,D231900,0.17432
D188030,D236000,0.23622
D188030,D237450,0.060748
D188030,D237500,0.15795
D188030,D240400,0.24182
D188030,D241519,0.097138
D188030,D243200,0.081086
D188030,D246300,0.090003
D188030,D246400,0.16813
D188030,D246470,0.042589
D188030,D247200,0.10917
D188030,D247640,0.15698
D188030,D249100,0.19035
D188030,D250790,0.1071
D188030,D252320,0.045144
D188030,D254200,0.091909
D188030,D254400,0.16562
D188030,D254450,0.21595
D188030,D254500,0.23209
D188030,D254800,0.027397
D188030,D256700,0.096615
D188030,D258360,0.12531
D188030,D259500,0.083028
D188030,D260480,0.10563
D188030,D260570,0.16768
D188030,D261515,0.079658
D188030,D263300,0.18488
D188030,D263800,0.11413
D188030,D264120,0.17159
D188030,D266120,0.16357
D188030,D266600,0.19616
D188030,D267730,0.072551
D188030,D268220,0.050221
D188030,D273300,0.048761
D188030,D273800,0.3924
D188030,D275000,0.14634
D188030,D276300,0.038791
D188030,D277350,0.15
D188030,D277440,0.039016
D188030,D277460,0.14796
D188030,D300125,0.052012
D188030,D304790,0.22178
D188030,D305300,0.071131
D188030,D308600,0.037731
D188030,D310468,0.021724
D188030,D311360,0.080506
D188030,D540000,0.09696
D188030,D600263,0.063675
D188030,D600351,0.12386
D188030,D600496,0.16956
D188030,D600803,0.08366
D188030,D600807,0.18464
D188030,D601367,0.19116
D188030,D601608,0.36421
D188030,D601626,0.18056
D188030,D601665,0.020913
D188030,D602080,0.041012
D188030,D602522,0.094967
D188030,D603165,0.12239
D188030,D604278,0.053813
D188030,D604827,0.047394
D188030,D606842,0.019585
D188030,D607498,0.045463
D188030,D607501,0.046879
D188030,D607508,0.12296
D188030,D607516,0.04534
D188030,D607554,0.066776
D188030,D607685,0.27345
D188030,D608033,0.041262
D188030,D608088,0.040223
D188030,D608320,0.076835
D188030,D608583,0.073392
D188030,D608622,0.17644
D188050,D188470,0.10821
D188050,D189600,0.11524
D188050,D189800,0.17703
D188050,D190300,0.16509
D188050,D190310,0.065822
D188050,D190400,0.053515
D188050,D191390,0.13852
D188050,D192200,0.18496
D188050,D194070,0.12026
D188050,D194200,0.23792
D188050,D200170,0.1663
D188050,D203700,0.07842
D188050,D205700,0.081042
D188050,D206200,0.20856
D188050,D208085,0.068944
D188050,D208230,0.15532
D188050,D208300,0.090574
D188050,D208550,0.14787
D188050,D208700,0.14916
D188050,D208750,0.059805
D188050,D208920,0.223
D188050,D210050,0.097211
D188050,D211980,0.10093
D188050,D212050,0.078034
D188050,D212110,0.048401
D188050,D212112,0.059994
D188050,D212130,0.072852
D188050,D212140,0.16967
D188050,D212350,0.18057
D188050,D215140,0.14328
D188050,D215470,0.13157
D188050,D217150,0.045881
D188050,D217200,0.083612
D188050,D218200,0.1963
D188050,D218800,0.29897
D188050,D220120,0.34468
D188050,D223350,0.13069
D188050,D225740,0.044503
D188050,D225755,0.050682
D188050,D226000,0.1354
D188050,D227300,0.24802
D188050,D230450,0.17802
D188050,D230800,0.21797
D188050,D231200,0.18334
D188050,D231900,0.25586
D188050,D233810,0.12311
D188050,D236000,0.24921
D188050,D237450,0.12813
D188050,D237500,0.1665
D188050,D238800,0.086443
D188050,D239350,0.11912
D188050,D240400,0.21848
D188050,D241100,0.044223
D188050,D241519,0.13432
D188050,D243200,0.10693
D188050,D246300,0.070791
D188050,D246400,0.063532
D188050,D246470,0.02247
D188050,D247200,0.14536
D188050,D247640,0.043637
D188050,D248190,0.078737
D188050,D249100,0.16225
D188050,D250790,0.13473
D188050,D252320,0.07173
D188050,D254200,0.13607
D188050,D254400,0.099952
D188050,D254450,0.066384
D188050,D254500,0.22849
D188050,D254770,0.13349
D188050,D254800,0.17531
D188050,D255900,0.13478
D188050,D256370,0.02099
D188050,D256700,0.14408
D188050,D258360,0.13164
D188050,D259050,0.089484
D188050,D259500,0.1531
D188050,D259660,0.032235
D188050,D260480,0.094518
D188050,D260570,0.11754
D188050,D260970,0.028598
D188050,D261515,0.16457
D188050,D263300,0.26561
D188050,D263800,0.17904
D188050,D264120,0.11586
D188050,D266120,0.1717
D188050,D266600,0.23713
D188050,D267730,0.038279
D188050,D267740,0.10506
D188050,D268220,0.052973
D188050,D268320,0.049829
D188050,D270960,0.025456
D188050,D273300,0.10247
D188050,D273800,0.24078
D188050,D275000,0.18514
D188050,D276300,0.10866
D188050,D277350,0.082361
D188050,D277440,0.17878
D188050,D277460,0.27753
D188050,D278200,0.034072
D188050,D300125,0.1377
D188050,D300232,0.11003
D188050,D300491,0.10863
D188050,D303110,0.072871
D188050,D304790,0.14571
D188050,D304900,0.11271
D188050,D305300,0.1779
D188050,D308205,0.088066
D188050,D308350,0.099261
D188050,D308600,0.1159
D188050,D310468,0.092422
D188050,D311360,0.22099
D188050,D312910,0.17983
D188050,D540000,0.20183
D188050,D600131,0.11315
D188050,D600263,0.11256
D188050,D600351,0.074865
D188050,D600496,0.096662
D188050,D600634,0.032585
D188050,D600803,0.058639
D188050,D600807,0.16778
D188050,D601042,0.067594
D188050,D601367,0.40754
D188050,D601608,0.1579
D188050,D601626,0.14952
D188050,D601665,0.13168
D188050,D602068,0.035747
D188050,D602080,0.072039
D188050,D602522,0.092555
D188050,D603165,0.11322
D188050,D604278,0.26227
D188050,D604416,0.10704
D188050,D604827,0.17311
D188050,D605021,0.11022
D188050,D605055,0.079829
D188050,D606703,0.14615
D188050,D606798,0.050619
D188050,D606842,0.041466
D188050,D607225,0.075361
D188050,D607459,0.095547
D188050,D607498,0.12044
D188050,D607501,0.12414
D188050,D607508,0.18109
D188050,D607516,0.12008
D188050,D607554,0.21212
D188050,D607628,0.10058
D188050,D607631,0.099601
D188050,D607681,0.11306
D188050,D607682,0.115
D188050,D607685,0.23678
D188050,D607850,0.096493
D188050,D608033,0.15493
D188050,D608088,0.063641
D188050,D608105,0.10471
D188050,D608217,0.12656
D188050,D608320,0.12288
D188050,D608583,0.19429
D188050,D608622,0.25658
D188470,D189600,0.065737
D188470,D189800,0.083867
D188470,D190300,0.064244
D188470,D191390,0.12886
D188470,D194070,0.22286
D188470,D194200,0.075375
D188470,D200170,0.10646
D188470,D203700,0.017531
D188470,D206200,0.17941
D188470,D208085,0.026747
D188470,D208230,0.096198
D188470,D208300,0.11184
D188470,D208550,0.14285
D188470,D208920,0.081982
D188470,D210050,0.028483
D188470,D211980,0.26687
D188470,D212112,0.034142
D188470,D212140,0.10926
D188470,D212350,0.024217
D188470,D215140,0.13315
D188470,D215470,0.10013
D188470,D217150,0.026789
D188470,D217200,0.052289
D188470,D218200,0.024844
D188470,D218800,0.10588
D188470,D220120,0.14663
D188470,D223350,0.12148
D188470,D225755,0.02909
D188470,D226000,0.030779
D188470,D227300,0.10454
D188470,D230450,0.067332
D188470,D230800,0.094757
D188470,D231090,0.12809
D188470,D231200,0.044888
D188470,D231900,0.083064
D188470,D233810,0.065647
D188470,D236000,0.19343
D188470,D237450,0.036118
D188470,D237500,0.19973
D188470,D238800,0.16561
D188470,D239350,0.027108
D188470,D240400,0.10124
D188470,D241100,0.075801
D188470,D241519,0.18044
D188470,D243200,0.030394
D188470,D246300,0.053595
D188470,D246400,0.055778
D188470,D246470,0.17405
D188470,D247200,0.1005
D188470,D247640,0.13226
D188470,D249100,0.10848
D188470,D250790,0.05088
D188470,D254200,0.33015
D188470,D254400,0.088206
D188470,D254450,0.077723
D188470,D254500,0.092917
D188470,D254800,0.055077
D188470,D255900,0.2021
D188470,D256370,0.12186
D188470,D256700,0.21706
D188470,D258360,0.049811
D188470,D259050,0.033049
D188470,D259500,0.20224
D188470,D260480,0.035795
D188470,D260570,0.066501
D188470,D261515,0.1323
D188470,D263300,0.055412
D188470,D263800,0.11507
D188470,D264120,0.16479
D188470,D266120,0.097418
D188470,D266600,0.11254
D188470,D267730,0.091082
D188470,D268220,0.10296
D188470,D270960,0.11865
D188470,D273300,0.26784
D188470,D273800,0.057773
D188470,D275000,0.18621
D188470,D276300,0.1601
D188470,D277350,0.093874
D188470,D277440,0.19217
D188470,D277460,0.091433
D188470,D300232,0.035058
D188470,D304790,0.18073
D188470,D304900,0.02562
D188470,D305300,0.057318
D188470,D308205,0.017173
D188470,D308350,0.031409
D188470,D310468,0.026108
D188470,D311360,0.20029
D188470,D312910,0.022627
D188470,D540000,0.069036
D188470,D600263,0.29073
D188470,D600351,0.091933
D188470,D600496,0.19797
D188470,D600634,0.28172
D188470,D600803,0.13954
D188470,D600807,0.15601
D188470,D601042,0.062664
D188470,D601367,0.18399
D188470,D601518,0.089992
D188470,D601608,0.026605
D188470,D601626,0.13786
D188470,D601665,0.10205
D188470,D602080,0.14229
D188470,D602522,0.084501
D188470,D603165,0.12975
D188470,D604278,0.10662
D188470,D604416,0.073236
D188470,D605839,0.16826
D188470,D606703,0.084658
D188470,D607225,0.069269
D188470,D607508,0.088961
D188470,D607685,0.079504
D188470,D607850,0.066996
D188470,D608088,0.024162
D188470,D608105,0.030805
D188470,D608320,0.05141
D188470,D608622,0.13046
D189600,D190300,0.34846
D189600,D190310,0.20154
D189600,D190400,0.064814
D189600,D191390,0.11316
D189600,D194070,0.11636
D189600,D194200,0.15635
D189600,D200170,0.1133
D189600,D203700,0.16482
D189600,D208085,0.042116
D189600,D208230,0.19781
D189600,D208300,0.11222
D189600,D208550,0.12143
D189600,D208700,0.12139
D189600,D208750,0.12465
D189600,D208920,0.10421
D189600,D210050,0.07057
D189600,D212050,0.096651
D189600,D212112,0.072652
D189600,D212130,0.14367
D189600,D212140,0.13218
D189600,D212350,0.13902
D189600,D215140,0.17186
D189600,D215470,0.20375
D189600,D217150,0.13879
D189600,D217200,0.1366
D189600,D218200,0.079197
D189600,D218800,0.059464
D189600,D220120,0.10272
D189600,D225740,0.14456
D189600,D225755,0.093189
D189600,D226000,0.098438
D189600,D230450,0.15175
D189600,D230800,0.1444
D189600,D231200,0.055407
D189600,D233810,0.13451
D189600,D236000,0.049354
D189600,D238800,0.11086
D189600,D239350,0.08662
D189600,D240400,0.078864
D189600,D241100,0.08083
D189600,D243200,0.06472
D189600,D246400,0.058491
D189600,D246470,0.02739
D189600,D247200,0.15658
D189600,D248190,0.031884
D189600,D249100,0.11583
D189600,D250790,0.054988
D189600,D252320,0.12557
D189600,D254200,0.12002
D189600,D254450,0.066569
D189600,D254500,0.019315
D189600,D254770,0.10771
D189600,D254800,0.16091
D189600,D255900,0.19425
D189600,D256700,0.15166
D189600,D258360,0.082766
D189600,D259050,0.21602
D189600,D259500,0.13272
D189600,D259660,0.12819
D189600,D260480,0.058303
D189600,D260970,0.10591
D189600,D261515,0.14105
D189600,D263800,0.12043
D189600,D264120,0.069348
D189600,D266600,0.10472
D189600,D267740,0.17304
D189600,D268220,0.034236
D189600,D268320,0.13504
D189600,D273300,0.077591
D189600,D273800,0.087897
D189600,D275000,0.12701
D189600,D276300,0.11577
D189600,D277350,0.035308
D189600,D277440,0.20045
D189600,D277460,0.11222
D189600,D278200,0.044832
D189600,D300125,0.10003
D189600,D300232,0.27392
D189600,D300491,0.26585
D189600,D300494,0.060786
D189600,D303110,0.090297
D189600,D304790,0.048895
D189600,D304900,0.054553
D189600,D305300,0.15556
D189600,D308205,0.10818
D189600,D308350,0.090341
D189600,D311360,0.12454
D189600,D312910,0.12309
D189600,D540000,0.17695
D189600,D600131,0.13703
D189600,D600263,0.053557
D189600,D600803,0.035549
D189600,D600807,0.060464
D189600,D601042,0.30168
D189600,D601367,0.10588
D189600,D601608,0.083316
D189600,D601665,0.053052
D189600,D601682,0.055634
D189600,D602080,0.18999
D189600,D602522,0.18591
D189600,D603165,0.062722
D189600,D604278,0.16598
D189600,D604416,0.13564
D189600,D604827,0.066245
D189600,D605021,0.13336
D189600,D605055,0.095298
D189600,D606703,0.32719
D189600,D606798,0.46687
D189600,D606842,0.25366
D189600,D607225,0.13766
D189600,D607459,0.12812
D189600,D607498,0.087447
D189600,D607501,0.091091
D189600,D607508,0.093544
D189600,D607516,0.11892
D189600,D607554,0.085606
D189600,D607628,0.12194
D189600,D607631,0.16154
D189600,D607681,0.13687
D189600,D607682,0.13924
D189600,D607685,0.082939
D189600,D607850,0.14337
D189600,D608033,0.10928
D189600,D608088,0.10291
D189600,D608105,0.32876
D189600,D608217,0.11504
D189600,D608320,0.024654
D189600,D608583,0.094087
D189600,D608622,0.085798
D189800,D190300,0.075498
D189800,D191390,0.047784
D189800,D192200,0.11496
D189800,D194070,0.1657
D189800,D194200,0.066679
D189800,D203700,0.17001
D189800,D206200,0.163
D189800,D208085,0.095761
D189800,D208230,0.034587
D189800,D208550,0.050845
D189800,D208700,0.025661
D189800,D208750,0.020647
D189800,D208920,0.14293
D189800,D210050,0.085836
D189800,D211980,0.12481
D189800,D212050,0.083466
D189800,D212110,0.050056
D189800,D212112,0.031033
D189800,D212130,0.037684
D189800,D212140,0.15397
D189800,D212350,0.03711
D189800,D215140,0.13887
D189800,D215470,0.14123
D189800,D217150,0.046174
D189800,D218200,0.045174
D189800,D218800,0.14661
D189800,D220120,0.19744
D189800,D223350,0.053637
D189800,D225740,0.074852
D189800,D225755,0.026197
D189800,D226000,0.14649
D189800,D226150,0.032119
D189800,D227300,0.23584
D189800,D230450,0.12711
D189800,D230800,0.15533
D189800,D231090,0.13625
D189800,D231200,0.1026
D189800,D231900,0.075438
D189800,D236000,0.12721
D189800,D237450,0.10674
D189800,D237500,0.12084
D189800,D239350,0.049306
D189800,D240400,0.23475
D189800,D241100,0.068588
D189800,D241519,0.17237
D189800,D243200,0.11071
D189800,D246300,0.097664
D189800,D246400,0.05043
D189800,D246470,0.092868
D189800,D247200,0.15973
D189800,D247640,0.022553
D189800,D248190,0.05425
D189800,D249100,0.17048
D189800,D250790,0.10833
D189800,D252320,0.049578
D189800,D254200,0.10031
D189800,D254400,0.051703
D189800,D254450,0.022906
D189800,D254500,0.13393
D189800,D254800,0.045078
D189800,D255900,0.048257
D189800,D256370,0.11276
D189800,D256700,0.17271
D189800,D258360,0.097532
D189800,D259050,0.013945
D189800,D259500,0.067316
D189800,D259660,0.033324
D189800,D260480,0.048737
D189800,D260570,0.09046
D189800,D261515,0.15211
D189800,D263300,0.1521
D189800,D263800,0.19006
D189800,D264120,0.17136
D189800,D266120,0.23629
D189800,D266600,0.20588
D189800,D268220,0.054773
D189800,D268320,0.025756
D189800,D270960,0.079003
D189800,D273300,0.092707
D189800,D273800,0.19292
D189800,D275000,0.13824
D189800,D276300,0.028073
D189800,D277350,0.18015
D189800,D277440,0.12701
D189800,D277460,0.17571
D189800,D300125,0.05712
D189800,D300232,0.030225
D189800,D303110,0.025074
D189800,D304790,0.18359
D189800,D304900,0.046641
D189800,D305300,0.025937
D189800,D308205,0.045282
D189800,D308350,0.02552
D189800,D308600,0.039909
D189800,D310468,0.094413
D189800,D311360,0.14089
D189800,D312910,0.020517
D189800,D540000,0.10417
D189800,D600082,0.042449
D189800,D600263,0.16032
D189800,D600351,0.077392
D189800,D600496,0.15164
D189800,D600631,0.12013
D189800,D600634,0.033685
D189800,D600803,0.1213
D189800,D600807,0.10163
D189800,D600808,0.11959
D189800,D601367,0.17098
D189800,D601518,0.038371
D189800,D601608,0.063236
D189800,D601626,0.049319
D189800,D601665,0.091494
D189800,D602080,0.089982
D189800,D602522,0.19244
D189800,D603165,0.13082
D189800,D604278,0.11571
D189800,D604416,0.11508
D189800,D604827,0.086664
D189800,D605839,0.081455
D189800,D606842,0.021444
D189800,D607459,0.016417
D189800,D607498,0.049928
D189800,D607501,0.051484
D189800,D607508,0.13424
D189800,D607516,0.049794
D189800,D607554,0.10987
D189800,D607685,0.15682
D189800,D608033,0.057041
D189800,D608088,0.021903
D189800,D608217,0.03271
D189800,D608320,0.10312
D189800,D608583,0.0806
D189800,D608622,0.27376
D190300,D190310,0.29655
D190300,D190400,0.041179
D190300,D191390,0.1305
D190300,D192200,0.11379
D190300,D194070,0.15421
D190300,D194200,0.21519
D190300,D200170,0.14545
D190300,D203700,0.2348
D190300,D208085,0.10577
D190300,D208230,0.18839
D190300,D208300,0.12139
D190300,D208550,0.11545
D190300,D208700,0.15351
D190300,D208750,0.1093
D190300,D208920,0.18524
D190300,D210050,0.13503
D190300,D212050,0.16188
D190300,D212110,0.037237
D190300,D212112,0.09252
D190300,D212130,0.18054
D190300,D212140,0.21558
D190300,D212350,0.23375
D190300,D215140,0.18123
D190300,D215470,0.26492
D190300,D217150,0.27871
D190300,D217200,0.12981
D190300,D218200,0.13409
D190300,D218800,0.08805
D190300,D220120,0.15296
D190300,D225740,0.19852
D190300,D225755,0.15684
D190300,D226000,0.12507
D190300,D227300,0.023937
D190300,D230450,0.18792
D190300,D230800,0.14906
D190300,D231090,0.059602
D190300,D231200,0.045845
D190300,D233810,0.21795
D190300,D236000,0.078256
D190300,D237450,0.024239
D190300,D237500,0.042503
D190300,D238800,0.16641
D190300,D239350,0.092181
D190300,D240400,0.16628
D190300,D241100,0.068169
D190300,D241519,0.024873
D190300,D243200,0.10285
D190300,D246300,0.018066
D190300,D246400,0.074047
D190300,D246470,0.051976
D190300,D247200,0.23855
D190300,D248190,0.020192
D190300,D249100,0.13408
D190300,D250790,0.08669
D190300,D252320,0.18798
D190300,D254200,0.1799
D190300,D254400,0.038344
D190300,D254450,0.041617
D190300,D254500,0.061361
D190300,D254770,0.13711
D190300,D254800,0.37815
D190300,D255900,0.22833
D190300,D256370,0.01615
D190300,D256700,0.18747
D190300,D258360,0.085447
D190300,D259050,0.26518
D190300,D259500,0.13432
D190300,D259660,0.13073
D190300,D260480,0.10994
D190300,D260570,0.022377
D190300,D260970,0.13347
D190300,D261515,0.21573
D190300,D263300,0.074802
D190300,D263800,0.17521
D190300,D264120,0.066535
D190300,D266120,0.043961
D190300,D266600,0.15995
D190300,D267740,0.16314
D190300,D268220,0.06154
D190300,D268320,0.15463
D190300,D270960,0.039176
D190300,D273300,0.098915
D190300,D273800,0.18153
D190300,D275000,0.13879
D190300,D276300,0.17905
D190300,D277350,0.085033
D190300,D277440,0.21567
D190300,D277460,0.17033
D190300,D278200,0.11031
D190300,D300125,0.28143
D190300,D300232,0.31341
D190300,D300491,0.17689
D190300,D300494,0.11171
D190300,D303110,0.09387
D190300,D304790,0.10298
D190300,D304900,0.0903
D190300,D305300,0.1761
D190300,D308205,0.18519
D190300,D308350,0.20952
D190300,D308600,0.029704
D190300,D310468,0.035113
D190300,D311360,0.17058
D190300,D312910,0.21026
D190300,D540000,0.29287
D190300,D600131,0.14516
D190300,D600263,0.086252
D190300,D600351,0.042898
D190300,D600496,0.018562
D190300,D600634,0.025072
D190300,D600803,0.045053
D190300,D600807,0.12593
D190300,D601042,0.40143
D190300,D601367,0.17488
D190300,D601608,0.1851
D190300,D601665,0.13509
D190300,D601682,0.066994
D190300,D602080,0.16287
D190300,D602522,0.17071
D190300,D603165,0.073299
D190300,D604278,0.20067
D190300,D604416,0.11737
D190300,D604827,0.084706
D190300,D605021,0.14162
D190300,D605055,0.16248
D190300,D606703,0.2635
D190300,D606798,0.26983
D190300,D606842,0.21264
D190300,D607225,0.20147
D190300,D607459,0.24838
D190300,D607498,0.25146
D190300,D607499,0.029487
D190300,D607501,0.26232
D190300,D607508,0.26741
D190300,D607516,0.2765
D190300,D607554,0.19047
D190300,D607628,0.12935
D190300,D607631,0.15346
D190300,D607681,0.14514
D190300,D607682,0.14762
D190300,D607685,0.10258
D190300,D607850,0.16397
D190300,D608033,0.13718
D190300,D608088,0.21402
D190300,D608105,0.28206
D190300,D608217,0.17074
D190300,D608320,0.062469
D190300,D608583,0.17947
D190300,D608622,0.16423
D190310,D190400,0.074341
D190310,D191390,0.10681
D190310,D194070,0.036881
D190310,D194200,0.089415
D190310,D200170,0.064512
D190310,D203700,0.091265
D190310,D208085,0.023942
D190310,D208230,0.046353
D190310,D208300,0.041283
D190310,D208700,0.13926
D190310,D208750,0.08506
D190310,D208920,0.095693
D190310,D210050,0.10799
D190310,D212050,0.072342
D190310,D212112,0.083331
D190310,D212130,0.050586
D190310,D212140,0.077398
D190310,D212350,0.074806
D190310,D215140,0.038531
D190310,D215470,0.21244
D190310,D217200,0.15671
D190310,D218200,0.090869
D190310,D218800,0.068228
D190310,D220120,0.11786
D190310,D225740,0.061811
D190310,D225755,0.10688
D190310,D226000,0.11295
D190310,D226150,0.1297
D190310,D230450,0.083536
D190310,D230800,0.047225
D190310,D233810,0.073771
D190310,D237500,0.025468
D190310,D238800,0.040004
D190310,D239350,0.099386
D190310,D243200,0.074272
D190310,D247200,0.069144
D190310,D248190,0.072973
D190310,D249100,0.096495
D190310,D250790,0.06307
D190310,D252320,0.13265
D190310,D254200,0.053843
D190310,D254500,0.022154
D190310,D254770,0.1236
D190310,D254800,0.14072
D190310,D255900,0.060575
D190310,D256700,0.1075
D190310,D258360,0.060548
D190310,D259050,0.03749
D190310,D260480,0.043563
D190310,D260970,0.12147
D190310,D261515,0.10409
D190310,D263300,0.033722
D190310,D263800,0.067575
D190310,D264120,0.079541
D190310,D266600,0.067937
D190310,D267740,0.14637
D190310,D268320,0.069242
D190310,D273300,0.035491
D190310,D273800,0.046708
D190310,D275000,0.045448
D190310,D276300,0.094345
D190310,D277440,0.056763
D190310,D277460,0.1798
D190310,D300125,0.11477
D190310,D300232,0.060905
D190310,D300491,0.15067
D190310,D303110,0.067393
D190310,D304790,0.054712
D190310,D304900,0.062604
D190310,D305300,0.034817
D190310,D308205,0.12182
D190310,D308350,0.10366
D190310,D311360,0.07046
D190310,D312910,0.20048
D190310,D540000,0.079242
D190310,D600131,0.15723
D190310,D600263,0.16422
D190310,D600803,0.040647
D190310,D600807,0.022519
D190310,D601004,0.061633
D190310,D601042,0.13282
D190310,D601367,0.072695
D190310,D601608,0.063
D190310,D601665,0.060882
D190310,D602080,0.039785
D190310,D602522,0.051126
D190310,D604278,0.076869
D190310,D604827,0.076022
D190310,D605021,0.15302
D190310,D605055,0.10934
D190310,D606703,0.27289
D190310,D606798,0.17791
D190310,D606842,0.057638
D190310,D607225,0.1281
D190310,D607459,0.18967
D190310,D607498,0.10033
D190310,D607501,0.10451
D190310,D607508,0.10733
D190310,D607516,0.10009
D190310,D607554,0.09824
D190310,D607628,0.13992
D190310,D607631,0.18532
D190310,D607681,0.15704
D190310,D607682,0.15976
D190310,D607685,0.023034
D190310,D608033,0.07132
D190310,D608088,0.1178
D190310,D608105,0.14471
D190310,D608217,0.13199
D190310,D608583,0.10797
D190310,D608622,0.098461
D190400,D191390,0.034724
D190400,D194070,0.029999
D190400,D194200,0.04847
D190400,D200170,0.052469
D190400,D203700,0.029513
D190400,D208230,0.037686
D190400,D208700,0.056131
D190400,D208750,0.04501
D190400,D208920,0.077686
D190400,D210050,0.043862
D190400,D212050,0.058729
D190400,D212112,0.067772
D190400,D212130,0.0823
D190400,D212140,0.031475
D190400,D212350,0.081514
D190400,D215470,0.049434
D190400,D217200,0.062994
D190400,D218200,0.10445
D190400,D218800,0.03684
D190400,D220120,0.063851
D190400,D225740,0.050272
D190400,D225755,0.057271
D190400,D226000,0.061184
D190400,D230450,0.06669
D190400,D230800,0.025599
D190400,D233810,0.059989
D190400,D238800,0.065084
D190400,D239350,0.053829
D190400,D243200,0.12137
D190400,D247200,0.022461
D190400,D249100,0.026124
D190400,D250790,0.050363
D190400,D252320,0.054005
D190400,D254200,0.087732
D190400,D254500,0.036043
D190400,D254770,0.10048
D190400,D254800,0.032773
D190400,D255900,0.049266
D190400,D256700,0.050081
D190400,D258360,0.049244
D190400,D259050,0.030487
D190400,D260480,0.035396
D190400,D260970,0.064633
D190400,D261515,0.028188
D190400,D263800,0.036625
D190400,D264120,0.06468
D190400,D266600,0.027556
D190400,D267740,0.079146
D190400,D268320,0.056307
D190400,D273300,0.057999
D190400,D273800,0.037975
D190400,D275000,0.036965
D190400,D276300,0.030679
D190400,D277440,0.030764
D190400,D277460,0.041627
D190400,D300125,0.062213
D190400,D300232,0.032989
D190400,D300491,0.08151
D190400,D303110,0.054816
D190400,D304900,0.050898
D190400,D305300,0.056646
D190400,D308205,0.032973
D190400,D308350,0.055823
D190400,D311360,0.038196
D190400,D312910,0.04502
D190400,D540000,0.064324
D190400,D600131,0.085221
D190400,D601042,0.037741
D190400,D601367,0.039406
D190400,D601608,0.051231
D190400,D601665,0.049498
D190400,D602080,0.066964
D190400,D602522,0.041584
D190400,D604278,0.041667
D190400,D604827,0.06178
D190400,D605021,0.082879
D190400,D605055,0.059173
D190400,D606703,0.08061
D190400,D606798,0.05719
D190400,D606842,0.046854
D190400,D607225,0.041605
D190400,D607459,0.035902
D190400,D607498,0.05438
D190400,D607501,0.056116
D190400,D607508,0.058179
D190400,D607516,0.054235
D190400,D607554,0.079871
D190400,D607628,0.075768
D190400,D607631,0.075006
D190400,D607681,0.085092
D190400,D607682,0.086575
D190400,D607685,0.037476
D190400,D608033,0.03862
D190400,D608088,0.047887
D190400,D608105,0.11751
D190400,D608217,0.071504
D190400,D608583,0.087785
D190400,D608622,0.080051
D191390,D192200,0.095918
D191390,D194070,0.18417
D191390,D194200,0.055683
D191390,D200170,0.092289
D191390,D203700,0.18988
D191390,D205700,0.079687
D191390,D206200,0.10206
D191390,D208085,0.16137
D191390,D208230,0.20343
D191390,D208300,0.13612
D191390,D208550,0.19177
D191390,D208700,0.048439
D191390,D208750,0.10854
D191390,D208920,0.16832
D191390,D210050,0.063418
D191390,D211980,0.14835
D191390,D212050,0.17227
D191390,D212112,0.019457
D191390,D212130,0.071079
D191390,D212140,0.16591
D191390,D212350,0.10565
D191390,D215140,0.20949
D191390,D215470,0.14555
D191390,D217150,0.11621
D191390,D217200,0.054254
D191390,D218200,0.05656
D191390,D218800,0.203
D191390,D220120,0.11274
D191390,D223350,0.18642
D191390,D225740,0.10315
D191390,D225755,0.049334
D191390,D226000,0.0527
D191390,D226150,0.22202
D191390,D227300,0.059538
D191390,D230450,0.15392
D191390,D230800,0.25189
D191390,D231090,0.084064
D191390,D231200,0.16864
D191390,D231900,0.09473
D191390,D233810,0.062573
D191390,D236000,0.21212
D191390,D237450,0.042921
D191390,D237500,0.24095
D191390,D238800,0.056111
D191390,D239350,0.046364
D191390,D240400,0.17101
D191390,D241100,0.057475
D191390,D241519,0.067943
D191390,D243200,0.052045
D191390,D246300,0.18483
D191390,D246400,0.20791
D191390,D246470,0.28899
D191390,D247200,0.16945
D191390,D247640,0.1446
D191390,D248190,0.085161
D191390,D249100,0.24591
D191390,D250790,0.13405
D191390,D252320,0.12887
D191390,D254200,0.18951
D191390,D254400,0.1518
D191390,D254450,0.12938
D191390,D254500,0.26072
D191390,D254770,0.086617
D191390,D254800,0.085275
D191390,D255900,0.13058
D191390,D256370,0.040882
D191390,D256700,0.23073
D191390,D258360,0.20527
D191390,D259050,0.14952
D191390,D259500,0.21254
D191390,D259660,0.084423
D191390,D260480,0.41244
D191390,D260570,0.13904
D191390,D260970,0.018556
D191390,D261515,0.21517
D191390,D263300,0.12628
D191390,D263800,0.13741
D191390,D264120,0.056399
D191390,D266120,0.074101
D191390,D266600,0.66235
D191390,D267730,0.1489
D191390,D267740,0.1694
D191390,D268220,0.17807
D191390,D268320,0.10061
D191390,D270960,0.033035
D191390,D273300,0.1214
D191390,D273800,0.18649
D191390,D275000,0.3008
D191390,D276300,0.30557
D191390,D277350,0.20285
D191390,D277440,0.19786
D191390,D277460,0.17978
D191390,D278200,0.1353
D191390,D300125,0.05359
D191390,D300232,0.19321
D191390,D300491,0.10111
D191390,D300494,0.15457
D191390,D303110,0.08016
D191390,D304790,0.30389
D191390,D304900,0.04384
D191390,D305300,0.065078
D191390,D308205,0.16536
D191390,D308350,0.04839
D191390,D308600,0.053106
D191390,D310468,0.030625
D191390,D311360,0.14382
D191390,D312910,0.10522
D191390,D540000,0.12114
D191390,D600131,0.073421
D191390,D600263,0.28063
D191390,D600351,0.16254
D191390,D600496,0.14437
D191390,D600634,0.085744
D191390,D600803,0.15304
D191390,D600807,0.22415
D191390,D601004,0.028785
D191390,D601042,0.08891
D191390,D601367,0.091298
D191390,D601518,0.049006
D191390,D601608,0.074239
D191390,D601626,0.15447
D191390,D601665,0.15751
D191390,D601682,0.14623
D191390,D602068,0.095583
D191390,D602080,0.14165
D191390,D602522,0.13224
D191390,D603165,0.18854
D191390,D604278,0.1224
D191390,D604416,0.18217
D191390,D604827,0.053385
D191390,D605021,0.071522
D191390,D605055,0.0518
D191390,D605839,0.143
D191390,D606703,0.046466
D191390,D606798,0.11723
D191390,D606842,0.081214
D191390,D607225,0.10852
D191390,D607459,0.094962
D191390,D607498,0.046892
D191390,D607501,0.048317
D191390,D607508,0.084041
D191390,D607516,0.06264
D191390,D607554,0.068795
D191390,D607628,0.065264
D191390,D607631,0.064629
D191390,D607681,0.07336
D191390,D607682,0.074625
D191390,D607685,0.19751
D191390,D607850,0.14177
D191390,D608033,0.044476
D191390,D608088,0.11049
D191390,D608105,0.13621
D191390,D608217,0.061593
D191390,D608320,0.039828
D191390,D608583,0.075611
D191390,D608622,0.12011
D191800,D192000,0.15672
D191800,D194070,0.075439
D191800,D200170,0.13484
D191800,D212140,0.07938
D191800,D231090,0.069842
D191800,D231200,0.053289
D191800,D240400,0.12149
D191800,D241100,0.060176
D191800,D247200,0.057493
D191800,D249100,0.065488
D191800,D254500,0.090436
D191800,D256370,0.12055
D191800,D256700,0.11945
D191800,D263800,0.092111
D191800,D264120,0.077884
D191800,D270960,0.068978
D191800,D273300,0.034611
D191800,D273800,0.045514
D191800,D305300,0.14315
D191800,D310468,0.13123
D191800,D311360,0.045871
D191800,D600082,0.111
D191800,D600496,0.13656
D191800,D600807,0.091592
D191800,D601518,0.10043
D191800,D602522,0.10453
D191800,D604278,0.10567
D191800,D607459,0.20495
D192000,D194070,0.065462
D192000,D200170,0.17424
D192000,D212140,0.034232
D192000,D231090,0.1266
D192000,D231200,0.14762
D192000,D240400,0.052216
D192000,D241100,0.10952
D192000,D247200,0.049885
D192000,D249100,0.056851
D192000,D254500,0.039101
D192000,D256370,0.15692
D192000,D256700,0.054087
D192000,D263800,0.039782
D192000,D264120,0.14173
D192000,D270960,0.12511
D192000,D273300,0.16054
D192000,D273800,0.12572
D192000,D305300,0.061689
D192000,D310468,0.056327
D192000,D311360,0.12614
D192000,D600082,0.20118
D192000,D600496,0.05908
D192000,D600807,0.039664
D192000,D601518,0.18196
D192000,D602522,0.045156
D192000,D604278,0.045464
D192000,D607459,0.039657
D192200,D194070,0.14502
D192200,D194200,0.13403
D192200,D200170,0.072465
D192200,D203700,0.081553
D192200,D208085,0.053008
D192200,D208230,0.13189
D192200,D208550,0.038263
D192200,D208700,0.038735
D192200,D208750,0.094043
D192200,D208920,0.080112
D192200,D210050,0.060847
D192200,D212050,0.040552
D192200,D212110,0.15128
D192200,D212112,0.093867
D192200,D212130,0.17099
D192200,D212140,0.086997
D192200,D212350,0.11214
D192200,D215140,0.10817
D192200,D215470,0.034089
D192200,D217150,0.069618
D192200,D218200,0.068022
D192200,D218800,0.076314
D192200,D220120,0.044085
D192200,D225740,0.1045
D192200,D225755,0.19813
D192200,D226000,0.12737
D192200,D227300,0.048544
D192200,D230450,0.046072
D192200,D230800,0.12404
D192200,D231200,0.030796
D192200,D236000,0.063245
D192200,D237450,0.049157
D192200,D237500,0.028601
D192200,D238800,0.044941
D192200,D240400,0.099082
D192200,D241100,0.069009
D192200,D243200,0.041689
D192200,D246400,0.074153
D192200,D247200,0.12631
D192200,D248190,0.040961
D192200,D249100,0.10828
D192200,D252320,0.11186
D192200,D254200,0.12147
D192200,D254400,0.077854
D192200,D254500,0.12451
D192200,D254800,0.090559
D192200,D255900,0.1021
D192200,D256370,0.032753
D192200,D256700,0.086065
D192200,D259050,0.10557
D192200,D259500,0.10146
D192200,D259660,0.20133
D192200,D260480,0.097788
D192200,D260570,0.045381
D192200,D261515,0.17533
D192200,D263300,0.075834
D192200,D263800,0.10125
D192200,D266120,0.044308
D192200,D266600,0.13325
D192200,D268220,0.082681
D192200,D268320,0.038878
D192200,D270960,0.039723
D192200,D273300,0.019923
D192200,D273800,0.078785
D192200,D275000,0.12765
D192200,D276300,0.063539
D192200,D277440,0.084977
D192200,D277460,0.11498
D192200,D278200,0.05317
D192200,D300125,0.086011
D192200,D300232,0.091134
D192200,D303110,0.037848
D192200,D304790,0.081913
D192200,D305300,0.1176
D192200,D308205,0.045542
D192200,D308350,0.038522
D192200,D308600,0.060241
D192200,D310468,0.1092
D192200,D311360,0.026372
D192200,D312910,0.03097
D192200,D540000,0.089073
D192200,D600634,0.050846
D192200,D601042,0.026055
D192200,D601367,0.10933
D192200,D601608,0.035375
D192200,D601665,0.10292
D192200,D602068,0.055784
D192200,D602080,0.090219
D192200,D603165,0.048264
D192200,D604278,0.057555
D192200,D604416,0.066515
D192200,D606842,0.097124
D192200,D607225,0.028715
D192200,D607459,0.024781
D192200,D607498,0.075181
D192200,D607501,0.077524
D192200,D607508,0.080434
D192200,D607516,0.074979
D192200,D607554,0.22073
D192200,D607685,0.10358
D192200,D607850,0.045628
D192200,D608033,0.026663
D192200,D608088,0.033062
D192200,D608105,0.04036
D192200,D608217,0.09883
D192200,D608320,0.13045
D192200,D608583,0.18198
D192200,D608622,0.17226
D194070,D194200,0.1841
D194070,D200170,0.17632
D194070,D203700,0.1209
D194070,D206200,0.059705
D194070,D208085,0.10259
D194070,D208230,0.15449
D194070,D208300,0.070812
D194070,D208550,0.11149
D194070,D208700,0.041788
D194070,D208750,0.093472
D194070,D208920,0.17522
D194070,D210050,0.070326
D194070,D211980,0.22556
D194070,D212050,0.029159
D194070,D212110,0.081575
D194070,D212112,0.18599
D194070,D212130,0.2566
D194070,D212140,0.2441
D194070,D212350,0.2309
D194070,D215140,0.2124
D194070,D215470,0.10045
D194070,D217150,0.07576
D194070,D217200,0.10898
D194070,D218200,0.06111
D194070,D218800,0.12565
D194070,D220120,0.15658
D194070,D223350,0.10553
D194070,D225740,0.15512
D194070,D225755,0.17885
D194070,D226000,0.23146
D194070,D227300,0.051772
D194070,D230450,0.17076
D194070,D230800,0.16224
D194070,D231090,0.19177
D194070,D231200,0.11106
D194070,D231900,0.061452
D194070,D233810,0.083089
D194070,D236000,0.19727
D194070,D237450,0.017659
D194070,D237500,0.14997
D194070,D238800,0.15495
D194070,D239350,0.066833
D194070,D240400,0.13708
D194070,D241100,0.21635
D194070,D241519,0.03897
D194070,D243200,0.074886
D194070,D246300,0.11935
D194070,D246400,0.10041
D194070,D246470,0.18825
D194070,D247200,0.30509
D194070,D247640,0.19606
D194070,D248190,0.058885
D194070,D249100,0.18942
D194070,D250790,0.14966
D194070,D252320,0.083354
D194070,D254200,0.19798
D194070,D254400,0.059034
D194070,D254450,0.052368
D194070,D254500,0.19247
D194070,D254770,0.024922
D194070,D254800,0.098715
D194070,D255900,0.13784
D194070,D256370,0.44648
D194070,D256700,0.39973
D194070,D258360,0.15291
D194070,D259050,0.14707
D194070,D259500,0.37138
D194070,D259660,0.09045
D194070,D260480,0.090133
D194070,D260570,0.10324
D194070,D260970,0.048103
D194070,D261515,0.19141
D194070,D263300,0.13692
D194070,D263800,0.15639
D194070,D264120,0.18432
D194070,D266120,0.112
D194070,D266600,0.2144
D194070,D267730,0.047323
D194070,D267740,0.079767
D194070,D268220,0.23559
D194070,D268320,0.12113
D194070,D270960,0.24646
D194070,D273300,0.38248
D194070,D273800,0.14187
D194070,D275000,0.23064
D194070,D276300,0.16669
D194070,D277350,0.061521
D194070,D277440,0.22777
D194070,D277460,0.11509
D194070,D300125,0.061724
D194070,D300232,0.1231
D194070,D300491,0.040537
D194070,D303110,0.098401
D194070,D304790,0.16086
D194070,D304900,0.076312
D194070,D305300,0.18771
D194070,D308205,0.059214
D194070,D308350,0.099156
D194070,D308600,0.02164
D194070,D310468,0.1193
D194070,D311360,0.24168
D194070,D312910,0.1195
D194070,D540000,0.1164
D194070,D600082,0.092538
D194070,D600131,0.04228
D194070,D600263,0.16889
D194070,D600351,0.062704
D194070,D600496,0.13704
D194070,D600631,0.06512
D194070,D600634,0.18792
D194070,D600803,0.049285
D194070,D600807,0.23122
D194070,D600808,0.064826
D194070,D601042,0.086653
D194070,D601367,0.14985
D194070,D601518,0.17194
D194070,D601608,0.051239
D194070,D601626,0.10973
D194070,D601665,0.12581
D194070,D601682,0.024123
D194070,D602080,0.20588
D194070,D602522,0.157
D194070,D603165,0.097926
D194070,D604278,0.21892
D194070,D604416,0.097107
D194070,D604827,0.015323
D194070,D605021,0.041155
D194070,D605055,0.058715
D194070,D605839,0.30666
D194070,D606703,0.081701
D194070,D606798,0.073879
D194070,D606842,0.12011
D194070,D607225,0.077031
D194070,D607459,0.054332
D194070,D607498,0.053956
D194070,D607501,0.056066
D194070,D607508,0.087015
D194070,D607516,0.053824
D194070,D607554,0.079244
D194070,D607628,0.037648
D194070,D607631,0.037217
D194070,D607681,0.042233
D194070,D607682,0.042964
D194070,D607685,0.16098
D194070,D607850,0.12062
D194070,D608033,0.071731
D194070,D608088,0.083214
D194070,D608105,0.0732
D194070,D608217,0.12501
D194070,D608320,0.059817
D194070,D608583,0.065321
D194070,D608622,0.10595
D194200,D200170,0.15063
D194200,D203700,0.15606
D194200,D208085,0.066251
D194200,D208230,0.079455
D194200,D208300,0.054956
D194200,D208550,0.066838
D194200,D208700,0.15821
D194200,D208750,0.26388
D194200,D208920,0.17099
D194200,D210050,0.14423
D194200,D212050,0.04714
D194200,D212110,0.18354
D194200,D212112,0.28148
D194200,D212130,0.32359
D194200,D212140,0.30341
D194200,D212350,0.30269
D194200,D215140,0.080022
D194200,D215470,0.12184
D194200,D217150,0.041541
D194200,D217200,0.16542
D194200,D218200,0.17812
D194200,D218800,0.13451
D194200,D220120,0.20572
D194200,D225740,0.11707
D194200,D225755,0.092225
D194200,D226000,0.26992
D194200,D227300,0.028176
D194200,D230450,0.05446
D194200,D230800,0.14538
D194200,D231200,0.035684
D194200,D231900,0.066802
D194200,D233810,0.1348
D194200,D236000,0.092203
D194200,D237450,0.08644
D194200,D237500,0.05026
D194200,D238800,0.078961
D194200,D239350,0.13007
D194200,D240400,0.096333
D194200,D241100,0.020024
D194200,D241519,0.059396
D194200,D243200,0.096843
D194200,D246470,0.020432
D194200,D247200,0.14441
D194200,D248190,0.071933
D194200,D249100,0.1484
D194200,D250790,0.041117
D194200,D252320,0.086526
D194200,D254200,0.070241
D194200,D254400,0.04514
D194200,D254450,0.044569
D194200,D254500,0.072628
D194200,D254770,0.1209
D194200,D254800,0.19915
D194200,D255900,0.10183
D194200,D256370,0.01901
D194200,D256700,0.11016
D194200,D258360,0.059358
D194200,D259050,0.093054
D194200,D259500,0.079054
D194200,D259660,0.029196
D194200,D260480,0.044842
D194200,D260570,0.02634
D194200,D260970,0.051798
D194200,D261515,0.15138
D194200,D263300,0.06596
D194200,D263800,0.14742
D194200,D264120,0.10473
D194200,D266120,0.025717
D194200,D266600,0.12206
D194200,D267740,0.12712
D194200,D268220,0.023976
D194200,D268320,0.090653
D194200,D270960,0.023056
D194200,D273300,0.092804
D194200,D273800,0.10661
D194200,D275000,0.11897
D194200,D276300,0.073807
D194200,D277350,0.024927
D194200,D277440,0.13655
D194200,D277460,0.17005
D194200,D300125,0.17464
D194200,D300232,0.13923
D194200,D300491,0.13122
D194200,D303110,0.08815
D194200,D304790,0.1108
D194200,D304900,0.10261
D194200,D305300,0.24238
D194200,D308205,0.10636
D194200,D308350,0.15782
D194200,D308600,0.10587
D194200,D310468,0.062491
D194200,D311360,0.1536
D194200,D312910,0.14444
D194200,D540000,0.16313
D194200,D600131,0.13664
D194200,D600263,0.06079
D194200,D600496,0.044284
D194200,D600634,0.029512
D194200,D600803,0.026518
D194200,D600807,0.029411
D194200,D601004,0.040155
D194200,D601042,0.091521
D194200,D601367,0.35304
D194200,D601608,0.062264
D194200,D601665,0.11943
D194200,D602080,0.080481
D194200,D602522,0.067116
D194200,D603165,0.028024
D194200,D604278,0.18566
D194200,D604416,0.078064
D194200,D604827,0.074516
D194200,D605021,0.13311
D194200,D605055,0.096031
D194200,D606703,0.16463
D194200,D606798,0.068771
D194200,D606842,0.13907
D194200,D607225,0.10374
D194200,D607459,0.11587
D194200,D607498,0.15277
D194200,D607501,0.15814
D194200,D607508,0.16334
D194200,D607516,0.15231
D194200,D607554,0.47681
D194200,D607628,0.12156
D194200,D607631,0.12029
D194200,D607681,0.13653
D194200,D607682,0.13889
D194200,D607685,0.14027
D194200,D607850,0.086663
D194200,D608033,0.15946
D194200,D608088,0.15899
D194200,D608105,0.11828
D194200,D608217,0.17203
D194200,D608320,0.19204
D194200,D608583,0.49002
D194200,D608622,0.27239
D200170,D203700,0.051399
D200170,D208085,0.1039
D200170,D208230,0.15348
D200170,D208300,0.059908
D200170,D208550,0.096674
D200170,D208700,0.097453
D200170,D208750,0.22847
D200170,D208920,0.10299
D200170,D210050,0.0381
D200170,D212050,0.13541
D200170,D212112,0.058813
D200170,D212130,0.11761
D200170,D212140,0.20707
D200170,D212350,0.12527
D200170,D215140,0.11674
D200170,D215470,0.046087
D200170,D217150,0.066973
D200170,D217200,0.054884
D200170,D218200,0.10754
D200170,D218800,0.11503
D200170,D220120,0.11087
D200170,D225740,0.11757
D200170,D225755,0.074562
D200170,D226000,0.053144
D200170,D230450,0.11985
D200170,D230800,0.12584
D200170,D231090,0.051264
D200170,D231200,0.10057
D200170,D231900,0.071379
D200170,D233810,0.24881
D200170,D236000,0.062013
D200170,D237450,0.13023
D200170,D237500,0.075103
D200170,D238800,0.19984
D200170,D239350,0.11767
D200170,D240400,0.13491
D200170,D241100,0.15689
D200170,D241519,0.063466
D200170,D243200,0.026193
D200170,D246300,0.04898
D200170,D246400,0.080737
D200170,D247200,0.15197
D200170,D248190,0.10294
D200170,D249100,0.18639
D200170,D250790,0.092861
D200170,D252320,0.16941
D200170,D254200,0.17127
D200170,D254400,0.060694
D200170,D254500,0.1293
D200170,D254770,0.04359
D200170,D254800,0.14424
D200170,D255900,0.34021
D200170,D256370,0.22784
D200170,D256700,0.16592
D200170,D258360,0.065444
D200170,D259050,0.15982
D200170,D259500,0.08761
D200170,D259660,0.031607
D200170,D260480,0.095432
D200170,D260970,0.056076
D200170,D261515,0.13891
D200170,D263800,0.27916
D200170,D264120,0.23295
D200170,D266600,0.13438
D200170,D267740,0.068941
D200170,D268320,0.074943
D200170,D270960,0.050657
D200170,D273300,0.11459
D200170,D273800,0.10189
D200170,D275000,0.21107
D200170,D276300,0.096329
D200170,D277350,0.086307
D200170,D277440,0.21876
D200170,D277460,0.14707
D200170,D278200,0.10347
D200170,D300125,0.053983
D200170,D300232,0.14297
D200170,D300491,0.070906
D200170,D303110,0.071445
D200170,D304790,0.13286
D200170,D304900,0.066334
D200170,D305300,0.23493
D200170,D308205,0.10751
D200170,D308350,0.072925
D200170,D308600,0.16034
D200170,D310468,0.14346
D200170,D311360,0.24137
D200170,D312910,0.078
D200170,D540000,0.098027
D200170,D600082,0.081461
D200170,D600131,0.073955
D200170,D600263,0.067911
D200170,D600496,0.27456
D200170,D600807,0.083466
D200170,D601042,0.11614
D200170,D601367,0.13936
D200170,D601518,0.073676
D200170,D601608,0.13456
D200170,D601665,0.088696
D200170,D602068,0.14846
D200170,D602080,0.056525
D200170,D602522,0.14969
D200170,D603165,0.081791
D200170,D604278,0.19077
D200170,D604416,0.21607
D200170,D604827,0.026801
D200170,D605021,0.071987
D200170,D605055,0.05136
D200170,D605839,0.057666
D200170,D606703,0.17914
D200170,D606798,0.074786
D200170,D606842,0.10524
D200170,D607225,0.12863
D200170,D607459,0.095887
D200170,D607498,0.047191
D200170,D607501,0.049412
D200170,D607508,0.050483
D200170,D607516,0.047088
D200170,D607554,0.034649
D200170,D607628,0.065853
D200170,D607631,0.065099
D200170,D607681,0.073873
D200170,D607682,0.075153
D200170,D607685,0.085228
D200170,D607850,0.12576
D200170,D608033,0.067077
D200170,D608088,0.062446
D200170,D608105,0.22372
D200170,D608217,0.062105
D200170,D608320,0.060107
D200170,D608583,0.038082
D200170,D608622,0.034727
D203700,D205700,0.044702
D203700,D208085,0.25232
D203700,D208230,0.10405
D203700,D208300,0.13484
D203700,D208550,0.10857
D203700,D208700,0.19105
D203700,D208750,0.14036
D203700,D208920,0.24088
D203700,D210050,0.3638
D203700,D211980,0.026484
D203700,D212050,0.10393
D203700,D212110,0.026686
D203700,D212112,0.10161
D203700,D212130,0.080524
D203700,D212140,0.31128
D203700,D212350,0.23883
D203700,D215140,0.17691
D203700,D215470,0.24678
D203700,D217150,0.13601
D203700,D217200,0.32331
D203700,D218200,0.12507
D203700,D218800,0.2259
D203700,D220120,0.20834
D203700,D223350,0.014265
D203700,D225740,0.2579
D203700,D225755,0.17171
D203700,D226000,0.1691
D203700,D226150,0.075237
D203700,D227300,0.017156
D203700,D230450,0.14153
D203700,D230800,0.24609
D203700,D231090,0.071441
D203700,D231200,0.11009
D203700,D233810,0.15447
D203700,D236000,0.033486
D203700,D237450,0.084024
D203700,D237500,0.17302
D203700,D238800,0.17005
D203700,D239350,0.18905
D203700,D240400,0.15302
D203700,D241100,0.07653
D203700,D241519,0.096688
D203700,D243200,0.1849
D203700,D246300,0.053498
D203700,D246400,0.17022
D203700,D246470,0.049721
D203700,D247200,0.35944
D203700,D247640,0.037089
D203700,D248190,0.062225
D203700,D249100,0.19152
D203700,D250790,0.16733
D203700,D252320,0.13469
D203700,D254200,0.16287
D203700,D254400,0.041225
D203700,D254450,0.1083
D203700,D254500,0.079209
D203700,D254770,0.18981
D203700,D254800,0.41755
D203700,D255900,0.13662
D203700,D256370,0.023156
D203700,D256700,0.2453
D203700,D258360,0.14215
D203700,D259050,0.18829
D203700,D259500,0.072266
D203700,D259660,0.15235
D203700,D260480,0.15562
D203700,D260570,0.10401
D203700,D260970,0.16825
D203700,D261515,0.31539
D203700,D263300,0.10068
D203700,D263800,0.18004
D203700,D264120,0.067517
D203700,D266120,0.031512
D203700,D266600,0.20405
D203700,D267730,0.02108
D203700,D267740,0.25784
D203700,D268220,0.10551
D203700,D268320,0.19826
D203700,D270960,0.056175
D203700,D273300,0.11491
D203700,D273800,0.17798
D203700,D275000,0.15503
D203700,D276300,0.14018
D203700,D277350,0.10795
D203700,D277440,0.17606
D203700,D277460,0.139
D203700,D278200,0.057631
D203700,D300125,0.23582
D203700,D300232,0.28421
D203700,D300491,0.28627
D203700,D300494,0.20284
D203700,D303110,0.13613
D203700,D304790,0.18604
D203700,D304900,0.10684
D203700,D305300,0.055332
D203700,D308205,0.26574
D203700,D308350,0.27065
D203700,D308600,0.095529
D203700,D310468,0.025165
D203700,D311360,0.17983
D203700,D312910,0.16735
D203700,D540000,0.38005
D203700,D600131,0.21647
D203700,D600263,0.091255
D203700,D600351,0.059729
D203700,D600496,0.095277
D203700,D600634,0.01797
D203700,D600803,0.10039
D203700,D600807,0.1089
D203700,D601004,0.052695
D203700,D601042,0.25869
D203700,D601367,0.18065
D203700,D601608,0.11689
D203700,D601626,0.013049
D203700,D601665,0.15241
D203700,D601682,0.12165
D203700,D602068,0.039654
D203700,D602080,0.19846
D203700,D602522,0.15607
D203700,D603165,0.1305
D203700,D604278,0.15886
D203700,D604416,0.081061
D203700,D604827,0.14091
D203700,D605021,0.24672
D203700,D605055,0.31098
D203700,D605839,0.014479
D203700,D606703,0.14613
D203700,D606798,0.27468
D203700,D606842,0.23304
D203700,D607225,0.16101
D203700,D607459,0.242
D203700,D607498,0.22883
D203700,D607499,0.12979
D203700,D607501,0.21524
D203700,D607508,0.23669
D203700,D607516,0.26396
D203700,D607554,0.13659
D203700,D607628,0.19235
D203700,D607631,0.25927
D203700,D607681,0.19692
D203700,D607682,0.19786
D203700,D607685,0.14666
D203700,D607850,0.08904
D203700,D608033,0.33504
D203700,D608088,0.21342
D203700,D608105,0.27136
D203700,D608217,0.2178
D203700,D608320,0.080969
D203700,D608583,0.12871
D203700,D608622,0.11779
D205700,D206200,0.34989
D205700,D208085,0.029058
D205700,D208230,0.057125
D205700,D208300,0.050793
D205700,D208550,0.041951
D205700,D208920,0.088036
D205700,D215140,0.071051
D205700,D218200,0.074634
D205700,D218800,0.083544
D205700,D223350,0.26935
D205700,D227300,0.15714
D205700,D230450,0.27726
D205700,D230800,0.11858
D205700,D231200,0.13575
D205700,D231900,0.34181
D205700,D236000,0.17453
D205700,D237500,0.062597
D205700,D240400,0.072226
D205700,D246400,0.14079
D205700,D246470,0.11645
D205700,D247200,0.072226
D205700,D247640,0.11313
D205700,D249100,0.12369
D205700,D250790,0.076377
D205700,D254200,0.066114
D205700,D254400,0.2153
D205700,D254450,0.15203
D205700,D254500,0.23401
D205700,D258360,0.074455
D205700,D260480,0.053723
D205700,D260570,0.099755
D205700,D263300,0.082992
D205700,D266120,0.27458
D205700,D266600,0.13067
D205700,D267730,0.19825
D205700,D273800,0.05739
D205700,D275000,0.057989
D205700,D276300,0.04635
D205700,D277460,0.09471
D205700,D304790,0.2011
D205700,D305300,0.085611
D205700,D311360,0.057891
D205700,D600351,0.1292
D205700,D600496,0.082573
D205700,D600807,0.08309
D205700,D601367,0.059549
D205700,D601608,0.40801
D205700,D601626,0.16367
D205700,D603165,0.026458
D205700,D607685,0.085143
D205700,D608088,0.072535
D205700,D608320,0.069202
D206200,D208230,0.075048
D206200,D208300,0.0638
D206200,D208550,0.11032
D206200,D208920,0.18793
D206200,D211980,0.1583
D206200,D212140,0.095555
D206200,D215140,0.12192
D206200,D215470,0.14627
D206200,D218200,0.093918
D206200,D218800,0.17883
D206200,D220120,0.20255
D206200,D223350,0.44878
D206200,D227300,0.33453
D206200,D230450,0.38747
D206200,D230800,0.1756
D206200,D231200,0.17298
D206200,D231900,0.4773
D206200,D236000,0.17814
D206200,D237450,0.068228
D206200,D237500,0.20097
D206200,D240400,0.23571
D206200,D241519,0.22637
D206200,D243200,0.057414
D206200,D246300,0.10561
D206200,D246400,0.17978
D206200,D246470,0.048117
D206200,D247200,0.15162
D206200,D247640,0.093982
D206200,D249100,0.17618
D206200,D250790,0.19638
D206200,D254200,0.12853
D206200,D254400,0.10736
D206200,D254450,0.14283
D206200,D254500,0.24288
D206200,D256700,0.073394
D206200,D258360,0.19185
D206200,D259500,0.09746
D206200,D260480,0.070538
D206200,D260570,0.13105
D206200,D261515,0.088213
D206200,D263300,0.21363
D206200,D263800,0.10883
D206200,D264120,0.19285
D206200,D266120,0.45355
D206200,D266600,0.18558
D206200,D267730,0.081971
D206200,D268220,0.057405
D206200,D273300,0.085357
D206200,D273800,0.18452
D206200,D275000,0.10876
D206200,D276300,0.058327
D206200,D277350,0.18248
D206200,D277440,0.090776
D206200,D277460,0.20189
D206200,D304790,0.20247
D206200,D305300,0.10773
D206200,D310468,0.049319
D206200,D311360,0.11261
D206200,D540000,0.096368
D206200,D600263,0.14821
D206200,D600351,0.20435
D206200,D600496,0.16058
D206200,D600803,0.19464
D206200,D600807,0.17788
D206200,D601367,0.19366
D206200,D601608,0.19744
D206200,D601626,0.20925
D206200,D602080,0.095422
D206200,D602522,0.1236
D206200,D603165,0.10297
D206200,D604278,0.12526
D206200,D607508,0.17295
D206200,D607685,0.18187
D206200,D608622,0.25432
D208085,D208230,0.10056
D208085,D208300,0.021624
D208085,D208550,0.017584
D208085,D208700,0.053417
D208085,D208750,0.035399
D208085,D208920,0.087744
D208085,D210050,0.12545
D208085,D212050,0.062392
D208085,D212130,0.086278
D208085,D212140,0.21855
D208085,D212350,0.10956
D208085,D215140,0.11594
D208085,D215470,0.049114
D208085,D217150,0.17334
D208085,D217200,0.03895
D208085,D218200,0.062506
D208085,D218800,0.2291
D208085,D220120,0.14491
D208085,D223350,0.018553
D208085,D225740,0.13026
D208085,D225755,0.054709
D208085,D226000,0.038844
D208085,D226150,0.022612
D208085,D227300,0.022312
D208085,D230450,0.16668
D208085,D230800,0.14586
D208085,D231200,0.091557
D208085,D231900,0.052202
D208085,D233810,0.091501
D208085,D236000,0.02931
D208085,D237450,0.353
D208085,D237500,0.39453
D208085,D238800,0.10376
D208085,D239350,0.085756
D208085,D240400,0.1824
D208085,D241100,0.064135
D208085,D241519,0.093729
D208085,D243200,0.077172
D208085,D246300,0.08903
D208085,D246400,0.17125
D208085,D246470,0.065017
D208085,D247200,0.13828
D208085,D247640,0.015635
D208085,D248190,0.22757
D208085,D249100,0.18535
D208085,D250790,0.14294
D208085,D252320,0.12398
D208085,D254200,0.083231
D208085,D254400,0.062164
D208085,D254450,0.033694
D208085,D254500,0.068706
D208085,D254770,0.066502
D208085,D254800,0.15388
D208085,D255900,0.082781
D208085,D256370,0.08523
D208085,D256700,0.13455
D208085,D258360,0.016595
D208085,D259050,0.12629
D208085,D259500,0.062832
D208085,D259660,0.11749
D208085,D260480,0.18676
D208085,D260570,0.041721
D208085,D260970,0.064337
D208085,D261515,0.22247
D208085,D263300,0.08925
D208085,D263800,0.16513
D208085,D264120,0.020725
D208085,D266120,0.061223
D208085,D266600,0.17915
D208085,D267730,0.027416
D208085,D268220,0.069783
D208085,D268320,0.036921
D208085,D270960,0.036531
D208085,D273300,0.057956
D208085,D273800,0.10149
D208085,D275000,0.10706
D208085,D276300,0.10151
D208085,D277350,0.083418
D208085,D277440,0.16155
D208085,D277460,0.15482
D208085,D278200,0.026767
D208085,D300125,0.04067
D208085,D300232,0.15039
D208085,D300491,0.061069
D208085,D300494,0.090237
D208085,D303110,0.034862
D208085,D304790,0.14655
D208085,D304900,0.13363
D208085,D305300,0.055039
D208085,D308205,0.078605
D208085,D308350,0.077063
D208085,D308600,0.40817
D208085,D310468,0.26763
D208085,D311360,0.060669
D208085,D312910,0.057012
D208085,D540000,0.092302
D208085,D600082,0.02945
D208085,D600131,0.055211
D208085,D600263,0.0725
D208085,D600351,0.056077
D208085,D600496,0.11486
D208085,D600631,0.083345
D208085,D600634,0.02337
D208085,D600803,0.16985
D208085,D600807,0.089293
D208085,D600808,0.082969
D208085,D601004,0.084086
D208085,D601042,0.061668
D208085,D601367,0.091713
D208085,D601518,0.02662
D208085,D601608,0.084089
D208085,D601626,0.016971
D208085,D601665,0.13546
D208085,D601682,0.040791
D208085,D602068,0.057182
D208085,D602080,0.09393
D208085,D602522,0.17841
D208085,D603165,0.093578
D208085,D604278,0.13694
D208085,D604416,0.1876
D208085,D604827,0.043886
D208085,D605021,0.056795
D208085,D605055,0.058094
D208085,D605839,0.098759
D208085,D606703,0.054003
D208085,D606798,0.055783
D208085,D606842,0.11034
D208085,D607225,0.20278
D208085,D607459,0.10291
D208085,D607498,0.036303
D208085,D607499,0.055978
D208085,D607501,0.037154
D208085,D607508,0.037969
D208085,D607516,0.035637
D208085,D607554,0.025348
D208085,D607628,0.05191
D208085,D607631,0.048806
D208085,D607681,0.056569
D208085,D607682,0.057171
D208085,D607685,0.1172
D208085,D607850,0.11943
D208085,D608033,0.14108
D208085,D608088,0.091714
D208085,D608105,0.076228
D208085,D608217,0.094394
D208085,D608320,0.093864
D208230,D208300,0.043915
D208230,D208550,0.1413
D208230,D208700,0.035032
D208230,D208750,0.042118
D208230,D208920,0.072867
D208230,D210050,0.027375
D208230,D211980,0.050492
D208230,D212050,0.036598
D208230,D212112,0.063471
D208230,D212130,0.14191
D208230,D212140,0.16464
D208230,D212350,0.12602
D208230,D215140,0.25718
D208230,D215470,0.079667
D208230,D217150,0.11475
D208230,D217200,0.039435
D208230,D218200,0.046165
D208230,D218800,0.092275
D208230,D220120,0.082139
D208230,D223350,0.073194
D208230,D225740,0.12006
D208230,D225755,0.14824
D208230,D226000,0.057308
D208230,D227300,0.043157
D208230,D230450,0.24423
D208230,D230800,0.16102
D208230,D231200,0.055626
D208230,D231900,0.14885
D208230,D233810,0.17946
D208230,D236000,0.10354
D208230,D237500,0.067897
D208230,D238800,0.10502
D208230,D239350,0.067716
D208230,D240400,0.094804
D208230,D241100,0.081023
D208230,D241519,0.048985
D208230,D243200,0.018813
D208230,D246300,0.049836
D208230,D246400,0.11449
D208230,D246470,0.015804
D208230,D247200,0.13316
D208230,D247640,0.030709
D208230,D248190,0.037533
D208230,D249100,0.20781
D208230,D250790,0.12417
D208230,D252320,0.14831
D208230,D254200,0.23637
D208230,D254400,0.017554
D208230,D254450,0.056078
D208230,D254500,0.16542
D208230,D254770,0.031308
D208230,D254800,0.083345
D208230,D255900,0.20893
D208230,D256700,0.1288
D208230,D258360,0.077281
D208230,D259050,0.35411
D208230,D259500,0.22447
D208230,D259660,0.19795
D208230,D260480,0.16305
D208230,D260570,0.12598
D208230,D260970,0.040291
D208230,D261515,0.14606
D208230,D263300,0.051522
D208230,D263800,0.18995
D208230,D264120,0.081416
D208230,D266120,0.11236
D208230,D266600,0.19763
D208230,D267730,0.026921
D208230,D267740,0.049535
D208230,D268220,0.018661
D208230,D268320,0.035113
D208230,D270960,0.01798
D208230,D273300,0.06375
D208230,D273800,0.059794
D208230,D275000,0.2534
D208230,D276300,0.079214
D208230,D277350,0.038774
D208230,D277440,0.26346
D208230,D277460,0.078206
D208230,D278200,0.023993
D208230,D300125,0.038787
D208230,D300232,0.30935
D208230,D300491,0.050947
D208230,D303110,0.034176
D208230,D304790,0.084539
D208230,D304900,0.031777
D208230,D305300,0.14899
D208230,D308205,0.052453
D208230,D308350,0.052298
D208230,D310468,0.049963
D208230,D311360,0.10803
D208230,D312910,0.042131
D208230,D540000,0.13108
D208230,D600131,0.053138
D208230,D600263,0.082345
D208230,D600351,0.052739
D208230,D600496,0.085115
D208230,D600634,0.023017
D208230,D600803,0.041291
D208230,D600807,0.080978
D208230,D601042,0.16507
D208230,D601367,0.10225
D208230,D601608,0.20605
D208230,D601626,0.084398
D208230,D601665,0.046584
D208230,D602068,0.025172
D208230,D602080,0.23747
D208230,D602522,0.13558
D208230,D603165,0.066138
D208230,D604278,0.095666
D208230,D604416,0.27552
D208230,D604827,0.01925
D208230,D605021,0.051723
D208230,D605055,0.036903
D208230,D606703,0.12961
D208230,D606798,0.094579
D208230,D606842,0.22736
D208230,D607225,0.092884
D208230,D607459,0.022522
D208230,D607498,0.052817
D208230,D607501,0.054946
D208230,D607508,0.073093
D208230,D607516,0.033833
D208230,D607554,0.024887
D208230,D607628,0.047316
D208230,D607631,0.046774
D208230,D607681,0.053078
D208230,D607682,0.053998
D208230,D607685,0.095155
D208230,D607850,0.45342
D208230,D608033,0.051278
D208230,D608088,0.12245
D208230,D608105,0.11121
D208230,D608217,0.044623
D208230,D608320,0.058562
D208230,D608583,0.027352
D208230,D608622,0.080495
D208300,D208550,0.22492
D208300,D208750,0.051069
D208300,D208920,0.042957
D208300,D210050,0.048742
D208300,D211980,0.029874
D208300,D212050,0.065302
D208300,D212112,0.037672
D208300,D212140,0.035649
D208300,D212350,0.11503
D208300,D215140,0.14259
D208300,D215470,0.14489
D208300,D217150,0.11464
D208300,D217200,0.035007
D208300,D218200,0.054765
D208300,D218800,0.040917
D208300,D223350,0.065494
D208300,D225740,0.14459
D208300,D225755,0.031835
D208300,D226150,0.09387
D208300,D227300,0.038336
D208300,D230450,0.037042
D208300,D230800,0.14517
D208300,D231200,0.17566
D208300,D231900,0.045706
D208300,D233810,0.073771
D208300,D236000,0.10283
D208300,D237500,0.071781
D208300,D240400,0.026573
D208300,D243200,0.033555
D208300,D246400,0.08514
D208300,D246470,0.056546
D208300,D247200,0.14661
D208300,D247640,0.082315
D208300,D248190,0.10982
D208300,D249100,0.11916
D208300,D250790,0.028055
D208300,D252320,0.029923
D208300,D254200,0.073718
D208300,D254400,0.062848
D208300,D254450,0.055816
D208300,D254500,0.060216
D208300,D254800,0.037177
D208300,D255900,0.11376
D208300,D256700,0.15759
D208300,D258360,0.16909
D208300,D259050,0.13122
D208300,D259500,0.082687
D208300,D260480,0.12169
D208300,D261515,0.11493
D208300,D263300,0.060979
D208300,D263800,0.021248
D208300,D266120,0.035789
D208300,D266600,0.15446
D208300,D267730,0.096327
D208300,D267740,0.242
D208300,D268220,0.13461
D208300,D268320,0.16335
D208300,D273300,0.068443
D208300,D273800,0.12869
D208300,D275000,0.10396
D208300,D276300,0.070883
D208300,D277350,0.17591
D208300,D277440,0.034991
D208300,D277460,0.046248
D208300,D278200,0.13048
D208300,D300125,0.073871
D208300,D300232,0.12448
D208300,D300491,0.05919
D208300,D300494,0.30314
D208300,D303110,0.15627
D208300,D304790,0.11963
D208300,D305300,0.095856
D208300,D308205,0.17282
D208300,D311360,0.17797
D208300,D312910,0.12975
D208300,D540000,0.090209
D208300,D600263,0.083747
D208300,D600351,0.084877
D208300,D600496,0.061882
D208300,D600803,0.036713
D208300,D600807,0.16835
D208300,D601004,0.055667
D208300,D601042,0.18328
D208300,D601367,0.066565
D208300,D601608,0.058835
D208300,D601626,0.059732
D208300,D601682,0.41608
D208300,D602080,0.073286
D208300,D602522,0.09396
D208300,D603165,0.13796
D208300,D604278,0.24534
D208300,D604416,0.054929
D208300,D606703,0.095028
D208300,D606798,0.16446
D208300,D606842,0.052403
D208300,D607225,0.16753
D208300,D607459,0.10462
D208300,D607498,0.066687
D208300,D607501,0.067978
D208300,D607508,0.0689
D208300,D607516,0.095637
D208300,D607685,0.044128
D208300,D607850,0.075226
D208300,D608033,0.021436
D208300,D608088,0.080692
D208300,D608105,0.20246
D208550,D208750,0.12471
D208550,D208920,0.10756
D208550,D210050,0.082318
D208550,D211980,0.12427
D208550,D212050,0.10769
D208550,D212140,0.15006
D208550,D212350,0.055926
D208550,D215140,0.2067
D208550,D215470,0.13785
D208550,D217150,0.070681
D208550,D217200,0.028861
D208550,D218800,0.17003
D208550,D220120,0.062174
D208550,D223350,0.16307
D208550,D225740,0.069549
D208550,D226150,0.032543
D208550,D227300,0.063443
D208550,D230450,0.092354
D208550,D230800,0.19005
D208550,D231200,0.24602
D208550,D231900,0.11375
D208550,D233810,0.059788
D208550,D236000,0.19014
D208550,D237500,0.11697
D208550,D239350,0.025399
D208550,D240400,0.045496
D208550,D241100,0.045796
D208550,D241519,0.072009
D208550,D246300,0.12297
D208550,D246400,0.11489
D208550,D246470,0.086691
D208550,D247200,0.15574
D208550,D247640,0.067768
D208550,D248190,0.081581
D208550,D249100,0.29278
D208550,D250790,0.069855
D208550,D254200,0.12039
D208550,D254400,0.025808
D208550,D254450,0.092061
D208550,D254500,0.11679
D208550,D254800,0.075292
D208550,D255900,0.13841
D208550,D256700,0.20803
D208550,D258360,0.18693
D208550,D259050,0.11823
D208550,D259500,0.1808
D208550,D260480,0.20003
D208550,D260570,0.30191
D208550,D261515,0.13244
D208550,D263300,0.12709
D208550,D263800,0.11828
D208550,D264120,0.060389
D208550,D266120,0.088948
D208550,D266600,0.29194
D208550,D267730,0.039581
D208550,D267740,0.1111
D208550,D268220,0.1373
D208550,D268320,0.1378
D208550,D273300,0.10712
D208550,D273800,0.22866
D208550,D275000,0.17042
D208550,D276300,0.08066
D208550,D277350,0.14217
D208550,D277440,0.099041
D208550,D277460,0.076432
D208550,D278200,0.17817
D208550,D300125,0.057252
D208550,D300232,0.132
D208550,D300491,0.048869
D208550,D300494,0.14928
D208550,D303110,0.10106
D208550,D304790,0.20601
D208550,D305300,0.052202
D208550,D308205,0.13689
D208550,D311360,0.15962
D208550,D312910,0.083066
D208550,D540000,0.14917
D208550,D600263,0.092113
D208550,D600351,0.097213
D208550,D600496,0.10006
D208550,D600803,0.091034
D208550,D600807,0.38905
D208550,D601042,0.1284
D208550,D601367,0.073597
D208550,D601608,0.047828
D208550,D601626,0.098961
D208550,D601682,0.13415
D208550,D602068,0.074018
D208550,D602080,0.13647
D208550,D602522,0.115
D208550,D603165,0.40091
D208550,D604278,0.13566
D208550,D604416,0.11103
D208550,D606703,0.077102
D208550,D606798,0.07933
D208550,D606842,0.08766
D208550,D607225,0.11636
D208550,D607459,0.067278
D208550,D607498,0.075577
D208550,D607499,0.040134
D208550,D607501,0.077774
D208550,D607508,0.10765
D208550,D607516,0.075331
D208550,D607685,0.1935
D208550,D607850,0.091405
D208550,D608033,0.035654
D208550,D608088,0.065891
D208550,D608105,0.10972
D208550,D608320,0.063101
D208550,D608622,0.081662
D208700,D208750,0.11215
D208700,D208920,0.37275
D208700,D210050,0.13823
D208700,D212050,0.082661
D208700,D212112,0.062979
D208700,D212130,0.077577
D208700,D212140,0.11817
D208700,D212350,0.17372
D208700,D215140,0.014525
D208700,D215470,0.29183
D208700,D217150,0.047476
D208700,D217200,0.23463
D208700,D218200,0.21346
D208700,D218800,0.15953
D208700,D220120,0.28589
D208700,D225740,0.070821
D208700,D225755,0.21364
D208700,D226000,0.21372
D208700,D227300,0.032611
D208700,D230450,0.14114
D208700,D230800,0.071333
D208700,D231200,0.020688
D208700,D231900,0.076302
D208700,D233810,0.055754
D208700,D237450,0.099167
D208700,D237500,0.05766
D208700,D238800,0.15265
D208700,D239350,0.21973
D208700,D240400,0.066562
D208700,D241100,0.023176
D208700,D241519,0.067843
D208700,D243200,0.1123
D208700,D246400,0.017102
D208700,D247200,0.089306
D208700,D248190,0.054996
D208700,D249100,0.072827
D208700,D250790,0.047667
D208700,D252320,0.050129
D208700,D254200,0.081651
D208700,D254500,0.10596
D208700,D254770,0.29593
D208700,D254800,0.34677
D208700,D255900,0.04578
D208700,D256370,0.022002
D208700,D256700,0.13414
D208700,D258360,0.04576
D208700,D259050,0.042475
D208700,D259500,0.022713
D208700,D259660,0.033791
D208700,D260480,0.033342
D208700,D260570,0.030486
D208700,D260970,0.24871
D208700,D261515,0.12914
D208700,D263800,0.14188
D208700,D264120,0.090408
D208700,D266120,0.029765
D208700,D266600,0.051136
D208700,D267740,0.26574
D208700,D268220,0.02775
D208700,D268320,0.078448
D208700,D270960,0.026685
D208700,D273300,0.053637
D208700,D273800,0.070629
D208700,D275000,0.068644
D208700,D276300,0.057015
D208700,D277350,0.028605
D208700,D277440,0.13329
D208700,D277460,0.34599
D208700,D300125,0.11572
D208700,D300232,0.11901
D208700,D300491,0.32216
D208700,D303110,0.10189
D208700,D304790,0.041301
D208700,D304900,0.11831
D208700,D305300,0.053248
D208700,D308205,0.11769
D208700,D308350,0.24768
D208700,D308600,0.12145
D208700,D310468,0.071692
D208700,D311360,0.16006
D208700,D312910,0.214
D208700,D540000,0.29892
D208700,D600131,0.33721
D208700,D600496,0.050582
D208700,D600634,0.034157
D208700,D601042,0.12627
D208700,D601367,0.15294
D208700,D601608,0.047613
D208700,D601665,0.11499
D208700,D602080,0.045059
D208700,D602522,0.07723
D208700,D603165,0.016201
D208700,D604278,0.13551
D208700,D604416,0.044684
D208700,D604827,0.23489
D208700,D605021,0.39153
D208700,D605055,0.32489
D208700,D606703,0.16079
D208700,D606798,0.10695
D208700,D606842,0.095486
D208700,D607225,0.11695
D208700,D607459,0.31109
D208700,D607498,0.13036
D208700,D607501,0.10512
D208700,D607508,0.13754
D208700,D607516,0.12878
D208700,D607554,0.14846
D208700,D607628,0.26489
D208700,D607631,0.34494
D208700,D607681,0.2717
D208700,D607682,0.27235
D208700,D607685,0.05743
D208700,D608033,0.19767
D208700,D608088,0.16245
D208700,D608105,0.2184
D208700,D608217,0.25761
D208700,D608320,0.063784
D208700,D608583,0.12245
D208700,D608622,0.11167
D208750,D208920,0.21292
D208750,D210050,0.049078
D208750,D212050,0.144
D208750,D212110,0.22285
D208750,D212112,0.36585
D208750,D212130,0.15633
D208750,D212140,0.2153
D208750,D212350,0.16529
D208750,D215140,0.076494
D208750,D215470,0.21822
D208750,D217150,0.019105
D208750,D217200,0.33254
D208750,D218200,0.055069
D208750,D218800,0.10255
D208750,D220120,0.11916
D208750,D225740,0.16351
D208750,D225755,0.20118
D208750,D226000,0.21538
D208750,D230450,0.050619
D208750,D230800,0.16154
D208750,D231200,0.10723
D208750,D233810,0.11425
D208750,D236000,0.017063
D208750,D237450,0.064975
D208750,D237500,0.03718
D208750,D238800,0.024221
D208750,D239350,0.040153
D208750,D240400,0.017827
D208750,D241100,0.037225
D208750,D243200,0.022469
D208750,D246300,0.046515
D208750,D246400,0.059128
D208750,D246470,0.019001
D208750,D247200,0.15375
D208750,D248190,0.066317
D208750,D249100,0.1268
D208750,D250790,0.084177
D208750,D252320,0.10978
D208750,D254200,0.048979
D208750,D254400,0.07899
D208750,D254450,0.041199
D208750,D254500,0.040276
D208750,D254770,0.037393
D208750,D254800,0.25122
D208750,D255900,0.13892
D208750,D256700,0.13385
D208750,D258360,0.14897
D208750,D259050,0.21457
D208750,D260480,0.12718
D208750,D260970,0.14499
D208750,D261515,0.11253
D208750,D263300,0.041842
D208750,D263800,0.12832
D208750,D264120,0.12099
D208750,D266600,0.10708
D208750,D267740,0.12054
D208750,D268220,0.045444
D208750,D268320,0.23619
D208750,D273300,0.042993
D208750,D273800,0.10476
D208750,D275000,0.17776
D208750,D276300,0.086197
D208750,D277350,0.10365
D208750,D277440,0.085246
D208750,D277460,0.20518
D208750,D278200,0.20095
D208750,D300125,0.16337
D208750,D300232,0.15553
D208750,D300491,0.10128
D208750,D300494,0.082431
D208750,D303110,0.27012
D208750,D304790,0.12132
D208750,D304900,0.018941
D208750,D305300,0.20211
D208750,D308205,0.24658
D208750,D308350,0.10032
D208750,D308600,0.080424
D208750,D311360,0.095395
D208750,D312910,0.29362
D208750,D540000,0.21533
D208750,D600131,0.063494
D208750,D600496,0.020751
D208750,D600803,0.024661
D208750,D600807,0.013876
D208750,D601004,0.039044
D208750,D601042,0.1976
D208750,D601367,0.11149
D208750,D601608,0.038174
D208750,D601665,0.080513
D208750,D601682,0.074079
D208750,D602068,0.13467
D208750,D602080,0.18109
D208750,D602522,0.20517
D208750,D603165,0.10031
D208750,D604278,0.11061
D208750,D604416,0.081096
D208750,D604827,0.022991
D208750,D605021,0.061804
D208750,D605055,0.044095
D208750,D605839,0.054864
D208750,D606703,0.10017
D208750,D606798,0.13059
D208750,D606842,0.16778
D208750,D607225,0.07829
D208750,D607459,0.19263
D208750,D607498,0.14327
D208750,D607501,0.14821
D208750,D607508,0.15274
D208750,D607516,0.16353
D208750,D607554,0.20164
D208750,D607628,0.056538
D208750,D607631,0.085487
D208750,D607681,0.063423
D208750,D607682,0.064522
D208750,D607685,0.19391
D208750,D608033,0.073717
D208750,D608088,0.071986
D208750,D608105,0.11217
D208750,D608217,0.12441
D208750,D608320,0.1003
D208750,D608583,0.22226
D208750,D608622,0.093483
D208920,D210050,0.16921
D208920,D211980,0.1227
D208920,D212050,0.11949
D208920,D212110,0.03494
D208920,D212112,0.13309
D208920,D212130,0.079187
D208920,D212140,0.29008
D208920,D212350,0.17166
D208920,D215140,0.14305
D208920,D215470,0.38726
D208920,D217150,0.032221
D208920,D217200,0.17106
D208920,D218200,0.25585
D208920,D218800,0.30332
D208920,D220120,0.27924
D208920,D223350,0.13253
D208920,D225740,0.23574
D208920,D225755,0.2206
D208920,D226000,0.16233
D208920,D226150,0.022517
D208920,D227300,0.15543
D208920,D230450,0.24395
D208920,D230800,0.24214
D208920,D231200,0.12904
D208920,D231900,0.18478
D208920,D233810,0.22609
D208920,D236000,0.17807
D208920,D237450,0.13922
D208920,D237500,0.17422
D208920,D238800,0.10453
D208920,D239350,0.10337
D208920,D240400,0.20178
D208920,D241100,0.015961
D208920,D241519,0.27701
D208920,D243200,0.21234
D208920,D246300,0.20745
D208920,D246400,0.093053
D208920,D246470,0.032485
D208920,D247200,0.20344
D208920,D247640,0.063016
D208920,D248190,0.075787
D208920,D249100,0.21928
D208920,D250790,0.21453
D208920,D252320,0.12285
D208920,D254200,0.15527
D208920,D254400,0.13263
D208920,D254450,0.080172
D208920,D254500,0.30453
D208920,D254770,0.16251
D208920,D254800,0.31711
D208920,D255900,0.10052
D208920,D256370,0.015153
D208920,D256700,0.27035
D208920,D258360,0.28465
D208920,D259050,0.11257
D208920,D259500,0.14312
D208920,D259660,0.023272
D208920,D260480,0.11762
D208920,D260570,0.13352
D208920,D260970,0.24629
D208920,D261515,0.21594
D208920,D263300,0.176
D208920,D263800,0.2138
D208920,D264120,0.17258
D208920,D266120,0.14471
D208920,D266600,0.21349
D208920,D267730,0.027601
D208920,D267740,0.12686
D208920,D268220,0.095843
D208920,D268320,0.13386
D208920,D270960,0.018378
D208920,D273300,0.18567
D208920,D273800,0.23184
D208920,D275000,0.23953
D208920,D276300,0.16949
D208920,D277350,0.14107
D208920,D277440,0.18444
D208920,D277460,0.42083
D208920,D278200,0.026387
D208920,D300125,0.17974
D208920,D300232,0.19916
D208920,D300491,0.16547
D208920,D300494,0.089533
D208920,D303110,0.087779
D208920,D304790,0.20955
D208920,D304900,0.14688
D208920,D305300,0.090603
D208920,D308205,0.21032
D208920,D308350,0.23552
D208920,D308600,0.143
D208920,D310468,0.065971
D208920,D311360,0.23672
D208920,D312910,0.19063
D208920,D540000,0.31102
D208920,D600131,0.16404
D208920,D600263,0.13067
D208920,D600351,0.18361
D208920,D600496,0.10587
D208920,D600634,0.023525
D208920,D600803,0.12812
D208920,D600807,0.15535
D208920,D601042,0.18671
D208920,D601367,0.2415
D208920,D601608,0.10063
D208920,D601626,0.12108
D208920,D601665,0.20656
D208920,D601682,0.031073
D208920,D602068,0.080816
D208920,D602080,0.19173
D208920,D602522,0.093808
D208920,D603165,0.12849
D208920,D604278,0.2056
D208920,D604416,0.095655
D208920,D604827,0.10301
D208920,D605021,0.16277
D208920,D605055,0.19145
D208920,D605839,0.04045
D208920,D606703,0.2127
D208920,D606798,0.16584
D208920,D606842,0.1079
D208920,D607225,0.10687
D208920,D607459,0.31942
D208920,D607498,0.15791
D208920,D607499,0.085149
D208920,D607501,0.16306
D208920,D607508,0.22479
D208920,D607516,0.17438
D208920,D607554,0.15313
D208920,D607628,0.14869
D208920,D607631,0.16876
D208920,D607681,0.16529
D208920,D607682,0.16778
D208920,D607685,0.30811
D208920,D608033,0.23897
D208920,D608088,0.18758
D208920,D608105,0.18961
D208920,D608217,0.23298
D208920,D608320,0.12989
D208920,D608583,0.14026
D208920,D608622,0.21151
D210050,D211980,0.088964
D210050,D212050,0.064653
D210050,D212110,0.039683
D210050,D212112,0.073816
D210050,D212130,0.05972
D210050,D212140,0.1532
D210050,D212350,0.09278
D210050,D215140,0.053572
D210050,D215470,0.11212
D210050,D217150,0.018891
D210050,D217200,0.20697
D210050,D218200,0.24087
D210050,D218800,0.24376
D210050,D220120,0.22529
D210050,D225740,0.15141
D210050,D225755,0.041599
D210050,D226000,0.17128
D210050,D226150,0.025514
D210050,D230450,0.15879
D210050,D230800,0.127
D210050,D231200,0.032613
D210050,D233810,0.15466
D210050,D236000,0.071792
D210050,D237500,0.07078
D210050,D238800,0.023603
D210050,D239350,0.1372
D210050,D240400,0.13025
D210050,D241519,0.082285
D210050,D243200,0.1315
D210050,D246300,0.019243
D210050,D246400,0.069703
D210050,D246470,0.018994
D210050,D247200,0.21673
D210050,D248190,0.021538
D210050,D249100,0.14854
D210050,D250790,0.15059
D210050,D252320,0.1176
D210050,D254200,0.047629
D210050,D254400,0.040983
D210050,D254450,0.041372
D210050,D254500,0.052377
D210050,D254770,0.22473
D210050,D254800,0.29195
D210050,D255900,0.035774
D210050,D256700,0.13345
D210050,D258360,0.035758
D210050,D259050,0.045683
D210050,D259500,0.041151
D210050,D260480,0.052214
D210050,D260970,0.12927
D210050,D261515,0.19975
D210050,D263300,0.12613
D210050,D263800,0.13998
D210050,D264120,0.046975
D210050,D266600,0.10105
D210050,D267740,0.21614
D210050,D268320,0.061967
D210050,D273300,0.086012
D210050,D273800,0.15247
D210050,D275000,0.040253
D210050,D276300,0.11286
D210050,D277350,0.023171
D210050,D277440,0.084032
D210050,D277460,0.14144
D210050,D300125,0.2041
D210050,D300232,0.17331
D210050,D300491,0.32979
D210050,D300494,0.10165
D210050,D303110,0.039801
D210050,D304790,0.05841
D210050,D304900,0.12997
D210050,D305300,0.041105
D210050,D308205,0.16689
D210050,D308350,0.22301
D210050,D311360,0.055436
D210050,D312910,0.065227
D210050,D540000,0.19348
D210050,D600131,0.27619
D210050,D600263,0.03671
D210050,D600351,0.015695
D210050,D600496,0.020401
D210050,D600803,0.073456
D210050,D600807,0.11202
D210050,D601004,0.21946
D210050,D601042,0.14596
D210050,D601367,0.19111
D210050,D601608,0.076884
D210050,D601665,0.18529
D210050,D602080,0.071915
D210050,D602522,0.04576
D210050,D603165,0.068513
D210050,D604278,0.09157
D210050,D604827,0.15499
D210050,D605021,0.30702
D210050,D605055,0.25072
D210050,D606703,0.14899
D210050,D606798,0.1463
D210050,D606842,0.1427
D210050,D607225,0.11094
D210050,D607459,0.20482
D210050,D607498,0.20141
D210050,D607499,0.096697
D210050,D607501,0.18518
D210050,D607508,0.21299
D210050,D607516,0.19927
D210050,D607554,0.17411
D210050,D607628,0.27493
D210050,D607631,0.25064
D210050,D607681,0.28246
D210050,D607682,0.28401
D210050,D607685,0.15558
D210050,D608033,0.22951
D210050,D608088,0.086902
D210050,D608105,0.19863
D210050,D608217,0.23639
D210050,D608320,0.05605
D210050,D608583,0.19138
D210050,D608622,0.17513
D211980,D212140,0.11451
D211980,D215140,0.13537
D211980,D215470,0.066397
D211980,D218800,0.087616
D211980,D220120,0.12456
D211980,D223350,0.11093
D211980,D227300,0.12849
D211980,D230450,0.059363
D211980,D230800,0.15651
D211980,D231090,0.17014
D211980,D231200,0.10025
D211980,D231900,0.073234
D211980,D236000,0.24379
D211980,D237450,0.031926
D211980,D237500,0.1956
D211980,D240400,0.065694
D211980,D241519,0.15193
D211980,D243200,0.026866
D211980,D246300,0.047252
D211980,D246400,0.099589
D211980,D246470,0.16661
D211980,D247200,0.088543
D211980,D247640,0.18624
D211980,D249100,0.10865
D211980,D250790,0.044858
D211980,D254200,0.20133
D211980,D254400,0.081516
D211980,D254450,0.071824
D211980,D254500,0.16783
D211980,D254800,0.029401
D211980,D256370,0.089536
D211980,D256700,0.25532
D211980,D258360,0.043916
D211980,D259500,0.34679
D211980,D260480,0.031559
D211980,D260570,0.058631
D211980,D261515,0.13132
D211980,D263300,0.048854
D211980,D263800,0.06632
D211980,D264120,0.087521
D211980,D266120,0.085963
D211980,D266600,0.11559
D211980,D267730,0.085943
D211980,D268220,0.17669
D211980,D268320,0.025806
D211980,D270960,0.057199
D211980,D273300,0.22334
D211980,D273800,0.10267
D211980,D275000,0.15129
D211980,D276300,0.19495
D211980,D277350,0.082834
D211980,D277440,0.12085
D211980,D277460,0.077471
D211980,D300232,0.015098
D211980,D304790,0.054248
D211980,D308205,0.014713
D211980,D310468,0.023078
D211980,D311360,0.070131
D211980,D540000,0.058702
D211980,D600263,0.2382
D211980,D600351,0.096611
D211980,D600496,0.098161
D211980,D600634,0.27233
D211980,D600803,0.11866
D211980,D600807,0.22324
D211980,D601367,0.12984
D211980,D601518,0.085006
D211980,D601608,0.062076
D211980,D601626,0.17361
D211980,D601665,0.04921
D211980,D602080,0.13839
D211980,D602522,0.0561
D211980,D603165,0.21479
D211980,D604278,0.056835
D211980,D604827,0.085075
D211980,D605839,0.23506
D211980,D606842,0.068606
D211980,D607508,0.078498
D211980,D607685,0.10624
D211980,D608033,0.017192
D211980,D608088,0.021315
D211980,D608622,0.11509
D212050,D212112,0.032908
D212050,D212130,0.039963
D212050,D212140,0.080697
D212050,D212350,0.078916
D212050,D215140,0.13305
D212050,D215470,0.097376
D212050,D217150,0.20042
D212050,D217200,0.06126
D212050,D218200,0.095763
D212050,D218800,0.1351
D212050,D220120,0.093848
D212050,D225740,0.13151
D212050,D225755,0.027809
D212050,D226000,0.12947
D212050,D226150,0.034614
D212050,D230450,0.065383
D212050,D230800,0.18621
D212050,D231090,0.058355
D212050,D231200,0.11869
D212050,D233810,0.17358
D212050,D237450,0.079004
D212050,D237500,0.091458
D212050,D238800,0.031603
D212050,D239350,0.052351
D212050,D240400,0.047332
D212050,D241100,0.048536
D212050,D241519,0.074574
D212050,D243200,0.058729
D212050,D246300,0.11132
D212050,D246400,0.12659
D212050,D246470,0.049512
D212050,D247200,0.1565
D212050,D248190,0.057628
D212050,D249100,0.17936
D212050,D250790,0.10526
D212050,D252320,0.086385
D212050,D254200,0.06379
D212050,D254400,0.070343
D212050,D254500,0.07003
D212050,D254770,0.097737
D212050,D254800,0.066699
D212050,D255900,0.20768
D212050,D256700,0.12667
D212050,D258360,0.19837
D212050,D259050,0.1663
D212050,D260480,0.23135
D212050,D260970,0.031384
D212050,D261515,0.14476
D212050,D263300,0.026792
D212050,D263800,0.11049
D212050,D264120,0.031407
D212050,D266600,0.15139
D212050,D267740,0.15485
D212050,D268220,0.058173
D212050,D268320,0.16844
D212050,D273300,0.028064
D212050,D273800,0.21293
D212050,D275000,0.13365
D212050,D276300,0.15779
D212050,D277350,0.1897
D212050,D277440,0.15464
D212050,D277460,0.14577
D212050,D278200,0.27509
D212050,D300125,0.060507
D212050,D300232,0.19983
D212050,D300491,0.13112
D212050,D300494,0.10438
D212050,D303110,0.080141
D212050,D304790,0.15989
D212050,D304900,0.049503
D212050,D305300,0.027506
D212050,D308205,0.30681
D212050,D308350,0.054829
D212050,D308600,0.097777
D212050,D311360,0.11424
D212050,D312910,0.087669
D212050,D540000,0.062277
D212050,D600131,0.082886
D212050,D600263,0.12663
D212050,D600351,0.040901
D212050,D600496,0.026495
D212050,D600803,0.032172
D212050,D600807,0.10801
D212050,D601042,0.075258
D212050,D601367,0.038326
D212050,D601608,0.024876
D212050,D601665,0.14926
D212050,D601682,0.094661
D212050,D602068,0.20851
D212050,D602080,0.065936
D212050,D602522,0.14338
D212050,D603165,0.18526
D212050,D604278,0.12337
D212050,D604416,0.15095
D212050,D604827,0.060112
D212050,D605021,0.080625
D212050,D605055,0.057678
D212050,D605839,0.066684
D212050,D606703,0.078706
D212050,D606798,0.11184
D212050,D606842,0.045852
D212050,D607225,0.10131
D212050,D607459,0.071142
D212050,D607498,0.052896
D212050,D607501,0.054557
D212050,D607508,0.056587
D212050,D607516,0.079643
D212050,D607554,0.077681
D212050,D607628,0.073682
D212050,D607631,0.072953
D212050,D607681,0.082768
D212050,D607682,0.084208
D212050,D607685,0.17819
D212050,D608033,0.081668
D212050,D608088,0.023253
D212050,D608105,0.11485
D212050,D608217,0.069542
D212050,D608583,0.085377
D212050,D608622,0.077856
D212110,D212112,0.58006
D212110,D212130,0.24361
D212110,D212140,0.14266
D212110,D212350,0.12663
D212110,D218200,0.04449
D212110,D225740,0.16494
D212110,D226000,0.30598
D212110,D230800,0.080826
D212110,D236000,0.041368
D212110,D240400,0.04322
D212110,D247200,0.040718
D212110,D249100,0.047328
D212110,D252320,0.048747
D212110,D254400,0.050921
D212110,D254500,0.032593
D212110,D254800,0.029634
D212110,D256700,0.02253
D212110,D261515,0.051055
D212110,D263300,0.049601
D212110,D263800,0.033121
D212110,D266600,0.024919
D212110,D273800,0.03434
D212110,D275000,0.11562
D212110,D277460,0.11453
D212110,D300125,0.056258
D212110,D304790,0.053736
D212110,D305300,0.2954
D212110,D540000,0.029762
D212110,D601367,0.071915
D212110,D601665,0.045242
D212110,D606842,0.13622
D212110,D607498,0.049174
D212110,D607501,0.050706
D212110,D607508,0.05261
D212110,D607516,0.049042
D212110,D607554,0.14468
D212110,D607685,0.10223
D212110,D608320,0.088214
D212110,D608583,0.15902
D212110,D608622,0.15301
D212112,D212130,0.24992
D212112,D212140,0.20597
D212112,D212350,0.22517
D212112,D215140,0.017624
D212112,D215470,0.25476
D212112,D217150,0.028277
D212112,D217200,0.19577
D212112,D218200,0.13813
D212112,D218800,0.06245
D212112,D220120,0.15507
D212112,D225740,0.22807
D212112,D225755,0.21424
D212112,D226000,0.4399
D212112,D230450,0.076157
D212112,D230800,0.089082
D212112,D231200,0.025229
D212112,D233810,0.067254
D212112,D236000,0.025647
D212112,D238800,0.036469
D212112,D239350,0.090658
D212112,D240400,0.026796
D212112,D241100,0.14981
D212112,D243200,0.067678
D212112,D247200,0.18158
D212112,D247640,0.027616
D212112,D248190,0.03325
D212112,D249100,0.11997
D212112,D250790,0.057498
D212112,D252320,0.09069
D212112,D254200,0.098083
D212112,D254400,0.03157
D212112,D254500,0.060606
D212112,D254770,0.056304
D212112,D254800,0.09225
D212112,D255900,0.083223
D212112,D256700,0.070006
D212112,D258360,0.14508
D212112,D259050,0.089838
D212112,D259500,0.027448
D212112,D260480,0.03973
D212112,D260970,0.072433
D212112,D261515,0.063324
D212112,D263300,0.061905
D212112,D263800,0.1029
D212112,D264120,0.15747
D212112,D266600,0.077801
D212112,D267740,0.13345
D212112,D268320,0.17254
D212112,D270960,0.032289
D212112,D273300,0.097487
D212112,D273800,0.042569
D212112,D275000,0.19043
D212112,D276300,0.017191
D212112,D277350,0.034574
D212112,D277440,0.051765
D212112,D277460,0.13979
D212112,D300125,0.13948
D212112,D300232,0.081561
D212112,D300491,0.091589
D212112,D303110,0.092181
D212112,D304790,0.050047
D212112,D304900,0.057107
D212112,D305300,0.31037
D212112,D308205,0.097814
D212112,D308350,0.1316
D212112,D311360,0.17446
D212112,D312910,0.26675
D212112,D540000,0.072283
D212112,D600131,0.095528
D212112,D600496,0.030618
D212112,D600634,0.041335
D212112,D601004,0.056885
D212112,D601042,0.084921
D212112,D601367,0.18096
D212112,D601608,0.057434
D212112,D601665,0.083564
D212112,D601682,0.054512
D212112,D602080,0.054386
D212112,D602522,0.069955
D212112,D603165,0.019588
D212112,D604278,0.12527
D212112,D604416,0.027133
D212112,D604827,0.034618
D212112,D605021,0.092986
D212112,D605055,0.066342
D212112,D606703,0.090445
D212112,D606798,0.12935
D212112,D606842,0.22352
D212112,D607225,0.046783
D212112,D607459,0.060786
D212112,D607498,0.12193
D212112,D607501,0.12669
D212112,D607508,0.13044
D212112,D607516,0.12163
D212112,D607554,0.23669
D212112,D607628,0.085063
D212112,D607631,0.084089
D212112,D607681,0.095422
D212112,D607682,0.097075
D212112,D607685,0.15026
D212112,D608033,0.095503
D212112,D608088,0.080779
D212112,D608105,0.098335
D212112,D608217,0.16446
D212112,D608320,0.13987
D212112,D608583,0.26092
D212112,D608622,0.1398
D212130,D212140,0.24643
D212130,D212350,0.46949
D212130,D215140,0.042892
D212130,D215470,0.033638
D212130,D217150,0.11315
D212130,D217200,0.042865
D212130,D218200,0.10081
D212130,D218800,0.025068
D212130,D220120,0.043448
D212130,D225740,0.38257
D212130,D225755,0.078041
D212130,D226000,0.20896
D212130,D230450,0.30504
D212130,D230800,0.087596
D212130,D233810,0.04082
D212130,D236000,0.031143
D212130,D238800,0.29054
D212130,D239350,0.036628
D212130,D240400,0.065287
D212130,D241100,0.034192
D212130,D243200,0.041085
D212130,D246400,0.04891
D212130,D247200,0.096386
D212130,D249100,0.089146
D212130,D250790,0.03427
D212130,D252320,0.24612
D212130,D254200,0.19225
D212130,D254400,0.038335
D212130,D254500,0.098394
D212130,D254770,0.068373
D212130,D254800,0.14427
D212130,D255900,0.18649
D212130,D256700,0.068064
D212130,D258360,0.033508
D212130,D259050,0.12886
D212130,D259500,0.066912
D212130,D259660,0.099722
D212130,D260480,0.048231
D212130,D260970,0.090652
D212130,D261515,0.096385
D212130,D263300,0.037341
D212130,D263800,0.16132
D212130,D264120,0.044012
D212130,D266600,0.075163
D212130,D267740,0.053855
D212130,D268320,0.038314
D212130,D273300,0.019635
D212130,D273800,0.051692
D212130,D275000,0.18754
D212130,D276300,0.041913
D212130,D277440,0.06302
D212130,D277460,0.15064
D212130,D300125,0.084685
D212130,D300232,0.09683
D212130,D300491,0.055464
D212130,D303110,0.0373
D212130,D304790,0.040502
D212130,D304900,0.034634
D212130,D305300,0.38308
D212130,D308205,0.022436
D212130,D308350,0.037985
D212130,D310468,0.035237
D212130,D311360,0.052217
D212130,D312910,0.030634
D212130,D540000,0.1762
D212130,D600131,0.057989
D212130,D601042,0.11065
D212130,D601367,0.081019
D212130,D601608,0.11485
D212130,D601665,0.067741
D212130,D602080,0.066327
D212130,D602522,0.056745
D212130,D604278,0.028353
D212130,D604416,0.10698
D212130,D604827,0.042039
D212130,D605021,0.056395
D212130,D605055,0.040265
D212130,D606703,0.054852
D212130,D606798,0.13179
D212130,D606842,0.32958
D212130,D607225,0.122
D212130,D607459,0.02443
D212130,D607498,0.074023
D212130,D607501,0.076357
D212130,D607508,0.079194
D212130,D607516,0.073824
D212130,D607554,0.1634
D212130,D607628,0.051557
D212130,D607631,0.051038
D212130,D607681,0.057901
D212130,D607682,0.05891
D212130,D607685,0.19053
D212130,D607850,0.090392
D212130,D608033,0.087854
D212130,D608088,0.098272
D212130,D608105,0.131
D212130,D608217,0.048655
D212130,D608320,0.066493
D212130,D608583,0.17959
D212130,D608622,0.16981
D212140,D212350,0.38967
D212140,D215140,0.19087
D212140,D215470,0.1876
D212140,D217150,0.082777
D212140,D217200,0.10892
D212140,D218200,0.12927
D212140,D218800,0.27873
D212140,D220120,0.31446
D212140,D223350,0.078996
D212140,D225740,0.23568
D212140,D225755,0.074914
D212140,D226000,0.22875
D212140,D226150,0.036831
D212140,D227300,0.13263
D212140,D230450,0.28515
D212140,D230800,0.32777
D212140,D231090,0.061173
D212140,D231200,0.10895
D212140,D231900,0.15799
D212140,D233810,0.18755
D212140,D236000,0.085408
D212140,D237450,0.14034
D212140,D237500,0.28218
D212140,D238800,0.2853
D212140,D239350,0.18558
D212140,D240400,0.30844
D212140,D241100,0.039168
D212140,D241519,0.18062
D212140,D243200,0.12656
D212140,D246300,0.14238
D212140,D246400,0.13406
D212140,D246470,0.026579
D212140,D247200,0.24127
D212140,D247640,0.025761
D212140,D248190,0.062643
D212140,D249100,0.31429
D212140,D250790,0.25443
D212140,D252320,0.21359
D212140,D254200,0.19192
D212140,D254400,0.050325
D212140,D254450,0.09146
D212140,D254500,0.22916
D212140,D254770,0.13335
D212140,D254800,0.25997
D212140,D255900,0.17682
D212140,D256370,0.055526
D212140,D256700,0.24763
D212140,D258360,0.12017
D212140,D259050,0.13385
D212140,D259500,0.11677
D212140,D259660,0.056976
D212140,D260480,0.14819
D212140,D260570,0.21689
D212140,D260970,0.10407
D212140,D261515,0.40344
D212140,D263300,0.18453
D212140,D263800,0.37074
D212140,D264120,0.22479
D212140,D266120,0.14716
D212140,D266600,0.19553
D212140,D267740,0.082529
D212140,D268220,0.096709
D212140,D268320,0.074358
D212140,D270960,0.060059
D212140,D273300,0.14789
D212140,D273800,0.18211
D212140,D275000,0.29501
D212140,D276300,0.14359
D212140,D277350,0.22274
D212140,D277440,0.29202
D212140,D277460,0.33033
D212140,D278200,0.021605
D212140,D300125,0.15296
D212140,D300232,0.15444
D212140,D300491,0.13559
D212140,D300494,0.074515
D212140,D303110,0.071972
D212140,D304790,0.22456
D212140,D304900,0.10867
D212140,D305300,0.35588
D212140,D308205,0.12501
D212140,D308350,0.16234
D212140,D308600,0.11923
D212140,D310468,0.20551
D212140,D311360,0.17659
D212140,D312910,0.10601
D212140,D540000,0.3433
D212140,D600082,0.024245
D212140,D600131,0.13425
D212140,D600263,0.13026
D212140,D600351,0.13869
D212140,D600496,0.27124
D212140,D600634,0.019156
D212140,D600803,0.14716
D212140,D600807,0.18192
D212140,D601004,0.07873
D212140,D601042,0.15267
D212140,D601367,0.24892
D212140,D601518,0.021936
D212140,D601608,0.12872
D212140,D601626,0.057619
D212140,D601665,0.17883
D212140,D601682,0.030685
D212140,D602068,0.046067
D212140,D602080,0.16947
D212140,D602522,0.21552
D212140,D603165,0.10951
D212140,D604278,0.26217
D212140,D604416,0.14047
D212140,D604827,0.084589
D212140,D605021,0.13328
D212140,D605055,0.15619
D212140,D605839,0.033901
D212140,D606703,0.15049
D212140,D606798,0.13549
D212140,D606842,0.31925
D212140,D607225,0.13547
D212140,D607459,0.12554
D212140,D607498,0.15384
D212140,D607499,0.11181
D212140,D607501,0.15477
D212140,D607508,0.19018
D212140,D607516,0.13399
D212140,D607554,0.19152
D212140,D607628,0.12175
D212140,D607631,0.11835
D212140,D607681,0.13531
D212140,D607682,0.13733
D212140,D607685,0.27794
D212140,D607850,0.086408
D212140,D608033,0.22177
D212140,D608088,0.18031
D212140,D608105,0.15856
D212140,D608217,0.15218
D212140,D608320,0.15104
D212140,D608583,0.18799
D212140,D608622,0.17611
D212350,D215140,0.11927
D212350,D215470,0.17306
D212350,D217150,0.12009
D212350,D217200,0.14105
D212350,D218200,0.1841
D212350,D218800,0.16302
D212350,D220120,0.21439
D212350,D225740,0.41392
D212350,D225755,0.096073
D212350,D226000,0.23645
D212350,D227300,0.023569
D212350,D230450,0.17012
D212350,D230800,0.20715
D212350,D231090,0.059085
D212350,D231200,0.074768
D212350,D231900,0.11696
D212350,D233810,0.10502
D212350,D236000,0.015341
D212350,D237450,0.095897
D212350,D237500,0.069569
D212350,D238800,0.49354
D212350,D239350,0.12718
D212350,D240400,0.09925
D212350,D241100,0.033581
D212350,D241519,0.049151
D212350,D243200,0.12153
D212350,D246400,0.024076
D212350,D247200,0.22083
D212350,D247640,0.016531
D212350,D248190,0.059748
D212350,D249100,0.10547
D212350,D250790,0.11929
D212350,D252320,0.18318
D212350,D254200,0.21916
D212350,D254400,0.018884
D212350,D254450,0.027648
D212350,D254500,0.08476
D212350,D254770,0.10114
D212350,D254800,0.25927
D212350,D255900,0.15716
D212350,D256370,0.015902
D212350,D256700,0.15208
D212350,D258360,0.11886
D212350,D259050,0.18629
D212350,D259500,0.065784
D212350,D259660,0.07351
D212350,D260480,0.085547
D212350,D260570,0.022034
D212350,D260970,0.087964
D212350,D261515,0.25617
D212350,D263300,0.055206
D212350,D263800,0.17938
D212350,D264120,0.065313
D212350,D266120,0.043304
D212350,D266600,0.13005
D212350,D267740,0.25302
D212350,D268220,0.10166
D212350,D268320,0.15561
D212350,D270960,0.057884
D212350,D273300,0.08821
D212350,D273800,0.10205
D212350,D275000,0.25487
D212350,D276300,0.051488
D212350,D277350,0.12728
D212350,D277440,0.16557
D212350,D277460,0.21912
D212350,D278200,0.078904
D212350,D300125,0.12518
D212350,D300232,0.14134
D212350,D300491,0.14555
D212350,D300494,0.18403
D212350,D303110,0.16829
D212350,D304790,0.092149
D212350,D304900,0.1043
D212350,D305300,0.26643
D212350,D308205,0.11189
D212350,D308350,0.15283
D212350,D308600,0.08792
D212350,D310468,0.12614
D212350,D311360,0.2321
D212350,D312910,0.29325
D212350,D540000,0.43716
D212350,D600131,0.11431
D212350,D600351,0.014083
D212350,D600496,0.07426
D212350,D600634,0.024687
D212350,D600807,0.049178
D212350,D601004,0.0336
D212350,D601042,0.15687
D212350,D601367,0.1739
D212350,D601608,0.087831
D212350,D601665,0.09979
D212350,D601682,0.1678
D212350,D602080,0.12044
D212350,D602522,0.1733
D212350,D603165,0.1081
D212350,D604278,0.31052
D212350,D604416,0.086222
D212350,D604827,0.062336
D212350,D605021,0.11136
D212350,D605055,0.15979
D212350,D606703,0.10901
D212350,D606798,0.22397
D212350,D606842,0.34299
D212350,D607225,0.17441
D212350,D607459,0.15545
D212350,D607498,0.10948
D212350,D607501,0.11341
D212350,D607508,0.11708
D212350,D607516,0.12774
D212350,D607554,0.21782
D212350,D607628,0.1017
D212350,D607631,0.10063
D212350,D607681,0.11422
D212350,D607682,0.11619
D212350,D607685,0.12302
D212350,D607850,0.066704
D212350,D608033,0.22698
D212350,D608088,0.096533
D212350,D608105,0.28069
D212350,D608217,0.11992
D212350,D608320,0.1466
D212350,D608583,0.21039
D212350,D608622,0.13726
D215140,D215470,0.10759
D215140,D217150,0.18208
D215140,D217200,0.026878
D215140,D218200,0.038409
D215140,D218800,0.16759
D215140,D220120,0.051668
D215140,D223350,0.18808
D215140,D225740,0.054176
D215140,D225755,0.12226
D215140,D226000,0.031729
D215140,D226150,0.036369
D215140,D227300,0.089832
D215140,D230450,0.12134
D215140,D230800,0.32801
D215140,D231090,0.15209
D215140,D231200,0.17789
D215140,D231900,0.10681
D215140,D233810,0.11866
D215140,D236000,0.19563
D215140,D237450,0.076876
D215140,D237500,0.15292
D215140,D238800,0.11877
D215140,D239350,0.013993
D215140,D240400,0.1181
D215140,D241100,0.12764
D215140,D241519,0.040695
D215140,D243200,0.04696
D215140,D246300,0.13942
D215140,D246400,0.19118
D215140,D246470,0.078907
D215140,D247200,0.33548
D215140,D247640,0.095661
D215140,D248190,0.12533
D215140,D249100,0.2159
D215140,D250790,0.21556
D215140,D252320,0.086378
D215140,D254200,0.13782
D215140,D254400,0.10864
D215140,D254450,0.12011
D215140,D254500,0.14205
D215140,D254800,0.11421
D215140,D255900,0.15165
D215140,D256370,0.049206
D215140,D256700,0.25034
D215140,D258360,0.19326
D215140,D259050,0.30612
D215140,D259500,0.2531
D215140,D259660,0.21219
D215140,D260480,0.16141
D215140,D260570,0.16405
D215140,D260970,0.016745
D215140,D261515,0.26098
D215140,D263300,0.18844
D215140,D263800,0.097797
D215140,D264120,0.034129
D215140,D266120,0.11705
D215140,D266600,0.23264
D215140,D267730,0.089535
D215140,D267740,0.044386
D215140,D268220,0.13093
D215140,D268320,0.091274
D215140,D270960,0.089467
D215140,D273300,0.14044
D215140,D273800,0.2173
D215140,D275000,0.22132
D215140,D276300,0.21109
D215140,D277350,0.10128
D215140,D277440,0.28484
D215140,D277460,0.13051
D215140,D278200,0.12504
D215140,D300232,0.33765
D215140,D300491,0.061023
D215140,D300494,0.059484
D215140,D303110,0.044707
D215140,D304790,0.23165
D215140,D304900,0.013225
D215140,D305300,0.12255
D215140,D308205,0.15555
D215140,D308350,0.045035
D215140,D308600,0.094691
D215140,D310468,0.040943
D215140,D311360,0.1221
D215140,D312910,0.048359
D215140,D540000,0.11859
D215140,D600263,0.12018
D215140,D600351,0.13535
D215140,D600496,0.056584
D215140,D600634,0.077249
D215140,D600803,0.068534
D215140,D600807,0.24363
D215140,D601004,0.025953
D215140,D601042,0.07484
D215140,D601367,0.12714
D215140,D601518,0.022476
D215140,D601608,0.069099
D215140,D601626,0.15676
D215140,D601665,0.09108
D215140,D601682,0.053962
D215140,D602068,0.087658
D215140,D602080,0.21178
D215140,D602522,0.15079
D215140,D603165,0.20022
D215140,D604278,0.1154
D215140,D604416,0.13068
D215140,D605055,0.061349
D215140,D605839,0.083641
D215140,D606703,0.047069
D215140,D606798,0.06336
D215140,D606842,0.1849
D215140,D607225,0.092842
D215140,D607459,0.059992
D215140,D607508,0.030591
D215140,D607516,0.015891
D215140,D607554,0.02068
D215140,D607685,0.22228
D215140,D607850,0.1715
D215140,D608033,0.020111
D215140,D608088,0.088916
D215140,D608105,0.084061
D215140,D608217,0.037103
D215140,D608320,0.061969
D215140,D608622,0.046149
D215470,D217150,0.08354
D215470,D217200,0.21289
D215470,D218200,0.14401
D215470,D218800,0.19
D215470,D220120,0.21925
D215470,D223350,0.048217
D215470,D225740,0.19875
D215470,D225755,0.23224
D215470,D226000,0.17953
D215470,D227300,0.18341
D215470,D230450,0.17469
D215470,D230800,0.16352
D215470,D231200,0.13109
D215470,D231900,0.067815
D215470,D233810,0.10432
D215470,D236000,0.037763
D215470,D237450,0.058414
D215470,D237500,0.068162
D215470,D238800,0.026601
D215470,D239350,0.11334
D215470,D240400,0.17494
D215470,D241100,0.12967
D215470,D241519,0.15813
D215470,D243200,0.22498
D215470,D246300,0.087592
D215470,D246400,0.029829
D215470,D246470,0.0209
D215470,D247200,0.20778
D215470,D247640,0.040275
D215470,D248190,0.048548
D215470,D249100,0.1544
D215470,D250790,0.13039
D215470,D252320,0.069567
D215470,D254200,0.1459
D215470,D254450,0.068289
D215470,D254500,0.10365
D215470,D254770,0.2123
D215470,D254800,0.28416
D215470,D255900,0.1264
D215470,D256370,0.019364
D215470,D256700,0.21134
D215470,D258360,0.19209
D215470,D259050,0.16756
D215470,D259500,0.08036
D215470,D259660,0.029739
D215470,D260480,0.13616
D215470,D260570,0.081123
D215470,D260970,0.18953
D215470,D261515,0.2103
D215470,D263300,0.045239
D215470,D263800,0.20286
D215470,D264120,0.21709
D215470,D266120,0.10561
D215470,D266600,0.19832
D215470,D267740,0.31999
D215470,D268220,0.15249
D215470,D268320,0.24472
D215470,D270960,0.047016
D215470,D273300,0.17891
D215470,D273800,0.207
D215470,D275000,0.22005
D215470,D276300,0.10295
D215470,D277350,0.30168
D215470,D277440,0.15615
D215470,D277460,0.34562
D215470,D278200,0.097867
D215470,D300125,0.28112
D215470,D300232,0.22468
D215470,D300491,0.31713
D215470,D300494,0.3581
D215470,D303110,0.23607
D215470,D304790,0.13018
D215470,D304900,0.12709
D215470,D305300,0.023152
D215470,D308205,0.27007
D215470,D308350,0.21155
D215470,D308600,0.035615
D215470,D310468,0.042231
D215470,D311360,0.2572
D215470,D312910,0.42095
D215470,D540000,0.3317
D215470,D600131,0.21838
D215470,D600263,0.082751
D215470,D600351,0.069803
D215470,D600496,0.18783
D215470,D600634,0.060185
D215470,D600803,0.10876
D215470,D600807,0.076125
D215470,D601042,0.311
D215470,D601367,0.1827
D215470,D601608,0.092165
D215470,D601626,0.044335
D215470,D601665,0.14374
D215470,D601682,0.21144
D215470,D602080,0.19261
D215470,D602522,0.23268
D215470,D603165,0.1489
D215470,D604278,0.28777
D215470,D604416,0.019774
D215470,D604827,0.13483
D215470,D605021,0.21688
D215470,D605055,0.17785
D215470,D606703,0.21881
D215470,D606798,0.34828
D215470,D606842,0.12699
D215470,D607225,0.19708
D215470,D607459,0.4314
D215470,D607498,0.25866
D215470,D607499,0.074944
D215470,D607501,0.25779
D215470,D607508,0.33497
D215470,D607516,0.27021
D215470,D607554,0.13046
D215470,D607628,0.19813
D215470,D607631,0.22385
D215470,D607681,0.22014
D215470,D607682,0.22342
D215470,D607685,0.11008
D215470,D608033,0.117
D215470,D608088,0.14008
D215470,D608105,0.33279
D215470,D608217,0.216
D215470,D608320,0.056102
D215470,D608583,0.10755
D215470,D608622,0.20446
D217150,D217200,0.026276
D217150,D218200,0.061593
D217150,D218800,0.030814
D217150,D220120,0.053879
D217150,D225740,0.13372
D217150,D225755,0.11976
D217150,D226000,0.0255
D217150,D227300,0.029303
D217150,D230450,0.1147
D217150,D230800,0.097461
D217150,D231090,0.10035
D217150,D231200,0.055797
D217150,D233810,0.16004
D217150,D236000,0.020134
D217150,D237450,0.029673
D217150,D237500,0.034787
D217150,D238800,0.081874
D217150,D240400,0.12172
D217150,D241100,0.083451
D217150,D243200,0.050351
D217150,D246400,0.10516
D217150,D246470,0.042569
D217150,D247200,0.30444
D217150,D247640,0.02055
D217150,D248190,0.024743
D217150,D249100,0.07694
D217150,D250790,0.021403
D217150,D252320,0.067538
D217150,D254200,0.14691
D217150,D254500,0.075153
D217150,D254800,0.069238
D217150,D255900,0.12679
D217150,D256370,0.019771
D217150,D256700,0.094176
D217150,D258360,0.08599
D217150,D259050,0.243
D217150,D259500,0.1447
D217150,D259660,0.22125
D217150,D260480,0.18136
D217150,D260570,0.027394
D217150,D261515,0.17209
D217150,D263300,0.023011
D217150,D263800,0.077438
D217150,D266120,0.026746
D217150,D266600,0.11573
D217150,D267740,0.099932
D217150,D268220,0.0749
D217150,D268320,0.20941
D217150,D270960,0.023978
D217150,D273300,0.036763
D217150,D273800,0.11281
D217150,D275000,0.10808
D217150,D276300,0.14351
D217150,D277350,0.12959
D217150,D277440,0.16531
D217150,D277460,0.052172
D217150,D278200,0.13806
D217150,D300125,0.02595
D217150,D300232,0.26673
D217150,D300491,0.044476
D217150,D300494,0.089655
D217150,D303110,0.091695
D217150,D304790,0.062807
D217150,D305300,0.097134
D217150,D308205,0.14295
D217150,D308350,0.023253
D217150,D308600,0.036364
D217150,D310468,0.042989
D217150,D311360,0.080579
D217150,D312910,0.075196
D217150,D540000,0.094041
D217150,D600263,0.064457
D217150,D600351,0.035165
D217150,D600496,0.022755
D217150,D600634,0.030692
D217150,D600803,0.027631
D217150,D600807,0.10949
D217150,D601042,0.11328
D217150,D601367,0.033769
D217150,D601608,0.066041
D217150,D601665,0.062143
D217150,D601682,0.12187
D217150,D602080,0.14261
D217150,D602522,0.1585
D217150,D603165,0.089645
D217150,D604278,0.16196
D217150,D604416,0.10238
D217150,D606703,0.036047
D217150,D606798,0.096018
D217150,D606842,0.12082
D217150,D607225,0.088132
D217150,D607459,0.046067
D217150,D607498,0.022684
D217150,D607501,0.02339
D217150,D607508,0.024268
D217150,D607516,0.04571
D217150,D607554,0.03329
D217150,D607685,0.031361
D217150,D607850,0.13992
D217150,D608033,0.032289
D217150,D608088,0.06107
D217150,D608105,0.14991
D217150,D608217,0.029805
D217150,D608320,0.019011
D217200,D218200,0.17125
D217200,D218800,0.17824
D217200,D220120,0.32474
D217200,D225740,0.078807
D217200,D225755,0.21397
D217200,D226000,0.22011
D217200,D230450,0.071074
D217200,D230800,0.039996
D217200,D231200,0.023141
D217200,D233810,0.062761
D217200,D238800,0.033898
D217200,D239350,0.20329
D217200,D243200,0.12586
D217200,D247200,0.17444
D217200,D247640,0.025662
D217200,D248190,0.030897
D217200,D249100,0.041002
D217200,D250790,0.053661
D217200,D252320,0.056428
D217200,D254200,0.098717
D217200,D254500,0.037546
D217200,D254770,0.21509
D217200,D254800,0.36052
D217200,D255900,0.077384
D217200,D256700,0.11145
D217200,D258360,0.144
D217200,D259050,0.17321
D217200,D259500,0.025506
D217200,D260480,0.036924
D217200,D260970,0.10349
D217200,D261515,0.13276
D217200,D263800,0.16606
D217200,D264120,0.15907
D217200,D266600,0.014352
D217200,D267740,0.36299
D217200,D268320,0.30543
D217200,D273300,0.11348
D217200,D273800,0.079107
D217200,D275000,0.097497
D217200,D276300,0.047927
D217200,D277350,0.066342
D217200,D277440,0.1068
D217200,D277460,0.10928
D217200,D300125,0.32695
D217200,D300232,0.17219
D217200,D300491,0.38804
D217200,D303110,0.3087
D217200,D304790,0.02677
D217200,D304900,0.079524
D217200,D305300,0.029503
D217200,D308205,0.31435
D217200,D308350,0.32153
D217200,D311360,0.14751
D217200,D312910,0.3621
D217200,D540000,0.34273
D217200,D600131,0.3159
D217200,D601042,0.19948
D217200,D601367,0.13498
D217200,D601608,0.089953
D217200,D601665,0.077346
D217200,D601682,0.050655
D217200,D602080,0.18296
D217200,D602522,0.18547
D217200,D603165,0.036394
D217200,D604278,0.16821
D217200,D604827,0.15162
D217200,D605021,0.36236
D217200,D605055,0.20803
D217200,D606703,0.18096
D217200,D606798,0.25789
D217200,D606842,0.049036
D217200,D607225,0.15835
D217200,D607459,0.17945
D217200,D607498,0.31855
D217200,D607501,0.29622
D217200,D607508,0.33763
D217200,D607516,0.35344
D217200,D607554,0.12479
D217200,D607628,0.323
D217200,D607631,0.46479
D217200,D607681,0.32316
D217200,D607682,0.3247
D217200,D607685,0.019519
D217200,D608033,0.23514
D217200,D608088,0.10061
D217200,D608105,0.2915
D217200,D608217,0.35818
D217200,D608320,0.041433
D217200,D608583,0.13715
D217200,D608622,0.12507
D218200,D218800,0.13526
D218200,D220120,0.15599
D218200,D223350,0.048439
D218200,D225740,0.18524
D218200,D225755,0.093622
D218200,D226000,0.14961
D218200,D227300,0.056398
D218200,D230450,0.22716
D218200,D230800,0.09386
D218200,D231200,0.036302
D218200,D231900,0.13407
D218200,D233810,0.073315
D218200,D236000,0.13086
D218200,D237450,0.058013
D218200,D237500,0.06755
D218200,D238800,0.10601
D218200,D239350,0.15354
D218200,D240400,0.13638
D218200,D241100,0.02046
D218200,D241519,0.089229
D218200,D243200,0.15019
D218200,D246300,0.066322
D218200,D246400,0.073499
D218200,D246470,0.02068
D218200,D247200,0.12166
D218200,D247640,0.040135
D218200,D248190,0.07237
D218200,D249100,0.11721
D218200,D250790,0.10359
D218200,D252320,0.15436
D218200,D254200,0.17449
D218200,D254400,0.091924
D218200,D254450,0.040737
D218200,D254500,0.22207
D218200,D254770,0.16387
D218200,D254800,0.16079
D218200,D255900,0.060532
D218200,D256700,0.13355
D218200,D258360,0.10042
D218200,D259050,0.049807
D218200,D259500,0.019923
D218200,D260480,0.057712
D218200,D260970,0.20515
D218200,D261515,0.091843
D218200,D263300,0.12699
D218200,D263800,0.14917
D218200,D264120,0.079299
D218200,D266120,0.052665
D218200,D266600,0.10105
D218200,D267730,0.03523
D218200,D267740,0.16138
D218200,D268320,0.068823
D218200,D270960,0.023496
D218200,D273300,0.083535
D218200,D273800,0.1392
D218200,D275000,0.13842
D218200,D276300,0.075018
D218200,D277350,0.050183
D218200,D277440,0.11506
D218200,D277460,0.20464
D218200,D300125,0.228
D218200,D300232,0.067369
D218200,D300491,0.16734
D218200,D300494,0.045224
D218200,D303110,0.089382
D218200,D304790,0.10461
D218200,D304900,0.14525
D218200,D305300,0.11553
D218200,D308205,0.080548
D218200,D308350,0.18638
D218200,D308600,0.07103
D218200,D310468,0.041938
D218200,D311360,0.13997
D218200,D312910,0.14634
D218200,D540000,0.21275
D218200,D600131,0.17354
D218200,D600351,0.03429
D218200,D600496,0.14054
D218200,D600634,0.030079
D218200,D600807,0.044819
D218200,D601042,0.096817
D218200,D601367,0.27681
D218200,D601608,0.13178
D218200,D601626,0.043915
D218200,D601665,0.14131
D218200,D601682,0.039567
D218200,D602080,0.098055
D218200,D602522,0.084729
D218200,D603165,0.056943
D218200,D604278,0.13582
D218200,D604416,0.10557
D218200,D604827,0.10124
D218200,D605021,0.16931
D218200,D605055,0.12173
D218200,D606703,0.13183
D218200,D606798,0.11651
D218200,D606842,0.1159
D218200,D607225,0.12729
D218200,D607459,0.12109
D218200,D607498,0.1995
D218200,D607499,0.03524
D218200,D607501,0.2063
D218200,D607508,0.21323
D218200,D607516,0.22692
D218200,D607554,0.19512
D218200,D607628,0.15465
D218200,D607631,0.19145
D218200,D607681,0.17352
D218200,D607682,0.17648
D218200,D607685,0.1392
D218200,D608033,0.14646
D218200,D608088,0.097568
D218200,D608105,0.19403
D218200,D608217,0.1459
D218200,D608320,0.13439
D218200,D608583,0.21447
D218200,D608622,0.19626
D218800,D220120,0.41719
D218800,D223350,0.14407
D218800,D225740,0.11309
D218800,D225755,0.052552
D218800,D226000,0.15446
D218800,D227300,0.17611
D218800,D230450,0.24321
D218800,D230800,0.33215
D218800,D231200,0.23324
D218800,D231900,0.17596
D218800,D233810,0.18067
D218800,D236000,0.14131
D218800,D237450,0.32161
D218800,D237500,0.34492
D218800,D238800,0.059491
D218800,D239350,0.13932
D218800,D240400,0.27384
D218800,D241100,0.030433
D218800,D241519,0.23037
D218800,D243200,0.18588
D218800,D246300,0.16452
D218800,D246400,0.18312
D218800,D246470,0.046438
D218800,D247200,0.23131
D218800,D247640,0.060051
D218800,D248190,0.054182
D218800,D249100,0.24881
D218800,D250790,0.24633
D218800,D252320,0.10498
D218800,D254200,0.15201
D218800,D254400,0.093
D218800,D254450,0.09303
D218800,D254500,0.19898
D218800,D254770,0.18956
D218800,D254800,0.2578
D218800,D255900,0.10901
D218800,D256370,0.014445
D218800,D256700,0.21981
D218800,D258360,0.23966
D218800,D259050,0.11328
D218800,D259500,0.12099
D218800,D259660,0.022184
D218800,D260480,0.20607
D218800,D260570,0.14724
D218800,D260970,0.11114
D218800,D261515,0.31062
D218800,D263300,0.21219
D218800,D263800,0.22063
D218800,D264120,0.17567
D218800,D266120,0.13779
D218800,D266600,0.24626
D218800,D267730,0.05262
D218800,D267740,0.16565
D218800,D268220,0.05477
D218800,D268320,0.10457
D218800,D270960,0.017518
D218800,D273300,0.13672
D218800,D273800,0.26928
D218800,D275000,0.24284
D218800,D276300,0.17275
D218800,D277350,0.18111
D218800,D277440,0.18913
D218800,D277460,0.33622
D218800,D278200,0.097337
D218800,D300125,0.13413
D218800,D300232,0.18972
D218800,D300491,0.25924
D218800,D300494,0.086947
D218800,D303110,0.083745
D218800,D304790,0.20673
D218800,D304900,0.14149
D218800,D305300,0.06915
D218800,D308205,0.23555
D218800,D308350,0.19607
D218800,D308600,0.27321
D218800,D310468,0.0786
D218800,D311360,0.20359
D218800,D312910,0.19174
D218800,D540000,0.25761
D218800,D600131,0.2207
D218800,D600263,0.082463
D218800,D600351,0.12192
D218800,D600496,0.19323
D218800,D600634,0.022424
D218800,D600803,0.15331
D218800,D600807,0.1737
D218800,D601004,0.17536
D218800,D601042,0.071641
D218800,D601367,0.24468
D218800,D601608,0.11223
D218800,D601626,0.098638
D218800,D601665,0.20761
D218800,D602068,0.078218
D218800,D602080,0.11462
D218800,D602522,0.14181
D218800,D603165,0.2015
D218800,D604278,0.19275
D218800,D604416,0.076501
D218800,D604827,0.13068
D218800,D605021,0.23979
D218800,D605055,0.20447
D218800,D605839,0.039451
D218800,D606703,0.1262
D218800,D606798,0.10712
D218800,D606842,0.086808
D218800,D607225,0.091971
D218800,D607459,0.1515
D218800,D607498,0.13645
D218800,D607499,0.083764
D218800,D607501,0.12192
D218800,D607508,0.19786
D218800,D607516,0.13475
D218800,D607554,0.12172
D218800,D607628,0.21441
D218800,D607631,0.19944
D218800,D607681,0.22535
D218800,D607682,0.22625
D218800,D607685,0.29191
D218800,D608033,0.27221
D218800,D608088,0.10231
D218800,D608105,0.15672
D218800,D608217,0.23162
D218800,D608320,0.14276
D218800,D608583,0.10706
D218800,D608622,0.15225
D220120,D223350,0.065587
D220120,D225740,0.053132
D220120,D225755,0.17666
D220120,D226000,0.2448
D220120,D227300,0.15509
D220120,D230450,0.24258
D220120,D230800,0.23296
D220120,D231200,0.073395
D220120,D231900,0.17908
D220120,D233810,0.063413
D220120,D236000,0.051366
D220120,D237450,0.24483
D220120,D237500,0.27758
D220120,D238800,0.10309
D220120,D239350,0.25192
D220120,D240400,0.29143
D220120,D241100,0.026376
D220120,D241519,0.27433
D220120,D243200,0.16296
D220120,D246300,0.059519
D220120,D246400,0.0685
D220120,D246470,0.027416
D220120,D247200,0.16827
D220120,D247640,0.026438
D220120,D248190,0.062585
D220120,D249100,0.19627
D220120,D250790,0.20415
D220120,D252320,0.057015
D220120,D254200,0.17117
D220120,D254450,0.026852
D220120,D254500,0.11869
D220120,D254770,0.2178
D220120,D254800,0.23705
D220120,D255900,0.05207
D220120,D256370,0.025041
D220120,D256700,0.1445
D220120,D258360,0.16952
D220120,D259050,0.086794
D220120,D259500,0.080775
D220120,D259660,0.038458
D220120,D260480,0.077581
D220120,D260570,0.10855
D220120,D260970,0.068297
D220120,D261515,0.33984
D220120,D263300,0.13583
D220120,D263800,0.26753
D220120,D264120,0.2997
D220120,D266120,0.1906
D220120,D266600,0.13472
D220120,D267740,0.30622
D220120,D268220,0.063711
D220120,D268320,0.16722
D220120,D270960,0.03037
D220120,D273300,0.12811
D220120,D273800,0.16595
D220120,D275000,0.16356
D220120,D276300,0.081341
D220120,D277350,0.17194
D220120,D277440,0.26227
D220120,D277460,0.3782
D220120,D300125,0.13145
D220120,D300232,0.199
D220120,D300491,0.36993
D220120,D303110,0.11592
D220120,D304790,0.11487
D220120,D304900,0.13445
D220120,D305300,0.029905
D220120,D308205,0.17729
D220120,D308350,0.29312
D220120,D308600,0.13822
D220120,D310468,0.17656
D220120,D311360,0.33726
D220120,D312910,0.28967
D220120,D540000,0.29123
D220120,D600131,0.30489
D220120,D600263,0.14433
D220120,D600351,0.12353
D220120,D600496,0.21393
D220120,D600634,0.038875
D220120,D600803,0.18917
D220120,D600807,0.10636
D220120,D601042,0.080077
D220120,D601367,0.27733
D220120,D601608,0.054154
D220120,D601626,0.060298
D220120,D601665,0.197
D220120,D602080,0.12815
D220120,D602522,0.2095
D220120,D603165,0.10113
D220120,D604278,0.37731
D220120,D604416,0.050849
D220120,D604827,0.15347
D220120,D605021,0.34363
D220120,D605055,0.20167
D220120,D606703,0.12817
D220120,D606798,0.090648
D220120,D606842,0.049545
D220120,D607225,0.066073
D220120,D607459,0.17947
D220120,D607498,0.14703
D220120,D607501,0.1194
D220120,D607508,0.25558
D220120,D607516,0.14529
D220120,D607554,0.16867
D220120,D607628,0.3058
D220120,D607631,0.27838
D220120,D607681,0.31146
D220120,D607682,0.3125
D220120,D607685,0.15798
D220120,D608033,0.31947
D220120,D608088,0.10146
D220120,D608105,0.21928
D220120,D608217,0.37939
D220120,D608320,0.096682
D220120,D608583,0.13903
D220120,D608622,0.2742
D223350,D227300,0.13466
D223350,D230450,0.22782
D223350,D230800,0.21522
D223350,D231090,0.057137
D223350,D231200,0.19553
D223350,D231900,0.2805
D223350,D236000,0.32792
D223350,D237500,0.14155
D223350,D240400,0.09487
D223350,D241519,0.075962
D223350,D246300,0.18269
D223350,D246400,0.25014
D223350,D246470,0.40534
D223350,D247200,0.089253
D223350,D247640,0.3708
D223350,D249100,0.20503
D223350,D250790,0.12323
D223350,D254200,0.10616
D223350,D254400,0.27671
D223350,D254450,0.24402
D223350,D254500,0.29355
D223350,D256370,0.046537
D223350,D256700,0.08689
D223350,D258360,0.2981
D223350,D259500,0.16933
D223350,D260480,0.10791
D223350,D260570,0.40468
D223350,D261515,0.027759
D223350,D263300,0.24628
D223350,D263800,0.03592
D223350,D264120,0.063705
D223350,D266120,0.22899
D223350,D266600,0.20234
D223350,D267730,0.29525
D223350,D268220,0.12529
D223350,D270960,0.027839
D223350,D273300,0.077119
D223350,D273800,0.13034
D223350,D275000,0.10816
D223350,D276300,0.11396
D223350,D277350,0.06013
D223350,D277440,0.04479
D223350,D277460,0.08122
D223350,D304790,0.16103
D223350,D305300,0.055563
D223350,D311360,0.05553
D223350,D540000,0.048719
D223350,D600263,0.097581
D223350,D600351,0.20605
D223350,D600496,0.079183
D223350,D600634,0.073853
D223350,D600803,0.064033
D223350,D600807,0.21788
D223350,D601367,0.1167
D223350,D601518,0.04201
D223350,D601608,0.12596
D223350,D601626,0.55118
D223350,D601665,0.023951
D223350,D602080,0.080807
D223350,D602522,0.040757
D223350,D603165,0.10202
D223350,D604278,0.041416
D223350,D605839,0.06522
D223350,D607508,0.057101
D223350,D607685,0.1878
D223350,D608088,0.023147
D223350,D608320,0.022055
D223350,D608622,0.086144
D225740,D225755,0.095357
D225740,D226000,0.23172
D225740,D226150,0.030198
D225740,D230450,0.27745
D225740,D230800,0.12171
D225740,D231200,0.055854
D225740,D233810,0.37456
D225740,D236000,0.077045
D225740,D238800,0.18048
D225740,D239350,0.068186
D225740,D240400,0.10615
D225740,D241100,0.020912
D225740,D241519,0.16974
D225740,D243200,0.13105
D225740,D246300,0.072322
D225740,D246400,0.045284
D225740,D247200,0.25776
D225740,D247640,0.020507
D225740,D248190,0.024691
D225740,D249100,0.11214
D225740,D250790,0.11289
D225740,D252320,0.22071
D225740,D254200,0.17432
D225740,D254400,0.023418
D225740,D254500,0.090187
D225740,D254770,0.12954
D225740,D254800,0.19011
D225740,D255900,0.24948
D225740,D256700,0.12634
D225740,D258360,0.20292
D225740,D259050,0.24007
D225740,D259500,0.061293
D225740,D259660,0.060971
D225740,D260480,0.10719
D225740,D260970,0.1846
D225740,D261515,0.19766
D225740,D263300,0.022811
D225740,D263800,0.16237
D225740,D264120,0.053787
D225740,D266600,0.14259
D225740,D267740,0.25089
D225740,D268220,0.10286
D225740,D268320,0.17129
D225740,D273300,0.062616
D225740,D273800,0.11161
D225740,D275000,0.22635
D225740,D276300,0.093677
D225740,D277350,0.13399
D225740,D277440,0.064362
D225740,D277460,0.13317
D225740,D278200,0.098124
D225740,D300125,0.15717
D225740,D300232,0.26085
D225740,D300491,0.19297
D225740,D300494,0.35296
D225740,D303110,0.16459
D225740,D304790,0.082003
D225740,D304900,0.11127
D225740,D305300,0.2458
D225740,D308205,0.20162
D225740,D308350,0.14567
D225740,D310468,0.021537
D225740,D311360,0.16663
D225740,D312910,0.20284
D225740,D540000,0.27627
D225740,D600131,0.14372
D225740,D600263,0.071673
D225740,D600496,0.048088
D225740,D600807,0.045784
D225740,D601042,0.23667
D225740,D601367,0.12003
D225740,D601608,0.16118
D225740,D601665,0.12885
D225740,D601682,0.21097
D225740,D602080,0.18355
D225740,D602522,0.16853
D225740,D603165,0.1915
D225740,D604278,0.22106
D225740,D604416,0.11126
D225740,D604827,0.083624
D225740,D605021,0.14395
D225740,D605055,0.18018
D225740,D606703,0.17284
D225740,D606798,0.33248
D225740,D606842,0.31156
D225740,D607225,0.32333
D225740,D607459,0.18803
D225740,D607498,0.13839
D225740,D607499,0.11907
D225740,D607501,0.14304
D225740,D607508,0.14689
D225740,D607516,0.16032
D225740,D607554,0.099846
D225740,D607628,0.13162
D225740,D607631,0.12679
D225740,D607681,0.14545
D225740,D607682,0.14747
D225740,D607685,0.19157
D225740,D607850,0.055266
D225740,D608033,0.21487
D225740,D608088,0.099978
D225740,D608105,0.30998
D225740,D608217,0.12405
D225740,D608320,0.040639
D225740,D608583,0.10974
D225740,D608622,0.10376
D225755,D226000,0.11626
D225755,D227300,0.033291
D225755,D230450,0.095974
D225755,D230800,0.048495
D225755,D231200,0.02112
D225755,D233810,0.056848
D225755,D237450,0.033712
D225755,D237500,0.019614
D225755,D238800,0.061643
D225755,D239350,0.076835
D225755,D240400,0.022633
D225755,D241100,0.047615
D225755,D243200,0.085782
D225755,D246400,0.033902
D225755,D247200,0.14564
D225755,D247640,0.047121
D225755,D248190,0.028098
D225755,D249100,0.062041
D225755,D250790,0.048602
D225755,D252320,0.076634
D225755,D254200,0.1244
D225755,D254500,0.051208
D225755,D254770,0.04758
D225755,D254800,0.15284
D225755,D255900,0.093867
D225755,D256370,0.022462
D225755,D256700,0.10161
D225755,D258360,0.13381
D225755,D259050,0.17016
D225755,D259500,0.11639
D225755,D259660,0.24303
D225755,D260480,0.067103
D225755,D260570,0.031122
D225755,D260970,0.17153
D225755,D261515,0.10714
D225755,D263800,0.087241
D225755,D264120,0.14867
D225755,D266120,0.030386
D225755,D266600,0.065376
D225755,D267740,0.30098
D225755,D268220,0.056734
D225755,D268320,0.18734
D225755,D270960,0.054752
D225755,D273300,0.068703
D225755,D273800,0.036007
D225755,D275000,0.087867
D225755,D276300,0.043594
D225755,D277350,0.029217
D225755,D277440,0.087586
D225755,D277460,0.15459
D225755,D300125,0.08841
D225755,D300232,0.18711
D225755,D300491,0.077418
D225755,D303110,0.10387
D225755,D304790,0.028269
D225755,D304900,0.048458
D225755,D305300,0.053673
D225755,D308205,0.106
D225755,D308350,0.20286
D225755,D308600,0.041313
D225755,D310468,0.074897
D225755,D311360,0.15441
D225755,D312910,0.22961
D225755,D540000,0.15073
D225755,D600131,0.080748
D225755,D600496,0.026087
D225755,D600634,0.070088
D225755,D601042,0.17604
D225755,D601367,0.093823
D225755,D601608,0.072811
D225755,D601665,0.094022
D225755,D601682,0.046066
D225755,D602080,0.15395
D225755,D602522,0.059289
D225755,D603165,0.033092
D225755,D604278,0.15565
D225755,D604416,0.045923
D225755,D604827,0.029254
D225755,D605021,0.078598
D225755,D605055,0.084141
D225755,D606703,0.12564
D225755,D606798,0.10914
D225755,D606842,0.066617
D225755,D607225,0.079075
D225755,D607459,0.17434
D225755,D607498,0.077285
D225755,D607501,0.080512
D225755,D607508,0.082677
D225755,D607516,0.077102
D225755,D607554,0.075641
D225755,D607628,0.071902
D225755,D607631,0.10742
D225755,D607681,0.080658
D225755,D607682,0.082055
D225755,D607685,0.017745
D225755,D607850,0.031295
D225755,D608033,0.10878
D225755,D608088,0.1366
D225755,D608105,0.13931
D225755,D608217,0.22118
D225755,D608320,0.043425
D225755,D608583,0.041568
D225755,D608622,0.037905
D226000,D226150,0.036649
D226000,D227300,0.035565
D226000,D230450,0.068817
D226000,D230800,0.15341
D226000,D231200,0.045498
D226000,D233810,0.060771
D226000,D236000,0.023172
D226000,D237450,0.036014
D226000,D237500,0.020954
D226000,D238800,0.032924
D226000,D239350,0.23758
D226000,D240400,0.048388
D226000,D241100,0.1792
D226000,D241519,0.082373
D226000,D243200,0.12225
D226000,D246300,0.060481
D226000,D246470,0.051509
D226000,D247200,0.23882
D226000,D248190,0.03
D226000,D249100,0.20548
D226000,D250790,0.051957
D226000,D252320,0.081946
D226000,D254200,0.088549
D226000,D254400,0.028524
D226000,D254500,0.03649
D226000,D254770,0.20879
D226000,D254800,0.15896
D226000,D255900,0.1349
D226000,D256370,0.099692
D226000,D256700,0.10117
D226000,D258360,0.11501
D226000,D259050,0.046306
D226000,D259500,0.024771
D226000,D259660,0.036852
D226000,D260480,0.017906
D226000,D260570,0.033248
D226000,D260970,0.065452
D226000,D261515,0.15418
D226000,D263300,0.056107
D226000,D263800,0.17204
D226000,D264120,0.065524
D226000,D266120,0.064964
D226000,D266600,0.15724
D226000,D267740,0.28637
D226000,D268220,0.030263
D226000,D268320,0.085523
D226000,D270960,0.11668
D226000,D273300,0.18497
D226000,D273800,0.096124
D226000,D275000,0.16054
D226000,D276300,0.062068
D226000,D277440,0.14432
D226000,D277460,0.1825
D226000,D300125,0.15748
D226000,D300232,0.12852
D226000,D300491,0.34626
D226000,D303110,0.083245
D226000,D304790,0.099322
D226000,D304900,0.12879
D226000,D305300,0.36699
D226000,D308205,0.16437
D226000,D308350,0.21146
D226000,D308600,0.044134
D226000,D310468,0.052097
D226000,D311360,0.17951
D226000,D312910,0.16014
D226000,D540000,0.13969
D226000,D600082,0.094413
D226000,D600131,0.28681
D226000,D600263,0.0862
D226000,D600496,0.027602
D226000,D600631,0.066428
D226000,D600634,0.074515
D226000,D600808,0.066084
D226000,D601004,0.051716
D226000,D601042,0.057448
D226000,D601367,0.20479
D226000,D601518,0.12751
D226000,D601608,0.051898
D226000,D601665,0.15055
D226000,D602080,0.086941
D226000,D602522,0.084212
D226000,D603165,0.057921
D226000,D604278,0.12653
D226000,D604416,0.10324
D226000,D604827,0.14714
D226000,D605021,0.32088
D226000,D605055,0.19004
D226000,D605839,0.060241
D226000,D606703,0.12282
D226000,D606798,0.086869
D226000,D606842,0.19463
D226000,D607225,0.063318
D226000,D607459,0.11719
D226000,D607498,0.16849
D226000,D607501,0.14283
D226000,D607508,0.17823
D226000,D607516,0.16674
D226000,D607554,0.33867
D226000,D607628,0.28534
D226000,D607631,0.26154
D226000,D607681,0.29283
D226000,D607682,0.29363
D226000,D607685,0.17512
D226000,D608033,0.20394
D226000,D608088,0.072722
D226000,D608105,0.20536
D226000,D608217,0.27819
D226000,D608320,0.15154
D226000,D608583,0.32856
D226000,D608622,0.20761
D226150,D230800,0.079114
D226150,D231200,0.03417
D226150,D237500,0.080771
D226150,D239350,0.1079
D226150,D241519,0.042353
D226150,D246300,0.092545
D226150,D246400,0.031733
D226150,D247200,0.044988
D226150,D248190,0.12417
D226150,D249100,0.15879
D226150,D252320,0.062601
D226150,D255900,0.058291
D226150,D256700,0.11292
D226150,D258360,0.029051
D226150,D260480,0.020595
D226150,D260570,0.03873
D226150,D261515,0.13059
D226150,D263300,0.031848
D226150,D263800,0.054133
D226150,D266600,0.21299
D226150,D273800,0.029023
D226150,D276300,0.095559
D226150,D277460,0.072553
D226150,D300125,0.086188
D226150,D304790,0.16043
D226150,D308205,0.14464
D226150,D311360,0.022311
D226150,D540000,0.018826
D226150,D600263,0.1446
D226150,D600351,0.094371
D226150,D600803,0.038388
D226150,D600807,0.021268
D226150,D601004,0.058208
D226150,D602080,0.068011
D226150,D603165,0.020388
D226150,D604416,0.027956
D226150,D607225,0.048319
D226150,D607459,0.04171
D226150,D607498,0.078279
D226150,D607499,0.051311
D226150,D607501,0.079625
D226150,D607508,0.080347
D226150,D607516,0.075849
D226150,D607685,0.051172
D226150,D608033,0.046079
D226150,D608088,0.055621
D227300,D230450,0.1524
D227300,D230800,0.15274
D227300,D231200,0.27497
D227300,D231900,0.18802
D227300,D236000,0.19165
D227300,D237450,0.082244
D227300,D237500,0.24115
D227300,D240400,0.27431
D227300,D241100,0.029045
D227300,D241519,0.13167
D227300,D243200,0.14321
D227300,D246300,0.060734
D227300,D246400,0.061386
D227300,D246470,0.028912
D227300,D247200,0.10812
D227300,D247640,0.056144
D227300,D249100,0.1049
D227300,D250790,0.11537
D227300,D254200,0.10027
D227300,D254400,0.13364
D227300,D254450,0.11451
D227300,D254500,0.19275
D227300,D254800,0.019049
D227300,D256370,0.027575
D227300,D256700,0.073315
D227300,D258360,0.11271
D227300,D259050,0.017722
D227300,D259500,0.084511
D227300,D259660,0.042349
D227300,D260480,0.040564
D227300,D260570,0.11357
D227300,D261515,0.10655
D227300,D263300,0.12551
D227300,D263800,0.11099
D227300,D264120,0.22627
D227300,D266120,0.22127
D227300,D266600,0.16807
D227300,D267730,0.049254
D227300,D268220,0.068872
D227300,D268320,0.032732
D227300,D270960,0.033443
D227300,D273300,0.066506
D227300,D273800,0.25557
D227300,D275000,0.089654
D227300,D276300,0.052853
D227300,D277350,0.19864
D227300,D277440,0.070777
D227300,D277460,0.22263
D227300,D300232,0.019175
D227300,D303110,0.031864
D227300,D304790,0.1568
D227300,D305300,0.064694
D227300,D308205,0.019167
D227300,D308350,0.032432
D227300,D308600,0.050717
D227300,D310468,0.059458
D227300,D311360,0.087823
D227300,D312910,0.026074
D227300,D540000,0.0931
D227300,D600263,0.08632
D227300,D600351,0.14591
D227300,D600496,0.16451
D227300,D600634,0.042807
D227300,D600803,0.11342
D227300,D600807,0.12944
D227300,D601367,0.2156
D227300,D601608,0.20766
D227300,D601626,0.12294
D227300,D601665,0.028773
D227300,D602080,0.074386
D227300,D602522,0.12623
D227300,D603165,0.1046
D227300,D604278,0.097172
D227300,D604827,0.060622
D227300,D607459,0.020863
D227300,D607508,0.10075
D227300,D607554,0.04643
D227300,D607685,0.10725
D227300,D608033,0.053564
D227300,D608088,0.027835
D227300,D608217,0.041569
D227300,D608320,0.026516
D227300,D608622,0.14777
D230450,D230800,0.1916
D230450,D231200,0.12298
D230450,D231900,0.58685
D230450,D233810,0.1365
D230450,D236000,0.12656
D230450,D237500,0.20049
D230450,D238800,0.22714
D230450,D239350,0.060562
D230450,D240400,0.24987
D230450,D241100,0.027631
D230450,D241519,0.17138
D230450,D243200,0.10281
D230450,D246300,0.15097
D230450,D246400,0.18632
D230450,D246470,0.056434
D230450,D247200,0.20369
D230450,D247640,0.054285
D230450,D249100,0.26812
D230450,D250790,0.41954
D230450,D252320,0.25688
D230450,D254200,0.2237
D230450,D254400,0.062211
D230450,D254450,0.082534
D230450,D254500,0.24607
D230450,D254770,0.17459
D230450,D254800,0.15182
D230450,D255900,0.17282
D230450,D256700,0.18709
D230450,D258360,0.19214
D230450,D259050,0.15488
D230450,D259500,0.13554
D230450,D259660,0.080621
D230450,D260480,0.1182
D230450,D260570,0.11032
D230450,D260970,0.29715
D230450,D261515,0.16808
D230450,D263300,0.21828
D230450,D263800,0.21027
D230450,D264120,0.14532
D230450,D266120,0.45637
D230450,D266600,0.21493
D230450,D267730,0.047592
D230450,D267740,0.089278
D230450,D268220,0.032987
D230450,D268320,0.063281
D230450,D273300,0.081198
D230450,D273800,0.21314
D230450,D275000,0.18898
D230450,D276300,0.12087
D230450,D277350,0.10332
D230450,D277440,0.11998
D230450,D277460,0.26286
D230450,D300125,0.14278
D230450,D300232,0.15387
D230450,D300491,0.20148
D230450,D300494,0.16233
D230450,D303110,0.061591
D230450,D304790,0.1549
D230450,D304900,0.086818
D230450,D305300,0.25927
D230450,D308205,0.075025
D230450,D308350,0.16185
D230450,D310468,0.0285
D230450,D311360,0.10662
D230450,D312910,0.050591
D230450,D540000,0.25117
D230450,D600131,0.19468
D230450,D600263,0.083992
D230450,D600351,0.11666
D230450,D600496,0.090846
D230450,D600803,0.11017
D230450,D600807,0.12214
D230450,D601042,0.15317
D230450,D601367,0.17808
D230450,D601608,0.37912
D230450,D601626,0.14916
D230450,D601665,0.14377
D230450,D602080,0.146
D230450,D602522,0.13953
D230450,D603165,0.038639
D230450,D604278,0.14342
D230450,D604416,0.085327
D230450,D604827,0.11281
D230450,D605021,0.19507
D230450,D605055,0.13632
D230450,D606703,0.18748
D230450,D606798,0.20505
D230450,D606842,0.28259
D230450,D607225,0.16663
D230450,D607459,0.11367
D230450,D607498,0.12618
D230450,D607499,0.10029
D230450,D607501,0.13059
D230450,D607508,0.1985
D230450,D607516,0.12484
D230450,D607554,0.04404
D230450,D607628,0.17836
D230450,D607631,0.17175
D230450,D607681,0.19705
D230450,D607682,0.19978
D230450,D607685,0.32929
D230450,D607850,0.073078
D230450,D608033,0.13993
D230450,D608088,0.16446
D230450,D608105,0.2036
D230450,D608217,0.1681
D230450,D608583,0.048404
D230450,D608622,0.14236
D230800,D231090,0.061984
D230800,D231200,0.28841
D230800,D231900,0.18677
D230800,D233810,0.074299
D230800,D236000,0.25716
D230800,D237450,0.12549
D230800,D237500,0.28311
D230800,D238800,0.13831
D230800,D239350,0.056968
D230800,D240400,0.23505
D230800,D241100,0.087577
D230800,D241519,0.13548
D230800,D243200,0.08962
D230800,D246300,0.22793
D230800,D246400,0.35106
D230800,D246470,0.096873
D230800,D247200,0.22575
D230800,D247640,0.17047
D230800,D248190,0.10379
D230800,D249100,0.3916
D230800,D250790,0.24543
D230800,D252320,0.10676
D230800,D254200,0.14921
D230800,D254400,0.24372
D230800,D254450,0.2055
D230800,D254500,0.30101
D230800,D254770,0.063854
D230800,D254800,0.20241
D230800,D255900,0.1196
D230800,D256370,0.03014
D230800,D256700,0.30031
D230800,D258360,0.24423
D230800,D259050,0.19987
D230800,D259500,0.2009
D230800,D259660,0.1323
D230800,D260480,0.17925
D230800,D260570,0.13162
D230800,D260970,0.027392
D230800,D261515,0.35308
D230800,D263300,0.23589
D230800,D263800,0.16579
D230800,D264120,0.12148
D230800,D266120,0.19179
D230800,D266600,0.35926
D230800,D267730,0.16487
D230800,D267740,0.12514
D230800,D268220,0.17278
D230800,D268320,0.12207
D230800,D270960,0.04873
D230800,D273300,0.11985
D230800,D273800,0.31868
D230800,D275000,0.27015
D230800,D276300,0.18069
D230800,D277350,0.17797
D230800,D277440,0.28845
D230800,D277460,0.26041
D230800,D278200,0.13304
D230800,D300125,0.079926
D230800,D300232,0.21462
D230800,D300491,0.098567
D230800,D300494,0.11431
D230800,D303110,0.10639
D230800,D304790,0.29141
D230800,D304900,0.053903
D230800,D305300,0.13733
D230800,D308205,0.16711
D230800,D308350,0.12011
D230800,D308600,0.095035
D230800,D310468,0.089995
D230800,D311360,0.18852
D230800,D312910,0.16329
D230800,D540000,0.20637
D230800,D600131,0.054126
D230800,D600263,0.16275
D230800,D600351,0.17293
D230800,D600496,0.17684
D230800,D600634,0.047494
D230800,D600803,0.1414
D230800,D600807,0.29156
D230800,D601004,0.10636
D230800,D601042,0.092582
D230800,D601367,0.25582
D230800,D601518,0.018376
D230800,D601608,0.12761
D230800,D601626,0.17662
D230800,D601665,0.15912
D230800,D601682,0.084478
D230800,D602068,0.10513
D230800,D602080,0.23808
D230800,D602522,0.16104
D230800,D603165,0.229
D230800,D604278,0.18
D230800,D604416,0.13504
D230800,D604827,0.039355
D230800,D605021,0.052726
D230800,D605055,0.088342
D230800,D605839,0.055213
D230800,D606703,0.051702
D230800,D606798,0.099398
D230800,D606842,0.25743
D230800,D607225,0.089153
D230800,D607459,0.094303
D230800,D607498,0.070655
D230800,D607499,0.025193
D230800,D607501,0.07255
D230800,D607508,0.11231
D230800,D607516,0.10553
D230800,D607554,0.15456
D230800,D607628,0.048113
D230800,D607631,0.047645
D230800,D607681,0.054081
D230800,D607682,0.055013
D230800,D607685,0.37167
D230800,D607850,0.084444
D230800,D608033,0.11965
D230800,D608088,0.12198
D230800,D608105,0.12724
D230800,D608217,0.060542
D230800,D608320,0.19264
D230800,D608583,0.15155
D230800,D608622,0.19371
D231090,D231200,0.064434
D231090,D233810,0.14597
D231090,D236000,0.11164
D231090,D237500,0.11982
D231090,D238800,0.094977
D231090,D240400,0.023269
D231090,D241100,0.072819
D231090,D243200,0.029106
D231090,D246400,0.03454
D231090,D246470,0.16344
D231090,D247200,0.13708
D231090,D247640,0.099974
D231090,D249100,0.025298
D231090,D250790,0.073353
D231090,D254200,0.06313
D231090,D254400,0.054671
D231090,D254450,0.04806
D231090,D254500,0.052478
D231090,D254800,0.047766
D231090,D256370,0.13779
D231090,D256700,0.17067
D231090,D259050,0.029438
D231090,D259500,0.096371
D231090,D260480,0.03555
D231090,D260970,0.031193
D231090,D261515,0.069461
D231090,D263300,0.026458
D231090,D263800,0.017728
D231090,D264120,0.063067
D231090,D266120,0.031318
D231090,D266600,0.039964
D231090,D267730,0.083323
D231090,D268220,0.066228
D231090,D268320,0.12907
D231090,D270960,0.23229
D231090,D273300,0.25254
D231090,D273800,0.11017
D231090,D275000,0.035733
D231090,D276300,0.11129
D231090,D277440,0.15159
D231090,D278200,0.080003
D231090,D300232,0.034186
D231090,D304790,0.042877
D231090,D305300,0.027491
D231090,D308205,0.065194
D231090,D308350,0.026907
D231090,D310468,0.025101
D231090,D311360,0.13467
D231090,D540000,0.046611
D231090,D600082,0.089522
D231090,D600263,0.12187
D231090,D600351,0.02024
D231090,D600496,0.026329
D231090,D600634,0.14396
D231090,D600807,0.10616
D231090,D601367,0.037988
D231090,D601518,0.12282
D231090,D601626,0.051749
D231090,D601665,0.023861
D231090,D602080,0.064469
D231090,D602522,0.10085
D231090,D603165,0.033691
D231090,D604278,0.1027
D231090,D605055,0.086179
D231090,D605839,0.17867
D231090,D606842,0.068242
D231090,D607459,0.017673
D231090,D607850,0.031916
D231090,D608088,0.023095
D231200,D231900,0.15158
D231200,D233810,0.058994
D231200,D236000,0.20325
D231200,D237450,0.10858
D231200,D237500,0.25079
D231200,D240400,0.12456
D231200,D241100,0.092353
D231200,D241519,0.057735
D231200,D243200,0.14298
D231200,D246300,0.12054
D231200,D246400,0.19383
D231200,D246470,0.13124
D231200,D247200,0.24801
D231200,D247640,0.10941
D231200,D248190,0.027362
D231200,D249100,0.19552
D231200,D250790,0.19745
D231200,D252320,0.042454
D231200,D254200,0.080314
D231200,D254400,0.19547
D231200,D254450,0.22012
D231200,D254500,0.1884
D231200,D254800,0.11129
D231200,D255900,0.077217
D231200,D256370,0.10548
D231200,D256700,0.2332
D231200,D258360,0.2275
D231200,D259050,0.12793
D231200,D259500,0.090141
D231200,D259660,0.026866
D231200,D260480,0.13272
D231200,D260570,0.12161
D231200,D261515,0.10924
D231200,D263300,0.16158
D231200,D263800,0.068574
D231200,D264120,0.096574
D231200,D266120,0.14234
D231200,D266600,0.22894
D231200,D267730,0.15973
D231200,D267740,0.089225
D231200,D268220,0.13223
D231200,D268320,0.19369
D231200,D270960,0.10607
D231200,D273300,0.10719
D231200,D273800,0.68546
D231200,D275000,0.17936
D231200,D276300,0.10492
D231200,D277350,0.16267
D231200,D277440,0.095529
D231200,D277460,0.10812
D231200,D278200,0.17427
D231200,D300125,0.047328
D231200,D300232,0.15785
D231200,D300491,0.080655
D231200,D300494,0.11988
D231200,D303110,0.10134
D231200,D304790,0.25159
D231200,D305300,0.083602
D231200,D308205,0.14349
D231200,D308350,0.020575
D231200,D308600,0.13383
D231200,D310468,0.038136
D231200,D311360,0.21683
D231200,D312910,0.083225
D231200,D540000,0.096013
D231200,D600082,0.068354
D231200,D600263,0.059124
D231200,D600351,0.12639
D231200,D600496,0.10032
D231200,D600634,0.027157
D231200,D600803,0.048668
D231200,D600807,0.18956
D231200,D601004,0.073632
D231200,D601042,0.05882
D231200,D601367,0.18191
D231200,D601518,0.061821
D231200,D601608,0.19889
D231200,D601626,0.24391
D231200,D601665,0.055575
D231200,D601682,0.15386
D231200,D602068,0.063913
D231200,D602080,0.084325
D231200,D602522,0.12293
D231200,D603165,0.25175
D231200,D604278,0.14409
D231200,D604416,0.038723
D231200,D604827,0.034619
D231200,D605839,0.090631
D231200,D606798,0.085947
D231200,D606842,0.089327
D231200,D607225,0.061401
D231200,D607459,0.096242
D231200,D607498,0.042687
D231200,D607501,0.043527
D231200,D607508,0.087545
D231200,D607516,0.062033
D231200,D607554,0.058925
D231200,D607685,0.2423
D231200,D608033,0.066195
D231200,D608088,0.052853
D231200,D608105,0.089239
D231200,D608217,0.053174
D231200,D608320,0.084214
D231200,D608583,0.032405
D231200,D608622,0.065475
D231900,D236000,0.15598
D231900,D237450,0.096954
D231900,D237500,0.24188
D231900,D238800,0.088533
D231900,D239350,0.073211
D231900,D240400,0.19755
D231900,D241519,0.20628
D231900,D246300,0.10874
D231900,D246400,0.10123
D231900,D246470,0.03447
D231900,D247200,0.12315
D231900,D247640,0.066979
D231900,D248190,0.080614
D231900,D249100,0.22465
D231900,D250790,0.29295
D231900,D254200,0.059475
D231900,D254400,0.076757
D231900,D254450,0.10183
D231900,D254500,0.1973
D231900,D254800,0.044568
D231900,D256700,0.051111
D231900,D258360,0.16861
D231900,D259500,0.10032
D231900,D260480,0.072987
D231900,D260570,0.13587
D231900,D261515,0.077393
D231900,D263300,0.18708
D231900,D263800,0.12677
D231900,D264120,0.13399
D231900,D266120,0.58354
D231900,D266600,0.18785
D231900,D267730,0.058723
D231900,D268220,0.040701
D231900,D273300,0.039562
D231900,D273800,0.15632
D231900,D275000,0.12606
D231900,D276300,0.0417
D231900,D277350,0.12649
D231900,D277440,0.083881
D231900,D277460,0.17001
D231900,D303110,0.037415
D231900,D304790,0.21055
D231900,D304900,0.10887
D231900,D305300,0.077022
D231900,D308600,0.11871
D231900,D310468,0.15633
D231900,D311360,0.10407
D231900,D312910,0.060999
D231900,D540000,0.16269
D231900,D600263,0.068986
D231900,D600351,0.11488
D231900,D600496,0.14845
D231900,D600803,0.090059
D231900,D600807,0.12519
D231900,D601367,0.16262
D231900,D601608,0.24538
D231900,D601626,0.18383
D231900,D601665,0.033668
D231900,D602080,0.044194
D231900,D602522,0.14398
D231900,D603165,0.047667
D231900,D604278,0.20537
D231900,D604416,0.065497
D231900,D607459,0.049043
D231900,D607508,0.080309
D231900,D607685,0.12831
D231900,D608033,0.05252
D231900,D608320,0.062482
D231900,D608622,0.12116
D233810,D236000,0.081516
D233810,D237450,0.097113
D233810,D237500,0.055491
D233810,D238800,0.032281
D233810,D239350,0.081632
D233810,D240400,0.073569
D233810,D241519,0.11257
D233810,D243200,0.11991
D233810,D246300,0.095689
D233810,D246400,0.066799
D233810,D247200,0.29192
D233810,D249100,0.13431
D233810,D250790,0.19756
D233810,D252320,0.18187
D233810,D254200,0.11233
D233810,D254400,0.087663
D233810,D254500,0.03576
D233810,D254770,0.15249
D233810,D254800,0.19445
D233810,D255900,0.23578
D233810,D256700,0.12661
D233810,D258360,0.075565
D233810,D259050,0.24798
D233810,D259500,0.087233
D233810,D260480,0.10252
D233810,D260970,0.17678
D233810,D261515,0.2055
D233810,D263800,0.161
D233810,D264120,0.064195
D233810,D266600,0.12597
D233810,D267740,0.078836
D233810,D268320,0.26822
D233810,D273300,0.088393
D233810,D273800,0.14442
D233810,D275000,0.10372
D233810,D276300,0.18369
D233810,D277350,0.08465
D233810,D277440,0.24061
D233810,D277460,0.11675
D233810,D278200,0.12561
D233810,D300125,0.12452
D233810,D300232,0.38023
D233810,D300491,0.17526
D233810,D300494,0.13904
D233810,D303110,0.054391
D233810,D304790,0.073597
D233810,D304900,0.12747
D233810,D305300,0.13053
D233810,D308205,0.28846
D233810,D308350,0.16797
D233810,D308600,0.12027
D233810,D311360,0.079108
D233810,D312910,0.044677
D233810,D540000,0.12999
D233810,D600131,0.16981
D233810,D600263,0.089358
D233810,D600807,0.075939
D233810,D601042,0.20914
D233810,D601367,0.16954
D233810,D601608,0.23083
D233810,D601665,0.18849
D233810,D602068,0.11142
D233810,D602080,0.099767
D233810,D602522,0.14215
D233810,D603165,0.089889
D233810,D604278,0.26778
D233810,D604416,0.18211
D233810,D604827,0.098348
D233810,D605021,0.16996
D233810,D605055,0.20924
D233810,D605839,0.082158
D233810,D606703,0.29522
D233810,D606798,0.17241
D233810,D606842,0.11768
D233810,D607225,0.1507
D233810,D607459,0.11256
D233810,D607498,0.11
D233810,D607499,0.13229
D233810,D607501,0.11385
D233810,D607508,0.11634
D233810,D607516,0.10886
D233810,D607554,0.039616
D233810,D607628,0.15541
D233810,D607631,0.14979
D233810,D607681,0.17179
D233810,D607682,0.17419
D233810,D607685,0.10853
D233810,D607850,0.1287
D233810,D608033,0.13925
D233810,D608088,0.16064
D233810,D608105,0.18302
D233810,D608217,0.14647
D233810,D608583,0.043541
D233810,D608622,0.039705
D236000,D237500,0.17352
D236000,D240400,0.14626
D236000,D241519,0.05949
D236000,D246300,0.14184
D236000,D246400,0.24841
D236000,D246470,0.22606
D236000,D247200,0.10759
D236000,D247640,0.28838
D236000,D249100,0.14936
D236000,D250790,0.09583
D236000,D252320,0.040848
D236000,D254200,0.099599
D236000,D254400,0.4639
D236000,D254450,0.24378
D236000,D254500,0.37407
D236000,D254800,0.037317
D236000,D255900,0.058628
D236000,D256370,0.072118
D236000,D256700,0.1822
D236000,D258360,0.19395
D236000,D259050,0.041368
D236000,D259500,0.28267
D236000,D260480,0.084031
D236000,D260570,0.15781
D236000,D261515,0.044063
D236000,D263300,0.18732
D236000,D263800,0.069867
D236000,D264120,0.049893
D236000,D266120,0.12212
D236000,D266600,0.21157
D236000,D267730,0.47256
D236000,D268220,0.098159
D236000,D268320,0.021515
D236000,D270960,0.022152
D236000,D273300,0.11681
D236000,D273800,0.17362
D236000,D275000,0.15694
D236000,D276300,0.12387
D236000,D277350,0.047093
D236000,D277440,0.070573
D236000,D277460,0.094621
D236000,D300125,0.047062
D236000,D300232,0.056181
D236000,D303110,0.025687
D236000,D304790,0.1719
D236000,D305300,0.1514
D236000,D308205,0.012907
D236000,D311360,0.072452
D236000,D540000,0.062643
D236000,D600263,0.19248
D236000,D600351,0.16061
D236000,D600496,0.061997
D236000,D600634,0.085642
D236000,D600803,0.05015
D236000,D600807,0.2668
D236000,D601042,0.029148
D236000,D601367,0.22681
D236000,D601518,0.033428
D236000,D601608,0.15054
D236000,D601626,0.27328
D236000,D601665,0.037981
D236000,D602080,0.07581
D236000,D602522,0.03192
D236000,D603165,0.18896
D236000,D604278,0.080867
D236000,D604416,0.036727
D236000,D604827,0.072342
D236000,D605839,0.11928
D236000,D606703,0.063558
D236000,D606842,0.054959
D236000,D607225,0.068615
D236000,D607498,0.041136
D236000,D607501,0.042418
D236000,D607508,0.08873
D236000,D607516,0.041025
D236000,D607554,0.060421
D236000,D607685,0.21688
D236000,D607850,0.08148
D236000,D608033,0.014883
D236000,D608088,0.036272
D236000,D608105,0.023153
D236000,D608320,0.052059
D236000,D608583,0.066407
D236000,D608622,0.12845
D237450,D237500,0.49506
D237450,D238800,0.076747
D237450,D239350,0.063464
D237450,D240400,0.18356
D237450,D241100,0.029411
D237450,D241519,0.12972
D237450,D243200,0.107
D237450,D246300,0.065636
D237450,D246400,0.12997
D237450,D247200,0.070061
D237450,D248190,0.069881
D237450,D249100,0.11283
D237450,D250790,0.06478
D237450,D252320,0.069734
D237450,D254200,0.051601
D237450,D254400,0.081271
D237450,D254450,0.032548
D237450,D254500,0.06391
D237450,D254800,0.11778
D237450,D255900,0.065538
D237450,D256370,0.027923
D237450,D256700,0.092763
D237450,D258360,0.030636
D237450,D259050,0.059398
D237450,D259500,0.028825
D237450,D259660,0.042883
D237450,D260480,0.13016
D237450,D260570,0.038689
D237450,D261515,0.14741
D237450,D263800,0.11053
D237450,D264120,0.076983
D237450,D266120,0.22126
D237450,D266600,0.11543
D237450,D268220,0.035216
D237450,D268320,0.068317
D237450,D270960,0.033865
D237450,D273300,0.051137
D237450,D273800,0.11484
D237450,D275000,0.11114
D237450,D276300,0.075963
D237450,D277350,0.15277
D237450,D277440,0.1303
D237450,D277460,0.17472
D237450,D278200,0.049417
D237450,D300232,0.064466
D237450,D303110,0.064692
D237450,D304790,0.12659
D237450,D304900,0.060109
D237450,D308205,0.086281
D237450,D308350,0.032841
D237450,D308600,0.64405
D237450,D310468,0.19287
D237450,D311360,0.1129
D237450,D312910,0.10595
D237450,D540000,0.094678
D237450,D600263,0.029468
D237450,D600351,0.024916
D237450,D600496,0.096631
D237450,D600634,0.043348
D237450,D600803,0.039236
D237450,D600807,0.021753
D237450,D601367,0.11649
D237450,D601665,0.1196
D237450,D602068,0.10499
D237450,D602080,0.038218
D237450,D602522,0.10344
D237450,D603165,0.13146
D237450,D604278,0.155
D237450,D604416,0.1204
D237450,D605839,0.077259
D237450,D607459,0.063641
D237450,D607508,0.034584
D237450,D607554,0.047017
D237450,D607685,0.093531
D237450,D608033,0.1153
D237450,D608088,0.028187
D237450,D608217,0.084379
D237450,D608320,0.10814
D237450,D608622,0.047719
D237500,D238800,0.066964
D237500,D239350,0.055873
D237500,D240400,0.24538
D237500,D241100,0.017112
D237500,D241519,0.16805
D237500,D243200,0.08281
D237500,D246300,0.12998
D237500,D246400,0.18974
D237500,D246470,0.15113
D237500,D247200,0.13778
D237500,D247640,0.10479
D237500,D248190,0.086863
D237500,D249100,0.25193
D237500,D250790,0.24595
D237500,D252320,0.05839
D237500,D254200,0.12087
D237500,D254400,0.16267
D237500,D254450,0.1217
D237500,D254500,0.17473
D237500,D254800,0.10293
D237500,D255900,0.054548
D237500,D256370,0.065015
D237500,D256700,0.23791
D237500,D258360,0.16117
D237500,D259050,0.083654
D237500,D259500,0.1357
D237500,D259660,0.024951
D237500,D260480,0.21736
D237500,D260570,0.17234
D237500,D260970,0.022158
D237500,D261515,0.25107
D237500,D263300,0.19572
D237500,D263800,0.12778
D237500,D264120,0.089931
D237500,D266120,0.25971
D237500,D266600,0.22862
D237500,D267730,0.088792
D237500,D268220,0.13771
D237500,D268320,0.078632
D237500,D270960,0.078819
D237500,D273300,0.16698
D237500,D273800,0.26497
D237500,D275000,0.14123
D237500,D276300,0.19877
D237500,D277350,0.15225
D237500,D277440,0.19853
D237500,D277460,0.22468
D237500,D278200,0.082883
D237500,D300125,0.044679
D237500,D300232,0.077992
D237500,D303110,0.037627
D237500,D304790,0.26049
D237500,D304900,0.034939
D237500,D305300,0.038805
D237500,D308205,0.11183
D237500,D308350,0.07717
D237500,D308600,0.35935
D237500,D310468,0.10968
D237500,D311360,0.133
D237500,D312910,0.061505
D237500,D540000,0.13426
D237500,D600263,0.32551
D237500,D600351,0.14859
D237500,D600496,0.19751
D237500,D600634,0.1275
D237500,D600803,0.40998
D237500,D600807,0.21634
D237500,D601004,0.068984
D237500,D601042,0.01319
D237500,D601367,0.20475
D237500,D601518,0.058461
D237500,D601608,0.070369
D237500,D601626,0.14767
D237500,D601665,0.19606
D237500,D601682,0.040894
D237500,D602068,0.11553
D237500,D602080,0.13783
D237500,D602522,0.10181
D237500,D603165,0.17471
D237500,D604278,0.13427
D237500,D604416,0.069424
D237500,D605055,0.020266
D237500,D605839,0.1712
D237500,D606842,0.04935
D237500,D607225,0.014245
D237500,D607459,0.049298
D237500,D607498,0.059385
D237500,D607499,0.029997
D237500,D607501,0.060654
D237500,D607508,0.10225
D237500,D607516,0.077769
D237500,D607554,0.027355
D237500,D607685,0.20387
D237500,D607850,0.045385
D237500,D608033,0.080249
D237500,D608088,0.049208
D237500,D608217,0.04907
D237500,D608320,0.078594
D237500,D608622,0.08885
D238800,D239350,0.086918
D238800,D240400,0.10626
D238800,D241100,0.082395
D238800,D241519,0.078718
D238800,D243200,0.03249
D238800,D246400,0.038576
D238800,D247200,0.098074
D238800,D248190,0.063812
D238800,D249100,0.09926
D238800,D250790,0.16393
D238800,D252320,0.155
D238800,D254200,0.2738
D238800,D254500,0.097037
D238800,D254770,0.05407
D238800,D254800,0.2143
D238800,D255900,0.25633
D238800,D256370,0.052543
D238800,D256700,0.12183
D238800,D258360,0.026499
D238800,D259050,0.095418
D238800,D259500,0.052774
D238800,D259660,0.078652
D238800,D260480,0.038096
D238800,D260970,0.10632
D238800,D261515,0.18394
D238800,D263300,0.029605
D238800,D263800,0.14036
D238800,D264120,0.14182
D238800,D266120,0.035044
D238800,D266600,0.089059
D238800,D267740,0.042589
D238800,D268320,0.030299
D238800,D270960,0.06203
D238800,D273300,0.078567
D238800,D273800,0.020435
D238800,D275000,0.24894
D238800,D276300,0.033096
D238800,D277350,0.033188
D238800,D277440,0.23897
D238800,D277460,0.11262
D238800,D300125,0.033477
D238800,D300232,0.071584
D238800,D300491,0.043861
D238800,D303110,0.059117
D238800,D304790,0.11535
D238800,D304900,0.082277
D238800,D305300,0.18793
D238800,D308205,0.017743
D238800,D308350,0.060147
D238800,D308600,0.093966
D238800,D310468,0.08328
D238800,D311360,0.14514
D238800,D312910,0.072512
D238800,D540000,0.33741
D238800,D600131,0.045858
D238800,D600351,0.022648
D238800,D600496,0.11901
D238800,D600807,0.039493
D238800,D601042,0.081802
D238800,D601367,0.063627
D238800,D601608,0.083168
D238800,D601665,0.053289
D238800,D602080,0.087334
D238800,D602522,0.089585
D238800,D604278,0.067306
D238800,D604416,0.13434
D238800,D604827,0.033245
D238800,D605021,0.044598
D238800,D605055,0.15964
D238800,D606703,0.043377
D238800,D606798,0.10155
D238800,D606842,0.28824
D238800,D607225,0.090096
D238800,D607459,0.08516
D238800,D607498,0.029262
D238800,D607501,0.030196
D238800,D607508,0.031307
D238800,D607516,0.029184
D238800,D607554,0.04298
D238800,D607628,0.040772
D238800,D607631,0.040362
D238800,D607681,0.045789
D238800,D607682,0.046587
D238800,D607685,0.082908
D238800,D607850,0.10701
D238800,D608033,0.13066
D238800,D608088,0.10329
D238800,D608105,0.094862
D238800,D608217,0.038477
D238800,D608320,0.04946
D238800,D608583,0.047238
D238800,D608622,0.043076
D239350,D240400,0.042593
D239350,D241100,0.044583
D239350,D241519,0.065095
D239350,D243200,0.080679
D239350,D246400,0.051022
D239350,D246470,0.045197
D239350,D247200,0.10752
D239350,D248190,0.1325
D239350,D249100,0.14136
D239350,D250790,0.045724
D239350,D252320,0.072839
D239350,D254200,0.078463
D239350,D254450,0.085461
D239350,D254500,0.048144
D239350,D254770,0.1837
D239350,D254800,0.14374
D239350,D255900,0.11154
D239350,D256370,0.042515
D239350,D256700,0.1171
D239350,D258360,0.043894
D239350,D259050,0.027179
D239350,D260480,0.015753
D239350,D260570,0.12802
D239350,D260970,0.0576
D239350,D261515,0.1901
D239350,D263800,0.45772
D239350,D264120,0.08673
D239350,D266120,0.057335
D239350,D266600,0.06134
D239350,D267740,0.26554
D239350,D268320,0.050197
D239350,D270960,0.051268
D239350,D273300,0.064234
D239350,D273800,0.050703
D239350,D275000,0.099231
D239350,D276300,0.040957
D239350,D277350,0.027446
D239350,D277440,0.26791
D239350,D277460,0.11135
D239350,D300125,0.18857
D239350,D300232,0.1029
D239350,D300491,0.32056
D239350,D303110,0.073353
D239350,D304790,0.096759
D239350,D304900,0.29391
D239350,D305300,0.025211
D239350,D308205,0.10147
D239350,D308350,0.26017
D239350,D308600,0.077704
D239350,D310468,0.11544
D239350,D311360,0.11906
D239350,D312910,0.14003
D239350,D540000,0.1859
D239350,D600082,0.041308
D239350,D600131,0.26269
D239350,D600351,0.12407
D239350,D600496,0.072842
D239350,D600631,0.17825
D239350,D600634,0.032818
D239350,D600808,0.17954
D239350,D601042,0.068082
D239350,D601367,0.12285
D239350,D601518,0.037339
D239350,D601608,0.069203
D239350,D601665,0.1102
D239350,D602080,0.069571
D239350,D602522,0.24582
D239350,D604278,0.14847
D239350,D604416,0.10754
D239350,D604827,0.12946
D239350,D605021,0.29848
D239350,D605055,0.17341
D239350,D605839,0.052873
D239350,D606703,0.14528
D239350,D606798,0.16225
D239350,D606842,0.063224
D239350,D607225,0.074781
D239350,D607459,0.11925
D239350,D607498,0.20323
D239350,D607499,0.13503
D239350,D607501,0.17349
D239350,D607508,0.20324
D239350,D607516,0.19133
D239350,D607554,0.10664
D239350,D607628,0.26583
D239350,D607631,0.2402
D239350,D607681,0.26853
D239350,D607682,0.2696
D239350,D607685,0.016679
D239350,D608033,0.21434
D239350,D608088,0.042681
D239350,D608105,0.21672
D239350,D608217,0.2226
D239350,D608320,0.061238
D239350,D608583,0.11721
D239350,D608622,0.10689
D240400,D241100,0.1225
D240400,D241519,0.24444
D240400,D243200,0.14614
D240400,D246300,0.064605
D240400,D246400,0.1467
D240400,D246470,0.15423
D240400,D247200,0.2115
D240400,D247640,0.039139
D240400,D248190,0.070864
D240400,D249100,0.2456
D240400,D250790,0.20285
D240400,D252320,0.08548
D240400,D254200,0.10708
D240400,D254400,0.13404
D240400,D254450,0.0594
D240400,D254500,0.28935
D240400,D254770,0.082562
D240400,D254800,0.14883
D240400,D255900,0.041324
D240400,D256370,0.10131
D240400,D256700,0.19449
D240400,D258360,0.079418
D240400,D259050,0.090539
D240400,D259500,0.13907
D240400,D259660,0.15469
D240400,D260480,0.071972
D240400,D260570,0.080016
D240400,D260970,0.12187
D240400,D261515,0.32327
D240400,D263300,0.17884
D240400,D263800,0.2734
D240400,D264120,0.27522
D240400,D266120,0.18802
D240400,D266600,0.26203
D240400,D267730,0.034141
D240400,D268220,0.047546
D240400,D268320,0.022253
D240400,D270960,0.045717
D240400,D273300,0.1064
D240400,D273800,0.21281
D240400,D275000,0.11988
D240400,D276300,0.19418
D240400,D277350,0.35332
D240400,D277440,0.2469
D240400,D277460,0.34721
D240400,D300125,0.099665
D240400,D300232,0.14301
D240400,D300491,0.075785
D240400,D300494,0.11194
D240400,D303110,0.065457
D240400,D304790,0.21939
D240400,D304900,0.12983
D240400,D305300,0.16227
D240400,D308205,0.066626
D240400,D308350,0.091223
D240400,D308600,0.10354
D240400,D310468,0.2819
D240400,D311360,0.15718
D240400,D312910,0.07414
D240400,D540000,0.18433
D240400,D600082,0.036982
D240400,D600131,0.06855
D240400,D600263,0.10243
D240400,D600351,0.13815
D240400,D600496,0.30241
D240400,D600634,0.029102
D240400,D600803,0.13445
D240400,D600807,0.16358
D240400,D601042,0.063071
D240400,D601367,0.25756
D240400,D601518,0.033459
D240400,D601608,0.10454
D240400,D601626,0.086624
D240400,D601665,0.24365
D240400,D602080,0.14964
D240400,D602522,0.28136
D240400,D603165,0.056535
D240400,D604278,0.22975
D240400,D604416,0.077078
D240400,D604827,0.054471
D240400,D605021,0.070502
D240400,D605055,0.099906
D240400,D606703,0.067042
D240400,D606798,0.093695
D240400,D606842,0.11341
D240400,D607225,0.051684
D240400,D607459,0.12036
D240400,D607498,0.088048
D240400,D607499,0.10891
D240400,D607501,0.090446
D240400,D607508,0.16489
D240400,D607516,0.087108
D240400,D607554,0.094694
D240400,D607628,0.064438
D240400,D607631,0.060597
D240400,D607681,0.070229
D240400,D607682,0.070979
D240400,D607685,0.18276
D240400,D607850,0.079474
D240400,D608033,0.14995
D240400,D608088,0.077983
D240400,D608105,0.048512
D240400,D608217,0.088957
D240400,D608320,0.13043
D240400,D608583,0.069383
D240400,D608622,0.16915
D241100,D243200,0.07484
D241100,D246400,0.074644
D241100,D246470,0.084025
D241100,D247200,0.16048
D241100,D247640,0.025256
D241100,D248190,0.073553
D241100,D249100,0.15263
D241100,D252320,0.022365
D241100,D254200,0.10857
D241100,D254500,0.029906
D241100,D254800,0.027091
D241100,D255900,0.10272
D241100,D256370,0.26748
D241100,D256700,0.15702
D241100,D259050,0.15041
D241100,D259500,0.081735
D241100,D259660,0.17251
D241100,D260480,0.029275
D241100,D260570,0.027152
D241100,D261515,0.10117
D241100,D263800,0.091029
D241100,D264120,0.25924
D241100,D266120,0.053059
D241100,D266600,0.14965
D241100,D268220,0.024715
D241100,D268320,0.023261
D241100,D270960,0.19112
D241100,D273300,0.23604
D241100,D273800,0.078871
D241100,D275000,0.076531
D241100,D276300,0.076416
D241100,D277440,0.13415
D241100,D277460,0.06883
D241100,D278200,0.063658
D241100,D300232,0.082312
D241100,D303110,0.045495
D241100,D304790,0.098368
D241100,D304900,0.042149
D241100,D305300,0.0471
D241100,D308205,0.040886
D241100,D308350,0.046271
D241100,D308600,0.036043
D241100,D310468,0.064177
D241100,D311360,0.17686
D241100,D312910,0.12812
D241100,D540000,0.02646
D241100,D600082,0.19444
D241100,D600496,0.090469
D241100,D600631,0.05426
D241100,D600634,0.060929
D241100,D600807,0.01523
D241100,D600808,0.053979
D241100,D601042,0.015744
D241100,D601367,0.032612
D241100,D601518,0.21017
D241100,D601665,0.040951
D241100,D602068,0.066767
D241100,D602080,0.058456
D241100,D602522,0.12062
D241100,D603165,0.043352
D241100,D604278,0.069233
D241100,D604416,0.1203
D241100,D605839,0.098289
D241100,D606798,0.023677
D241100,D606842,0.058325
D241100,D607459,0.030054
D241100,D607554,0.032997
D241100,D607685,0.046482
D241100,D607850,0.055197
D241100,D608033,0.032009
D241100,D608088,0.039603
D241100,D608217,0.029542
D241100,D608320,0.03775
D241519,D243200,0.14985
D241519,D246300,0.16559
D241519,D246400,0.044128
D241519,D247200,0.097616
D241519,D247640,0.030078
D241519,D248190,0.071677
D241519,D249100,0.18717
D241519,D250790,0.16371
D241519,D252320,0.032551
D241519,D254200,0.12443
D241519,D254450,0.030549
D241519,D254500,0.13411
D241519,D254770,0.12597
D241519,D254800,0.10287
D241519,D255900,0.063636
D241519,D256700,0.07795
D241519,D258360,0.13303
D241519,D259050,0.039523
D241519,D259500,0.063613
D241519,D260480,0.04604
D241519,D260570,0.085534
D241519,D260970,0.14259
D241519,D261515,0.18937
D241519,D263300,0.07127
D241519,D263800,0.19399
D241519,D264120,0.16443
D241519,D266120,0.12265
D241519,D266600,0.2135
D241519,D268220,0.036552
D241519,D273300,0.13604
D241519,D273800,0.11918
D241519,D275000,0.14891
D241519,D276300,0.058837
D241519,D277350,0.15549
D241519,D277440,0.13288
D241519,D277460,0.19886
D241519,D300125,0.077039
D241519,D300232,0.068952
D241519,D300491,0.11565
D241519,D300494,0.17085
D241519,D303110,0.033247
D241519,D304790,0.20328
D241519,D304900,0.15735
D241519,D308205,0.10164
D241519,D308350,0.10585
D241519,D308600,0.10555
D241519,D310468,0.093773
D241519,D311360,0.20459
D241519,D312910,0.054237
D241519,D540000,0.19313
D241519,D600131,0.10458
D241519,D600263,0.23328
D241519,D600351,0.12392
D241519,D600496,0.22089
D241519,D600803,0.18719
D241519,D600807,0.12841
D241519,D601042,0.073432
D241519,D601367,0.20039
D241519,D601608,0.066612
D241519,D601626,0.069832
D241519,D601665,0.12324
D241519,D602080,0.19624
D241519,D602522,0.13039
D241519,D603165,0.16672
D241519,D604278,0.18379
D241519,D604416,0.23716
D241519,D604827,0.083117
D241519,D605021,0.10757
D241519,D605055,0.11273
D241519,D606703,0.10229
D241519,D606798,0.10866
D241519,D606842,0.057966
D241519,D607225,0.050698
D241519,D607459,0.11658
D241519,D607498,0.068763
D241519,D607499,0.16666
D241519,D607501,0.070377
D241519,D607508,0.184
D241519,D607516,0.067504
D241519,D607628,0.09832
D241519,D607631,0.092452
D241519,D607681,0.10715
D241519,D607682,0.10829
D241519,D607685,0.20028
D241519,D608033,0.17514
D241519,D608088,0.028924
D241519,D608105,0.074017
D241519,D608217,0.092612
D241519,D608320,0.055556
D241519,D608622,0.1651
D243200,D246300,0.02649
D243200,D246400,0.018406
D243200,D246470,0.050648
D243200,D247200,0.173
D243200,D247640,0.024597
D243200,D248190,0.029616
D243200,D249100,0.10464
D243200,D250790,0.10356
D243200,D252320,0.053862
D243200,D254200,0.10897
D243200,D254500,0.12892
D243200,D254770,0.25403
D243200,D254800,0.14995
D243200,D255900,0.024594
D243200,D256370,0.0711
D243200,D256700,0.14937
D243200,D258360,0.049181
D243200,D259050,0.093317
D243200,D259500,0.048893
D243200,D259660,0.036369
D243200,D260480,0.035391
D243200,D260570,0.032812
D243200,D260970,0.14558
D243200,D261515,0.14777
D243200,D263800,0.12859
D243200,D264120,0.097653
D243200,D266120,0.064347
D243200,D266600,0.13787
D243200,D267740,0.15818
D243200,D268220,0.029866
D243200,D268320,0.084344
D243200,D270960,0.086275
D243200,D273300,0.25074
D243200,D273800,0.25419
D243200,D275000,0.055514
D243200,D276300,0.1083
D243200,D277350,0.09283
D243200,D277440,0.092205
D243200,D277460,0.14569
D243200,D300125,0.1875
D243200,D300232,0.12094
D243200,D300491,0.21743
D243200,D300494,0.13991
D243200,D303110,0.082111
D243200,D304790,0.059237
D243200,D304900,0.15277
D243200,D305300,0.028278
D243200,D308205,0.14823
D243200,D308350,0.22459
D243200,D308600,0.08721
D243200,D310468,0.051613
D243200,D311360,0.15261
D243200,D312910,0.11213
D243200,D540000,0.21275
D243200,D600131,0.21354
D243200,D600263,0.049527
D243200,D600351,0.020967
D243200,D600496,0.054657
D243200,D600634,0.036763
D243200,D600803,0.066024
D243200,D600807,0.036606
D243200,D601042,0.11526
D243200,D601367,0.19874
D243200,D601608,0.11244
D243200,D601665,0.1982
D243200,D601682,0.048554
D243200,D602068,0.081155
D243200,D602080,0.14704
D243200,D602522,0.083332
D243200,D603165,0.069787
D243200,D604278,0.1679
D243200,D604827,0.16103
D243200,D605021,0.21266
D243200,D605055,0.18027
D243200,D605839,0.059258
D243200,D606703,0.16468
D243200,D606798,0.17254
D243200,D606842,0.07093
D243200,D607225,0.083125
D243200,D607459,0.13017
D243200,D607498,0.16514
D243200,D607499,0.13307
D243200,D607501,0.16979
D243200,D607508,0.20437
D243200,D607516,0.19106
D243200,D607554,0.15959
D243200,D607628,0.19418
D243200,D607631,0.18829
D243200,D607681,0.21552
D243200,D607682,0.21867
D243200,D607685,0.075708
D243200,D608033,0.16257
D243200,D608088,0.071715
D243200,D608105,0.2067
D243200,D608217,0.25465
D243200,D608320,0.022772
D243200,D608583,0.13157
D243200,D608622,0.16014
D246300,D246400,0.19827
D246300,D247200,0.061556
D246300,D247640,0.043266
D246300,D249100,0.19591
D246300,D250790,0.2045
D246300,D252320,0.12191
D246300,D254200,0.038374
D246300,D254400,0.05813
D246300,D254450,0.044372
D246300,D254500,0.16095
D246300,D254770,0.044291
D246300,D254800,0.058128
D246300,D255900,0.093655
D246300,D256700,0.1547
D246300,D258360,0.27543
D246300,D259050,0.043231
D246300,D259500,0.1512
D246300,D260480,0.1145
D246300,D260570,0.21262
D246300,D260970,0.17562
D246300,D261515,0.077441
D246300,D263300,0.19331
D246300,D263800,0.081356
D246300,D264120,0.05781
D246300,D266120,0.085029
D246300,D266600,0.33007
D246300,D268220,0.078949
D246300,D268320,0.025721
D246300,D273300,0.050865
D246300,D273800,0.18491
D246300,D275000,0.16411
D246300,D276300,0.055998
D246300,D277350,0.11174
D246300,D277440,0.09763
D246300,D277460,0.12994
D246300,D278200,0.036139
D246300,D300125,0.027369
D246300,D300232,0.046974
D246300,D300491,0.036692
D246300,D300494,0.048762
D246300,D304790,0.21046
D246300,D304900,0.022439
D246300,D308205,0.092088
D246300,D308350,0.074478
D246300,D308600,0.081212
D246300,D311360,0.068218
D246300,D540000,0.086884
D246300,D600131,0.037436
D246300,D600263,0.20889
D246300,D600351,0.19108
D246300,D600496,0.071881
D246300,D600803,0.058108
D246300,D600807,0.24268
D246300,D601042,0.016693
D246300,D601367,0.053074
D246300,D601608,0.022718
D246300,D601626,0.12346
D246300,D601665,0.065661
D246300,D601682,0.048927
D246300,D602068,0.075234
D246300,D602080,0.10093
D246300,D602522,0.036986
D246300,D603165,0.12773
D246300,D604278,0.075854
D246300,D604416,0.088216
D246300,D604827,0.027555
D246300,D605021,0.03674
D246300,D605055,0.026063
D246300,D605839,0.055352
D246300,D606703,0.035595
D246300,D606798,0.025172
D246300,D606842,0.020606
D246300,D607225,0.018259
D246300,D607459,0.035547
D246300,D607498,0.024004
D246300,D607499,0.037997
D246300,D607501,0.024721
D246300,D607508,0.077404
D246300,D607516,0.023878
D246300,D607628,0.03358
D246300,D607631,0.032972
D246300,D607681,0.037534
D246300,D607682,0.038147
D246300,D607685,0.28849
D246300,D608033,0.05534
D246300,D608088,0.021009
D246300,D608105,0.025808
D246300,D608217,0.031686
D246300,D608622,0.078174
D246400,D246470,0.12053
D246400,D247200,0.13285
D246400,D247640,0.24891
D246400,D248190,0.078459
D246400,D249100,0.2171
D246400,D250790,0.13427
D246400,D252320,0.083211
D246400,D254200,0.1295
D246400,D254400,0.22055
D246400,D254450,0.28401
D246400,D254500,0.19495
D246400,D254770,0.030776
D246400,D254800,0.068968
D246400,D255900,0.07653
D246400,D256370,0.028132
D246400,D256700,0.17598
D246400,D258360,0.18891
D246400,D259050,0.10532
D246400,D259500,0.1473
D246400,D259660,0.13657
D246400,D260480,0.16529
D246400,D260570,0.14907
D246400,D260970,0.019863
D246400,D261515,0.14081
D246400,D263300,0.11572
D246400,D263800,0.10076
D246400,D264120,0.019231
D246400,D266120,0.082573
D246400,D266600,0.23163
D246400,D267730,0.3899
D246400,D268220,0.094015
D246400,D268320,0.017491
D246400,D270960,0.017023
D246400,D273300,0.055681
D246400,D273800,0.16164
D246400,D275000,0.099417
D246400,D276300,0.19462
D246400,D277350,0.076604
D246400,D277440,0.14415
D246400,D277460,0.13916
D246400,D278200,0.070209
D246400,D300125,0.04174
D246400,D300232,0.10531
D246400,D300491,0.025496
D246400,D300494,0.033883
D246400,D304790,0.19079
D246400,D304900,0.015592
D246400,D305300,0.14659
D246400,D308205,0.076448
D246400,D308350,0.033675
D246400,D308600,0.15084
D246400,D310468,0.031566
D246400,D311360,0.022617
D246400,D540000,0.038251
D246400,D600131,0.026013
D246400,D600263,0.078256
D246400,D600351,0.24479
D246400,D600496,0.064714
D246400,D600634,0.044657
D246400,D600803,0.039333
D246400,D600807,0.18532
D246400,D601042,0.034045
D246400,D601367,0.07044
D246400,D601518,0.025688
D246400,D601608,0.13445
D246400,D601626,0.15932
D246400,D601665,0.10572
D246400,D602068,0.10027
D246400,D602080,0.14172
D246400,D602522,0.062157
D246400,D603165,0.20044
D246400,D604278,0.025188
D246400,D604416,0.11823
D246400,D604827,0.019147
D246400,D605021,0.025529
D246400,D605055,0.01811
D246400,D605839,0.078047
D246400,D606703,0.024733
D246400,D606798,0.034458
D246400,D606842,0.1348
D246400,D607225,0.024991
D246400,D607459,0.011239
D246400,D607498,0.037764
D246400,D607499,0.026402
D246400,D607501,0.038465
D246400,D607508,0.056216
D246400,D607516,0.036697
D246400,D607628,0.023333
D246400,D607631,0.022911
D246400,D607681,0.026081
D246400,D607682,0.026507
D246400,D607685,0.23264
D246400,D607850,0.078876
D246400,D608033,0.067387
D246400,D608088,0.11826
D246400,D608105,0.035226
D246400,D608217,0.022018
D246400,D608320,0.013498
D246400,D608622,0.023963
D246470,D247200,0.087502
D246470,D247640,0.28339
D246470,D248190,0.074697
D246470,D249100,0.077081
D246470,D250790,0.042678
D246470,D254200,0.073226
D246470,D254400,0.21911
D246470,D254450,0.16774
D246470,D254500,0.12174
D246470,D254800,0.013812
D246470,D256370,0.20148
D246470,D256700,0.15564
D246470,D258360,0.020655
D246470,D259500,0.084232
D246470,D260480,0.059644
D246470,D260570,0.027568
D246470,D261515,0.059534
D246470,D263300,0.046154
D246470,D263800,0.030727
D246470,D266120,0.080974
D246470,D266600,0.22002
D246470,D267730,0.25405
D246470,D268220,0.057635
D246470,D270960,0.12074
D246470,D273300,0.16137
D246470,D273800,0.079715
D246470,D275000,0.015513
D246470,D276300,0.306
D246470,D277350,0.083909
D246470,D277440,0.091768
D246470,D277460,0.034986
D246470,D300232,0.041886
D246470,D304790,0.12977
D246470,D304900,0.042754
D246470,D305300,0.023753
D246470,D308205,0.013962
D246470,D310468,0.043198
D246470,D311360,0.048055
D246470,D540000,0.013481
D246470,D600082,0.038922
D246470,D600263,0.18484
D246470,D600351,0.12444
D246470,D600496,0.045735
D246470,D600631,0.11012
D246470,D600634,0.16443
D246470,D600803,0.05562
D246470,D600807,0.076937
D246470,D600808,0.10962
D246470,D601367,0.049586
D246470,D601518,0.17793
D246470,D601608,0.043109
D246470,D601626,0.36669
D246470,D601665,0.10456
D246470,D602080,0.042456
D246470,D602522,0.087344
D246470,D603165,0.043977
D246470,D604278,0.034954
D246470,D604416,0.040607
D246470,D605839,0.34981
D246470,D607685,0.063099
D246470,D608088,0.02008
D246470,D608320,0.038439
D247200,D247640,0.040277
D247200,D248190,0.13936
D247200,D249100,0.2586
D247200,D250790,0.21692
D247200,D252320,0.146
D247200,D254200,0.16007
D247200,D254400,0.070397
D247200,D254450,0.059851
D247200,D254500,0.15254
D247200,D254770,0.1193
D247200,D254800,0.27237
D247200,D255900,0.13841
D247200,D256370,0.11538
D247200,D256700,0.28788
D247200,D258360,0.17966
D247200,D259050,0.26575
D247200,D259500,0.15247
D247200,D259660,0.161
D247200,D260480,0.1462
D247200,D260570,0.04966
D247200,D260970,0.10454
D247200,D261515,0.31931
D247200,D263300,0.11832
D247200,D263800,0.22472
D247200,D264120,0.16239
D247200,D266120,0.17274
D247200,D266600,0.23777
D247200,D267730,0.034627
D247200,D267740,0.19117
D247200,D268220,0.13447
D247200,D268320,0.27191
D247200,D270960,0.15296
D247200,D273300,0.25774
D247200,D273800,0.264
D247200,D275000,0.17998
D247200,D276300,0.21771
D247200,D277350,0.17698
D247200,D277440,0.2516
D247200,D277460,0.16628
D247200,D278200,0.19667
D247200,D300125,0.11919
D247200,D300232,0.38473
D247200,D300491,0.20939
D247200,D300494,0.16489
D247200,D303110,0.11174
D247200,D304790,0.21087
D247200,D304900,0.13481
D247200,D305300,0.18666
D247200,D308205,0.28929
D247200,D308350,0.21456
D247200,D308600,0.069872
D247200,D310468,0.10383
D247200,D311360,0.22743
D247200,D312910,0.16842
D247200,D540000,0.22582
D247200,D600082,0.089565
D247200,D600131,0.1572
D247200,D600263,0.1075
D247200,D600351,0.063581
D247200,D600496,0.13074
D247200,D600631,0.048773
D247200,D600634,0.043935
D247200,D600803,0.074162
D247200,D600807,0.21602
D247200,D600808,0.048553
D247200,D601004,0.037438
D247200,D601042,0.2244
D247200,D601367,0.1926
D247200,D601518,0.11507
D247200,D601608,0.18207
D247200,D601626,0.090758
D247200,D601665,0.16087
D247200,D601682,0.099118
D247200,D602068,0.034643
D247200,D602080,0.22413
D247200,D602522,0.28033
D247200,D603165,0.19242
D247200,D604278,0.28288
D247200,D604416,0.093671
D247200,D604827,0.082833
D247200,D605021,0.15172
D247200,D605055,0.21999
D247200,D605839,0.096663
D247200,D606703,0.12534
D247200,D606798,0.18725
D247200,D606842,0.20346
D247200,D607225,0.22952
D247200,D607459,0.22232
D247200,D607498,0.11792
D247200,D607499,0.063963
D247200,D607501,0.10855
D247200,D607508,0.15689
D247200,D607516,0.13801
D247200,D607554,0.12631
D247200,D607628,0.15853
D247200,D607631,0.15653
D247200,D607681,0.16031
D247200,D607682,0.16081
D247200,D607685,0.19166
D247200,D607850,0.10702
D247200,D608033,0.16736
D247200,D608088,0.12713
D247200,D608105,0.2162
D247200,D608217,0.2166
D247200,D608320,0.079007
D247200,D608583,0.12283
D247200,D608622,0.12439
D247640,D248190,0.024165
D247640,D249100,0.1042
D247640,D250790,0.041067
D247640,D254200,0.1362
D247640,D254400,0.21787
D247640,D254450,0.21944
D247640,D254500,0.16557
D247640,D256370,0.081502
D247640,D256700,0.14082
D247640,D258360,0.080395
D247640,D259050,0.032656
D247640,D259500,0.31966
D247640,D259660,0.037287
D247640,D260480,0.057802
D247640,D260570,0.08055
D247640,D261515,0.026927
D247640,D263300,0.067081
D247640,D263800,0.014975
D247640,D264120,0.026465
D247640,D266120,0.052372
D247640,D266600,0.1084
D247640,D267730,0.36584
D247640,D267740,0.066328
D247640,D268220,0.11144
D247640,D268320,0.022949
D247640,D270960,0.051749
D247640,D273300,0.19375
D247640,D273800,0.097677
D247640,D275000,0.060382
D247640,D276300,0.14916
D247640,D277350,0.050296
D247640,D277440,0.0277
D247640,D277460,0.033923
D247640,D300125,0.025344
D247640,D300232,0.019366
D247640,D303110,0.022342
D247640,D304790,0.06153
D247640,D305300,0.023076
D247640,D308205,0.013436
D247640,D311360,0.046693
D247640,D312910,0.018303
D247640,D540000,0.02615
D247640,D600263,0.10523
D247640,D600351,0.10279
D247640,D600496,0.044419
D247640,D600634,0.21839
D247640,D600803,0.067035
D247640,D600807,0.077867
D247640,D601042,0.015373
D247640,D601367,0.06759
D247640,D601518,0.076892
D247640,D601608,0.041878
D247640,D601626,0.36818
D247640,D601665,0.044522
D247640,D601682,0.039617
D247640,D602080,0.070623
D247640,D602522,0.017001
D247640,D603165,0.088451
D247640,D604278,0.034123
D247640,D605839,0.10894
D247640,D606798,0.023301
D247640,D607498,0.022154
D247640,D607501,0.022844
D247640,D607508,0.047497
D247640,D607516,0.022093
D247640,D607685,0.13507
D247640,D608033,0.028213
D247640,D608088,0.019506
D247640,D608105,0.023815
D247640,D608320,0.018586
D247640,D608622,0.032977
D248190,D249100,0.14426
D248190,D252320,0.052853
D248190,D254200,0.042949
D248190,D254450,0.024471
D248190,D254500,0.070703
D248190,D254800,0.048201
D248190,D255900,0.024165
D248190,D256370,0.070269
D248190,D256700,0.12537
D248190,D258360,0.024166
D248190,D259050,0.060491
D248190,D259500,0.048421
D248190,D259660,0.036821
D248190,D260480,0.086927
D248190,D261515,0.12478
D248190,D263300,0.026884
D248190,D263800,0.14394
D248190,D264120,0.032005
D248190,D266120,0.063084
D248190,D266600,0.1081
D248190,D267740,0.03885
D248190,D268320,0.027631
D248190,D270960,0.028218
D248190,D273300,0.042444
D248190,D273800,0.02324
D248190,D275000,0.072634
D248190,D276300,0.094583
D248190,D277350,0.060475
D248190,D277440,0.15157
D248190,D277460,0.12246
D248190,D278200,0.075583
D248190,D300125,0.070105
D248190,D300232,0.032928
D248190,D303110,0.053873
D248190,D304790,0.12066
D248190,D304900,0.12523
D248190,D308205,0.19711
D248190,D308600,0.085561
D248190,D310468,0.28162
D248190,D311360,0.056173
D248190,D312910,0.066003
D248190,D540000,0.062801
D248190,D600082,0.045476
D248190,D600263,0.048661
D248190,D600496,0.05344
D248190,D600631,0.12868
D248190,D600803,0.06481
D248190,D600807,0.017953
D248190,D600808,0.1281
D248190,D601004,0.049136
D248190,D601042,0.018509
D248190,D601367,0.038628
D248190,D601518,0.041107
D248190,D601665,0.048977
D248190,D601682,0.0477
D248190,D602068,0.079274
D248190,D602080,0.047884
D248190,D602522,0.18865
D248190,D603165,0.051481
D248190,D604278,0.12273
D248190,D604416,0.14195
D248190,D605839,0.087401
D248190,D606798,0.028055
D248190,D607225,0.040795
D248190,D607459,0.070564
D248190,D607498,0.06341
D248190,D607501,0.064594
D248190,D607508,0.065377
D248190,D607516,0.061631
D248190,D607685,0.078626
D248190,D607850,0.033006
D248190,D608033,0.037855
D248190,D608088,0.04696
D248190,D608105,0.028673
D248190,D608320,0.067509
D249100,D250790,0.21476
D249100,D252320,0.12976
D249100,D254200,0.18099
D249100,D254400,0.10222
D249100,D254450,0.16965
D249100,D254500,0.25011
D249100,D254770,0.088349
D249100,D254800,0.17089
D249100,D255900,0.1536
D249100,D256370,0.17966
D249100,D256700,0.29515
D249100,D258360,0.24007
D249100,D259050,0.17601
D249100,D259500,0.12773
D249100,D259660,0.063526
D249100,D260480,0.1674
D249100,D260570,0.3018
D249100,D260970,0.057279
D249100,D261515,0.30356
D249100,D263300,0.20407
D249100,D263800,0.28344
D249100,D264120,0.16968
D249100,D266120,0.23684
D249100,D266600,0.40536
D249100,D267730,0.056484
D249100,D267740,0.051508
D249100,D268220,0.066353
D249100,D268320,0.085789
D249100,D270960,0.074794
D249100,D273300,0.15707
D249100,D273800,0.29856
D249100,D275000,0.24331
D249100,D276300,0.16826
D249100,D277350,0.10879
D249100,D277440,0.22494
D249100,D277460,0.23753
D249100,D278200,0.08486
D249100,D300125,0.1381
D249100,D300232,0.17665
D249100,D300491,0.11848
D249100,D300494,0.0609
D249100,D303110,0.047467
D249100,D304790,0.30056
D249100,D304900,0.12808
D249100,D305300,0.17703
D249100,D308205,0.20114
D249100,D308350,0.097583
D249100,D308600,0.096859
D249100,D310468,0.16045
D249100,D311360,0.20033
D249100,D312910,0.09766
D249100,D540000,0.15604
D249100,D600082,0.10101
D249100,D600131,0.092631
D249100,D600263,0.17424
D249100,D600351,0.13895
D249100,D600496,0.2037
D249100,D600631,0.05675
D249100,D600634,0.031811
D249100,D600803,0.16017
D249100,D600807,0.29759
D249100,D600808,0.056494
D249100,D601004,0.04333
D249100,D601042,0.14274
D249100,D601367,0.18874
D249100,D601518,0.091079
D249100,D601608,0.18466
D249100,D601626,0.12097
D249100,D601665,0.15098
D249100,D601682,0.024092
D249100,D602068,0.12498
D249100,D602080,0.18103
D249100,D602522,0.20148
D249100,D603165,0.28242
D249100,D604278,0.1948
D249100,D604416,0.2845
D249100,D604827,0.056345
D249100,D605021,0.09221
D249100,D605055,0.064796
D249100,D605839,0.065974
D249100,D606703,0.10669
D249100,D606798,0.087916
D249100,D606842,0.17706
D249100,D607225,0.090248
D249100,D607459,0.11583
D249100,D607498,0.1539
D249100,D607499,0.056747
D249100,D607501,0.15421
D249100,D607508,0.16706
D249100,D607516,0.14561
D249100,D607554,0.14055
D249100,D607628,0.0843
D249100,D607631,0.081676
D249100,D607681,0.093478
D249100,D607682,0.094845
D249100,D607685,0.39409
D249100,D607850,0.14127
D249100,D608033,0.13113
D249100,D608088,0.14644
D249100,D608105,0.1041
D249100,D608217,0.09492
D249100,D608320,0.13189
D249100,D608583,0.13579
D249100,D608622,0.14441
D250790,D252320,0.16389
D250790,D254200,0.073584
D250790,D254400,0.10467
D250790,D254450,0.062522
D250790,D254500,0.13968
D250790,D254770,0.12882
D250790,D254800,0.18446
D250790,D255900,0.088155
D250790,D256700,0.15465
D250790,D258360,0.16703
D250790,D259050,0.095252
D250790,D259500,0.061606
D250790,D260480,0.1068
D250790,D260570,0.083443
D250790,D260970,0.18056
D250790,D261515,0.22718
D250790,D263300,0.29398
D250790,D263800,0.12534
D250790,D264120,0.10977
D250790,D266120,0.2486
D250790,D266600,0.18815
D250790,D267730,0.036045
D250790,D267740,0.067405
D250790,D268220,0.050166
D250790,D268320,0.072645
D250790,D270960,0.047898
D250790,D273300,0.11041
D250790,D273800,0.2922
D250790,D275000,0.16
D250790,D276300,0.12012
D250790,D277350,0.13449
D250790,D277440,0.17162
D250790,D277460,0.20788
D250790,D278200,0.034939
D250790,D300125,0.10597
D250790,D300232,0.13548
D250790,D300491,0.14918
D250790,D300494,0.11798
D250790,D303110,0.046501
D250790,D304790,0.14355
D250790,D304900,0.087469
D250790,D305300,0.070935
D250790,D308205,0.10434
D250790,D308350,0.19695
D250790,D308600,0.080161
D250790,D311360,0.16346
D250790,D312910,0.038197
D250790,D540000,0.17901
D250790,D600131,0.14451
D250790,D600263,0.08819
D250790,D600351,0.12569
D250790,D600496,0.068632
D250790,D600803,0.083231
D250790,D600807,0.15352
D250790,D601042,0.082969
D250790,D601367,0.15281
D250790,D601608,0.13238
D250790,D601626,0.18537
D250790,D601665,0.20527
D250790,D601682,0.052231
D250790,D602068,0.074261
D250790,D602080,0.12417
D250790,D602522,0.088025
D250790,D603165,0.078095
D250790,D604278,0.12832
D250790,D604416,0.045005
D250790,D604827,0.083118
D250790,D605021,0.14466
D250790,D605055,0.22698
D250790,D605839,0.054648
D250790,D606703,0.13909
D250790,D606798,0.12377
D250790,D606842,0.17772
D250790,D607225,0.070415
D250790,D607459,0.081183
D250790,D607498,0.093616
D250790,D607499,0.11544
D250790,D607501,0.096914
D250790,D607508,0.14821
D250790,D607516,0.092645
D250790,D607554,0.033258
D250790,D607628,0.13227
D250790,D607631,0.12748
D250790,D607681,0.14621
D250790,D607682,0.14825
D250790,D607685,0.28414
D250790,D607850,0.027549
D250790,D608033,0.085796
D250790,D608088,0.08051
D250790,D608105,0.10073
D250790,D608217,0.15533
D250790,D608583,0.036553
D250790,D608622,0.10755
D252320,D254200,0.1691
D252320,D254400,0.11218
D252320,D254500,0.11404
D252320,D254770,0.089848
D252320,D254800,0.18079
D252320,D255900,0.21182
D252320,D256700,0.13477
D252320,D258360,0.06719
D252320,D259050,0.14114
D252320,D259500,0.043737
D252320,D259660,0.065184
D252320,D260480,0.082054
D252320,D260970,0.1457
D252320,D261515,0.14112
D252320,D263300,0.073421
D252320,D263800,0.22626
D252320,D264120,0.057718
D252320,D266600,0.13909
D252320,D267740,0.070881
D252320,D268320,0.076941
D252320,D273300,0.025741
D252320,D273800,0.10371
D252320,D275000,0.19304
D252320,D276300,0.098595
D252320,D277350,0.060754
D252320,D277440,0.098741
D252320,D277460,0.20728
D252320,D278200,0.037509
D252320,D300125,0.13885
D252320,D300232,0.12308
D252320,D300491,0.11016
D252320,D300494,0.049523
D252320,D303110,0.048903
D252320,D304790,0.069355
D252320,D304900,0.045516
D252320,D305300,0.15912
D252320,D308205,0.1097
D252320,D308350,0.14952
D252320,D308600,0.086292
D252320,D310468,0.023017
D252320,D311360,0.034075
D252320,D312910,0.064362
D252320,D540000,0.20567
D252320,D600131,0.11406
D252320,D600263,0.044226
D252320,D600803,0.029461
D252320,D600807,0.016322
D252320,D601004,0.044672
D252320,D601042,0.11866
D252320,D601367,0.087943
D252320,D601608,0.13761
D252320,D601665,0.11312
D252320,D602068,0.079941
D252320,D602080,0.072284
D252320,D602522,0.074398
D252320,D603165,0.036922
D252320,D604278,0.055825
D252320,D604416,0.12034
D252320,D604827,0.05557
D252320,D605021,0.11133
D252320,D605055,0.079275
D252320,D605839,0.05883
D252320,D606703,0.14464
D252320,D606798,0.16565
D252320,D606842,0.23307
D252320,D607225,0.19107
D252320,D607459,0.14547
D252320,D607498,0.12145
D252320,D607499,0.03859
D252320,D607501,0.12598
D252320,D607508,0.12984
D252320,D607516,0.12109
D252320,D607554,0.10698
D252320,D607628,0.10181
D252320,D607631,0.10042
D252320,D607681,0.11407
D252320,D607682,0.11601
D252320,D607685,0.16047
D252320,D607850,0.059085
D252320,D608033,0.093924
D252320,D608088,0.22123
D252320,D608105,0.15693
D252320,D608217,0.096034
D252320,D608320,0.041078
D252320,D608583,0.11758
D252320,D608622,0.10773
D254200,D254400,0.081678
D254200,D254450,0.072007
D254200,D254500,0.18284
D254200,D254770,0.036266
D254200,D254800,0.11909
D254200,D255900,0.28099
D254200,D256370,0.12002
D254200,D256700,0.26482
D254200,D258360,0.08911
D254200,D259050,0.1415
D254200,D259500,0.17841
D254200,D259660,0.078984
D254200,D260480,0.15496
D254200,D260570,0.11886
D254200,D260970,0.07135
D254200,D261515,0.18349
D254200,D263300,0.039675
D254200,D263800,0.24361
D254200,D264120,0.16489
D254200,D266120,0.092952
D254200,D266600,0.20051
D254200,D267730,0.093556
D254200,D267740,0.086124
D254200,D268220,0.092786
D254200,D268320,0.10178
D254200,D270960,0.08308
D254200,D273300,0.16218
D254200,D273800,0.096261
D254200,D275000,0.31452
D254200,D276300,0.1032
D254200,D277350,0.089515
D254200,D277440,0.20688
D254200,D277460,0.13883
D254200,D278200,0.055829
D254200,D300125,0.067506
D254200,D300232,0.1088
D254200,D300491,0.059179
D254200,D303110,0.07927
D254200,D304790,0.17697
D254200,D304900,0.03678
D254200,D305300,0.14511
D254200,D308205,0.095927
D254200,D308350,0.101
D254200,D308600,0.031484
D254200,D310468,0.055946
D254200,D311360,0.26739
D254200,D312910,0.081266
D254200,D540000,0.20882
D254200,D600131,0.061724
D254200,D600263,0.14582
D254200,D600351,0.07889
D254200,D600496,0.17874
D254200,D600634,0.13417
D254200,D600803,0.12297
D254200,D600807,0.13492
D254200,D601042,0.12395
D254200,D601367,0.14352
D254200,D601518,0.061602
D254200,D601608,0.16822
D254200,D601626,0.13894
D254200,D601665,0.089343
D254200,D601682,0.035095
D254200,D602068,0.029338
D254200,D602080,0.20476
D254200,D602522,0.13581
D254200,D603165,0.15336
D254200,D604278,0.13668
D254200,D604416,0.12424
D254200,D604827,0.022298
D254200,D605021,0.060081
D254200,D605055,0.042866
D254200,D605839,0.069511
D254200,D606703,0.11767
D254200,D606798,0.12881
D254200,D606842,0.23298
D254200,D607225,0.1238
D254200,D607459,0.039113
D254200,D607498,0.059011
D254200,D607501,0.061478
D254200,D607508,0.12686
D254200,D607516,0.078651
D254200,D607554,0.05765
D254200,D607628,0.054962
D254200,D607631,0.081577
D254200,D607681,0.061656
D254200,D607682,0.062724
D254200,D607685,0.1518
D254200,D607850,0.09576
D254200,D608033,0.11901
D254200,D608088,0.20798
D254200,D608105,0.19182
D254200,D608217,0.077639
D254200,D608320,0.065929
D254200,D608583,0.031684
D254200,D608622,0.12234
D254400,D254450,0.2209
D254400,D254500,0.36083
D254400,D254800,0.066255
D254400,D255900,0.058344
D254400,D256370,0.066718
D254400,D256700,0.087317
D254400,D258360,0.070296
D254400,D259050,0.036718
D254400,D259500,0.070715
D254400,D260480,0.056898
D254400,D260570,0.030619
D254400,D261515,0.045282
D254400,D263300,0.10235
D254400,D263800,0.074481
D254400,D266120,0.060204
D254400,D266600,0.14602
D254400,D267730,0.39289
D254400,D268220,0.064373
D254400,D268320,0.027896
D254400,D270960,0.053723
D254400,D273300,0.047023
D254400,D273800,0.13028
D254400,D275000,0.074834
D254400,D276300,0.12986
D254400,D277350,0.070826
D254400,D277440,0.04926
D254400,D277460,0.12342
D254400,D278200,0.039194
D254400,D300125,0.057932
D254400,D300232,0.039897
D254400,D304790,0.11878
D254400,D305300,0.079275
D254400,D308205,0.042434
D254400,D308600,0.10062
D254400,D311360,0.017791
D254400,D540000,0.030222
D254400,D600263,0.069603
D254400,D600351,0.11889
D254400,D600496,0.025385
D254400,D600634,0.10513
D254400,D600807,0.068386
D254400,D601367,0.14734
D254400,D601518,0.079693
D254400,D601608,0.095846
D254400,D601626,0.30831
D254400,D601665,0.12379
D254400,D602068,0.093214
D254400,D602080,0.032203
D254400,D603165,0.092389
D254400,D604416,0.056615
D254400,D605839,0.15888
D254400,D606842,0.021815
D254400,D607498,0.050638
D254400,D607501,0.052215
D254400,D607508,0.054175
D254400,D607516,0.050501
D254400,D607554,0.074377
D254400,D607685,0.13082
D254400,D608088,0.022302
D254400,D608320,0.064089
D254400,D608583,0.081746
D254400,D608622,0.075078
D254450,D254500,0.16568
D254450,D254800,0.013537
D254450,D256370,0.039143
D254450,D256700,0.113
D254450,D258360,0.081927
D254450,D259050,0.017234
D254450,D259500,0.082965
D254450,D260480,0.092294
D254450,D260570,0.16708
D254450,D261515,0.036917
D254450,D263300,0.13893
D254450,D263800,0.015209
D254450,D264120,0.026879
D254450,D266120,0.07975
D254450,D266600,0.10281
D254450,D267730,0.34273
D254450,D268220,0.15387
D254450,D270960,0.023679
D254450,D273300,0.065565
D254450,D273800,0.14115
D254450,D275000,0.064535
D254450,D276300,0.080956
D254450,D277350,0.025563
D254450,D277440,0.053932
D254450,D277460,0.051564
D254450,D300232,0.039515
D254450,D300491,0.054914
D254450,D304790,0.13264
D254450,D305300,0.046729
D254450,D308205,0.013685
D254450,D308600,0.040009
D254450,D311360,0.031535
D254450,D540000,0.026531
D254450,D600263,0.061441
D254450,D600351,0.12175
D254450,D600496,0.044993
D254450,D600634,0.062135
D254450,D600803,0.054643
D254450,D600807,0.091122
D254450,D601042,0.020793
D254450,D601367,0.13098
D254450,D601518,0.035731
D254450,D601608,0.08521
D254450,D601626,0.22941
D254450,D601665,0.020371
D254450,D602080,0.087666
D254450,D602522,0.017267
D254450,D603165,0.15809
D254450,D604278,0.039305
D254450,D605839,0.054925
D254450,D606798,0.029601
D254450,D606842,0.02652
D254450,D607459,0.020646
D254450,D607508,0.024169
D254450,D607685,0.23946
D254450,D608033,0.054523
D254450,D608088,0.019705
D254450,D608105,0.031485
D254450,D608320,0.037698
D254450,D608622,0.033493
D254500,D254770,0.060038
D254500,D254800,0.091498
D254500,D255900,0.058738
D254500,D256370,0.073431
D254500,D256700,0.21813
D254500,D258360,0.16673
D254500,D259050,0.072933
D254500,D259500,0.16273
D254500,D259660,0.021711
D254500,D260480,0.2517
D254500,D260570,0.14417
D254500,D260970,0.13215
D254500,D261515,0.16054
D254500,D263300,0.16415
D254500,D263800,0.21995
D254500,D264120,0.15648
D254500,D266120,0.13828
D254500,D266600,0.29069
D254500,D267730,0.20747
D254500,D267740,0.047191
D254500,D268220,0.11336
D254500,D268320,0.033568
D254500,D270960,0.034654
D254500,D273300,0.14456
D254500,D273800,0.19386
D254500,D275000,0.32442
D254500,D276300,0.10514
D254500,D277350,0.18525
D254500,D277440,0.16789
D254500,D277460,0.23771
D254500,D278200,0.022945
D254500,D300125,0.092756
D254500,D300232,0.039505
D254500,D300491,0.049221
D254500,D300494,0.033133
D254500,D303110,0.065698
D254500,D304790,0.19857
D254500,D304900,0.06082
D254500,D305300,0.15426
D254500,D308205,0.039313
D254500,D308350,0.10197
D254500,D308600,0.052052
D254500,D310468,0.17237
D254500,D311360,0.15258
D254500,D312910,0.053554
D254500,D540000,0.16637
D254500,D600082,0.027693
D254500,D600131,0.050833
D254500,D600263,0.1255
D254500,D600351,0.13883
D254500,D600496,0.17988
D254500,D600634,0.04533
D254500,D600803,0.12317
D254500,D600807,0.25481
D254500,D601042,0.045081
D254500,D601367,0.23851
D254500,D601518,0.051379
D254500,D601608,0.1808
D254500,D601626,0.23102
D254500,D601665,0.13467
D254500,D601682,0.028982
D254500,D602068,0.072286
D254500,D602080,0.14688
D254500,D602522,0.1255
D254500,D603165,0.11692
D254500,D604278,0.13956
D254500,D604416,0.10054
D254500,D604827,0.095234
D254500,D605021,0.049662
D254500,D605055,0.035343
D254500,D605839,0.040105
D254500,D606703,0.048208
D254500,D606798,0.051193
D254500,D606842,0.084816
D254500,D607225,0.049696
D254500,D607459,0.078708
D254500,D607498,0.081133
D254500,D607499,0.025818
D254500,D607501,0.083652
D254500,D607508,0.13934
D254500,D607516,0.11435
D254500,D607554,0.071407
D254500,D607628,0.045396
D254500,D607631,0.044755
D254500,D607681,0.050861
D254500,D607682,0.051719
D254500,D607685,0.23873
D254500,D607850,0.079055
D254500,D608033,0.046236
D254500,D608088,0.10109
D254500,D608105,0.069797
D254500,D608217,0.064594
D254500,D608320,0.095943
D254500,D608583,0.078482
D254500,D608622,0.14904
D254770,D254800,0.28023
D254770,D255900,0.040929
D254770,D256700,0.084125
D254770,D258360,0.040911
D254770,D259050,0.080916
D254770,D260480,0.029406
D254770,D260970,0.16917
D254770,D261515,0.14483
D254770,D263800,0.18809
D254770,D264120,0.053734
D254770,D266600,0.070129
D254770,D267740,0.27136
D254770,D268320,0.046778
D254770,D273300,0.12134
D254770,D273800,0.15994
D254770,D275000,0.03071
D254770,D276300,0.12992
D254770,D277440,0.10485
D254770,D277460,0.13857
D254770,D300125,0.26349
D254770,D300232,0.1741
D254770,D300491,0.51306
D254770,D300494,0.24091
D254770,D303110,0.045539
D254770,D304900,0.21427
D254770,D305300,0.04706
D254770,D308205,0.16881
D254770,D308350,0.28689
D254770,D311360,0.095273
D254770,D312910,0.11202
D254770,D540000,0.20812
D254770,D600131,0.54438
D254770,D601042,0.13075
D254770,D601367,0.16581
D254770,D601608,0.13625
D254770,D601665,0.20828
D254770,D602080,0.083323
D254770,D602522,0.034547
D254770,D604278,0.1773
D254770,D604827,0.69163
D254770,D605021,0.57722
D254770,D605055,0.30785
D254770,D606703,0.27831
D254770,D606798,0.19494
D254770,D606842,0.1204
D254770,D607225,0.14038
D254770,D607459,0.20419
D254770,D607498,0.2876
D254770,D607499,0.14903
D254770,D607501,0.23887
D254770,D607508,0.30171
D254770,D607516,0.28292
D254770,D607554,0.19923
D254770,D607628,0.39858
D254770,D607631,0.62825
D254770,D607681,0.45732
D254770,D607682,0.45461
D254770,D607685,0.096741
D254770,D608033,0.20278
D254770,D608088,0.079753
D254770,D608105,0.30352
D254770,D608217,0.37486
D254770,D608583,0.21897
D254770,D608622,0.19968
D254800,D255900,0.15173
D254800,D256370,0.012853
D254800,D256700,0.19188
D254800,D258360,0.053957
D254800,D259050,0.16938
D254800,D259500,0.053228
D254800,D259660,0.059308
D254800,D260480,0.048864
D254800,D260570,0.017808
D254800,D260970,0.18443
D254800,D261515,0.29186
D254800,D263300,0.074476
D254800,D263800,0.22389
D254800,D264120,0.070653
D254800,D266120,0.035032
D254800,D266600,0.15735
D254800,D267740,0.15559
D254800,D268220,0.01621
D254800,D268320,0.092458
D254800,D270960,0.046808
D254800,D273300,0.12727
D254800,D273800,0.15585
D254800,D275000,0.15067
D254800,D276300,0.12769
D254800,D277350,0.051875
D254800,D277440,0.20449
D254800,D277460,0.25363
D254800,D278200,0.022303
D254800,D300125,0.22109
D254800,D300232,0.20453
D254800,D300491,0.24238
D254800,D300494,0.077709
D254800,D303110,0.15352
D254800,D304790,0.10951
D254800,D304900,0.14269
D254800,D305300,0.12448
D254800,D308205,0.25855
D254800,D308350,0.28601
D254800,D308600,0.12089
D254800,D310468,0.069837
D254800,D311360,0.14528
D254800,D312910,0.27563
D254800,D540000,0.4373
D254800,D600082,0.025386
D254800,D600131,0.31218
D254800,D600263,0.041726
D254800,D600351,0.023249
D254800,D600496,0.029544
D254800,D600634,0.019953
D254800,D600803,0.035888
D254800,D600807,0.059725
D254800,D601004,0.0544
D254800,D601042,0.33424
D254800,D601367,0.26146
D254800,D601518,0.022812
D254800,D601608,0.15079
D254800,D601665,0.17643
D254800,D601682,0.031027
D254800,D602068,0.09132
D254800,D602080,0.19076
D254800,D602522,0.13752
D254800,D603165,0.078256
D254800,D604278,0.17228
D254800,D604416,0.10813
D254800,D604827,0.20068
D254800,D605021,0.26822
D254800,D605055,0.32003
D254800,D605839,0.034041
D254800,D606703,0.21043
D254800,D606798,0.20822
D254800,D606842,0.24847
D254800,D607225,0.19237
D254800,D607459,0.37552
D254800,D607498,0.21248
D254800,D607499,0.074311
D254800,D607501,0.20042
D254800,D607508,0.22495
D254800,D607516,0.22522
D254800,D607554,0.17373
D254800,D607628,0.26382
D254800,D607631,0.37066
D254800,D607681,0.28262
D254800,D607682,0.28428
D254800,D607685,0.11438
D254800,D607850,0.071979
D254800,D608033,0.27569
D254800,D608088,0.16908
D254800,D608105,0.22576
D254800,D608217,0.21251
D254800,D608320,0.14036
D254800,D608583,0.16718
D254800,D608622,0.13111
D255900,D256370,0.03911
D255900,D256700,0.17915
D255900,D258360,0.15409
D255900,D259050,0.21534
D255900,D259500,0.10272
D255900,D259660,0.059575
D255900,D260480,0.12003
D255900,D260570,0.027121
D255900,D260970,0.052653
D255900,D261515,0.15685
D255900,D263800,0.27353
D255900,D264120,0.10621
D255900,D266600,0.1743
D255900,D267740,0.13186
D255900,D268220,0.050135
D255900,D268320,0.141
D255900,D270960,0.023732
D255900,D273300,0.071667
D255900,D273800,0.081076
D255900,D275000,0.4486
D255900,D276300,0.078976
D255900,D277350,0.10888
D255900,D277440,0.19867
D255900,D277460,0.10503
D255900,D278200,0.13098
D255900,D300125,0.10191
D255900,D300232,0.1811
D255900,D300491,0.11043
D255900,D300494,0.089977
D255900,D303110,0.11324
D255900,D304790,0.19297
D255900,D304900,0.041743
D255900,D305300,0.19292
D255900,D308205,0.15896
D255900,D308350,0.068429
D255900,D308600,0.081111
D255900,D310468,0.021042
D255900,D311360,0.17657
D255900,D312910,0.11148
D255900,D540000,0.15342
D255900,D600131,0.069441
D255900,D600263,0.13019
D255900,D600351,0.017747
D255900,D600496,0.067403
D255900,D600634,0.030381
D255900,D600807,0.061443
D255900,D601042,0.25665
D255900,D601367,0.098932
D255900,D601608,0.1273
D255900,D601665,0.084409
D255900,D601682,0.081583
D255900,D602068,0.10805
D255900,D602080,0.13629
D255900,D602522,0.13706
D255900,D603165,0.1245
D255900,D604278,0.12374
D255900,D604416,0.23085
D255900,D604827,0.025165
D255900,D605021,0.067593
D255900,D605055,0.048225
D255900,D605839,0.055317
D255900,D606703,0.16959
D255900,D606798,0.1963
D255900,D606842,0.16107
D255900,D607225,0.1564
D255900,D607459,0.10029
D255900,D607498,0.089335
D255900,D607499,0.035932
D255900,D607501,0.092729
D255900,D607508,0.095279
D255900,D607516,0.11169
D255900,D607554,0.032534
D255900,D607628,0.061834
D255900,D607631,0.061126
D255900,D607681,0.069364
D255900,D607682,0.070566
D255900,D607685,0.13206
D255900,D607850,0.14561
D255900,D608033,0.12126
D255900,D608088,0.1201
D255900,D608105,0.23826
D255900,D608217,0.058315
D255900,D608320,0.018828
D255900,D608583,0.035757
D255900,D608622,0.032607
D256370,D256700,0.22813
D256370,D259050,0.011957
D256370,D259500,0.11708
D256370,D259660,0.028572
D256370,D260570,0.025778
D256370,D261515,0.066798
D256370,D263800,0.089268
D256370,D264120,0.13305
D256370,D266120,0.075948
D256370,D266600,0.098956
D256370,D267730,0.067864
D256370,D268220,0.077398
D256370,D268320,0.022084
D256370,D270960,0.20386
D256370,D273300,0.22422
D256370,D273800,0.089972
D256370,D275000,0.029051
D256370,D276300,0.075994
D256370,D277440,0.084856
D256370,D277460,0.016323
D256370,D300232,0.012938
D256370,D303110,0.072531
D256370,D304790,0.046673
D256370,D304900,0.060503
D256370,D305300,0.071972
D256370,D308205,0.012932
D256370,D308350,0.021882
D256370,D308600,0.034219
D256370,D310468,0.19893
D256370,D311360,0.17036
D256370,D312910,0.017592
D256370,D540000,0.01255
D256370,D600082,0.10981
D256370,D600263,0.058301
D256370,D600496,0.11042
D256370,D600631,0.10358
D256370,D600634,0.17513
D256370,D600807,0.059581
D256370,D600808,0.10312
D256370,D601367,0.046396
D256370,D601518,0.23328
D256370,D601626,0.063192
D256370,D601665,0.077736
D256370,D602080,0.039646
D256370,D602522,0.16699
D256370,D603165,0.04114
D256370,D604278,0.11913
D256370,D604416,0.06465
D256370,D605839,0.30184
D256370,D607225,0.03918
D256370,D607459,0.043797
D256370,D607554,0.031327
D256370,D608033,0.015145
D256370,D608088,0.018781
D256370,D608217,0.028047
D256370,D608320,0.01789
D256700,D258360,0.19194
D256700,D259050,0.18936
D256700,D259500,0.30671
D256700,D259660,0.097732
D256700,D260480,0.14263
D256700,D260570,0.16572
D256700,D260970,0.23481
D256700,D261515,0.29157
D256700,D263300,0.15902
D256700,D263800,0.20653
D256700,D264120,0.13495
D256700,D266120,0.12209
D256700,D266600,0.27424
D256700,D267730,0.038107
D256700,D267740,0.13794
D256700,D268220,0.17981
D256700,D268320,0.1416
D256700,D270960,0.1926
D256700,D273300,0.34535
D256700,D273800,0.27756
D256700,D275000,0.29267
D256700,D276300,0.27621
D256700,D277350,0.1429
D256700,D277440,0.25708
D256700,D277460,0.226
D256700,D278200,0.129
D256700,D300125,0.12951
D256700,D300232,0.19327
D256700,D300491,0.13464
D256700,D300494,0.16868
D256700,D303110,0.10296
D256700,D304790,0.24194
D256700,D304900,0.086269
D256700,D305300,0.11776
D256700,D308205,0.17934
D256700,D308350,0.17372
D256700,D308600,0.074632
D256700,D310468,0.087383
D256700,D311360,0.21503
D256700,D312910,0.11473
D256700,D540000,0.20872
D256700,D600082,0.05736
D256700,D600131,0.088147
D256700,D600263,0.18737
D256700,D600351,0.086565
D256700,D600496,0.12416
D256700,D600631,0.054082
D256700,D600634,0.15502
D256700,D600803,0.11
D256700,D600807,0.23627
D256700,D600808,0.053838
D256700,D601004,0.061936
D256700,D601042,0.15835
D256700,D601367,0.19934
D256700,D601518,0.12414
D256700,D601608,0.067876
D256700,D601626,0.10311
D256700,D601665,0.18682
D256700,D601682,0.10192
D256700,D602068,0.10213
D256700,D602080,0.25655
D256700,D602522,0.17271
D256700,D603165,0.18505
D256700,D604278,0.21055
D256700,D604416,0.10151
D256700,D604827,0.053645
D256700,D605021,0.087741
D256700,D605055,0.11054
D256700,D605839,0.26702
D256700,D606703,0.14029
D256700,D606798,0.15602
D256700,D606842,0.21805
D256700,D607225,0.15725
D256700,D607459,0.18016
D256700,D607498,0.12598
D256700,D607499,0.12737
D256700,D607501,0.12974
D256700,D607508,0.1574
D256700,D607516,0.1478
D256700,D607554,0.098793
D256700,D607628,0.080214
D256700,D607631,0.10991
D256700,D607681,0.08895
D256700,D607682,0.090251
D256700,D607685,0.2618
D256700,D607850,0.11287
D256700,D608033,0.11117
D256700,D608088,0.17785
D256700,D608105,0.18518
D256700,D608217,0.12636
D256700,D608320,0.10308
D256700,D608583,0.090506
D256700,D608622,0.1526
D258360,D259050,0.19463
D258360,D259500,0.16666
D258360,D260480,0.22025
D258360,D260570,0.28859
D258360,D260970,0.05263
D258360,D261515,0.10797
D258360,D263300,0.20696
D258360,D263800,0.090698
D258360,D264120,0.1697
D258360,D266120,0.13201
D258360,D266600,0.22332
D258360,D267730,0.035188
D258360,D267740,0.24529
D258360,D268220,0.1774
D258360,D268320,0.34052
D258360,D273300,0.059041
D258360,D273800,0.24297
D258360,D275000,0.25487
D258360,D276300,0.16359
D258360,D277350,0.20858
D258360,D277440,0.091694
D258360,D277460,0.11964
D258360,D278200,0.2579
D258360,D300125,0.07601
D258360,D300232,0.19713
D258360,D300491,0.11275
D258360,D300494,0.22701
D258360,D303110,0.16126
D258360,D304790,0.24076
D258360,D304900,0.020723
D258360,D305300,0.20114
D258360,D308205,0.25754
D258360,D308350,0.096835
D258360,D308600,0.037713
D258360,D311360,0.21329
D258360,D312910,0.17269
D258360,D540000,0.13467
D258360,D600131,0.06941
D258360,D600263,0.11467
D258360,D600351,0.23768
D258360,D600496,0.090433
D258360,D600803,0.054005
D258360,D600807,0.23152
D258360,D601042,0.12824
D258360,D601367,0.11361
D258360,D601608,0.083567
D258360,D601626,0.11033
D258360,D601665,0.041086
D258360,D601682,0.20669
D258360,D602068,0.034928
D258360,D602080,0.13847
D258360,D602522,0.13866
D258360,D603165,0.25148
D258360,D604278,0.19851
D258360,D604416,0.066201
D258360,D604827,0.025154
D258360,D605021,0.067563
D258360,D605055,0.048204
D258360,D605839,0.025389
D258360,D606703,0.065716
D258360,D606798,0.19843
D258360,D606842,0.058782
D258360,D607225,0.1054
D258360,D607459,0.10764
D258360,D607498,0.066445
D258360,D607501,0.06922
D258360,D607508,0.11924
D258360,D607516,0.090271
D258360,D607554,0.03252
D258360,D607628,0.061806
D258360,D607631,0.061098
D258360,D607681,0.069333
D258360,D607682,0.070534
D258360,D607685,0.31286
D258360,D608033,0.11142
D258360,D608088,0.058656
D258360,D608105,0.17257
D258360,D608217,0.12092
D258360,D608583,0.035742
D258360,D608622,0.10525
D259050,D259500,0.17703
D259050,D259660,0.23052
D259050,D260480,0.15251
D259050,D260570,0.016568
D259050,D260970,0.068845
D259050,D261515,0.27747
D259050,D263800,0.15943
D259050,D264120,0.071792
D259050,D266120,0.016175
D259050,D266600,0.17908
D259050,D267740,0.16035
D259050,D268220,0.083118
D259050,D268320,0.28478
D259050,D270960,0.014502
D259050,D273300,0.082181
D259050,D273800,0.17748
D259050,D275000,0.18421
D259050,D276300,0.16357
D259050,D277350,0.1233
D259050,D277440,0.29776
D259050,D277460,0.097319
D259050,D278200,0.2591
D259050,D300125,0.14523
D259050,D300232,0.62291
D259050,D300491,0.15674
D259050,D300494,0.23011
D259050,D303110,0.21144
D259050,D304790,0.10493
D259050,D304900,0.065659
D259050,D305300,0.13406
D259050,D308205,0.26244
D259050,D308350,0.13277
D259050,D308600,0.073281
D259050,D310468,0.053794
D259050,D311360,0.1238
D259050,D312910,0.24305
D259050,D540000,0.18385
D259050,D600131,0.089095
D259050,D600263,0.070393
D259050,D600496,0.030474
D259050,D600634,0.018562
D259050,D600803,0.033406
D259050,D600807,0.078056
D259050,D601042,0.22892
D259050,D601367,0.11665
D259050,D601608,0.16551
D259050,D601665,0.12968
D259050,D601682,0.13728
D259050,D602068,0.12912
D259050,D602080,0.27521
D259050,D602522,0.1914
D259050,D603165,0.21832
D259050,D604278,0.24999
D259050,D604416,0.22682
D259050,D604827,0.052339
D259050,D605021,0.089362
D259050,D605055,0.062403
D259050,D605839,0.034958
D259050,D606703,0.13131
D259050,D606798,0.21674
D259050,D606842,0.19642
D259050,D607225,0.14668
D259050,D607459,0.13112
D259050,D607498,0.12792
D259050,D607499,0.046756
D259050,D607501,0.13198
D259050,D607508,0.13573
D259050,D607516,0.17205
D259050,D607554,0.040266
D259050,D607628,0.081709
D259050,D607631,0.078605
D259050,D607681,0.090222
D259050,D607682,0.091459
D259050,D607685,0.12247
D259050,D607850,0.22284
D259050,D608033,0.10415
D259050,D608088,0.14413
D259050,D608105,0.21045
D259050,D608217,0.13381
D259050,D608320,0.011498
D259050,D608583,0.022128
D259050,D608622,0.020178
D259500,D259660,0.21614
D259500,D260480,0.11847
D259500,D260570,0.16857
D259500,D261515,0.11731
D259500,D263300,0.11133
D259500,D263800,0.074759
D259500,D264120,0.053348
D259500,D266120,0.10443
D259500,D266600,0.19154
D259500,D267730,0.072877
D259500,D267740,0.065872
D259500,D268220,0.18025
D259500,D268320,0.068635
D259500,D270960,0.095141
D259500,D273300,0.25768
D259500,D273800,0.10822
D259500,D275000,0.15054
D259500,D276300,0.19268
D259500,D277350,0.075328
D259500,D277440,0.19854
D259500,D277460,0.067576
D259500,D300125,0.025189
D259500,D300232,0.15925
D259500,D303110,0.044399
D259500,D304790,0.11046
D259500,D305300,0.11602
D259500,D308205,0.04052
D259500,D308350,0.022589
D259500,D308600,0.035324
D259500,D310468,0.085686
D259500,D311360,0.092981
D259500,D312910,0.036351
D259500,D540000,0.092598
D259500,D600263,0.18412
D259500,D600351,0.051385
D259500,D600496,0.044246
D259500,D600634,0.2728
D259500,D600803,0.053623
D259500,D600807,0.18099
D259500,D601042,0.077187
D259500,D601367,0.1304
D259500,D601518,0.072007
D259500,D601608,0.042148
D259500,D601626,0.1926
D259500,D601665,0.10195
D259500,D601682,0.039376
D259500,D602080,0.30414
D259500,D602522,0.085196
D259500,D603165,0.14389
D259500,D604278,0.1203
D259500,D604416,0.098496
D259500,D605839,0.15348
D259500,D606703,0.068031
D259500,D606798,0.046362
D259500,D606842,0.11644
D259500,D607225,0.052018
D259500,D607459,0.014531
D259500,D607498,0.022019
D259500,D607501,0.022705
D259500,D607508,0.071373
D259500,D607516,0.021959
D259500,D607554,0.032338
D259500,D607685,0.1556
D259500,D607850,0.19488
D259500,D608033,0.031369
D259500,D608088,0.05825
D259500,D608105,0.07212
D259500,D608217,0.028953
D259500,D608320,0.018468
D259500,D608622,0.07214
D259660,D260480,0.042643
D259660,D260570,0.039589
D259660,D261515,0.18669
D259660,D263800,0.044225
D259660,D266120,0.038653
D259660,D266600,0.083564
D259660,D268220,0.036036
D259660,D268320,0.033916
D259660,D270960,0.034653
D259660,D273300,0.01738
D259660,D273800,0.022929
D259660,D275000,0.044619
D259660,D276300,0.079334
D259660,D277440,0.14714
D259660,D277460,0.05029
D259660,D300232,0.29992
D259660,D303110,0.033018
D259660,D304790,0.017855
D259660,D305300,0.068409
D259660,D308205,0.019861
D259660,D308350,0.033606
D259660,D308600,0.052553
D259660,D310468,0.095262
D259660,D311360,0.023006
D259660,D312910,0.027017
D259660,D540000,0.057935
D259660,D600634,0.044357
D259660,D601042,0.045765
D259660,D601367,0.023736
D259660,D601608,0.030861
D259660,D601665,0.060147
D259660,D602080,0.23445
D259660,D602522,0.081928
D259660,D603165,0.021039
D259660,D604278,0.025098
D259660,D604416,0.088975
D259660,D606798,0.034642
D259660,D606842,0.12073
D259660,D607225,0.025051
D259660,D607459,0.021618
D259660,D607554,0.048111
D259660,D607685,0.022682
D259660,D607850,0.16204
D259660,D608033,0.046751
D259660,D608088,0.057843
D259660,D608105,0.035211
D259660,D608217,0.043074
D259660,D608320,0.027475
D260480,D260570,0.14749
D260480,D260970,0.018915
D260480,D261515,0.20868
D260480,D263300,0.13296
D260480,D263800,0.10884
D260480,D264120,0.05754
D260480,D266120,0.057075
D260480,D266600,0.31811
D260480,D267730,0.025291
D260480,D267740,0.15362
D260480,D268220,0.10774
D260480,D268320,0.15617
D260480,D273300,0.050903
D260480,D273800,0.18394
D260480,D275000,0.24525
D260480,D276300,0.10091
D260480,D277350,0.20731
D260480,D277440,0.12867
D260480,D277460,0.11119
D260480,D278200,0.1894
D260480,D300125,0.036466
D260480,D300232,0.16762
D260480,D300491,0.055103
D260480,D300494,0.16518
D260480,D303110,0.099998
D260480,D304790,0.16167
D260480,D304900,0.014896
D260480,D305300,0.033171
D260480,D308205,0.1946
D260480,D308350,0.016337
D260480,D308600,0.15092
D260480,D310468,0.031218
D260480,D311360,0.12543
D260480,D312910,0.082924
D260480,D540000,0.10621
D260480,D600131,0.02494
D260480,D600263,0.07418
D260480,D600351,0.074169
D260480,D600496,0.13221
D260480,D600803,0.25119
D260480,D600807,0.1652
D260480,D601004,0.059068
D260480,D601042,0.081026
D260480,D601367,0.03543
D260480,D601608,0.060227
D260480,D601626,0.063433
D260480,D601665,0.074088
D260480,D601682,0.14883
D260480,D602068,0.099515
D260480,D602080,0.12519
D260480,D602522,0.13766
D260480,D603165,0.19505
D260480,D604278,0.13888
D260480,D604416,0.11633
D260480,D604827,0.01808
D260480,D605021,0.024255
D260480,D605055,0.017317
D260480,D605839,0.038412
D260480,D606703,0.023591
D260480,D606798,0.10513
D260480,D606842,0.041368
D260480,D607225,0.087956
D260480,D607459,0.066734
D260480,D607498,0.031875
D260480,D607501,0.03288
D260480,D607508,0.068709
D260480,D607516,0.048011
D260480,D607554,0.023375
D260480,D607628,0.073123
D260480,D607631,0.021951
D260480,D607681,0.024902
D260480,D607682,0.025336
D260480,D607685,0.20116
D260480,D607850,0.077738
D260480,D608033,0.023437
D260480,D608088,0.056141
D260480,D608105,0.12412
D260480,D608217,0.020926
D260480,D608320,0.040227
D260480,D608583,0.025691
D260480,D608622,0.075639
D260570,D261515,0.062088
D260570,D263300,0.22443
D260570,D263800,0.080504
D260570,D264120,0.071732
D260570,D266120,0.14112
D260570,D266600,0.17664
D260570,D267730,0.04696
D260570,D268220,0.097931
D260570,D268320,0.030599
D260570,D270960,0.031264
D260570,D273300,0.063139
D260570,D273800,0.13141
D260570,D275000,0.14907
D260570,D276300,0.016666
D260570,D277350,0.067706
D260570,D277440,0.05037
D260570,D277460,0.068108
D260570,D300125,0.034206
D260570,D300232,0.017926
D260570,D303110,0.029788
D260570,D304790,0.15193
D260570,D308205,0.017918
D260570,D308350,0.030319
D260570,D308600,0.047413
D260570,D310468,0.027974
D260570,D311360,0.10411
D260570,D312910,0.024375
D260570,D540000,0.10768
D260570,D600263,0.05523
D260570,D600351,0.16185
D260570,D600496,0.11886
D260570,D600634,0.040018
D260570,D600803,0.072102
D260570,D600807,0.23295
D260570,D601042,0.021006
D260570,D601367,0.065813
D260570,D601608,0.056151
D260570,D601626,0.11801
D260570,D601665,0.026898
D260570,D602080,0.10855
D260570,D602522,0.045893
D260570,D603165,0.095289
D260570,D604278,0.069278
D260570,D606842,0.027115
D260570,D607459,0.019504
D260570,D607498,0.060289
D260570,D607499,0.047763
D260570,D607501,0.061981
D260570,D607508,0.096261
D260570,D607516,0.029882
D260570,D607554,0.043405
D260570,D607685,0.23998
D260570,D607850,0.03617
D260570,D608033,0.042353
D260570,D608088,0.078167
D260570,D608217,0.038861
D260570,D608320,0.099725
D260570,D608622,0.097001
D260970,D261515,0.1047
D260970,D263300,0.029346
D260970,D263800,0.080413
D260970,D264120,0.069139
D260970,D266120,0.034736
D260970,D266600,0.060259
D260970,D267740,0.084907
D260970,D268320,0.060187
D260970,D270960,0.03077
D260970,D273300,0.084987
D260970,D273800,0.062812
D260970,D275000,0.059276
D260970,D276300,0.075337
D260970,D277440,0.049353
D260970,D277460,0.1779
D260970,D300125,0.13709
D260970,D300232,0.10462
D260970,D300491,0.19361
D260970,D300494,0.15737
D260970,D303110,0.05858
D260970,D304790,0.015861
D260970,D304900,0.15612
D260970,D305300,0.06222
D260970,D308205,0.097108
D260970,D308350,0.25665
D260970,D311360,0.082727
D260970,D312910,0.073579
D260970,D540000,0.21784
D260970,D600131,0.18692
D260970,D600351,0.046056
D260970,D600807,0.019592
D260970,D601042,0.21347
D260970,D601367,0.11821
D260970,D601608,0.11587
D260970,D601665,0.1199
D260970,D602080,0.11358
D260970,D602522,0.04444
D260970,D604278,0.092373
D260970,D604827,0.10932
D260970,D605021,0.18735
D260970,D605055,0.23987
D260970,D606703,0.23675
D260970,D606798,0.20189
D260970,D606842,0.19876
D260970,D607225,0.13733
D260970,D607459,0.21816
D260970,D607498,0.12117
D260970,D607499,0.16732
D260970,D607501,0.12537
D260970,D607508,0.12809
D260970,D607516,0.11987
D260970,D607554,0.042682
D260970,D607628,0.17131
D260970,D607631,0.2068
D260970,D607681,0.18922
D260970,D607682,0.19183
D260970,D607685,0.13931
D260970,D607850,0.035399
D260970,D608033,0.1433
D260970,D608088,0.30736
D260970,D608105,0.16326
D260970,D608217,0.16145
D260970,D608583,0.046911
D260970,D608622,0.042778
D261515,D263300,0.10868
D261515,D263800,0.29205
D261515,D264120,0.18467
D261515,D266120,0.13072
D261515,D266600,0.25026
D261515,D267740,0.22661
D261515,D268220,0.11421
D261515,D268320,0.13789
D261515,D270960,0.053646
D261515,D273300,0.16473
D261515,D273800,0.21133
D261515,D275000,0.24051
D261515,D276300,0.19061
D261515,D277350,0.26281
D261515,D277440,0.3993
D261515,D277460,0.33193
D261515,D278200,0.11672
D261515,D300125,0.11706
D261515,D300232,0.32366
D261515,D300491,0.24097
D261515,D300494,0.19686
D261515,D303110,0.1186
D261515,D304790,0.22578
D261515,D304900,0.14699
D261515,D305300,0.080699
D261515,D308205,0.21878
D261515,D308350,0.21483
D261515,D308600,0.10588
D261515,D310468,0.1778
D261515,D311360,0.216
D261515,D312910,0.17764
D261515,D540000,0.28015
D261515,D600082,0.021625
D261515,D600131,0.17953
D261515,D600263,0.17771
D261515,D600351,0.13186
D261515,D600496,0.19339
D261515,D600631,0.061184
D261515,D600634,0.017161
D261515,D600803,0.2191
D261515,D600807,0.19084
D261515,D600808,0.060908
D261515,D601004,0.046955
D261515,D601042,0.15707
D261515,D601367,0.1933
D261515,D601518,0.019547
D261515,D601608,0.08723
D261515,D601626,0.038197
D261515,D601665,0.23112
D261515,D601682,0.12554
D261515,D602068,0.081671
D261515,D602080,0.25022
D261515,D602522,0.26725
D261515,D603165,0.13476
D261515,D604278,0.28621
D261515,D604416,0.13586
D261515,D604827,0.099865
D261515,D605021,0.20032
D261515,D605055,0.19332
D261515,D605839,0.072079
D261515,D606703,0.13621
D261515,D606798,0.16912
D261515,D606842,0.25897
D261515,D607225,0.16529
D261515,D607459,0.18743
D261515,D607498,0.11715
D261515,D607499,0.08933
D261515,D607501,0.12363
D261515,D607508,0.16741
D261515,D607516,0.15716
D261515,D607554,0.11169
D261515,D607628,0.17944
D261515,D607631,0.16302
D261515,D607681,0.18366
D261515,D607682,0.18472
D261515,D607685,0.16491
D261515,D607850,0.11697
D261515,D608033,0.1885
D261515,D608088,0.13781
D261515,D608105,0.23081
D261515,D608217,0.18718
D261515,D608320,0.11128
D261515,D608583,0.10229
D261515,D608622,0.1594
D263300,D263800,0.066935
D263300,D264120,0.05977
D263300,D266120,0.17593
D263300,D266600,0.22581
D263300,D267730,0.039213
D263300,D268220,0.081669
D263300,D270960,0.026099
D263300,D273300,0.085112
D263300,D273800,0.20767
D263300,D275000,0.15154
D263300,D276300,0.055747
D263300,D277350,0.084641
D263300,D277440,0.056058
D263300,D277460,0.15364
D263300,D300125,0.056429
D263300,D300232,0.015067
D263300,D304790,0.17763
D263300,D305300,0.10306
D263300,D308205,0.014961
D263300,D308350,0.051352
D263300,D311360,0.088889
D263300,D540000,0.089618
D263300,D600263,0.091279
D263300,D600351,0.15292
D263300,D600496,0.074423
D263300,D600803,0.15027
D263300,D600807,0.25098
D263300,D601004,0.23053
D263300,D601367,0.18157
D263300,D601608,0.046633
D263300,D601626,0.26392
D263300,D601665,0.068986
D263300,D602080,0.058953
D263300,D602522,0.057201
D263300,D603165,0.047692
D263300,D604278,0.038858
D263300,D605055,0.02684
D263300,D606842,0.063879
D263300,D607225,0.018863
D263300,D607459,0.01628
D263300,D607498,0.049324
D263300,D607501,0.050861
D263300,D607508,0.10634
D263300,D607516,0.049191
D263300,D607554,0.10884
D263300,D607685,0.38385
D263300,D607850,0.030026
D263300,D608088,0.043445
D263300,D608217,0.033117
D263300,D608320,0.1055
D263300,D608583,0.11964
D263300,D608622,0.15395
D263800,D264120,0.23322
D263800,D266120,0.098054
D263800,D266600,0.20241
D263800,D267740,0.16532
D263800,D268220,0.018198
D263800,D268320,0.08641
D263800,D270960,0.052372
D263800,D273300,0.11474
D263800,D273800,0.15088
D263800,D275000,0.24881
D263800,D276300,0.10393
D263800,D277350,0.21587
D263800,D277440,0.3306
D263800,D277460,0.28267
D263800,D278200,0.071713
D263800,D300125,0.18968
D263800,D300232,0.17064
D263800,D300491,0.25814
D263800,D300494,0.085848
D263800,D303110,0.08341
D263800,D304790,0.18824
D263800,D304900,0.31758
D263800,D305300,0.17598
D263800,D308205,0.15839
D263800,D308350,0.20083
D263800,D308600,0.10926
D263800,D310468,0.25575
D263800,D311360,0.17582
D263800,D312910,0.1361
D263800,D540000,0.27596
D263800,D600082,0.056276
D263800,D600131,0.21951
D263800,D600263,0.077639
D263800,D600351,0.092484
D263800,D600496,0.20217
D263800,D600631,0.1199
D263800,D600634,0.022309
D263800,D600803,0.081675
D263800,D600807,0.09126
D263800,D600808,0.12073
D263800,D601042,0.18626
D263800,D601367,0.20818
D263800,D601518,0.050892
D263800,D601608,0.12748
D263800,D601626,0.033027
D263800,D601665,0.16597
D263800,D602068,0.10118
D263800,D602080,0.17219
D263800,D602522,0.43128
D263800,D603165,0.1252
D263800,D604278,0.27106
D263800,D604416,0.23833
D263800,D604827,0.12967
D263800,D605021,0.23886
D263800,D605055,0.148
D263800,D605839,0.092358
D263800,D606703,0.1748
D263800,D606798,0.18438
D263800,D606842,0.18044
D263800,D607225,0.11425
D263800,D607459,0.1675
D263800,D607498,0.20179
D263800,D607499,0.079821
D263800,D607501,0.18928
D263800,D607508,0.24969
D263800,D607516,0.18311
D263800,D607554,0.12095
D263800,D607628,0.21359
D263800,D607631,0.19842
D263800,D607681,0.22416
D263800,D607682,0.22506
D263800,D607685,0.17436
D263800,D607850,0.14494
D263800,D608033,0.17665
D263800,D608088,0.11701
D263800,D608105,0.25681
D263800,D608217,0.20873
D263800,D608320,0.12374
D263800,D608583,0.13294
D263800,D608622,0.25375
D264120,D266120,0.10468
D264120,D266600,0.11448
D264120,D267740,0.085002
D264120,D268220,0.032161
D264120,D268320,0.13961
D264120,D270960,0.062322
D264120,D273300,0.19224
D264120,D273800,0.1235
D264120,D275000,0.17993
D264120,D276300,0.016406
D264120,D277350,0.27475
D264120,D277440,0.15007
D264120,D277460,0.22138
D264120,D300125,0.066559
D264120,D300232,0.080713
D264120,D300491,0.087424
D264120,D303110,0.25517
D264120,D304790,0.11401
D264120,D304900,0.054733
D264120,D305300,0.060949
D264120,D308205,0.078367
D264120,D308350,0.12983
D264120,D308600,0.047122
D264120,D310468,0.11229
D264120,D311360,0.27568
D264120,D312910,0.12583
D264120,D540000,0.12225
D264120,D600082,0.15076
D264120,D600131,0.091184
D264120,D600263,0.081909
D264120,D600351,0.068822
D264120,D600496,0.31743
D264120,D600803,0.10761
D264120,D600807,0.079536
D264120,D601042,0.061105
D264120,D601367,0.15054
D264120,D601518,0.13614
D264120,D601608,0.054822
D264120,D601626,0.058574
D264120,D601665,0.22348
D264120,D602080,0.087373
D264120,D602522,0.21914
D264120,D603165,0.056929
D264120,D604278,0.21506
D264120,D604416,0.026003
D264120,D604827,0.033038
D264120,D605021,0.088757
D264120,D605055,0.063325
D264120,D606703,0.086331
D264120,D606798,0.061191
D264120,D606842,0.050156
D264120,D607225,0.044656
D264120,D607459,0.097393
D264120,D607498,0.058184
D264120,D607499,0.063699
D264120,D607501,0.060923
D264120,D607508,0.15784
D264120,D607516,0.058057
D264120,D607554,0.042713
D264120,D607628,0.081194
D264120,D607631,0.080265
D264120,D607681,0.091082
D264120,D607682,0.09266
D264120,D607685,0.081169
D264120,D608033,0.11535
D264120,D608088,0.077406
D264120,D608105,0.062585
D264120,D608217,0.16196
D264120,D608320,0.15849
D264120,D608583,0.046945
D264120,D608622,0.18312
D266120,D266600,0.19649
D266120,D267730,0.045982
D266120,D268220,0.063521
D266120,D268320,0.029875
D266120,D270960,0.091989
D266120,D273300,0.092471
D266120,D273800,0.163
D266120,D275000,0.098887
D266120,D276300,0.048979
D266120,D277350,0.099071
D266120,D277440,0.11488
D266120,D277460,0.13311
D266120,D300232,0.017502
D266120,D303110,0.029083
D266120,D304790,0.18294
D266120,D304900,0.054236
D266120,D305300,0.060411
D266120,D308205,0.017494
D266120,D308350,0.059565
D266120,D308600,0.046291
D266120,D310468,0.14623
D266120,D311360,0.10193
D266120,D312910,0.023798
D266120,D540000,0.10505
D266120,D600082,0.04927
D266120,D600263,0.08043
D266120,D600351,0.1349
D266120,D600496,0.087195
D266120,D600631,0.13969
D266120,D600634,0.039072
D266120,D600803,0.10569
D266120,D600807,0.13729
D266120,D600808,0.13906
D266120,D601367,0.12733
D266120,D601518,0.044536
D266120,D601608,0.19581
D266120,D601626,0.14393
D266120,D601665,0.026262
D266120,D602080,0.086442
D266120,D602522,0.13804
D266120,D603165,0.074446
D266120,D604278,0.16285
D266120,D604416,0.051512
D266120,D605055,0.03177
D266120,D605839,0.06315
D266120,D606842,0.054371
D266120,D607459,0.019042
D266120,D607508,0.093884
D266120,D607554,0.042378
D266120,D607685,0.12051
D266120,D607850,0.035541
D266120,D608033,0.020489
D266120,D608088,0.051124
D266120,D608217,0.037942
D266120,D608320,0.024202
D266120,D608622,0.13763
D266600,D267730,0.098608
D266600,D267740,0.098267
D266600,D268220,0.12741
D266600,D268320,0.092604
D266600,D270960,0.10503
D266600,D273300,0.17567
D266600,D273800,0.28209
D266600,D275000,0.3076
D266600,D276300,0.23357
D266600,D277350,0.22166
D266600,D277440,0.22
D266600,D277460,0.21954
D266600,D278200,0.10734
D266600,D300125,0.071415
D266600,D300232,0.1882
D266600,D300491,0.086214
D266600,D300494,0.18648
D266600,D303110,0.088591
D266600,D304790,0.35227
D266600,D304900,0.081338
D266600,D305300,0.12988
D266600,D308205,0.16897
D266600,D308350,0.11594
D266600,D308600,0.10169
D266600,D310468,0.09481
D266600,D311360,0.23081
D266600,D312910,0.12479
D266600,D540000,0.16959
D266600,D600082,0.021142
D266600,D600131,0.058638
D266600,D600263,0.28195
D266600,D600351,0.17318
D266600,D600496,0.17508
D266600,D600631,0.029902
D266600,D600634,0.068045
D266600,D600803,0.1855
D266600,D600807,0.37132
D266600,D600808,0.029747
D266600,D601004,0.068513
D266600,D601042,0.097599
D266600,D601367,0.26614
D266600,D601518,0.077282
D266600,D601608,0.19062
D266600,D601626,0.16386
D266600,D601665,0.20502
D266600,D601682,0.090507
D266600,D602068,0.11261
D266600,D602080,0.20285
D266600,D602522,0.18122
D266600,D603165,0.27115
D266600,D604278,0.17354
D266600,D604416,0.25784
D266600,D604827,0.090462
D266600,D605021,0.059214
D266600,D605055,0.054632
D266600,D605839,0.11328
D266600,D606703,0.094992
D266600,D606798,0.10659
D266600,D606842,0.12886
D266600,D607225,0.11541
D266600,D607459,0.10162
D266600,D607498,0.062955
D266600,D607499,0.039767
D266600,D607501,0.064729
D266600,D607508,0.10695
D266600,D607516,0.10059
D266600,D607554,0.091069
D266600,D607628,0.054125
D266600,D607631,0.05176
D266600,D607681,0.059566
D266600,D607682,0.060334
D266600,D607685,0.27901
D266600,D607850,0.17641
D266600,D608033,0.13433
D266600,D608088,0.14208
D266600,D608105,0.1231
D266600,D608217,0.067307
D266600,D608320,0.14362
D266600,D608583,0.080101
D266600,D608622,0.15075
D267730,D268220,0.098182
D267730,D270960,0.041098
D267730,D273300,0.051148
D267730,D273800,0.027128
D267730,D275000,0.026426
D267730,D276300,0.072327
D267730,D277440,0.022002
D267730,D277460,0.02973
D267730,D304790,0.065311
D267730,D305300,0.040466
D267730,D311360,0.027285
D267730,D600263,0.070774
D267730,D600351,0.11994
D267730,D600496,0.038932
D267730,D600634,0.10773
D267730,D600807,0.078586
D267730,D601367,0.08447
D267730,D601518,0.062019
D267730,D601608,0.073435
D267730,D601626,0.26841
D267730,D601665,0.035358
D267730,D602080,0.049096
D267730,D603165,0.074914
D267730,D605839,0.095238
D267730,D607685,0.053651
D267730,D608088,0.034204
D267730,D608320,0.032591
D267740,D268220,0.17439
D267740,D268320,0.28282
D267740,D273300,0.095471
D267740,D273800,0.15076
D267740,D275000,0.18087
D267740,D276300,0.060224
D267740,D277350,0.22454
D267740,D277440,0.13854
D267740,D277460,0.10938
D267740,D278200,0.15676
D267740,D300125,0.20392
D267740,D300232,0.2728
D267740,D300491,0.57964
D267740,D300494,0.40874
D267740,D303110,0.27136
D267740,D304790,0.039679
D267740,D304900,0.099928
D267740,D305300,0.037068
D267740,D308205,0.27856
D267740,D308350,0.26265
D267740,D311360,0.23773
D267740,D312910,0.28375
D267740,D540000,0.26896
D267740,D600131,0.41117
D267740,D600496,0.086361
D267740,D600807,0.048536
D267740,D601042,0.21432
D267740,D601367,0.10336
D267740,D601608,0.067325
D267740,D601665,0.097192
D267740,D601682,0.3535
D267740,D602080,0.17224
D267740,D602522,0.17643
D267740,D603165,0.12538
D267740,D604278,0.26044
D267740,D604827,0.19154
D267740,D605021,0.47707
D267740,D605055,0.26992
D267740,D606703,0.15917
D267740,D606798,0.32272
D267740,D606842,0.092843
D267740,D607225,0.2059
D267740,D607459,0.23897
D267740,D607498,0.21884
D267740,D607501,0.18496
D267740,D607508,0.23145
D267740,D607516,0.25292
D267740,D607554,0.15681
D267740,D607628,0.4256
D267740,D607631,0.37739
D267740,D607681,0.42105
D267740,D607682,0.42336
D267740,D607685,0.024523
D267740,D608033,0.19843
D267740,D608088,0.062916
D267740,D608105,0.5142
D267740,D608217,0.35035
D267740,D608583,0.17235
D267740,D608622,0.15716
D268220,D268320,0.14432
D268220,D270960,0.065353
D268220,D273300,0.12881
D268220,D273800,0.11297
D268220,D275000,0.12849
D268220,D276300,0.10161
D268220,D277350,0.15554
D268220,D277440,0.082556
D268220,D277460,0.041209
D268220,D278200,0.11613
D268220,D300232,0.091382
D268220,D300491,0.052764
D268220,D300494,0.26629
D268220,D303110,0.13811
D268220,D304790,0.12702
D268220,D308205,0.082588
D268220,D308350,0.027597
D268220,D308600,0.043157
D268220,D310468,0.025463
D268220,D311360,0.17721
D268220,D312910,0.11461
D268220,D540000,0.095678
D268220,D600263,0.1131
D268220,D600351,0.041634
D268220,D600496,0.13806
D268220,D600634,0.1223
D268220,D600803,0.032735
D268220,D600807,0.11452
D268220,D601042,0.078311
D268220,D601367,0.083795
D268220,D601518,0.055677
D268220,D601626,0.11444
D268220,D601665,0.080747
D268220,D601682,0.19669
D268220,D602080,0.13583
D268220,D602522,0.10358
D268220,D603165,0.19805
D268220,D604278,0.14624
D268220,D605839,0.16717
D268220,D606798,0.15201
D268220,D606842,0.02353
D268220,D607225,0.084075
D268220,D607459,0.092466
D268220,D607508,0.028919
D268220,D607516,0.027391
D268220,D607554,0.039509
D268220,D607685,0.078149
D268220,D608033,0.019101
D268220,D608088,0.023686
D268220,D608105,0.11901
D268220,D608217,0.10693
D268220,D608320,0.022563
D268220,D608622,0.040075
D268320,D270960,0.026784
D268320,D273300,0.040307
D268320,D273800,0.21834
D268320,D275000,0.17687
D268320,D276300,0.087029
D268320,D277350,0.2123
D268320,D277440,0.16172
D268320,D277460,0.078526
D268320,D278200,0.43337
D268320,D300125,0.14627
D268320,D300232,0.34157
D268320,D300491,0.12632
D268320,D300494,0.2645
D268320,D303110,0.30236
D268320,D304790,0.10448
D268320,D304900,0.023695
D268320,D305300,0.026371
D268320,D308205,0.32383
D268320,D308350,0.14223
D268320,D308600,0.083915
D268320,D310468,0.023965
D268320,D311360,0.20636
D268320,D312910,0.2779
D268320,D540000,0.20224
D268320,D600131,0.079377
D268320,D600496,0.054616
D268320,D600634,0.034284
D268320,D600807,0.085928
D268320,D601042,0.18387
D268320,D601367,0.07369
D268320,D601608,0.047723
D268320,D601665,0.070119
D268320,D601682,0.23834
D268320,D602068,0.040099
D268320,D602080,0.12788
D268320,D602522,0.20382
D268320,D603165,0.18809
D268320,D604278,0.30723
D268320,D604416,0.023746
D268320,D604827,0.028761
D268320,D605021,0.077264
D268320,D605055,0.055125
D268320,D605839,0.029148
D268320,D606703,0.075153
D268320,D606798,0.29935
D268320,D606842,0.088179
D268320,D607225,0.12138
D268320,D607459,0.15801
D268320,D607498,0.12818
D268320,D607501,0.13286
D268320,D607508,0.13675
D268320,D607516,0.15368
D268320,D607554,0.074369
D268320,D607628,0.070681
D268320,D607631,0.069872
D268320,D607681,0.079289
D268320,D607682,0.080662
D268320,D607685,0.088792
D268320,D608033,0.10284
D268320,D608088,0.11196
D268320,D608105,0.19846
D268320,D608217,0.17805
D268320,D608320,0.021236
D268320,D608583,0.040868
D268320,D608622,0.037267
D270960,D273300,0.28728
D270960,D273800,0.090588
D270960,D275000,0.035186
D270960,D276300,0.062764
D270960,D277440,0.10366
D270960,D277460,0.019797
D270960,D300232,0.015691
D270960,D303110,0.026074
D270960,D304790,0.056479
D270960,D304900,0.048469
D270960,D305300,0.027151
D270960,D308205,0.015684
D270960,D308350,0.053081
D270960,D308600,0.041501
D270960,D310468,0.073786
D270960,D311360,0.14819
D270960,D312910,0.042734
D270960,D540000,0.045672
D270960,D600082,0.17748
D270960,D600263,0.047111
D270960,D600351,0.019965
D270960,D600496,0.051954
D270960,D600631,0.062481
D270960,D600634,0.29014
D270960,D600807,0.1401
D270960,D600808,0.062157
D270960,D601367,0.056246
D270960,D601518,0.2413
D270960,D601626,0.050979
D270960,D601665,0.18956
D270960,D602080,0.12585
D270960,D602522,0.079277
D270960,D603165,0.03323
D270960,D604278,0.059666
D270960,D604416,0.045954
D270960,D605055,0.056294
D270960,D605839,0.1482
D270960,D606842,0.04459
D270960,D607459,0.034526
D270960,D607554,0.037993
D270960,D607850,0.031484
D270960,D608033,0.018368
D270960,D608088,0.045559
D270960,D608217,0.034015
D270960,D608320,0.043409
D273300,D273800,0.16391
D273300,D275000,0.11517
D273300,D276300,0.20578
D273300,D277350,0.059374
D273300,D277440,0.18431
D273300,D277460,0.09143
D273300,D300125,0.11926
D273300,D300232,0.082303
D273300,D300491,0.10386
D273300,D300494,0.066859
D273300,D303110,0.065398
D273300,D304790,0.1154
D273300,D304900,0.097273
D273300,D305300,0.054291
D273300,D308205,0.1026
D273300,D308350,0.14836
D273300,D308600,0.041669
D273300,D310468,0.049394
D273300,D311360,0.2721
D273300,D312910,0.11527
D273300,D540000,0.13918
D273300,D600082,0.11117
D273300,D600131,0.102
D273300,D600263,0.19429
D273300,D600351,0.072076
D273300,D600496,0.10502
D273300,D600631,0.031315
D273300,D600634,0.22238
D273300,D600803,0.13315
D273300,D600807,0.20089
D273300,D600808,0.031153
D273300,D601042,0.093476
D273300,D601367,0.18682
D273300,D601518,0.21133
D273300,D601608,0.050935
D273300,D601626,0.096761
D273300,D601665,0.18564
D273300,D601682,0.023202
D273300,D602068,0.038595
D273300,D602080,0.22479
D273300,D602522,0.1097
D273300,D603165,0.10521
D273300,D604278,0.14081
D273300,D604416,0.046215
D273300,D604827,0.076922
D273300,D605021,0.10158
D273300,D605055,0.11434
D273300,D605839,0.16964
D273300,D606703,0.1188
D273300,D606798,0.11012
D273300,D606842,0.05626
D273300,D607225,0.081755
D273300,D607459,0.090558
D273300,D607498,0.10485
D273300,D607499,0.06357
D273300,D607501,0.10788
D273300,D607508,0.15382
D273300,D607516,0.13092
D273300,D607554,0.076225
D273300,D607628,0.092757
D273300,D607631,0.089942
D273300,D607681,0.10295
D273300,D607682,0.10445
D273300,D607685,0.091286
D273300,D607850,0.04753
D273300,D608033,0.079977
D273300,D608088,0.057156
D273300,D608105,0.11335
D273300,D608217,0.13978
D273300,D608320,0.045396
D273300,D608583,0.062834
D273300,D608622,0.11937
D273800,D275000,0.21125
D273800,D276300,0.16676
D273800,D277350,0.19747
D273800,D277440,0.18705
D273800,D277460,0.18386
D273800,D278200,0.20089
D273800,D300125,0.19746
D273800,D300232,0.23126
D273800,D300491,0.20564
D273800,D300494,0.19076
D273800,D303110,0.10376
D273800,D304790,0.23772
D273800,D304900,0.080115
D273800,D305300,0.089072
D273800,D308205,0.19477
D273800,D308350,0.14166
D273800,D308600,0.11375
D273800,D310468,0.048859
D273800,D311360,0.20489
D273800,D312910,0.11338
D273800,D540000,0.17313
D273800,D600082,0.058355
D273800,D600131,0.13444
D273800,D600263,0.12796
D273800,D600351,0.11968
D273800,D600496,0.10311
D273800,D600634,0.023178
D273800,D600803,0.12523
D273800,D600807,0.27762
D273800,D601042,0.098927
D273800,D601367,0.24053
D273800,D601518,0.052777
D273800,D601608,0.17882
D273800,D601626,0.1612
D273800,D601665,0.20316
D273800,D601682,0.12783
D273800,D602068,0.10515
D273800,D602080,0.13368
D273800,D602522,0.18408
D273800,D603165,0.22566
D273800,D604278,0.22753
D273800,D604416,0.03275
D273800,D604827,0.13071
D273800,D605021,0.1339
D273800,D605055,0.094852
D273800,D605839,0.07704
D273800,D606703,0.10377
D273800,D606798,0.14604
D273800,D606842,0.12088
D273800,D607225,0.10482
D273800,D607459,0.14097
D273800,D607498,0.17455
D273800,D607499,0.054904
D273800,D607501,0.17924
D273800,D607508,0.24019
D273800,D607516,0.22555
D273800,D607554,0.17571
D273800,D607628,0.12227
D273800,D607631,0.11855
D273800,D607681,0.1357
D273800,D607682,0.13768
D273800,D607685,0.36252
D273800,D608033,0.11841
D273800,D608088,0.060188
D273800,D608105,0.16952
D273800,D608217,0.13781
D273800,D608320,0.043246
D273800,D608583,0.1655
D273800,D608622,0.23312
D275000,D276300,0.086294
D275000,D277350,0.23106
D275000,D277440,0.25481
D275000,D277460,0.18083
D275000,D278200,0.12048
D275000,D300125,0.11445
D275000,D300232,0.1576
D275000,D300491,0.11661
D275000,D300494,0.16483
D275000,D303110,0.18712
D275000,D304790,0.32352
D275000,D304900,0.062307
D275000,D305300,0.18157
D275000,D308205,0.13621
D275000,D308350,0.10383
D275000,D308600,0.1098
D275000,D310468,0.06315
D275000,D311360,0.26459
D275000,D312910,0.15344
D275000,D540000,0.24415
D275000,D600131,0.052101
D275000,D600263,0.06225
D275000,D600351,0.10478
D275000,D600496,0.30545
D275000,D600634,0.022534
D275000,D600803,0.081426
D275000,D600807,0.21681
D275000,D601004,0.030623
D275000,D601042,0.20082
D275000,D601367,0.19645
D275000,D601608,0.15493
D275000,D601626,0.08249
D275000,D601665,0.12281
D275000,D601682,0.15162
D275000,D602068,0.076984
D275000,D602080,0.18085
D275000,D602522,0.19159
D275000,D603165,0.19974
D275000,D604278,0.16857
D275000,D604416,0.21284
D275000,D604827,0.078974
D275000,D605021,0.050714
D275000,D605055,0.054265
D275000,D605839,0.038472
D275000,D606703,0.074229
D275000,D606798,0.23475
D275000,D606842,0.24049
D275000,D607225,0.131
D275000,D607459,0.13599
D275000,D607498,0.10025
D275000,D607499,0.1086
D275000,D607501,0.12339
D275000,D607508,0.16094
D275000,D607516,0.11676
D275000,D607554,0.12517
D275000,D607628,0.046393
D275000,D607631,0.045862
D275000,D607681,0.052043
D275000,D607682,0.052944
D275000,D607685,0.25833
D275000,D607850,0.12158
D275000,D608033,0.072926
D275000,D608088,0.10355
D275000,D608105,0.20066
D275000,D608217,0.043752
D275000,D608320,0.19227
D275000,D608583,0.13795
D275000,D608622,0.15518
D276300,D277350,0.08478
D276300,D277440,0.20871
D276300,D277460,0.1702
D276300,D278200,0.12033
D276300,D300125,0.097292
D276300,D300232,0.21969
D276300,D300491,0.11133
D276300,D300494,0.072517
D276300,D303110,0.027804
D276300,D304790,0.19604
D276300,D304900,0.091597
D276300,D305300,0.13701
D276300,D308205,0.22968
D276300,D308350,0.10082
D276300,D308600,0.093633
D276300,D310468,0.013053
D276300,D311360,0.048448
D276300,D312910,0.045544
D276300,D540000,0.099051
D276300,D600131,0.10919
D276300,D600263,0.2295
D276300,D600351,0.1316
D276300,D600496,0.013826
D276300,D600634,0.20204
D276300,D600803,0.050352
D276300,D600807,0.095797
D276300,D601004,0.025424
D276300,D601042,0.0808
D276300,D601367,0.12438
D276300,D601518,0.049851
D276300,D601608,0.095697
D276300,D601626,0.12365
D276300,D601665,0.21981
D276300,D602068,0.086275
D276300,D602080,0.13272
D276300,D602522,0.074123
D276300,D603165,0.12447
D276300,D604278,0.096143
D276300,D604416,0.10176
D276300,D604827,0.082408
D276300,D605021,0.10879
D276300,D605055,0.14168
D276300,D605839,0.15161
D276300,D606703,0.10521
D276300,D606798,0.088709
D276300,D606842,0.072446
D276300,D607225,0.074432
D276300,D607459,0.094386
D276300,D607498,0.086623
D276300,D607499,0.069137
D276300,D607501,0.08872
D276300,D607508,0.090868
D276300,D607516,0.085211
D276300,D607554,0.081026
D276300,D607628,0.099342
D276300,D607631,0.096282
D276300,D607681,0.11023
D276300,D607682,0.11183
D276300,D607685,0.16676
D276300,D607850,0.051041
D276300,D608033,0.11107
D276300,D608088,0.097467
D276300,D608105,0.091389
D276300,D608217,0.12997
D276300,D608320,0.023215
D276300,D608583,0.066794
D276300,D608622,0.060911
D277350,D277440,0.21291
D277350,D277460,0.28956
D277350,D278200,0.16307
D277350,D300125,0.064378
D277350,D300232,0.15254
D277350,D300491,0.054417
D277350,D300494,0.28267
D277350,D303110,0.2836
D277350,D304790,0.20729
D277350,D304900,0.02598
D277350,D308205,0.14528
D277350,D308600,0.14323
D277350,D310468,0.15942
D277350,D311360,0.17839
D277350,D312910,0.14311
D277350,D540000,0.18371
D277350,D600263,0.1301
D277350,D600351,0.13482
D277350,D600496,0.26343
D277350,D600803,0.13574
D277350,D600807,0.13188
D277350,D601042,0.12176
D277350,D601367,0.08216
D277350,D601626,0.055288
D277350,D601665,0.18541
D277350,D601682,0.25663
D277350,D602068,0.091467
D277350,D602080,0.0999
D277350,D602522,0.26633
D277350,D603165,0.18737
D277350,D604278,0.19666
D277350,D604416,0.079989
D277350,D605839,0.067312
D277350,D606798,0.18246
D277350,D606842,0.024267
D277350,D607225,0.088492
D277350,D607459,0.097005
D277350,D607498,0.056554
D277350,D607501,0.058211
D277350,D607508,0.15065
D277350,D607516,0.084437
D277350,D607685,0.11968
D277350,D608033,0.01969
D277350,D608105,0.15505
D277350,D608320,0.047195
D277350,D608622,0.13271
D277440,D277460,0.25084
D277440,D278200,0.2012
D277440,D300125,0.063312
D277440,D300232,0.27532
D277440,D300491,0.19688
D277440,D303110,0.070017
D277440,D304790,0.26665
D277440,D304900,0.13016
D277440,D305300,0.087573
D277440,D308205,0.21688
D277440,D308350,0.16104
D277440,D308600,0.1153
D277440,D310468,0.32767
D277440,D311360,0.18953
D277440,D312910,0.10282
D277440,D540000,0.1944
D277440,D600082,0.023603
D277440,D600131,0.14
D277440,D600263,0.25932
D277440,D600351,0.13633
D277440,D600496,0.24659
D277440,D600631,0.06678
D277440,D600634,0.057103
D277440,D600803,0.14065
D277440,D600807,0.17369
D277440,D600808,0.066478
D277440,D601042,0.10038
D277440,D601367,0.20209
D277440,D601518,0.043445
D277440,D601608,0.080779
D277440,D601626,0.05489
D277440,D601665,0.20394
D277440,D601682,0.028352
D277440,D602068,0.12737
D277440,D602080,0.22817
D277440,D602522,0.24145
D277440,D603165,0.14316
D277440,D604278,0.26153
D277440,D604416,0.2147
D277440,D604827,0.073859
D277440,D605021,0.15485
D277440,D605055,0.15342
D277440,D605839,0.097314
D277440,D606703,0.1254
D277440,D606798,0.088676
D277440,D606842,0.18125
D277440,D607225,0.075231
D277440,D607459,0.088186
D277440,D607498,0.070777
D277440,D607501,0.05751
D277440,D607508,0.11971
D277440,D607516,0.098519
D277440,D607554,0.081265
D277440,D607628,0.13756
D277440,D607631,0.12741
D277440,D607681,0.14281
D277440,D607682,0.14308
D277440,D607685,0.13111
D277440,D607850,0.17888
D277440,D608033,0.11495
D277440,D608088,0.085597
D277440,D608105,0.16181
D277440,D608217,0.13597
D277440,D608320,0.10537
D277440,D608583,0.066988
D277440,D608622,0.1271
D277460,D278200,0.081437
D277460,D300125,0.12869
D277460,D300232,0.11676
D277460,D300491,0.14169
D277460,D300494,0.038258
D277460,D303110,0.094862
D277460,D304790,0.20772
D277460,D304900,0.10525
D277460,D305300,0.13939
D277460,D308205,0.15172
D277460,D308350,0.19331
D277460,D308600,0.15406
D277460,D310468,0.16005
D277460,D311360,0.20125
D277460,D312910,0.2202
D277460,D540000,0.28489
D277460,D600131,0.14694
D277460,D600263,0.14146
D277460,D600351,0.12158
D277460,D600496,0.17523
D277460,D600634,0.02534
D277460,D600803,0.14104
D277460,D600807,0.10438
D277460,D601004,0.034499
D277460,D601042,0.13356
D277460,D601367,0.21837
D277460,D601608,0.088572
D277460,D601626,0.074155
D277460,D601665,0.20703
D277460,D602068,0.11485
D277460,D602080,0.10375
D277460,D602522,0.16007
D277460,D603165,0.11493
D277460,D604278,0.20205
D277460,D604416,0.11893
D277460,D604827,0.085608
D277460,D605021,0.14336
D277460,D605055,0.12346
D277460,D605839,0.043591
D277460,D606703,0.14675
D277460,D606798,0.11861
D277460,D606842,0.11717
D277460,D607225,0.11495
D277460,D607459,0.2867
D277460,D607498,0.11262
D277460,D607499,0.029812
D277460,D607501,0.11664
D277460,D607508,0.18123
D277460,D607516,0.11226
D277460,D607554,0.16494
D277460,D607628,0.13094
D277460,D607631,0.1553
D277460,D607681,0.14692
D277460,D607682,0.14943
D277460,D607685,0.25343
D277460,D607850,0.022846
D277460,D608033,0.17348
D277460,D608088,0.1863
D277460,D608105,0.12126
D277460,D608217,0.14814
D277460,D608320,0.22845
D277460,D608583,0.15107
D277460,D608622,0.23005
D278200,D300232,0.23799
D278200,D300491,0.069094
D278200,D300494,0.21061
D278200,D303110,0.15751
D278200,D304790,0.16195
D278200,D308205,0.28662
D278200,D308600,0.060831
D278200,D311360,0.074195
D278200,D312910,0.13242
D278200,D540000,0.089948
D278200,D600496,0.035388
D278200,D600807,0.097663
D278200,D601042,0.07589
D278200,D601665,0.033765
D278200,D601682,0.18927
D278200,D602068,0.15923
D278200,D602080,0.070684
D278200,D602522,0.13867
D278200,D603165,0.18254
D278200,D604278,0.139
D278200,D604416,0.094735
D278200,D605839,0.040953
D278200,D606798,0.11192
D278200,D606842,0.030812
D278200,D607225,0.080997
D278200,D607459,0.07168
D278200,D607516,0.035868
D278200,D607685,0.1227
D278200,D608105,0.11522
D300125,D300232,0.10553
D300125,D300491,0.26792
D300125,D300494,0.14704
D300125,D303110,0.22758
D300125,D304790,0.047489
D300125,D304900,0.13195
D300125,D305300,0.058288
D300125,D308205,0.25844
D300125,D308350,0.17397
D300125,D311360,0.09824
D300125,D312910,0.20848
D300125,D540000,0.35966
D300125,D600131,0.2653
D300125,D600351,0.05645
D300125,D601042,0.15897
D300125,D601367,0.18334
D300125,D601608,0.10999
D300125,D601665,0.154
D300125,D601682,0.050027
D300125,D602080,0.16807
D300125,D602522,0.12878
D300125,D603165,0.035947
D300125,D604278,0.1521
D300125,D604827,0.16713
D300125,D605021,0.26336
D300125,D605055,0.1867
D300125,D606703,0.21274
D300125,D606798,0.23821
D300125,D606842,0.12216
D300125,D607225,0.12933
D300125,D607459,0.1533
D300125,D607498,0.94585
D300125,D607499,0.20865
D300125,D607501,0.9466
D300125,D607508,0.93936
D300125,D607516,0.88643
D300125,D607554,0.24673
D300125,D607628,0.24058
D300125,D607631,0.23387
D300125,D607681,0.26737
D300125,D607682,0.27137
D300125,D607685,0.11893
D300125,D608033,0.17114
D300125,D608088,0.098685
D300125,D608105,0.21403
D300125,D608217,0.22684
D300125,D608320,0.047327
D300125,D608583,0.2712
D300125,D608622,0.24817
D300232,D300491,0.33188
D300232,D300494,0.25468
D300232,D303110,0.13653
D300232,D304790,0.12965
D300232,D304900,0.10244
D300232,D305300,0.11769
D300232,D308205,0.29389
D300232,D308350,0.20595
D300232,D308600,0.079534
D300232,D310468,0.04314
D300232,D311360,0.14634
D300232,D312910,0.1666
D300232,D540000,0.21479
D300232,D600131,0.21149
D300232,D600263,0.075742
D300232,D600351,0.023052
D300232,D600496,0.048435
D300232,D600634,0.020085
D300232,D600803,0.036238
D300232,D600807,0.096112
D300232,D601042,0.22633
D300232,D601367,0.13908
D300232,D601608,0.14204
D300232,D601665,0.19767
D300232,D601682,0.1244
D300232,D602068,0.051636
D300232,D602080,0.23562
D300232,D602522,0.19072
D300232,D603165,0.16899
D300232,D604278,0.24911
D300232,D604416,0.17794
D300232,D604827,0.12007
D300232,D605021,0.23474
D300232,D605055,0.19389
D300232,D605839,0.03799
D300232,D606703,0.16446
D300232,D606798,0.21529
D300232,D606842,0.21449
D300232,D607225,0.15973
D300232,D607459,0.18408
D300232,D607498,0.1096
D300232,D607499,0.080999
D300232,D607501,0.096075
D300232,D607508,0.11532
D300232,D607516,0.12449
D300232,D607554,0.087141
D300232,D607628,0.21027
D300232,D607631,0.19181
D300232,D607681,0.21636
D300232,D607682,0.21754
D300232,D607685,0.12491
D300232,D607850,0.19742
D300232,D608033,0.18467
D300232,D608088,0.12692
D300232,D608105,0.30483
D300232,D608217,0.24546
D300232,D608320,0.025025
D300232,D608583,0.071832
D300232,D608622,0.065505
D300491,D300494,0.319
D300491,D303110,0.12268
D300491,D304790,0.026188
D300491,D304900,0.1834
D300491,D305300,0.038175
D300491,D308205,0.2736
D300491,D308350,0.40515
D300491,D311360,0.13709
D300491,D312910,0.16163
D300491,D540000,0.26485
D300491,D600131,0.63814
D300491,D600807,0.032304
D300491,D601042,0.21426
D300491,D601367,0.16863
D300491,D601608,0.15563
D300491,D601665,0.1783
D300491,D601682,0.085742
D300491,D602080,0.15559
D300491,D602522,0.092889
D300491,D603165,0.063942
D300491,D604278,0.2586
D300491,D604827,0.37196
D300491,D605021,0.72307
D300491,D605055,0.42161
D300491,D606703,0.29622
D300491,D606798,0.31387
D300491,D606842,0.22921
D300491,D607225,0.18653
D300491,D607459,0.30004
D300491,D607498,0.3163
D300491,D607499,0.13679
D300491,D607501,0.24399
D300491,D607508,0.33086
D300491,D607516,0.3594
D300491,D607554,0.16213
D300491,D607628,0.6404
D300491,D607631,0.58356
D300491,D607681,0.65631
D300491,D607682,0.65516
D300491,D607685,0.085552
D300491,D608033,0.30454
D300491,D608088,0.09782
D300491,D608105,0.57022
D300491,D608217,0.54343
D300491,D608583,0.1782
D300491,D608622,0.1625
D300494,D303110,0.25055
D300494,D304790,0.05331
D300494,D304900,0.11821
D300494,D308205,0.22563
D300494,D308350,0.12972
D300494,D311360,0.1723
D300494,D312910,0.20998
D300494,D540000,0.21803
D300494,D600131,0.19932
D300494,D600496,0.14525
D300494,D600807,0.065051
D300494,D601042,0.26915
D300494,D601367,0.091459
D300494,D601608,0.12813
D300494,D601665,0.11488
D300494,D601682,0.44477
D300494,D602080,0.13537
D300494,D602522,0.18613
D300494,D603165,0.15658
D300494,D604278,0.28922
D300494,D604827,0.1607
D300494,D605021,0.20686
D300494,D605055,0.141
D300494,D606703,0.19602
D300494,D606798,0.40124
D300494,D606842,0.1524
D300494,D607225,0.2865
D300494,D607459,0.26222
D300494,D607498,0.13169
D300494,D607499,0.20205
D300494,D607501,0.13462
D300494,D607508,0.13724
D300494,D607516,0.17758
D300494,D607628,0.18907
D300494,D607631,0.17633
D300494,D607681,0.20507
D300494,D607682,0.20704
D300494,D607685,0.089162
D300494,D608033,0.096849
D300494,D608088,0.044004
D300494,D608105,0.40997
D300494,D608217,0.17803
D303110,D304790,0.096778
D303110,D304900,0.046255
D303110,D305300,0.025673
D303110,D308205,0.23341
D303110,D308350,0.10126
D303110,D308600,0.079255
D303110,D310468,0.0705
D303110,D311360,0.17551
D303110,D312910,0.37663
D303110,D540000,0.27191
D303110,D600131,0.077257
D303110,D600496,0.10176
D303110,D600634,0.033375
D303110,D600807,0.033356
D303110,D601042,0.16005
D303110,D601367,0.071511
D303110,D601608,0.046449
D303110,D601665,0.20333
D303110,D601682,0.22797
D303110,D602080,0.21491
D303110,D602522,0.25653
D303110,D603165,0.11272
D303110,D604278,0.1922
D303110,D604416,0.021914
D303110,D604827,0.028
D303110,D605021,0.075201
D303110,D605055,0.053654
D303110,D606703,0.073146
D303110,D606798,0.24038
D303110,D606842,0.064173
D303110,D607225,0.16335
D303110,D607459,0.1684
D303110,D607498,0.19974
D303110,D607499,0.052811
D303110,D607501,0.20645
D303110,D607508,0.21276
D303110,D607516,0.22385
D303110,D607554,0.072399
D303110,D607628,0.068794
D303110,D607631,0.068006
D303110,D607681,0.077171
D303110,D607682,0.078508
D303110,D607685,0.016984
D303110,D608033,0.070132
D303110,D608088,0.086887
D303110,D608105,0.19077
D303110,D608217,0.097288
D303110,D608320,0.14808
D303110,D608583,0.039785
D303110,D608622,0.03628
D304790,D304900,0.037573
D304790,D305300,0.083968
D304790,D308205,0.21053
D304790,D308350,0.071877
D304790,D308600,0.13398
D304790,D310468,0.077045
D304790,D311360,0.1924
D304790,D312910,0.090941
D304790,D540000,0.12163
D304790,D600082,0.023006
D304790,D600263,0.21169
D304790,D600351,0.24538
D304790,D600496,0.28223
D304790,D600634,0.036173
D304790,D600803,0.11477
D304790,D600807,0.24269
D304790,D601004,0.049442
D304790,D601042,0.040252
D304790,D601367,0.16206
D304790,D601518,0.020673
D304790,D601608,0.2177
D304790,D601626,0.094262
D304790,D601665,0.13795
D304790,D601682,0.075461
D304790,D602068,0.084368
D304790,D602080,0.13473
D304790,D602522,0.12364
D304790,D603165,0.29519
D304790,D604278,0.11511
D304790,D604416,0.21302
D304790,D605055,0.014507
D304790,D605839,0.04748
D304790,D606703,0.020098
D304790,D606798,0.028416
D304790,D606842,0.046176
D304790,D607225,0.064326
D304790,D607459,0.062455
D304790,D607498,0.042534
D304790,D607499,0.021512
D304790,D607501,0.043479
D304790,D607508,0.088458
D304790,D607516,0.055241
D304790,D607554,0.058759
D304790,D607685,0.29367
D304790,D607850,0.032474
D304790,D608033,0.062654
D304790,D608088,0.094175
D304790,D608105,0.044357
D304790,D608217,0.035114
D304790,D608320,0.17952
D304790,D608583,0.043065
D304790,D608622,0.10627
D304900,D305300,0.023838
D304900,D308205,0.097507
D304900,D308350,0.14239
D304900,D308600,0.073596
D304900,D310468,0.13397
D304900,D311360,0.096511
D304900,D312910,0.11346
D304900,D540000,0.1379
D304900,D600082,0.039065
D304900,D600131,0.18012
D304900,D600496,0.068942
D304900,D600631,0.16832
D304900,D600634,0.031018
D304900,D600808,0.16953
D304900,D601042,0.081398
D304900,D601367,0.1507
D304900,D601518,0.035312
D304900,D601608,0.067716
D304900,D601665,0.29397
D304900,D602080,0.055205
D304900,D602522,0.23709
D304900,D603165,0.023202
D304900,D604278,0.19682
D304900,D604416,0.10176
D304900,D604827,0.13583
D304900,D605021,0.17938
D304900,D605055,0.23345
D304900,D605839,0.075254
D304900,D606703,0.139
D304900,D606798,0.12156
D304900,D606842,0.059899
D304900,D607225,0.091447
D304900,D607459,0.15846
D304900,D607498,0.11639
D304900,D607499,0.11246
D304900,D607501,0.1196
D304900,D607508,0.12334
D304900,D607516,0.11531
D304900,D607554,0.10084
D304900,D607628,0.16379
D304900,D607631,0.15882
D304900,D607681,0.1818
D304900,D607682,0.18444
D304900,D607685,0.048121
D304900,D608033,0.19265
D304900,D608088,0.06471
D304900,D608105,0.1251
D304900,D608217,0.15446
D304900,D608320,0.05796
D304900,D608583,0.11083
D304900,D608622,0.10107
D305300,D308205,0.031442
D305300,D308350,0.026145
D305300,D310468,0.10311
D305300,D311360,0.089878
D305300,D312910,0.021085
D305300,D540000,0.11443
D305300,D600082,0.043692
D305300,D600131,0.039913
D305300,D600263,0.071733
D305300,D600351,0.14577
D305300,D600496,0.079645
D305300,D600807,0.13928
D305300,D601004,0.047316
D305300,D601042,0.10808
D305300,D601367,0.19181
D305300,D601518,0.039529
D305300,D601608,0.14626
D305300,D601626,0.050374
D305300,D601665,0.046625
D305300,D602080,0.061059
D305300,D602522,0.10028
D305300,D603165,0.016405
D305300,D604278,0.14324
D305300,D604416,0.11577
D305300,D604827,0.028934
D305300,D605021,0.038816
D305300,D605055,0.027714
D305300,D606703,0.11668
D305300,D606798,0.086222
D305300,D606842,0.26467
D305300,D607225,0.12007
D305300,D607459,0.052111
D305300,D607498,0.050949
D305300,D607501,0.052556
D305300,D607508,0.054508
D305300,D607516,0.050812
D305300,D607554,0.20391
D305300,D607628,0.035486
D305300,D607631,0.035129
D305300,D607681,0.039852
D305300,D607682,0.040547
D305300,D607685,0.22035
D305300,D607850,0.16437
D305300,D608033,0.057539
D305300,D608088,0.089913
D305300,D608105,0.11239
D305300,D608217,0.033489
D305300,D608320,0.099056
D305300,D608583,0.22484
D305300,D608622,0.11684
D308205,D308350,0.19756
D308205,D308600,0.10633
D308205,D310468,0.014034
D308205,D311360,0.17049
D308205,D312910,0.23348
D308205,D540000,0.24877
D308205,D600131,0.20528
D308205,D600263,0.095297
D308205,D600496,0.047249
D308205,D600634,0.020076
D308205,D600803,0.054781
D308205,D600807,0.080531
D308205,D601004,0.027345
D308205,D601042,0.18735
D308205,D601367,0.10867
D308205,D601608,0.10798
D308205,D601665,0.13988
D308205,D601682,0.1363
D308205,D602068,0.12062
D308205,D602080,0.17161
D308205,D602522,0.16311
D308205,D603165,0.29373
D308205,D604278,0.2691
D308205,D604416,0.11269
D308205,D604827,0.11639
D308205,D605021,0.22721
D308205,D605055,0.20672
D308205,D605839,0.040061
D308205,D606703,0.13508
D308205,D606798,0.20671
D308205,D606842,0.0774
D308205,D607225,0.14976
D308205,D607459,0.19615
D308205,D607498,0.25327
D308205,D607499,0.072638
D308205,D607501,0.23692
D308205,D607508,0.25786
D308205,D607516,0.2576
D308205,D607554,0.087099
D308205,D607628,0.20341
D308205,D607631,0.18614
D308205,D607681,0.20987
D308205,D607682,0.21097
D308205,D607685,0.14403
D308205,D607850,0.018678
D308205,D608033,0.21422
D308205,D608088,0.15991
D308205,D608105,0.2469
D308205,D608217,0.25718
D308205,D608320,0.025003
D308205,D608583,0.071796
D308205,D608622,0.065472
D308350,D308600,0.040246
D308350,D310468,0.023746
D308350,D311360,0.2415
D308350,D312910,0.23649
D308350,D540000,0.27919
D308350,D600131,0.38516
D308350,D600263,0.046574
D308350,D600351,0.019364
D308350,D600634,0.03397
D308350,D600803,0.062137
D308350,D600807,0.051417
D308350,D601042,0.14279
D308350,D601367,0.2222
D308350,D601608,0.12176
D308350,D601665,0.20803
D308350,D602068,0.076009
D308350,D602080,0.13618
D308350,D602522,0.057682
D308350,D603165,0.016112
D308350,D604278,0.20095
D308350,D604827,0.19773
D308350,D605021,0.37603
D308350,D605055,0.31299
D308350,D606703,0.22814
D308350,D606798,0.23532
D308350,D606842,0.15242
D308350,D607225,0.15758
D308350,D607459,0.23168
D308350,D607498,0.18116
D308350,D607499,0.12438
D308350,D607501,0.15832
D308350,D607508,0.19072
D308350,D607516,0.23147
D308350,D607554,0.14815
D308350,D607628,0.3911
D308350,D607631,0.34891
D308350,D607681,0.39272
D308350,D607682,0.39456
D308350,D607685,0.071889
D308350,D607850,0.030535
D308350,D608033,0.24232
D308350,D608088,0.19912
D308350,D608105,0.2718
D308350,D608217,0.39471
D308350,D608320,0.045929
D308350,D608583,0.12233
D308350,D608622,0.11156
D308600,D310468,0.11152
D308600,D311360,0.082682
D308600,D312910,0.097099
D308600,D540000,0.069338
D308600,D600496,0.078693
D308600,D600634,0.053122
D308600,D601367,0.085307
D308600,D601665,0.14727
D308600,D602068,0.12992
D308600,D602080,0.023313
D308600,D602522,0.060038
D308600,D603165,0.13637
D308600,D604278,0.09024
D308600,D604416,0.14826
D308600,D605839,0.09561
D308600,D607459,0.077943
D308600,D607554,0.057618
D308600,D607685,0.088024
D308600,D608033,0.1132
D308600,D608088,0.034543
D308600,D608217,0.10342
D308600,D608320,0.099222
D310468,D311360,0.097961
D310468,D312910,0.076429
D310468,D540000,0.11438
D310468,D600082,0.079393
D310468,D600263,0.021301
D310468,D600351,0.018011
D310468,D600496,0.14393
D310468,D600631,0.11178
D310468,D600634,0.031342
D310468,D600803,0.028362
D310468,D600807,0.065219
D310468,D600808,0.11128
D310468,D601042,0.016117
D310468,D601367,0.084062
D310468,D601518,0.071797
D310468,D601608,0.021882
D310468,D601665,0.063279
D310468,D602080,0.056752
D310468,D602522,0.33116
D310468,D603165,0.029856
D310468,D604278,0.35224
D310468,D604416,0.10283
D310468,D605839,0.076003
D310468,D606842,0.020023
D310468,D607225,0.017762
D310468,D607459,0.078361
D310468,D607508,0.024999
D310468,D607554,0.033995
D310468,D607685,0.016084
D310468,D607850,0.028225
D310468,D608033,0.065804
D310468,D608088,0.02038
D310468,D608105,0.024966
D310468,D608217,0.030436
D310468,D608320,0.097833
D310468,D608622,0.034494
D311360,D312910,0.34511
D311360,D540000,0.22554
D311360,D600082,0.058904
D311360,D600131,0.10768
D311360,D600263,0.14587
D311360,D600351,0.083345
D311360,D600496,0.26391
D311360,D600634,0.046517
D311360,D600803,0.10788
D311360,D600807,0.154
D311360,D601042,0.14936
D311360,D601367,0.18773
D311360,D601518,0.053274
D311360,D601608,0.081656
D311360,D601626,0.069561
D311360,D601665,0.093804
D311360,D601682,0.15745
D311360,D602080,0.14719
D311360,D602522,0.19863
D311360,D603165,0.15871
D311360,D604278,0.32205
D311360,D604416,0.1075
D311360,D604827,0.058719
D311360,D605021,0.1049
D311360,D605055,0.09436
D311360,D605839,0.037484
D311360,D606703,0.12976
D311360,D606798,0.16598
D311360,D606842,0.074353
D311360,D607225,0.1344
D311360,D607459,0.1621
D311360,D607498,0.085929
D311360,D607501,0.089101
D311360,D607508,0.14773
D311360,D607516,0.10318
D311360,D607554,0.10089
D311360,D607628,0.095793
D311360,D607631,0.094786
D311360,D607681,0.10759
D311360,D607682,0.10944
D311360,D607685,0.12326
D311360,D607850,0.06296
D311360,D608033,0.19013
D311360,D608088,0.16656
D311360,D608105,0.18835
D311360,D608217,0.18332
D311360,D608320,0.10112
D311360,D608583,0.083167
D311360,D608622,0.15773
D312910,D540000,0.33095
D312910,D600131,0.12669
D312910,D600496,0.10403
D312910,D600634,0.054704
D312910,D600807,0.027399
D312910,D601042,0.16873
D312910,D601367,0.14631
D312910,D601608,0.038154
D312910,D601665,0.11028
D312910,D601682,0.18932
D312910,D602080,0.20674
D312910,D602522,0.26189
D312910,D603165,0.12856
D312910,D604278,0.34007
D312910,D604416,0.053704
D312910,D604827,0.069042
D312910,D605021,0.12342
D312910,D605055,0.11591
D312910,D606703,0.1287
D312910,D606798,0.21928
D312910,D606842,0.052728
D312910,D607225,0.24206
D312910,D607459,0.2934
D312910,D607498,0.18275
D312910,D607501,0.18886
D312910,D607508,0.19495
D312910,D607516,0.23416
D312910,D607554,0.11859
D312910,D607628,0.11271
D312910,D607631,0.13996
D312910,D607681,0.12659
D312910,D607682,0.12877
D312910,D607685,0.013949
D312910,D608033,0.17633
D312910,D608088,0.14629
D312910,D608105,0.2236
D312910,D608217,0.18601
D312910,D608320,0.10198
D312910,D608583,0.097788
D312910,D608622,0.089174
D540000,D600131,0.22947
D540000,D600263,0.055289
D540000,D600351,0.090834
D540000,D600496,0.13246
D540000,D600634,0.019483
D540000,D600803,0.089792
D540000,D600807,0.099953
D540000,D601042,0.26157
D540000,D601367,0.22307
D540000,D601608,0.097583
D540000,D601626,0.044974
D540000,D601665,0.13284
D540000,D601682,0.13157
D540000,D602080,0.27607
D540000,D602522,0.23662
D540000,D603165,0.10423
D540000,D604278,0.25794
D540000,D604416,0.071755
D540000,D604827,0.15533
D540000,D605021,0.26002
D540000,D605055,0.27988
D540000,D606703,0.15773
D540000,D606798,0.31511
D540000,D606842,0.25262
D540000,D607225,0.18188
D540000,D607459,0.27351
D540000,D607498,0.37424
D540000,D607499,0.13965
D540000,D607501,0.36368
D540000,D607508,0.39986
D540000,D607516,0.35774
D540000,D607554,0.18535
D540000,D607628,0.19683
D540000,D607631,0.25364
D540000,D607681,0.20335
D540000,D607682,0.20439
D540000,D607685,0.15831
D540000,D607850,0.070185
D540000,D608033,0.28118
D540000,D608088,0.12686
D540000,D608105,0.33386
D540000,D608217,0.18896
D540000,D608320,0.097585
D540000,D608583,0.1811
D540000,D608622,0.23785
D600082,D600496,0.041844
D600082,D600631,0.1007
D600082,D600807,0.028092
D600082,D600808,0.10017
D600082,D601518,0.57246
D600082,D602522,0.063888
D600082,D604278,0.064169
D600082,D604416,0.036997
D600082,D605839,0.045535
D600082,D607459,0.028088
D600131,D601042,0.1364
D600131,D601367,0.16716
D600131,D601608,0.14995
D600131,D601665,0.17509
D600131,D602080,0.092468
D600131,D602522,0.058609
D600131,D604278,0.17837
D600131,D604827,0.40388
D600131,D605021,0.81452
D600131,D605055,0.35863
D600131,D606703,0.29034
D600131,D606798,0.20385
D600131,D606842,0.13371
D600131,D607225,0.1473
D600131,D607459,0.19927
D600131,D607498,0.28254
D600131,D607499,0.12373
D600131,D607501,0.24145
D600131,D607508,0.29713
D600131,D607516,0.27847
D600131,D607554,0.16888
D600131,D607628,0.76938
D600131,D607631,0.81989
D600131,D607681,0.96451
D600131,D607682,0.96524
D600131,D607685,0.080865
D600131,D608033,0.25331
D600131,D608088,0.10128
D600131,D608105,0.38111
D600131,D608217,0.45538
D600131,D608583,0.18561
D600131,D608622,0.16926
D600263,D600351,0.18674
D600263,D600496,0.14424
D600263,D600634,0.12229
D600263,D600803,0.26498
D600263,D600807,0.22471
D600263,D601004,0.041065
D600263,D601042,0.03163
D600263,D601367,0.18711
D600263,D601518,0.069887
D600263,D601608,0.021666
D600263,D601626,0.11102
D600263,D601665,0.15228
D600263,D601682,0.048643
D600263,D602068,0.066264
D600263,D602080,0.1657
D600263,D602522,0.087561
D600263,D603165,0.16603
D600263,D604278,0.12601
D600263,D604416,0.099195
D600263,D605839,0.15435
D600263,D606703,0.068973
D600263,D607225,0.069802
D600263,D607459,0.029467
D600263,D607508,0.073461
D600263,D607516,0.04601
D600263,D607685,0.12759
D600263,D607850,0.089294
D600263,D608033,0.054324
D600263,D608088,0.058971
D600263,D608105,0.025086
D600263,D608622,0.10785
D600351,D600496,0.11725
D600351,D600803,0.11897
D600351,D600807,0.21987
D600351,D601367,0.069709
D600351,D601608,0.053505
D600351,D601626,0.14975
D600351,D601665,0.05233
D600351,D601682,0.039216
D600351,D602080,0.14084
D600351,D602522,0.073027
D600351,D603165,0.076062
D600351,D604278,0.06065
D600351,D605055,0.020532
D600351,D606842,0.016271
D600351,D607498,0.057179
D600351,D607499,0.20144
D600351,D607501,0.052799
D600351,D607508,0.11427
D600351,D607516,0.049917
D600351,D607685,0.14625
D600351,D607850,0.022969
D600351,D608033,0.039515
D600351,D608088,0.050283
D600351,D608320,0.015817
D600351,D608622,0.090569
D600496,D600634,0.033222
D600496,D600803,0.18518
D600496,D600807,0.18656
D600496,D601042,0.035494
D600496,D601367,0.14491
D600496,D601518,0.037858
D600496,D601608,0.046479
D600496,D601626,0.072683
D600496,D601665,0.090499
D600496,D601682,0.091123
D600496,D602080,0.075176
D600496,D602522,0.2664
D600496,D603165,0.12848
D600496,D604278,0.19285
D600496,D604416,0.11382
D600496,D606798,0.054326
D600496,D607225,0.038904
D600496,D607459,0.10055
D600496,D607499,0.052768
D600496,D607508,0.079624
D600496,D607685,0.10279
D600496,D608033,0.034816
D600496,D608088,0.043164
D600496,D608105,0.054476
D600496,D608320,0.19626
D600496,D608622,0.11675
D600631,D600808,0.99992
D600631,D601518,0.091022
D600631,D602522,0.13619
D600631,D604278,0.090451
D600631,D604416,0.10508
D600631,D605839,0.12882
D600634,D600807,0.02342
D600634,D601367,0.097121
D600634,D601518,0.1064
D600634,D601626,0.099577
D600634,D601665,0.2957
D600634,D602080,0.062551
D600634,D602522,0.025332
D600634,D603165,0.064826
D600634,D604278,0.02537
D600634,D604416,0.02944
D600634,D605839,0.15582
D600634,D607459,0.021852
D600634,D607554,0.048632
D600634,D608033,0.023512
D600634,D608088,0.029155
D600634,D608217,0.043541
D600634,D608320,0.055568
D600803,D600807,0.22756
D600803,D601004,0.11011
D600803,D601367,0.13583
D600803,D601626,0.094091
D600803,D601665,0.11548
D600803,D602068,0.088407
D600803,D602080,0.12626
D600803,D602522,0.091744
D600803,D603165,0.078732
D600803,D604278,0.069879
D600803,D607225,0.022736
D600803,D607459,0.019623
D600803,D607508,0.096514
D600803,D607516,0.061384
D600803,D607685,0.14704
D600803,D608033,0.028402
D600803,D608088,0.026178
D600803,D608320,0.025057
D600803,D608622,0.14151
D600807,D601004,0.060995
D600807,D601042,0.061344
D600807,D601367,0.17005
D600807,D601518,0.051798
D600807,D601608,0.10458
D600807,D601626,0.18566
D600807,D601665,0.091075
D600807,D601682,0.058993
D600807,D602068,0.049108
D600807,D602080,0.21158
D600807,D602522,0.15286
D600807,D603165,0.30057
D600807,D604278,0.15464
D600807,D604416,0.046915
D600807,D604827,0.057376
D600807,D605055,0.035841
D600807,D605839,0.022461
D600807,D606703,0.050872
D600807,D606798,0.03503
D600807,D606842,0.086612
D600807,D607225,0.11464
D600807,D607459,0.05603
D600807,D607508,0.053657
D600807,D607516,0.050869
D600807,D607685,0.30422
D600807,D607850,0.060306
D600807,D608033,0.050797
D600807,D608088,0.072556
D600807,D608105,0.054679
D600807,D608320,0.013819
D600807,D608622,0.078696
D600808,D601518,0.09055
D600808,D602522,0.13714
D600808,D604278,0.090043
D600808,D604416,0.1046
D600808,D605839,0.12824
D601004,D601367,0.066139
D601004,D606842,0.039003
D601004,D607225,0.034474
D601004,D607459,0.029754
D601004,D607554,0.066448
D601004,D607685,0.031154
D601004,D608088,0.039694
D601004,D608320,0.11437
D601004,D608583,0.073066
D601042,D601367,0.11361
D601042,D601608,0.34555
D601042,D601665,0.079283
D601042,D601682,0.16004
D601042,D602080,0.16961
D601042,D602522,0.12009
D601042,D603165,0.10995
D601042,D604278,0.19095
D601042,D604416,0.095384
D601042,D604827,0.083548
D601042,D605021,0.13596
D601042,D605055,0.11414
D601042,D606703,0.36374
D601042,D606798,0.42882
D601042,D606842,0.19167
D601042,D607225,0.29204
D601042,D607459,0.46049
D601042,D607498,0.19128
D601042,D607499,0.086304
D601042,D607501,0.22015
D601042,D607508,0.14858
D601042,D607516,0.17524
D601042,D607554,0.049866
D601042,D607628,0.1243
D601042,D607631,0.18292
D601042,D607681,0.13773
D601042,D607682,0.13972
D601042,D607685,0.048705
D601042,D607850,0.10486
D601042,D608033,0.13137
D601042,D608088,0.19732
D601042,D608105,0.37402
D601042,D608217,0.1395
D601042,D608320,0.014669
D601042,D608583,0.054806
D601042,D608622,0.049978
D601367,D601518,0.028287
D601367,D601608,0.2038
D601367,D601626,0.10627
D601367,D601665,0.22885
D601367,D602068,0.052718
D601367,D602080,0.16309
D601367,D602522,0.1098
D601367,D603165,0.10529
D601367,D604278,0.23464
D601367,D604416,0.11351
D601367,D604827,0.1679
D601367,D605021,0.16587
D601367,D605055,0.1577
D601367,D605839,0.043423
D601367,D606703,0.18863
D601367,D606798,0.11395
D601367,D606842,0.12407
D601367,D607225,0.11175
D601367,D607459,0.13286
D601367,D607498,0.16112
D601367,D607499,0.089012
D601367,D607501,0.16635
D601367,D607508,0.23023
D601367,D607516,0.19668
D601367,D607554,0.32481
D601367,D607628,0.15152
D601367,D607631,0.14735
D601367,D607681,0.16844
D601367,D607682,0.17096
D601367,D607685,0.187
D601367,D607850,0.070276
D601367,D608033,0.23752
D601367,D608088,0.12587
D601367,D608105,0.13583
D601367,D608217,0.18948
D601367,D608320,0.29402
D601367,D608583,0.32979
D601367,D608622,0.45959
D601518,D601626,0.075623
D601518,D601665,0.069858
D601518,D602080,0.026117
D601518,D602522,0.057776
D601518,D603165,0.025074
D601518,D604278,0.05803
D601518,D604416,0.033443
D601518,D605839,0.21848
D601518,D607459,0.025412
D601608,D601626,0.06843
D601608,D601665,0.065801
D601608,D602080,0.099635
D601608,D602522,0.053004
D601608,D603165,0.10886
D601608,D604278,0.092367
D601608,D604416,0.08689
D601608,D604827,0.19406
D601608,D605021,0.15041
D601608,D605055,0.10503
D601608,D606703,0.21499
D601608,D606798,0.12579
D601608,D606842,0.14581
D601608,D607225,0.25245
D601608,D607459,0.066548
D601608,D607498,0.097246
D601608,D607499,0.078802
D601608,D607501,0.1006
D601608,D607508,0.10276
D601608,D607516,0.12001
D601608,D607554,0.033832
D601608,D607628,0.13753
D601608,D607631,0.16512
D601608,D607681,0.15185
D601608,D607682,0.15393
D601608,D607685,0.098435
D601608,D607850,0.056932
D601608,D608033,0.11328
D601608,D608088,0.19506
D601608,D608105,0.20606
D601608,D608217,0.12961
D601608,D608320,0.038953
D601608,D608583,0.037184
D601608,D608622,0.033908
D601626,D601665,0.043859
D601626,D602080,0.074824
D601626,D602522,0.037475
D601626,D603165,0.077639
D601626,D604278,0.038079
D601626,D605839,0.085457
D601626,D607508,0.052502
D601626,D607685,0.21846
D601626,D608033,0.024776
D601626,D608088,0.021173
D601626,D608217,0.032513
D601626,D608320,0.020175
D601626,D608622,0.079184
D601665,D602068,0.13645
D601665,D602080,0.12169
D601665,D602522,0.085208
D601665,D603165,0.075302
D601665,D604278,0.13748
D601665,D604416,0.082059
D601665,D604827,0.13204
D601665,D605021,0.17437
D601665,D605055,0.17243
D601665,D605839,0.10622
D601665,D606703,0.13509
D601665,D606798,0.1184
D601665,D606842,0.077581
D601665,D607225,0.068187
D601665,D607459,0.15293
D601665,D607498,0.13563
D601665,D607499,0.19799
D601665,D607501,0.13945
D601665,D607508,0.14396
D601665,D607516,0.18049
D601665,D607554,0.1638
D601665,D607628,0.15922
D601665,D607631,0.15438
D601665,D607681,0.17672
D601665,D607682,0.17929
D601665,D607685,0.12659
D601665,D607850,0.02719
D601665,D608033,0.16294
D601665,D608088,0.058795
D601665,D608105,0.12161
D601665,D608217,0.20872
D601665,D608320,0.18285
D601665,D608583,0.14411
D601665,D608622,0.13176
D601682,D602080,0.078733
D601682,D602522,0.1373
D601682,D603165,0.14367
D601682,D604278,0.31697
D601682,D606798,0.23995
D601682,D606842,0.038236
D601682,D607225,0.13929
D601682,D607459,0.1238
D601682,D607498,0.043731
D601682,D607501,0.045092
D601682,D607508,0.046783
D601682,D607516,0.088121
D601682,D608105,0.24413
D602068,D602080,0.043248
D602068,D603165,0.1258
D602068,D604416,0.13732
D602068,D605839,0.088573
D602068,D607516,0.075089
D602068,D607685,0.10605
D602080,D602522,0.19809
D602080,D603165,0.15494
D602080,D604278,0.14889
D602080,D604416,0.11828
D602080,D604827,0.05379
D602080,D605021,0.092613
D602080,D605055,0.11244
D602080,D605839,0.070078
D602080,D606703,0.11142
D602080,D606798,0.18828
D602080,D606842,0.1906
D602080,D607225,0.18779
D602080,D607459,0.14
D602080,D607498,0.16489
D602080,D607499,0.095827
D602080,D607501,0.17003
D602080,D607508,0.20439
D602080,D607516,0.22453
D602080,D607554,0.042705
D602080,D607628,0.084683
D602080,D607631,0.10188
D602080,D607681,0.093577
D602080,D607682,0.094875
D602080,D607685,0.13537
D602080,D607850,0.22118
D602080,D608033,0.21587
D602080,D608088,0.10298
D602080,D608105,0.17908
D602080,D608217,0.098921
D602080,D608320,0.038575
D602080,D608583,0.023479
D602080,D608622,0.090799
D602522,D603165,0.09722
D602522,D604278,0.32485
D602522,D604416,0.11672
D602522,D604827,0.021241
D602522,D605021,0.057049
D602522,D605055,0.040703
D602522,D605839,0.081677
D602522,D606703,0.083577
D602522,D606798,0.18024
D602522,D606842,0.1332
D602522,D607225,0.1161
D602522,D607459,0.15271
D602522,D607498,0.11298
D602522,D607501,0.11694
D602522,D607508,0.18167
D602522,D607516,0.13143
D602522,D607554,0.027461
D602522,D607628,0.052188
D602522,D607631,0.051591
D602522,D607681,0.058544
D602522,D607682,0.059558
D602522,D607685,0.077923
D602522,D607850,0.045883
D602522,D608033,0.066517
D602522,D608088,0.065918
D602522,D608105,0.1436
D602522,D608217,0.049218
D602522,D608320,0.0473
D602522,D608583,0.030182
D602522,D608622,0.11743
D603165,D604278,0.17975
D603165,D604416,0.13574
D603165,D604827,0.057127
D603165,D605839,0.079456
D603165,D606703,0.023694
D603165,D606798,0.10298
D603165,D606842,0.071902
D603165,D607225,0.085676
D603165,D607459,0.076986
D603165,D607498,0.031422
D603165,D607501,0.032401
D603165,D607508,0.084675
D603165,D607516,0.0475
D603165,D607554,0.023067
D603165,D607685,0.23136
D603165,D607850,0.019152
D603165,D608033,0.098908
D603165,D608088,0.085405
D603165,D608105,0.12333
D603165,D608217,0.041375
D603165,D608320,0.026356
D603165,D608622,0.074871
D604278,D604416,0.10015
D604278,D604827,0.11251
D604278,D605021,0.17712
D604278,D605055,0.12553
D604278,D605839,0.061372
D604278,D606703,0.20131
D604278,D606798,0.22514
D604278,D606842,0.1025
D604278,D607225,0.16228
D604278,D607459,0.22176
D604278,D607498,0.13385
D604278,D607499,0.061742
D604278,D607501,0.13825
D604278,D607508,0.20427
D604278,D607516,0.15244
D604278,D607554,0.11006
D604278,D607628,0.16179
D604278,D607631,0.15724
D604278,D607681,0.17979
D604278,D607682,0.18247
D604278,D607685,0.079787
D604278,D607850,0.075694
D604278,D608033,0.19717
D604278,D608088,0.099249
D604278,D608105,0.27267
D604278,D608217,0.25725
D604278,D608320,0.063129
D604278,D608583,0.090727
D604278,D608622,0.17389
D604416,D605839,0.1012
D604416,D606703,0.067365
D604416,D606798,0.052887
D604416,D606842,0.11063
D604416,D607225,0.051394
D604416,D607459,0.028721
D604416,D607685,0.12654
D604416,D607850,0.27506
D604416,D608033,0.10011
D604416,D608088,0.078467
D604416,D608105,0.047773
D604416,D608320,0.095017
D604827,D605021,0.43613
D604827,D605055,0.21208
D604827,D606703,0.17775
D604827,D606798,0.12441
D604827,D606842,0.077712
D604827,D607225,0.089512
D604827,D607459,0.14428
D604827,D607498,0.19965
D604827,D607499,0.098323
D604827,D607501,0.15159
D604827,D607508,0.20859
D604827,D607516,0.19584
D604827,D607554,0.12279
D604827,D607628,0.27532
D604827,D607631,0.44586
D604827,D607681,0.31948
D604827,D607682,0.31524
D604827,D607685,0.062459
D604827,D608033,0.13982
D604827,D608088,0.049327
D604827,D608105,0.34885
D604827,D608217,0.25866
D604827,D608583,0.13496
D604827,D608622,0.12307
D605021,D605055,0.3903
D605021,D606703,0.28932
D605021,D606798,0.20302
D605021,D606842,0.13391
D605021,D607225,0.14661
D605021,D607459,0.2003
D605021,D607498,0.28318
D605021,D607499,0.12726
D605021,D607501,0.23975
D605021,D607508,0.29756
D605021,D607516,0.27893
D605021,D607554,0.16451
D605021,D607628,0.60018
D605021,D607631,0.61816
D605021,D607681,0.77177
D605021,D607682,0.76654
D605021,D607685,0.081724
D605021,D608033,0.28413
D605021,D608088,0.09885
D605021,D608105,0.42792
D605021,D608217,0.50506
D605021,D608583,0.18081
D605021,D608622,0.16488
D605055,D606703,0.20315
D605055,D606798,0.17064
D605055,D606842,0.18535
D605055,D607225,0.14427
D605055,D607459,0.19044
D605055,D607498,0.19409
D605055,D607499,0.13249
D605055,D607501,0.16992
D605055,D607508,0.20432
D605055,D607516,0.19142
D605055,D607554,0.11915
D605055,D607628,0.34907
D605055,D607631,0.32415
D605055,D607681,0.36623
D605055,D607682,0.36775
D605055,D607685,0.056764
D605055,D607850,0.032377
D605055,D608033,0.28084
D605055,D608088,0.14094
D605055,D608105,0.25493
D605055,D608217,0.30566
D605055,D608583,0.13095
D605055,D608622,0.11942
D605839,D607685,0.041202
D606703,D606798,0.32873
D606703,D606842,0.16034
D606703,D607225,0.22992
D606703,D607459,0.15923
D606703,D607498,0.18764
D606703,D607499,0.12101
D606703,D607501,0.19401
D606703,D607508,0.19881
D606703,D607516,0.18591
D606703,D607554,0.10688
D606703,D607628,0.2645
D606703,D607631,0.31936
D606703,D607681,0.29313
D606703,D607682,0.29738
D606703,D607685,0.078259
D606703,D607850,0.092262
D606703,D608033,0.13511
D606703,D608088,0.12854
D606703,D608105,0.33264
D606703,D608217,0.24935
D606703,D608583,0.11747
D606703,D608622,0.10712
D606798,D606842,0.21415
D606798,D607225,0.20209
D606798,D607459,0.25907
D606798,D607498,0.20969
D606798,D607499,0.1277
D606798,D607501,0.21649
D606798,D607508,0.22264
D606798,D607516,0.23474
D606798,D607554,0.075549
D606798,D607628,0.1856
D606798,D607631,0.21562
D606798,D607681,0.20575
D606798,D607682,0.20875
D606798,D607685,0.094444
D606798,D607850,0.031379
D606798,D608033,0.18515
D606798,D608088,0.11343
D606798,D608105,0.45029
D606798,D608217,0.17497
D606798,D608583,0.083034
D606798,D608622,0.075719
D606842,D607225,0.16946
D606842,D607459,0.1216
D606842,D607498,0.13036
D606842,D607499,0.068579
D606842,D607501,0.16095
D606842,D607508,0.11416
D606842,D607516,0.12851
D606842,D607554,0.1605
D606842,D607628,0.12244
D606842,D607631,0.11796
D606842,D607681,0.13531
D606842,D607682,0.13719
D606842,D607685,0.21504
D606842,D607850,0.16662
D606842,D608033,0.11212
D606842,D608088,0.18723
D606842,D608105,0.2171
D606842,D608217,0.1154
D606842,D608320,0.096081
D606842,D608583,0.1769
D606842,D608622,0.096504
D607225,D607459,0.30138
D607225,D607498,0.11386
D607225,D607499,0.059982
D607225,D607501,0.14364
D607225,D607508,0.12088
D607225,D607516,0.18013
D607225,D607554,0.054947
D607225,D607628,0.13404
D607225,D607631,0.16079
D607225,D607681,0.14864
D607225,D607682,0.15082
D607225,D607685,0.052281
D607225,D607850,0.070434
D607225,D608033,0.15743
D607225,D608088,0.18619
D607225,D608105,0.26858
D607225,D608217,0.12637
D607225,D608320,0.020199
D607225,D608583,0.060392
D607225,D608622,0.055071
D607459,D607498,0.16044
D607459,D607499,0.085766
D607459,D607501,0.17577
D607459,D607508,0.16899
D607459,D607516,0.20077
D607459,D607554,0.094944
D607459,D607628,0.17651
D607459,D607631,0.20161
D607459,D607681,0.20295
D607459,D607682,0.20161
D607459,D607685,0.05135
D607459,D608033,0.23663
D607459,D608088,0.23011
D607459,D608105,0.24971
D607459,D608217,0.20842
D607459,D608320,0.040934
D607459,D608583,0.078301
D607459,D608622,0.071404
D607498,D607499,0.20065
D607498,D607501,0.96381
D607498,D607508,0.91873
D607498,D607516,0.87011
D607498,D607554,0.21587
D607498,D607628,0.25105
D607498,D607631,0.25196
D607498,D607681,0.28715
D607498,D607682,0.2863
D607498,D607685,0.10583
D607498,D607850,0.030214
D607498,D608033,0.17633
D607498,D608088,0.086391
D607498,D608105,0.21774
D607498,D608217,0.23617
D607498,D608320,0.062408
D607498,D608583,0.23727
D607498,D608622,0.21713
D607499,D607501,0.19323
D607499,D607508,0.19445
D607499,D607516,0.18379
D607499,D607628,0.11631
D607499,D607631,0.10938
D607499,D607681,0.12677
D607499,D607682,0.12812
D607499,D607685,0.055216
D607499,D608033,0.17233
D607499,D608088,0.034289
D607499,D608105,0.087566
D607499,D608217,0.10956
D607499,D608320,0.044112
D607501,D607508,0.89048
D607501,D607516,0.84492
D607501,D607554,0.22248
D607501,D607628,0.21901
D607501,D607631,0.21285
D607501,D607681,0.24337
D607501,D607682,0.247
D607501,D607685,0.10845
D607501,D607850,0.031065
D607501,D608033,0.15695
D607501,D608088,0.089721
D607501,D608105,0.19455
D607501,D608217,0.2065
D607501,D608320,0.06429
D607501,D608583,0.24454
D607501,D608622,0.22378
D607508,D607516,0.86657
D607508,D607554,0.23077
D607508,D607628,0.26414
D607508,D607631,0.26484
D607508,D607681,0.30182
D607508,D607682,0.30117
D607508,D607685,0.16588
D607508,D608033,0.17931
D607508,D608088,0.092276
D607508,D608105,0.22962
D607508,D608217,0.24851
D607508,D608320,0.044259
D607508,D608583,0.25365
D607508,D608622,0.35793
D607516,D607554,0.21517
D607516,D607628,0.24751
D607516,D607631,0.32576
D607516,D607681,0.2829
D607516,D607682,0.28222
D607516,D607685,0.10413
D607516,D608033,0.18652
D607516,D608088,0.086085
D607516,D608105,0.24278
D607516,D608217,0.23285
D607516,D608320,0.041257
D607516,D608583,0.2365
D607516,D608622,0.21642
D607554,D607628,0.15012
D607554,D607631,0.14866
D607554,D607681,0.16874
D607554,D607682,0.17165
D607554,D607685,0.15361
D607554,D608033,0.10214
D607554,D608088,0.063246
D607554,D608105,0.11581
D607554,D608217,0.1889
D607554,D608320,0.19441
D607554,D608583,0.90778
D607554,D608622,0.45235
D607628,D607631,0.69652
D607628,D607681,0.78258
D607628,D607682,0.78967
D607628,D607685,0.0747
D607628,D608033,0.25469
D607628,D608088,0.090401
D607628,D608105,0.38354
D607628,D608217,0.45226
D607628,D608583,0.16499
D607628,D608622,0.15046
D607631,D607681,0.76891
D607631,D607682,0.77424
D607631,D607685,0.071385
D607631,D608033,0.25492
D607631,D608088,0.089164
D607631,D608105,0.38315
D607631,D608217,0.413
D607631,D608583,0.16339
D607631,D608622,0.14899
D607681,D607682,0.99938
D607681,D607685,0.082175
D607681,D608033,0.25931
D607681,D608088,0.10129
D607681,D608105,0.39011
D607681,D608217,0.46581
D607681,D608583,0.18546
D607681,D608622,0.16912
D607682,D607685,0.083226
D607682,D608033,0.26092
D607682,D608088,0.10301
D607682,D608105,0.39255
D607682,D608217,0.46826
D607682,D608583,0.18865
D607682,D608622,0.17204
D607685,D607850,0.020545
D607685,D608033,0.1208
D607685,D608088,0.11947
D607685,D608105,0.056666
D607685,D608217,0.0938
D607685,D608320,0.10459
D607685,D608583,0.16923
D607685,D608622,0.18245
D607850,D608033,0.021278
D607850,D608088,0.078759
D607850,D608105,0.065445
D607850,D608320,0.025259
D608033,D608088,0.16137
D608033,D608105,0.1832
D608033,D608217,0.29272
D608033,D608320,0.058476
D608033,D608583,0.084225
D608033,D608622,0.076806
D608088,D608105,0.093899
D608088,D608217,0.14194
D608088,D608320,0.054234
D608088,D608583,0.034757
D608088,D608622,0.031694
D608105,D608217,0.32716
D608105,D608583,0.12728
D608105,D608622,0.11607
D608217,D608320,0.02697
D608217,D608583,0.15571
D608217,D608622,0.14199
D608320,D608583,0.1811
D608320,D608622,0.27223
D608583,D608622,0.49842
