target_id,disease_id
P29475,D102300
P00797,D102300
P04818,D102300
P21917,D102300
P00325,D102300
P48169,D102300
P02787,D102300
P35462,D102300
P30519,D102300
P07101,D102300
Q01959,D102300
P01375,D102300
P09601,D102300
P14416,D102300
P11473,D102300
P02741,D102300
P37840,D102300
P43004,D102300
P98164,D102300
P01189,D102300
P01009,D102300
Q04760,D102300
P01042,D102300
P01584,D102300
P30793,D102300
Q96EN8,D102300
P27338,D102300
P21397,D102300
P27708,D102300
P50135,D102300
P01024,D102300
P28476,D102300
A8MPY1,D102300
Q86SZ2,D102300
P02786,D102300
P46939,D102300
Q16552,D102300
P49281,D102300
Q16595,D102300
Q92570,D102300
P32004,D102300
Q5S007,D102300
Q13163,D102300
P15428,D102400
P01375,D102400
P15428,D102500
P01375,D102500
P11766,D103780
P21728,D103780
P29401,D103780
P24530,D103780
P00734,D103780
P14780,D103780
P21554,D103780
Q07869,D103780
P28702,D103780
Q8IWU9,D103780
P34972,D103780
P21673,D103780
P07741,D103780
Q05940,D103780
P17752,D103780
P03372,D103780
P24046,D103780
P80365,D103780
P10275,D103780
P05091,D103780
P09172,D103780
Q99720,D103780
P48637,D103780
Q9UI33,D103780
P09619,D103780
P00747,D103780
P16442,D103780
P37231,D103780
Q9UBS5,D103780
P16083,D103780
P12821,D103780
P07327,D103780
P08912,D103780
P30531,D103780
P14679,D103780
P80404,D103780
P29474,D103780
Q08828,D103780
P00797,D103780
P08913,D103780
P08908,D103780
P46098,D103780
P39086,D103780
Q9NR19,D103780
Q9UM73,D103780
P08319,D103780
P00740,D103780
Q05586,D103780
Q06203,D103780
Q99259,D103780
P47869,D103780
P25103,D103780
P21917,D103780
P00325,D103780
P32238,D103780
Q13224,D103780
P41143,D103780
Q13936,D103780
P17516,D103780
P28223,D103780
Q14957,D103780
P00326,D103780
P31644,D103780
P28566,D103780
P30837,D103780
P23975,D103780
Q07343,D103780
P02787,D103780
P40394,D103780
P28335,D103780
P18405,D103780
P04406,D103780
P00352,D103780
P08172,D103780
P14778,D103780
P35462,D103780
P31213,D103780
P42330,D103780
Q05329,D103780
P07101,D103780
Q9Y233,D103780
P41145,D103780
P08253,D103780
Q01959,D103780
P00390,D103780
P34969,D103780
P10276,D103780
P24298,D103780
P04278,D103780
P10827,D103780
P17735,D103780
P11498,D103780
P49589,D103780
P01375,D103780
P30536,D103780
P12081,D103780
P31645,D103780
P01178,D103780
P14416,D103780
Q12879,D103780
Q16445,D103780
P00533,D103780
P35372,D103780
P47901,D103780
P04150,D103780
P14867,D103780
P28222,D103780
P09488,D103780
P30711,D103780
Q13255,D103780
Q13003,D103780
Q14831,D103780
O00222,D103780
P06241,D103780
P30559,D103780
Q93088,D103780
P43681,D103780
P43220,D103780
Q16568,D103780
Q14289,D103780
P02741,D103780
P37840,D103780
P43004,D103780
P19440,D103780
Q00535,D103780
P05231,D103780
P01189,D103780
Q6W5P4,D103780
P01133,D103780
P27986,D103780
P16220,D103780
P10145,D103780
P52788,D103780
P17405,D103780
Q14416,D103780
P29460,D103780
P01137,D103780
Q03181,D103780
P09038,D103780
P06850,D103780
P48051,D103780
P98160,D103780
P04275,D103780
P01584,D103780
P01019,D103780
P49841,D103780
Q06124,D103780
P01112,D103780
P19838,D103780
P01138,D103780
P06881,D103780
P43003,D103780
P02649,D103780
P27815,D103780
P29218,D103780
P32239,D103780
O60760,D103780
P02751,D103780
P41594,D103780
P13569,D103780
P25942,D103780
Q99808,D103780
P04040,D103780
P48736,D103780
P17900,D103780
Q13426,D103780
P62508,D103780
P21964,D103780
P11511,D103780
P42898,D103780
O00519,D103780
P27338,D103780
P21397,D103780
P00813,D103780
P15104,D103780
Q13427,D103780
Q14832,D103780
P18505,D103780
P28472,D103780
P47870,D103780
P20815,D103780
Q92769,D103780
Q9UBN7,D103780
P29371,D103780
P41146,D103780
P42336,D103780
O00329,D103780
P42338,D103780
P07949,D103780
P49146,D103780
P50135,D103780
O00206,D103780
P25929,D103780
Q15761,D103780
P22301,D103780
P39905,D103780
Q9NQX3,D103780
Q9BY49,D103780
P15289,D103780
P18509,D103780
P11509,D103780
P04637,D103780
Q92847,D103780
P23560,D103780
P33151,D103780
P15328,D103780
P09429,D103780
P40763,D103780
P01303,D103780
P05181,D103780
P20813,D103780
O14649,D103780
P30926,D103780
P32297,D103780
P30532,D103780
Q05901,D103780
P12104,D103780
P18507,D103780
Q8N1C3,D103780
Q99928,D103780
P28476,D103780
Q16620,D103780
O95622,D103780
P61626,D103780
P45983,D103780
Q16566,D103780
Q9UQM7,D103780
P01889,D103780
P14550,D103780
P07108,D103780
P30084,D103780
O14964,D103780
P01106,D103780
P01583,D103780
P18510,D103780
P01903,D103780
O95264,D103780
Q9UGI6,D103780
Q9ULB1,D103780
Q9C0B1,D103780
Q16555,D103780
Q8TAB3,D103780
Q16552,D103780
O43613,D103780
P34998,D103780
P80303,D103780
P63244,D103780
P42858,D103780
Q9NYV7,D103780
P21333,D103780
Q8NFD2,D103780
P29322,D103780
Q9Y6R4,D103780
Q9P0L2,D103780
P32245,D103780
P00738,D103780
P06307,D103780
P02452,D104130
P20309,D104130
P14060,D104130
P24752,D104130
P35610,D104130
P10275,D104130
Q9NYK1,D104130
P16442,D104130
P37231,D104130
P12821,D104130
P10415,D104130
P35354,D104130
P29474,D104130
P09455,D104130
P16050,D104130
P04818,D104130
P28845,D104130
P34896,D104130
P11926,D104130
O15528,D104130
P01130,D104130
P04626,D104130
P25101,D104130
P02768,D104130
P18405,D104130
P06401,D104130
P31213,D104130
P07101,D104130
P49585,D104130
P19429,D104130
P01589,D104130
P24298,D104130
P08235,D104130
P04278,D104130
P01375,D104130
P00533,D104130
P11473,D104130
Q01718,D104130
P02741,D104130
Q9UKV0,D104130
P16410,D104130
P05231,D104130
P07858,D104130
P01579,D104130
P01133,D104130
P06730,D104130
P01137,D104130
P35222,D104130
P51580,D104130
P62937,D104130
P06850,D104130
P60568,D104130
P13500,D104130
P01584,D104130
P49841,D104130
Q92887,D104130
P01112,D104130
P05362,D104130
P04156,D104130
P00450,D104130
P42574,D104130
O60760,D104130
Q9NR96,D104130
P61586,D104130
P48449,D104130
P09874,D104130
P14174,D104130
Q96AZ6,D104130
P32119,D104130
P11511,D104130
P42898,D104130
P19021,D104130
P47989,D104130
O95864,D104130
Q9UGM6,D104130
O00305,D104130
Q00653,D104130
P00441,D104130
P27695,D104130
P01911,D104130
P22301,D104130
Q8WTS6,D104130
Q13363,D104130
P01270,D104130
P04637,D104130
P00403,D104130
O15392,D104130
Q9NPF7,D104130
Q8NET8,D104130
P05019,D104130
P10644,D104130
Q9NZQ7,D104130
P10636,D104130
Q15722,D104130
P05112,D104130
P35869,D104130
P23458,D104130
P01920,D104130
P51178,D104130
P46459,D104130
P49913,D104130
P35398,D104130
P01583,D104130
P18510,D104130
Q15125,D104130
Q16552,D104130
P07288,D104130
F7VJQ1,D104130
P02765,D104130
P04003,D104130
P35858,D104130
P15924,D104130
P46940,D104130
Q13153,D104130
Q9H4B4,D104130
Q15139,D104130
Q96BR1,D104130
P32245,D104130
P11532,D104130
P43657,D104130
P41222,D104130
Q9Y487,D104130
P55211,D104130
O15123,D104130
P19113,D104300
Q9UI32,D104300
P00488,D104300
P35228,D104300
P30542,D104300
P00519,D104300
P23219,D104300
P21728,D104300
P35916,D104300
P17948,D104300
Q9UPY5,D104300
P06213,D104300
O60931,D104300
P04049,D104300
P29401,D104300
P20309,D104300
P00734,D104300
P13716,D104300
P14780,D104300
P21554,D104300
P30556,D104300
P34995,D104300
P11836,D104300
P29475,D104300
P24752,D104300
Q07869,D104300
P51843,D104300
P10912,D104300
Q8IWU9,D104300
P12277,D104300
Q13639,D104300
P14618,D104300
P11229,D104300
P34972,D104300
P17707,D104300
P35610,D104300
O76082,D104300
P51606,D104300
Q9H244,D104300
P06746,D104300
P07741,D104300
Q05940,D104300
O95477,D104300
P17752,D104300
P03372,D104300
P10275,D104300
P05091,D104300
P22888,D104300
P49419,D104300
P09172,D104300
P35498,D104300
Q99720,D104300
Q9H3S4,D104300
Q02218,D104300
P15692,D104300
P20132,D104300
P49916,D104300
Q9UJ68,D104300
P08588,D104300
O76074,D104300
P56937,D104300
P45381,D104300
Q8WTV0,D104300
P14061,D104300
O15374,D104300
P18858,D104300
Q13564,D104300
P09619,D104300
Q09428,D104300
P00747,D104300
P56556,D104300
P16442,D104300
P37231,D104300
Q9UBS5,D104300
P16083,D104300
P12821,D104300
P23381,D104300
P06858,D104300
P05121,D104300
P10415,D104300
P09917,D104300
P30531,D104300
P00491,D104300
P14679,D104300
Q9Y478,D104300
O76054,D104300
P35354,D104300
P29474,D104300
P08473,D104300
P00797,D104300
P14207,D104300
P01008,D104300
P05089,D104300
P08913,D104300
P08908,D104300
P30518,D104300
Q13258,D104300
P31153,D104300
Q16795,D104300
P00480,D104300
P16050,D104300
P02753,D104300
Q99714,D104300
P00918,D104300
P35520,D104300
P49286,D104300
P28845,D104300
P00374,D104300
P00395,D104300
P02766,D104300
P25098,D104300
P05093,D104300
P20648,D104300
Q9NR19,D104300
Q96I99,D104300
P63098,D104300
P00740,D104300
Q05586,D104300
P43116,D104300
P35968,D104300
Q99259,D104300
P04070,D104300
P47869,D104300
P23945,D104300
Q9GZT4,D104300
P21917,D104300
P60880,D104300
P08246,D104300
P02794,D104300
P00325,D104300
P32238,D104300
P11926,D104300
P50416,D104300
Q00266,D104300
P51659,D104300
P13196,D104300
P19793,D104300
Q13224,D104300
P0DP23,D104300
P55017,D104300
P41143,D104300
P04083,D104300
P04181,D104300
P00338,D104300
P22303,D104300
P31749,D104300
Q13936,D104300
P30988,D104300
P17516,D104300
O60669,D104300
P29466,D104300
Q96RQ3,D104300
Q96A70,D104300
O15427,D104300
Q9UIC8,D104300
P28223,D104300
P37023,D104300
P30939,D104300
O95665,D104300
O60706,D104300
Q16718,D104300
Q16739,D104300
O43497,D104300
P23975,D104300
P16473,D104300
P41252,D104300
Q9Y5K3,D104300
P01130,D104300
P35348,D104300
P03886,D104300
P41180,D104300
P02787,D104300
P04626,D104300
O94788,D104300
P48039,D104300
P20701,D104300
P28329,D104300
P04424,D104300
P25101,D104300
P02768,D104300
P28335,D104300
O60391,D104300
P04406,D104300
P03905,D104300
Q12791,D104300
P00352,D104300
P06401,D104300
P08172,D104300
P14778,D104300
Q9NWM0,D104300
Q04609,D104300
P18089,D104300
P04035,D104300
Q14534,D104300
O43772,D104300
P35462,D104300
P30519,D104300
P40925,D104300
P12235,D104300
Q05329,D104300
Q9Y617,D104300
P07101,D104300
P49585,D104300
P11586,D104300
P52895,D104300
P18031,D104300
Q13085,D104300
Q9Y233,D104300
P41145,D104300
Q8TDS4,D104300
P42261,D104300
Q8TCU5,D104300
P08253,D104300
Q01959,D104300
P00390,D104300
P34969,D104300
P14784,D104300
P19235,D104300
P03891,D104300
P19429,D104300
P47712,D104300
P17181,D104300
P24298,D104300
P08235,D104300
P53985,D104300
P51787,D104300
P20138,D104300
O95169,D104300
Q13131,D104300
Q16515,D104300
P04278,D104300
P10827,D104300
O14842,D104300
P05230,D104300
P17735,D104300
P14902,D104300
P07550,D104300
P62942,D104300
P11498,D104300
O95342,D104300
P01375,D104300
Q13946,D104300
P12314,D104300
Q03405,D104300
O14556,D104300
Q99707,D104300
P09601,D104300
P30536,D104300
P09622,D104300
Q15822,D104300
P12081,D104300
P53004,D104300
P31645,D104300
P01178,D104300
Q9UI09,D104300
P14416,D104300
P78540,D104300
Q12879,D104300
Q9UBK8,D104300
O94760,D104300
P00533,D104300
Q9P2J5,D104300
P35372,D104300
P14324,D104300
P22033,D104300
P11473,D104300
P40926,D104300
P33527,D104300
Q92731,D104300
Q99062,D104300
P04150,D104300
P28222,D104300
Q9UHC9,D104300
P09488,D104300
Q9Y2Q3,D104300
P21266,D104300
P09211,D104300
P78417,D104300
P07203,D104300
P30711,D104300
O43708,D104300
Q13255,D104300
O94925,D104300
Q16099,D104300
P42262,D104300
P48058,D104300
P42263,D104300
O43451,D104300
P06241,D104300
P07947,D104300
P06239,D104300
P42081,D104300
P33681,D104300
P43681,D104300
P17787,D104300
P07333,D104300
P27487,D104300
P01031,D104300
P43220,D104300
P08069,D104300
O60895,D104300
P11086,D104300
Q16568,D104300
Q02750,D104300
Q14289,D104300
P05771,D104300
P02741,D104300
P37840,D104300
P29972,D104300
Q9UKV0,D104300
P22102,D104300
P43004,D104300
Q06520,D104300
P19440,D104300
Q00535,D104300
P26358,D104300
P00749,D104300
O95237,D104300
O75015,D104300
P20810,D104300
P35558,D104300
P01023,D104300
P51681,D104300
P05451,D104300
Q99519,D104300
P08581,D104300
P62993,D104300
P05231,D104300
P61073,D104300
P03956,D104300
P10997,D104300
P02652,D104300
P28482,D104300
P29274,D104300
P02763,D104300
P01574,D104300
P25116,D104300
P08174,D104300
P27169,D104300
O75891,D104300
P02778,D104300
P00156,D104300
P07858,D104300
P07339,D104300
P98164,D104300
P07225,D104300
P01579,D104300
P50406,D104300
P01189,D104300
P20333,D104300
P34913,D104300
P01009,D104300
P01133,D104300
P27986,D104300
O75469,D104300
P06730,D104300
P16220,D104300
P49327,D104300
P10145,D104300
Q04760,D104300
P45452,D104300
Q9Y5N1,D104300
P17936,D104300
P17405,D104300
Q14416,D104300
P13501,D104300
P35568,D104300
P04062,D104300
P29074,D104300
P29460,D104300
Q9BYF1,D104300
P01137,D104300
P35222,D104300
P32418,D104300
P56817,D104300
Q99497,D104300
Q7L0J3,D104300
P02788,D104300
Q16853,D104300
P31930,D104300
P29965,D104300
Q03181,D104300
P99999,D104300
P08311,D104300
P62937,D104300
P09038,D104300
Q13464,D104300
P01042,D104300
Q16539,D104300
P03951,D104300
Q8NER1,D104300
P06850,D104300
P24385,D104300
P60568,D104300
P98160,D104300
P08183,D104300
P21980,D104300
P04629,D104300
P05412,D104300
P04275,D104300
P15502,D104300
P13500,D104300
P01584,D104300
P43005,D104300
P11166,D104300
Q13231,D104300
P01019,D104300
P27361,D104300
O60858,D104300
P49841,D104300
Q9UNQ0,D104300
Q92887,D104300
Q06124,D104300
P16581,D104300
P05164,D104300
O60733,D104300
P15144,D104300
Q15111,D104300
P06493,D104300
P80188,D104300
P05362,D104300
P19838,D104300
P00750,D104300
P11413,D104300
P23297,D104300
Q9UM07,D104300
P01138,D104300
P17302,D104300
P21589,D104300
P53779,D104300
P11021,D104300
P48651,D104300
P11137,D104300
P15309,D104300
P06881,D104300
P04156,D104300
P19367,D104300
P63000,D104300
P16070,D104300
P19320,D104300
P43003,D104300
P08254,D104300
Q16873,D104300
P02649,D104300
P07900,D104300
P14210,D104300
O75762,D104300
P16870,D104300
Q08345,D104300
P08697,D104300
P01100,D104300
P17252,D104300
P27815,D104300
P36969,D104300
P19438,D104300
P00450,D104300
P02774,D104300
P48061,D104300
P29218,D104300
O14920,D104300
P05106,D104300
P98170,D104300
P42574,D104300
O60603,D104300
O60760,D104300
P45844,D104300
P78559,D104300
Q9NR96,D104300
P31751,D104300
P63104,D104300
P14410,D104300
P04271,D104300
P13726,D104300
P30086,D104300
P02751,D104300
P22894,D104300
P14735,D104300
P15559,D104300
Q08257,D104300
O15439,D104300
P28161,D104300
P61586,D104300
P41594,D104300
P13569,D104300
P25942,D104300
P08842,D104300
P06744,D104300
P08100,D104300
P22455,D104300
Q99808,D104300
P80511,D104300
P04040,D104300
P05113,D104300
P68400,D104300
P02743,D104300
P31939,D104300
Q10588,D104300
Q9P2W7,D104300
O75874,D104300
P68363,D104300
Q06187,D104300
Q08499,D104300
Q9NP99,D104300
P43403,D104300
P48736,D104300
P43405,D104300
P17931,D104300
P68371,D104300
P49137,D104300
P36959,D104300
P68366,D104300
P30405,D104300
P08631,D104300
P50579,D104300
P35030,D104300
Q92876,D104300
P55055,D104300
P06132,D104300
P14555,D104300
P25774,D104300
Q9Y286,D104300
Q9Y5Y6,D104300
P00751,D104300
P30305,D104300
P09874,D104300
P53355,D104300
Q9HAN9,D104300
P49759,D104300
Q16775,D104300
P55210,D104300
P00746,D104300
P52732,D104300
P14174,D104300
P37173,D104300
Q05315,D104300
P08238,D104300
P51161,D104300
P32119,D104300
Q16881,D104300
O00408,D104300
P21964,D104300
P11511,D104300
P00736,D104300
P02745,D104300
P08637,D104300
P12318,D104300
P11047,D104300
P25391,D104300
P27797,D104300
Q07954,D104300
P13727,D104300
P32927,D104300
P34741,D104300
P06400,D104300
P29120,D104300
Q16270,D104300
P02461,D104300
P11362,D104300
P22607,D104300
P07711,D104300
P23763,D104300
P63027,D104300
Q01362,D104300
P35237,D104300
P09486,D104300
P48147,D104300
Q6ZQY3,D104300
P42898,D104300
O14939,D104300
P06276,D104300
Q13393,D104300
O00519,D104300
P27338,D104300
P21397,D104300
Q9HBH1,D104300
P50750,D104300
P00813,D104300
P11802,D104300
P21452,D104300
P27708,D104300
Q7L266,D104300
P15104,D104300
Q07075,D104300
Q9H4Y5,D104300
Q9NY59,D104300
Q6IB77,D104300
Q9UGM6,D104300
Q9ULC6,D104300
Q9Y2J8,D104300
P67775,D104300
P23284,D104300
P45877,D104300
Q13427,D104300
Q96I59,D104300
P36544,D104300
Q14832,D104300
P49721,D104300
P10635,D104300
P16435,D104300
Q13547,D104300
Q92769,D104300
O15379,D104300
Q9UBN7,D104300
Q16665,D104300
P43115,D104300
P41146,D104300
P42336,D104300
P20292,D104300
O00459,D104300
Q92569,D104300
P42345,D104300
Q00653,D104300
P00441,D104300
P41231,D104300
P08865,D104300
O14672,D104300
O00329,D104300
P42338,D104300
O60674,D104300
Q13093,D104300
P07949,D104300
P43490,D104300
P27695,D104300
P01911,D104300
Q05655,D104300
P24394,D104300
P05177,D104300
P50135,D104300
P35225,D104300
P03952,D104300
O00206,D104300
P32320,D104300
Q01726,D104300
O14746,D104300
P05155,D104300
Q5T4S7,D104300
Q96EB6,D104300
P07237,D104300
P21796,D104300
P10147,D104300
Q15185,D104300
P04141,D104300
P22301,D104300
P39905,D104300
P42768,D104300
Q8WTS6,D104300
Q13363,D104300
P08684,D104300
Q9NQX3,D104300
P23141,D104300
P11712,D104300
P08887,D104300
P51687,D104300
P80075,D104300
P06703,D104300
Q6UWP2,D104300
P15531,D104300
Q16698,D104300
O76083,D104300
P49763,D104300
P15289,D104300
Q9Y691,D104300
P18509,D104300
P15086,D104300
P22392,D104300
P07998,D104300
Q03721,D104300
Q16769,D104300
P78368,D104300
P30291,D104300
P07384,D104300
Q13285,D104300
Q9NXA8,D104300
P35625,D104300
Q86VB7,D104300
P48357,D104300
P04637,D104300
O96017,D104300
O14757,D104300
Q92847,D104300
P05305,D104300
P00403,D104300
P41597,D104300
Q9NNW7,D104300
P51671,D104300
P05067,D104300
P23560,D104300
P15328,D104300
Q96BI3,D104300
Q9NZ42,D104300
Q13443,D104300
Q9NPF7,D104300
P43235,D104300
P05019,D104300
P55786,D104300
Q92843,D104300
P10644,D104300
P50052,D104300
P09429,D104300
Q02156,D104300
P04792,D104300
O14793,D104300
Q15116,D104300
Q9NZQ7,D104300
Q99527,D104300
Q9H6X2,D104300
P02647,D104300
P01024,D104300
Q14790,D104300
P40763,D104300
Q14956,D104300
P10636,D104300
P01303,D104300
O43174,D104300
P04439,D104300
P40933,D104300
P01308,D104300
P01127,D104300
P15391,D104300
P53420,D104300
P15941,D104300
P15169,D104300
Q07820,D104300
P49674,D104300
P30411,D104300
Q00613,D104300
Q96QU6,D104300
P11597,D104300
O14788,D104300
Q9NR97,D104300
P05112,D104300
P56524,D104300
P30874,D104300
P32745,D104300
P33261,D104300
P05108,D104300
P22309,D104300
P20813,D104300
P25024,D104300
P52209,D104300
P05556,D104300
P06756,D104300
P32297,D104300
Q99928,D104300
Q16620,D104300
Q9NRF9,D104300
P11717,D104300
Q12908,D104300
Q8TCC7,D104300
P19652,D104300
P09237,D104300
P50281,D104300
Q9Y5R2,D104300
P35869,D104300
P11474,D104300
Q8NEB9,D104300
Q08462,D104300
Q13526,D104300
P48552,D104300
P53350,D104300
P30153,D104300
P61626,D104300
P78536,D104300
P17612,D104300
P13051,D104300
P45984,D104300
Q99933,D104300
P11142,D104300
Q13133,D104300
P36897,D104300
Q9UQF2,D104300
P45983,D104300
P42892,D104300
P62136,D104300
P21281,D104300
Q15078,D104300
P61313,D104300
O75460,D104300
P25705,D104300
P06576,D104300
P60174,D104300
Q14994,D104300
Q15118,D104300
P28072,D104300
P09466,D104300
Q9Y6M4,D104300
Q494W8,D104300
P00414,D104300
P20674,D104300
P10176,D104300
P14854,D104300
P04054,D104300
Q13627,D104300
P41235,D104300
P98155,D104300
Q16566,D104300
Q9UQM7,D104300
P01889,D104300
P0CG48,D104300
O00141,D104300
P14920,D104300
P29597,D104300
P08758,D104300
P49862,D104300
P06396,D104300
Q14494,D104300
P23528,D104300
O75116,D104300
P06731,D104300
Q08209,D104300
P15151,D104300
P61160,D104300
P13639,D104300
P05187,D104300
P07948,D104300
P78362,D104300
Q8IU85,D104300
O00182,D104300
P09848,D104300
Q9NWZ3,D104300
P14550,D104300
Q92793,D104300
O14792,D104300
O43612,D104300
Q15796,D104300
P04179,D104300
O75390,D104300
P01920,D104300
P08670,D104300
P20472,D104300
P22694,D104300
P07108,D104300
Q8IWL2,D104300
P11226,D104300
P51149,D104300
P04053,D104300
P17600,D104300
P63096,D104300
P20645,D104300
Q99798,D104300
P10600,D104300
Q14643,D104300
P78352,D104300
P48735,D104300
P68104,D104300
P62837,D104300
P20339,D104300
P50897,D104300
P49913,D104300
P35398,D104300
Q9NTG7,D104300
P29323,D104300
P09104,D104300
P62166,D104300
P62491,D104300
P62826,D104300
P0CG47,D104300
O14874,D104300
P55072,D104300
Q92993,D104300
O60493,D104300
P55789,D104300
P78330,D104300
Q01082,D104300
Q13838,D104300
P13611,D104300
P60953,D104300
Q9BVM4,D104300
Q96QT4,D104300
O14964,D104300
Q9UL54,D104300
Q9Y6B6,D104300
P41091,D104300
Q9Y646,D104300
P30041,D104300
P31327,D104300
P00748,D104300
P54219,D104300
P0C0L4,D104300
P0C0L5,D104300
P01106,D104300
Q9UQQ2,D104300
Q14721,D104300
P01583,D104300
P18510,D104300
P28065,D104300
P42685,D104300
P11274,D104300
P36507,D104300
P31639,D104300
Q14145,D104300
Q15303,D104300
Q7RTT9,D104300
P48065,D104300
P02795,D104300
P01903,D104300
P13762,D104300
Q30154,D104300
Q9HAB3,D104300
P02786,D104300
Q13315,D104300
O00264,D104300
P04839,D104300
P14598,D104300
P15153,D104300
Q9H2S1,D104300
P54646,D104300
Q14571,D104300
Q14573,D104300
Q9NP56,D104300
O95263,D104300
P15336,D104300
P18848,D104300
P18850,D104300
Q07021,D104300
Q6UX15,D104300
P98066,D104300
P10599,D104300
P60709,D104300
P63261,D104300
P05090,D104300
Q15493,D104300
Q9ULB1,D104300
Q92736,D104300
P28907,D104300
P17676,D104300
P60484,D104300
P49908,D104300
Q04206,D104300
P09936,D104300
P25713,D104300
Q8TDU6,D104300
Q99571,D104300
Q9C0B1,D104300
Q16555,D104300
P06733,D104300
P29590,D104300
O14618,D104300
Q14978,D104300
O60502,D104300
P46939,D104300
Q06830,D104300
Q16552,D104300
O43614,D104300
Q8NBP7,D104300
P34998,D104300
P49281,D104300
Q99828,D104300
P13693,D104300
P28676,D104300
P0DP24,D104300
P0DP25,D104300
P22676,D104300
Q86UW7,D104300
P02655,D104300
P02656,D104300
P29372,D104300
P05109,D104300
P10809,D104300
P22626,D104300
P23246,D104300
P63244,D104300
P31948,D104300
P60842,D104300
P04155,D104300
P07288,D104300
Q96RI0,D104300
F7VJQ1,D104300
Q16595,D104300
P06702,D104300
O15350,D104300
P42858,D104300
Q92570,D104300
P32004,D104300
P12644,D104300
Q99623,D104300
P53805,D104300
P38936,D104300
Q14457,D104300
P54652,D104300
P61978,D104300
P34932,D104300
Q92598,D104300
P60903,D104300
P09493,D104300
P54578,D104300
P12004,D104300
P02765,D104300
P04003,D104300
P02748,D104300
P08603,D104300
P05156,D104300
P10909,D104300
P45973,D104300
P35858,D104300
P36955,D104300
P05160,D104300
Q14624,D104300
P02533,D104300
P01011,D104300
P51693,D104300
Q06481,D104300
Q92945,D104300
P48047,D104300
P21333,D104300
Q5SSJ5,D104300
P06748,D104300
P62753,D104300
Q07955,D104300
Q02083,D104300
Q9HBA0,D104300
P35579,D104300
P31391,D104300
P22897,D104300
Q9UHD2,D104300
Q13470,D104300
Q06418,D104300
Q2M2I8,D104300
Q8NFD2,D104300
Q96RR4,D104300
O14578,D104300
P49760,D104300
Q9UIK4,D104300
P19525,D104300
Q9P2K8,D104300
P21709,D104300
P54764,D104300
P29322,D104300
P07332,D104300
P49840,D104300
P14616,D104300
P51617,D104300
Q5S007,D104300
P46734,D104300
Q02779,D104300
Q12852,D104300
Q13164,D104300
Q8IW41,D104300
Q9P0L2,D104300
Q7KZI7,D104300
P27448,D104300
Q96L34,D104300
Q13153,D104300
O75914,D104300
Q9NYY3,D104300
Q13546,D104300
P08922,D104300
Q96BR1,D104300
O75716,D104300
P01350,D104300
Q15910,D104300
Q8IXJ6,D104300
P35232,D104300
P11532,D104300
Q86YN6,D104300
P51575,D104300
Q9UBL9,D104300
P56373,D104300
Q93086,D104300
O15547,D104300
Q99572,D104300
P47900,D104300
P51582,D104300
Q9Y6H6,D104300
Q9UQ05,D104300
Q96L42,D104300
P41222,D104300
P04114,D104300
P00738,D104300
P06307,D104300
P52824,D104300
Q13574,D104300
Q13488,D104300
P61421,D104300
O15342,D104300
P36543,D104300
Q9UI12,D104300
P49662,D104300
P20702,D104300
P23634,D104300
P55211,D104300
P16278,D104300
P0CG30,D104300
Q9UBC3,D104300
Q9NRA0,D104300
O15123,D104300
P21802,D106400
P12259,D107320
P00734,D107320
O95477,D107320
P00747,D107320
P37231,D107320
P00742,D107320
P05121,D107320
P29474,D107320
P01008,D107320
P16473,D107320
P02671,D107320
P11498,D107320
P01375,D107320
P02741,D107320
P27169,D107320
P02778,D107320
P07225,D107320
P01579,D107320
P20333,D107320
O75469,D107320
P10145,D107320
P10646,D107320
P05120,D107320
P07359,D107320
P04275,D107320
P13500,D107320
P01584,D107320
P00750,D107320
P02776,D107320
P48061,D107320
P07204,D107320
P16109,D107320
Q9UNN8,D107320
P07355,D107320
P13726,D107320
P06744,D107320
P12318,D107320
P27797,D107320
P42898,D107320
P42345,D107320
P01911,D107320
O00206,D107320
P02749,D107320
Q16698,D107320
P05305,D107320
Q96IY4,D107320
P05019,D107320
P09429,D107320
P40238,D107320
P61769,D107320
P08758,D107320
O00182,D107320
P09848,D107320
P08670,D107320
P11226,D107320
P15813,D107320
Q9UQQ2,D107320
P07288,D107320
P60903,D107320
P23975,D107550
P07202,D107550
P02768,D107550
Q9Y2Q3,D107550
P02741,D107550
P01189,D107550
O60760,D107550
Q13509,D107550
P04141,D107550
Q9BUF5,D107550
P06396,D107550
P54762,D107550
Q9BQB4,D107550
P35228,D107650
P30542,D107650
P23219,D107650
P06213,D107650
P24530,D107650
P14780,D107650
P30556,D107650
P29475,D107650
P10912,D107650
P42357,D107650
O95477,D107650
P03372,D107650
P10275,D107650
P15692,D107650
P20132,D107650
Q09428,D107650
P21695,D107650
P37231,D107650
Q9UBS5,D107650
P12821,D107650
P06858,D107650
P05121,D107650
P09917,D107650
Q9Y478,D107650
P35354,D107650
P29474,D107650
P00797,D107650
P00918,D107650
P00395,D107650
Q9NR19,D107650
Q99259,D107650
P25103,D107650
P60880,D107650
P0DP23,D107650
P08514,D107650
P28223,D107650
P23975,D107650
P07202,D107650
P25101,D107650
P02768,D107650
O43772,D107650
P07101,D107650
P08253,D107650
P48048,D107650
P19429,D107650
P01589,D107650
P24298,D107650
P08235,D107650
Q13131,D107650
P04278,D107650
P01375,D107650
P02818,D107650
P09601,D107650
P31645,D107650
P00533,D107650
P35372,D107650
P11473,D107650
P04150,D107650
P12931,D107650
P11086,D107650
P02741,D107650
P51681,D107650
P08581,D107650
P05231,D107650
P03956,D107650
P28482,D107650
P25116,D107650
P27169,D107650
P01579,D107650
P01133,D107650
P10145,D107650
P35568,D107650
P01137,D107650
P35222,D107650
P21462,D107650
P20594,D107650
P29965,D107650
P13945,D107650
Q13464,D107650
Q16539,D107650
P98160,D107650
P08183,D107650
P21980,D107650
P04629,D107650
P04275,D107650
P15502,D107650
P13500,D107650
P01584,D107650
P30793,D107650
Q13231,D107650
P01019,D107650
P16581,D107650
P80188,D107650
P05362,D107650
P01138,D107650
P17302,D107650
P21589,D107650
P15309,D107650
P19320,D107650
P02649,D107650
P02776,D107650
P02774,D107650
P98170,D107650
Q9UNN8,D107650
O60603,D107650
P02751,D107650
P02743,D107650
Q9P2W7,D107650
P10153,D107650
P48736,D107650
P17931,D107650
P04745,D107650
P04075,D107650
P14174,D107650
Q96AZ6,D107650
P32119,D107650
P21964,D107650
P02461,D107650
P42898,D107650
P27708,D107650
P10635,D107650
Q16665,D107650
P43115,D107650
P42336,D107650
P42345,D107650
P00441,D107650
O00329,D107650
P42338,D107650
Q13093,D107650
P01911,D107650
P17342,D107650
O00206,D107650
Q96EB6,D107650
P04141,D107650
P22301,D107650
P39905,D107650
P02749,D107650
Q16698,D107650
P49763,D107650
P15289,D107650
P18509,D107650
P01270,D107650
P48357,D107650
Q02763,D107650
Q92847,D107650
P05305,D107650
P00403,D107650
P23560,D107650
Q5NUL3,D107650
Q96IY4,D107650
O15392,D107650
P05019,D107650
P09429,D107650
Q15116,D107650
Q9NZQ7,D107650
P01024,D107650
P40763,D107650
P01303,D107650
P15391,D107650
Q07820,D107650
Q96QU6,D107650
O14788,D107650
P05112,D107650
O14649,D107650
P09237,D107650
Q96RD7,D107650
P11474,D107650
P01889,D107650
P08758,D107650
P06396,D107650
O75116,D107650
P06731,D107650
P12883,D107650
O43612,D107650
P01920,D107650
P51003,D107650
P78330,D107650
P31639,D107650
P02786,D107650
Q13315,D107650
P13498,D107650
Q16558,D107650
P54646,D107650
P10599,D107650
P36956,D107650
Q04206,D107650
Q9C0B1,D107650
P08493,D107650
P30626,D107650
Q99653,D107650
P80303,D107650
P0DP24,D107650
P0DP25,D107650
P05109,D107650
P07288,D107650
Q9NZD4,D107650
Q15238,D107650
Q99623,D107650
P34932,D107650
Q13219,D107650
P10909,D107650
P35858,D107650
P81605,D107650
P54762,D107650
P63252,D107650
P32245,D107650
Q86YN6,D107650
P41222,D107650
P04114,D107650
P00738,D107650
O15123,D107650
P35228,D109100
P00519,D109100
P00451,D109100
P02452,D109100
Q9UBM7,D109100
P04049,D109100
P12259,D109100
P14780,D109100
P21554,D109100
P30556,D109100
P10515,D109100
P11836,D109100
P29475,D109100
Q07869,D109100
P51843,D109100
P00492,D109100
P31358,D109100
P14618,D109100
P34972,D109100
P35610,D109100
O76082,D109100
P13688,D109100
P25021,D109100
P03372,D109100
P08700,D109100
P10275,D109100
P05091,D109100
Q9H3N8,D109100
P36888,D109100
Q9NYK1,D109100
O43175,D109100
P15692,D109100
P08588,D109100
P20273,D109100
Q15046,D109100
P00747,D109100
P16442,D109100
P37231,D109100
P12821,D109100
P54577,D109100
P55157,D109100
Q15758,D109100
P06858,D109100
P05121,D109100
P10415,D109100
P00491,D109100
P14679,D109100
Q9Y478,D109100
P10745,D109100
O76054,D109100
P35354,D109100
P29474,D109100
P00915,D109100
P00797,D109100
P14207,D109100
P07766,D109100
P05089,D109100
P49915,D109100
P00374,D109100
P02766,D109100
P16471,D109100
P20648,D109100
O00555,D109100
P00740,D109100
Q05586,D109100
P43116,D109100
P35968,D109100
P48029,D109100
Q99259,D109100
P04070,D109100
Q02127,D109100
P08246,D109100
P04083,D109100
P22303,D109100
P31749,D109100
P30988,D109100
P35367,D109100
O15528,D109100
P29466,D109100
P23975,D109100
P16473,D109100
P35348,D109100
P07202,D109100
P41180,D109100
P04626,D109100
P20701,D109100
P25101,D109100
P02768,D109100
P04406,D109100
P14778,D109100
P18089,D109100
P04035,D109100
P13612,D109100
Q05329,D109100
Q9UKU7,D109100
O43776,D109100
P07101,D109100
P18031,D109100
Q9Y233,D109100
P15056,D109100
Q8TCU5,D109100
P14784,D109100
P01589,D109100
P17181,D109100
P24298,D109100
P08235,D109100
Q13131,D109100
P04278,D109100
P14902,D109100
P07550,D109100
P62942,D109100
Q9NS40,D109100
P01375,D109100
P12314,D109100
P06729,D109100
P09601,D109100
P30536,D109100
P12081,D109100
Q9H015,D109100
Q12879,D109100
P00533,D109100
P11473,D109100
P33527,D109100
Q92731,D109100
Q99062,D109100
P04150,D109100
P09488,D109100
Q9Y2Q3,D109100
P78417,D109100
P07203,D109100
P30711,D109100
P42263,D109100
P42081,D109100
P33681,D109100
P43681,D109100
P16234,D109100
P27487,D109100
P01031,D109100
Q7Z4W1,D109100
Q02750,D109100
P05771,D109100
P02741,D109100
P37840,D109100
Q9UKV0,D109100
P16410,D109100
P51692,D109100
P26358,D109100
O75015,D109100
P30044,D109100
P12724,D109100
P35270,D109100
P51681,D109100
P05451,D109100
Q99519,D109100
P05231,D109100
P61073,D109100
P03956,D109100
P10997,D109100
P28482,D109100
P01574,D109100
P25116,D109100
P08174,D109100
P02778,D109100
P07858,D109100
P98164,D109100
P07225,D109100
P01579,D109100
P01189,D109100
P20333,D109100
P01009,D109100
P01133,D109100
P24158,D109100
P27986,D109100
O75469,D109100
P06730,D109100
P16220,D109100
P10145,D109100
Q9Y5N1,D109100
P17936,D109100
P11387,D109100
P13501,D109100
P29460,D109100
P01137,D109100
P35222,D109100
P51580,D109100
O14965,D109100
Q9Y275,D109100
Q00987,D109100
Q9Y6L6,D109100
P29965,D109100
Q03181,D109100
P08311,D109100
P01042,D109100
Q16539,D109100
P60568,D109100
P98160,D109100
P08183,D109100
P21980,D109100
P04629,D109100
P05412,D109100
P15502,D109100
P13500,D109100
P01584,D109100
P30793,D109100
P35557,D109100
P11166,D109100
P01019,D109100
P27361,D109100
O60858,D109100
Q9UNQ0,D109100
Q06124,D109100
P16581,D109100
P05164,D109100
O60733,D109100
P15144,D109100
P06493,D109100
P05362,D109100
P19838,D109100
P01374,D109100
P23297,D109100
Q9UM07,D109100
P01138,D109100
P21589,D109100
P15309,D109100
P06881,D109100
P19367,D109100
P63000,D109100
P16070,D109100
P19320,D109100
P02649,D109100
P07900,D109100
P14210,D109100
Q08345,D109100
P01100,D109100
P02776,D109100
P17252,D109100
P27815,D109100
P19438,D109100
P02774,D109100
P48061,D109100
O14920,D109100
P16109,D109100
P42574,D109100
O60603,D109100
P14625,D109100
O60760,D109100
Q9NR96,D109100
P31751,D109100
P63104,D109100
P04271,D109100
P13726,D109100
P13569,D109100
P25942,D109100
P06744,D109100
P80511,D109100
P04040,D109100
P05113,D109100
P02743,D109100
Q96C86,D109100
Q13370,D109100
P11309,D109100
Q06187,D109100
Q9NP99,D109100
P43403,D109100
P48736,D109100
P43405,D109100
Q08881,D109100
P17931,D109100
P41240,D109100
Q04759,D109100
P09871,D109100
P25774,D109100
Q9Y5Y6,D109100
P23526,D109100
P00751,D109100
P09874,D109100
P07477,D109100
P14174,D109100
P37173,D109100
O60911,D109100
Q96AZ6,D109100
P11511,D109100
P02745,D109100
P08637,D109100
P12318,D109100
P31994,D109100
P68133,D109100
P31785,D109100
P07942,D109100
P27797,D109100
Q07954,D109100
P01906,D109100
P09486,D109100
P48147,D109100
P42898,D109100
Q13393,D109100
P50750,D109100
Q96KS0,D109100
P00813,D109100
Q9GZT9,D109100
P49336,D109100
P15104,D109100
Q07973,D109100
Q9BXA5,D109100
Q9Y2J8,D109100
Q14832,D109100
P20815,D109100
P10635,D109100
Q13547,D109100
O15379,D109100
Q9UBN7,D109100
P29371,D109100
Q16665,D109100
P42336,D109100
P78527,D109100
P42345,D109100
Q00653,D109100
P00441,D109100
Q9Y6K9,D109100
P08865,D109100
O14672,D109100
O00329,D109100
P42338,D109100
O60674,D109100
P43490,D109100
P01911,D109100
Q05655,D109100
P24394,D109100
P17342,D109100
P35225,D109100
O00206,D109100
O14746,D109100
P05155,D109100
Q96EB6,D109100
P51686,D109100
P07237,D109100
P04141,D109100
P22301,D109100
P26196,D109100
P42768,D109100
Q92831,D109100
P02749,D109100
P08887,D109100
P51687,D109100
P15531,D109100
Q16698,D109100
P49763,D109100
Q9HB21,D109100
Q9Y689,D109100
Q86VB7,D109100
P04637,D109100
P00403,D109100
P41597,D109100
P23560,D109100
P15328,D109100
Q9NPF7,D109100
P05019,D109100
P10644,D109100
P09429,D109100
Q13233,D109100
Q15116,D109100
Q9NZQ7,D109100
Q99527,D109100
P02647,D109100
P01024,D109100
P09693,D109100
P20963,D109100
Q14790,D109100
Q9Y6Q6,D109100
P40763,D109100
Q07011,D109100
P25963,D109100
P28908,D109100
P04439,D109100
P40933,D109100
P01730,D109100
P01308,D109100
P52333,D109100
P17813,D109100
P15391,D109100
P15941,D109100
P25092,D109100
Q16706,D109100
Q12884,D109100
Q07820,D109100
O14788,D109100
Q9NR97,D109100
P05112,D109100
P35408,D109100
Q8WUI4,D109100
P05181,D109100
P33261,D109100
P20813,D109100
P35218,D109100
P23280,D109100
Q9H239,D109100
P35869,D109100
Q13526,D109100
P61626,D109100
P78536,D109100
Q9UNI1,D109100
P11142,D109100
P61769,D109100
P24666,D109100
P62829,D109100
O75460,D109100
P60174,D109100
Q14994,D109100
P60900,D109100
P09466,D109100
P10176,D109100
P04054,D109100
P41235,D109100
Q16566,D109100
Q9HCD5,D109100
P01116,D109100
P01889,D109100
P16112,D109100
O00141,D109100
P23458,D109100
P29597,D109100
P08758,D109100
P06396,D109100
P60981,D109100
O75116,D109100
P06731,D109100
P15151,D109100
Q12866,D109100
Q96GR2,D109100
O94768,D109100
O00182,D109100
Q9NWZ3,D109100
P14550,D109100
Q92793,D109100
O43612,D109100
Q9BY32,D109100
P04179,D109100
P13929,D109100
P29508,D109100
P01920,D109100
P08670,D109100
P11226,D109100
P09382,D109100
P20645,D109100
P15813,D109100
P10600,D109100
P20823,D109100
P19883,D109100
P49913,D109100
P35398,D109100
P29323,D109100
P09104,D109100
Q92993,D109100
P55789,D109100
Q92830,D109100
P00973,D109100
Q9BZZ2,D109100
Q15382,D109100
Q99873,D109100
Q13838,D109100
O00187,D109100
Q9Y646,D109100
P0C0L4,D109100
P0C0L5,D109100
Q9UQQ2,D109100
P22001,D109100
P01583,D109100
P18510,D109100
P28065,D109100
P40306,D109100
P28062,D109100
P11274,D109100
P36507,D109100
P01903,D109100
P79483,D109100
P13762,D109100
Q30154,D109100
Q9HAB3,D109100
P08686,D109100
O95644,D109100
P04839,D109100
P14598,D109100
P19878,D109100
Q15080,D109100
P15153,D109100
P54646,D109100
Q14573,D109100
O95263,D109100
Q07021,D109100
P10599,D109100
P60709,D109100
O95718,D109100
P28907,D109100
Q96G91,D109100
P60484,D109100
Q9HC97,D109100
P06733,D109100
P29590,D109100
O75880,D109100
Q16552,D109100
P21453,D109100
Q96DB2,D109100
O14958,D109100
P31415,D109100
P28676,D109100
P05109,D109100
P10809,D109100
Q06323,D109100
P07288,D109100
Q96RI0,D109100
P06702,D109100
Q92570,D109100
Q8TCT9,D109100
Q9UJU2,D109100
P39748,D109100
P00846,D109100
P54652,D109100
P34932,D109100
P61604,D109100
P60903,D109100
Q969G3,D109100
P06753,D109100
P04003,D109100
P08603,D109100
P05156,D109100
P10909,D109100
P35858,D109100
P04264,D109100
P13645,D109100
P20851,D109100
P02533,D109100
Q92945,D109100
Q9ULY5,D109100
P48047,D109100
Q14103,D109100
P39019,D109100
Q07955,D109100
P35579,D109100
P17844,D109100
P31391,D109100
Q9HC29,D109100
P22897,D109100
Q92911,D109100
Q13188,D109100
Q15208,D109100
Q7L7X3,D109100
Q9UHD2,D109100
Q9BXA7,D109100
Q06418,D109100
P30530,D109100
P51451,D109100
P19525,D109100
P54764,D109100
P54762,D109100
P51617,D109100
Q5S007,D109100
Q92918,D109100
Q8IVH8,D109100
Q9P0L2,D109100
Q7KZI7,D109100
Q8N4C8,D109100
Q13177,D109100
Q16513,D109100
Q13546,D109100
O43353,D109100
Q15910,D109100
P51679,D109100
Q99572,D109100
Q9Y6K1,D109100
P02790,D109100
P00738,D109100
P21860,D109100
Q05209,D109100
P29350,D109100
P20702,D109100
Q9NRA0,D109100
P11836,D109200
Q07869,D109200
P10912,D109200
P10275,D109200
P15692,D109200
P00480,D109200
P21549,D109200
P17516,D109200
O15528,D109200
P18405,D109200
P31213,D109200
P18031,D109200
P04278,D109200
P01375,D109200
P11473,D109200
P27487,D109200
P02741,D109200
Q9UKV0,D109200
P01137,D109200
P35222,D109200
P09038,D109200
P06850,D109200
P08183,D109200
P01584,D109200
P01019,D109200
Q92887,D109200
P04156,D109200
P98170,D109200
P42574,D109200
O60760,D109200
P61586,D109200
P09874,D109200
P32119,D109200
P42898,D109200
O00206,D109200
P04637,D109200
P23560,D109200
P05019,D109200
P10644,D109200
P10636,D109200
P36897,D109200
P10176,D109200
Q16552,D109200
P07288,D109200
F7VJQ1,D109200
P04003,D109200
P13647,D109200
P41222,D109200
P23219,D109350
P17948,D109350
P04049,D109350
P15692,D109350
P12821,D109350
P80404,D109350
P35354,D109350
P00915,D109350
P04818,D109350
P00395,D109350
P20648,D109350
P28223,D109350
Q07343,D109350
P51172,D109350
P07550,D109350
P01375,D109350
Q16445,D109350
P00533,D109350
Q9Y2Q3,D109350
O00222,D109350
P08069,D109350
Q02750,D109350
P05231,D109350
P03956,D109350
P01133,D109350
O75469,D109350
Q12882,D109350
P10145,D109350
Q00987,D109350
Q8NER1,D109350
P24385,D109350
P05412,D109350
P01584,D109350
Q06124,D109350
P01138,D109350
P21589,D109350
P08254,D109350
P01100,D109350
P19438,D109350
P16455,D109350
P41594,D109350
P39900,D109350
P10153,D109350
P42126,D109350
P27797,D109350
P02461,D109350
P09486,D109350
P42336,D109350
Q02880,D109350
O00206,D109350
P05155,D109350
P08729,D109350
P07237,D109350
Q9NWT6,D109350
P08684,D109350
P01270,D109350
P04637,D109350
P00403,D109350
Q9NPF7,D109350
P04792,D109350
Q12884,D109350
P33261,D109350
P01116,D109350
Q03403,D109350
P0CG29,D109350
Q96I15,D109350
P01583,D109350
P18510,D109350
P36507,D109350
P31025,D109350
P05109,D109350
P56537,D109350
P04155,D109350
P34932,D109350
Q9HBA0,D109350
Q9NRH2,D109350
P01350,D109350
Q99572,D109350
P04114,D109350
P06307,D109350
P19113,D109543
P35228,D109543
P00519,D109543
P35916,D109543
P17948,D109543
P06213,D109543
O43246,D109543
P14780,D109543
P21554,D109543
P11836,D109543
P29475,D109543
Q07869,D109543
P31358,D109543
Q9NS75,D109543
P51606,D109543
P21673,D109543
P06746,D109543
P07741,D109543
P03372,D109543
P08700,D109543
P49419,D109543
P09172,D109543
P36888,D109543
Q9NYK1,D109543
P15692,D109543
P00367,D109543
P20273,D109543
Q09428,D109543
P16442,D109543
P37231,D109543
P12821,D109543
P06858,D109543
P10415,D109543
P00491,D109543
P35354,D109543
P29474,D109543
P08473,D109543
O14727,D109543
P02753,D109543
P00740,D109543
P35968,D109543
P11926,D109543
Q14626,D109543
P31749,D109543
P17516,D109543
O95665,D109543
P38484,D109543
Q07343,D109543
P35348,D109543
P41180,D109543
P02787,D109543
P04626,D109543
P20701,D109543
P25101,D109543
O14561,D109543
P18089,D109543
P13612,D109543
P49585,D109543
P15509,D109543
P15056,D109543
P08253,D109543
Q01959,D109543
P00390,D109543
P14784,D109543
P01589,D109543
P10276,D109543
P24298,D109543
P53985,D109543
P00966,D109543
P20138,D109543
P07550,D109543
Q8NFJ5,D109543
P01375,D109543
Q9Y271,D109543
Q13946,D109543
P12314,D109543
P15260,D109543
P06729,D109543
P49448,D109543
P00533,D109543
P35372,D109543
P11473,D109543
P33527,D109543
Q92731,D109543
P04150,D109543
P09488,D109543
Q9Y2Q3,D109543
P09211,D109543
P30711,D109543
P12931,D109543
P06239,D109543
P42081,D109543
P33681,D109543
P07333,D109543
P27487,D109543
P08069,D109543
Q02750,D109543
Q14289,D109543
P05771,D109543
P17812,D109543
P02741,D109543
P29972,D109543
Q9UKV0,D109543
P16410,D109543
P51692,D109543
P26358,D109543
O75015,D109543
P08581,D109543
P62993,D109543
P05231,D109543
P61073,D109543
P28482,D109543
P25116,D109543
P08174,D109543
P27169,D109543
P02778,D109543
P01579,D109543
P20333,D109543
P49888,D109543
P01133,D109543
P27986,D109543
P06730,D109543
P49327,D109543
P10145,D109543
P29074,D109543
Q9BYF1,D109543
P01137,D109543
P35222,D109543
O14965,D109543
Q9Y275,D109543
Q00987,D109543
P29965,D109543
Q03181,D109543
P08311,D109543
P27824,D109543
P09038,D109543
Q16539,D109543
P24385,D109543
P60568,D109543
P98160,D109543
P08183,D109543
P26951,D109543
P23946,D109543
P04629,D109543
P05412,D109543
P04275,D109543
P13500,D109543
P01584,D109543
P11166,D109543
P27361,D109543
O60858,D109543
Q4U2R8,D109543
Q9UNQ0,D109543
Q06124,D109543
P24941,D109543
P05164,D109543
P01112,D109543
P15144,D109543
P06493,D109543
P05362,D109543
P19838,D109543
P01374,D109543
P00750,D109543
P11413,D109543
P01138,D109543
P17302,D109543
P21589,D109543
P11021,D109543
P15309,D109543
P06881,D109543
P19367,D109543
P63000,D109543
P16070,D109543
P19320,D109543
P02649,D109543
P07900,D109543
P14210,D109543
P01100,D109543
P17252,D109543
P27815,D109543
P48061,D109543
O14920,D109543
P98170,D109543
P42574,D109543
O60603,D109543
P14625,D109543
O60760,D109543
Q9NR96,D109543
P14410,D109543
P02751,D109543
P15559,D109543
P28161,D109543
P25942,D109543
P05113,D109543
Q13370,D109543
Q10588,D109543
Q9P2W7,D109543
O75874,D109543
P04183,D109543
P11309,D109543
Q06187,D109543
Q08499,D109543
P43403,D109543
P48736,D109543
P43405,D109543
P17931,D109543
P68371,D109543
Q9Y286,D109543
P09874,D109543
P53355,D109543
Q96RI1,D109543
P14174,D109543
P22749,D109543
Q96AZ6,D109543
P08637,D109543
P12318,D109543
P31994,D109543
P31785,D109543
P27797,D109543
P05154,D109543
P01906,D109543
P06400,D109543
P22607,D109543
P35237,D109543
P48147,D109543
P42898,D109543
P06276,D109543
P50750,D109543
P00813,D109543
P11802,D109543
P49336,D109543
Q7L266,D109543
P21912,D109543
Q14832,D109543
Q13547,D109543
Q92769,D109543
O15379,D109543
Q9UBN7,D109543
Q2M3G0,D109543
Q16665,D109543
P42336,D109543
O00459,D109543
P42345,D109543
Q00653,D109543
O00329,D109543
P42338,D109543
O60674,D109543
P07949,D109543
Q06609,D109543
P01911,D109543
P24394,D109543
P35225,D109543
P03952,D109543
O00206,D109543
O14746,D109543
Q96EB6,D109543
P21796,D109543
P10147,D109543
P04141,D109543
P22301,D109543
P39905,D109543
P08684,D109543
P11712,D109543
P27707,D109543
P08887,D109543
Q05397,D109543
Q01064,D109543
Q16769,D109543
P30291,D109543
Q86VB7,D109543
P21926,D109543
P04637,D109543
O96017,D109543
O14757,D109543
P05305,D109543
P00403,D109543
P41597,D109543
P51671,D109543
P23560,D109543
O15392,D109543
Q9NPF7,D109543
P05019,D109543
Q92843,D109543
Q92934,D109543
P10644,D109543
P04792,D109543
O14763,D109543
Q15116,D109543
P40238,D109543
Q9NZQ7,D109543
P09693,D109543
P20963,D109543
Q14790,D109543
Q9Y6Q6,D109543
P40763,D109543
Q07011,D109543
P06734,D109543
P04439,D109543
P40933,D109543
P52333,D109543
P17813,D109543
P15391,D109543
Q12884,D109543
Q07817,D109543
Q07820,D109543
Q00613,D109543
O14788,D109543
P05112,D109543
Q8WUI4,D109543
P30874,D109543
P22309,D109543
P04798,D109543
P20813,D109543
P25024,D109543
P05556,D109543
O14649,D109543
P24462,D109543
Q8TCC7,D109543
P63092,D109543
P48552,D109543
P53350,D109543
Q13362,D109543
Q99933,D109543
P61769,D109543
P36897,D109543
P24666,D109543
P45983,D109543
P33981,D109543
Q8IVS2,D109543
P62913,D109543
O75460,D109543
Q14994,D109543
Q9UKQ2,D109543
P28072,D109543
P09466,D109543
P20674,D109543
P10176,D109543
P41235,D109543
P01116,D109543
O00141,D109543
P23458,D109543
P08758,D109543
Q96GR2,D109543
P07948,D109543
O00182,D109543
Q9NWZ3,D109543
Q15796,D109543
P04179,D109543
P01920,D109543
P08670,D109543
P11226,D109543
P09382,D109543
P15813,D109543
Q9NPH2,D109543
Q14643,D109543
P48735,D109543
P49411,D109543
Q9NTG7,D109543
P29323,D109543
Q13838,D109543
Q92637,D109543
P01106,D109543
O75330,D109543
Q14542,D109543
P01583,D109543
P18510,D109543
P11274,D109543
P13762,D109543
P02786,D109543
Q9UP52,D109543
Q13315,D109543
O95644,D109543
P15153,D109543
Q14573,D109543
Q9NP56,D109543
P15336,D109543
Q9Y2D1,D109543
P18850,D109543
P60709,D109543
P62736,D109543
P28907,D109543
P17676,D109543
P60484,D109543
Q04206,D109543
P06733,D109543
P29590,D109543
O75340,D109543
P04279,D109543
P46939,D109543
Q16552,D109543
Q8NBP7,D109543
P21453,D109543
Q969S8,D109543
Q99828,D109543
P05109,D109543
P10809,D109543
P14866,D109543
Q96RI0,D109543
P06702,D109543
O15350,D109543
Q92570,D109543
Q99623,D109543
Q9UJU2,D109543
P38936,D109543
Q14457,D109543
P34932,D109543
P12004,D109543
P08603,D109543
P15924,D109543
Q6FHJ7,D109543
Q92945,D109543
P46940,D109543
P06748,D109543
P27635,D109543
P39019,D109543
Q16518,D109543
P31391,D109543
Q9HC29,D109543
P22897,D109543
O75533,D109543
P51451,D109543
Q9NSY1,D109543
Q9UIK4,D109543
P19525,D109543
P29320,D109543
O15197,D109543
O95835,D109543
Q16584,D109543
Q14680,D109543
O00750,D109543
Q9NYY3,D109543
Q15139,D109543
Q13546,D109543
P08922,D109543
P01350,D109543
Q15910,D109543
P40259,D109543
O14980,D109543
Q8IXJ6,D109543
P35232,D109543
P11532,D109543
Q99572,D109543
Q92800,D109543
Q9Y6K1,D109543
P02790,D109543
P29350,D109543
P20702,D109543
P23634,D109543
P55211,D109543
P16278,D109543
Q9UBC3,D109543
Q02223,D109543
O15123,D109543
Q9UI32,D109800
P35228,D109800
Q13423,D109800
P23219,D109800
P17948,D109800
Q9UPY5,D109800
P06213,D109800
P24530,D109800
P20309,D109800
P14060,D109800
P14780,D109800
P26439,D109800
P30556,D109800
P29475,D109800
P07195,D109800
Q07869,D109800
Q02809,D109800
P14618,D109800
Q12809,D109800
P35610,D109800
P13688,D109800
P51606,D109800
P06746,D109800
P07741,D109800
Q16647,D109800
P17752,D109800
P03372,D109800
Q04828,D109800
P10275,D109800
P05091,D109800
P09172,D109800
Q9NYK1,D109800
P15692,D109800
P20132,D109800
P49916,D109800
P18858,D109800
P30968,D109800
P09619,D109800
P10826,D109800
P00747,D109800
P16442,D109800
P37231,D109800
P16083,D109800
P05121,D109800
P10415,D109800
P09917,D109800
P00491,D109800
Q9Y478,D109800
P15291,D109800
P35354,D109800
P29474,D109800
P00797,D109800
Q9Y666,D109800
Q99624,D109800
Q00796,D109800
P09455,D109800
P16050,D109800
O14727,D109800
P35520,D109800
P04818,D109800
P23921,D109800
P08620,D109800
P49286,D109800
P00374,D109800
P34896,D109800
P00395,D109800
Q9NR19,D109800
P19801,D109800
O00555,D109800
P35968,D109800
P48551,D109800
P60880,D109800
P00325,D109800
Q00266,D109800
P19793,D109800
P0DP23,D109800
P55017,D109800
P04083,D109800
P00338,D109800
P22303,D109800
P31749,D109800
P30988,D109800
Q96Q40,D109800
P17516,D109800
P35367,D109800
O15528,D109800
Q96A70,D109800
P30872,D109800
P00326,D109800
P30049,D109800
P23975,D109800
P43155,D109800
P41180,D109800
P04626,D109800
P20701,D109800
P25101,D109800
Q9P0J0,D109800
P02768,D109800
P04406,D109800
P00352,D109800
P06401,D109800
Q04609,D109800
P42330,D109800
Q9Y617,D109800
P49585,D109800
P52895,D109800
P68871,D109800
P15056,D109800
P08253,D109800
P49788,D109800
P17181,D109800
P10276,D109800
P36896,D109800
P24298,D109800
P08235,D109800
P53985,D109800
P00966,D109800
Q13131,D109800
P04278,D109800
P05230,D109800
P14902,D109800
Q8NFJ5,D109800
P01375,D109800
Q14654,D109800
Q03405,D109800
Q99707,D109800
P09601,D109800
P11388,D109800
Q9NUB1,D109800
P21802,D109800
Q9UBK8,D109800
P00533,D109800
P11473,D109800
P40261,D109800
P33527,D109800
P32929,D109800
Q92731,D109800
Q99062,D109800
P04150,D109800
P09488,D109800
Q9Y2Q3,D109800
P21266,D109800
P09211,D109800
P78417,D109800
P07203,D109800
P18283,D109800
P30711,D109800
O43708,D109800
O94925,D109800
Q14833,D109800
P12931,D109800
P06241,D109800
P29317,D109800
P42081,D109800
P33681,D109800
P16234,D109800
P27487,D109800
P08069,D109800
Q02750,D109800
Q14289,D109800
Q9UKV0,D109800
Q06520,D109800
P16410,D109800
P26358,D109800
P00749,D109800
O95237,D109800
P51681,D109800
P08581,D109800
P62993,D109800
P05231,D109800
P61073,D109800
P03956,D109800
P10997,D109800
P28482,D109800
P29274,D109800
P01574,D109800
P50225,D109800
P27169,D109800
P02778,D109800
P00156,D109800
P07339,D109800
P07225,D109800
P01579,D109800
P01009,D109800
P01133,D109800
P24158,D109800
P27986,D109800
O75469,D109800
P06730,D109800
P16220,D109800
P49327,D109800
P10145,D109800
Q04760,D109800
P45452,D109800
P17936,D109800
P11387,D109800
P17405,D109800
P35568,D109800
P01137,D109800
P35222,D109800
O14965,D109800
P21462,D109800
Q00987,D109800
Q9Y6L6,D109800
P29965,D109800
Q03181,D109800
P47929,D109800
P09038,D109800
Q13464,D109800
P01042,D109800
Q16539,D109800
Q8NER1,D109800
P24385,D109800
P60568,D109800
P08183,D109800
P23946,D109800
P04629,D109800
P05412,D109800
O94956,D109800
P13500,D109800
P01584,D109800
P11166,D109800
P01019,D109800
P27361,D109800
O60858,D109800
P49841,D109800
Q9UNQ0,D109800
Q92887,D109800
P24941,D109800
P05164,D109800
P01112,D109800
P15144,D109800
Q15111,D109800
P80188,D109800
P05362,D109800
P19838,D109800
P01374,D109800
P11413,D109800
P23297,D109800
P17302,D109800
P21589,D109800
P11021,D109800
P15309,D109800
P19367,D109800
Q16678,D109800
P16070,D109800
P08254,D109800
P07900,D109800
P14210,D109800
Q08345,D109800
P01100,D109800
P17252,D109800
P22061,D109800
P16455,D109800
P48745,D109800
P48061,D109800
P07204,D109800
O14920,D109800
P05106,D109800
P98170,D109800
P42574,D109800
O60603,D109800
P14625,D109800
O60760,D109800
P07355,D109800
Q9NR96,D109800
P31751,D109800
P63104,D109800
P04271,D109800
P13726,D109800
P02751,D109800
P22894,D109800
P15559,D109800
Q08257,D109800
P28161,D109800
P61586,D109800
P13569,D109800
P25942,D109800
P08842,D109800
P39900,D109800
P22455,D109800
P04040,D109800
P05113,D109800
P31939,D109800
Q08499,D109800
P48736,D109800
P17931,D109800
P49137,D109800
Q9UKM7,D109800
Q13509,D109800
Q9BZX2,D109800
P35030,D109800
Q13426,D109800
P55055,D109800
Q9BY41,D109800
P51512,D109800
P25774,D109800
P49789,D109800
P09874,D109800
P53355,D109800
P36952,D109800
P14174,D109800
P37173,D109800
P24557,D109800
P50613,D109800
P32119,D109800
P21964,D109800
P11511,D109800
P27797,D109800
P06400,D109800
P02461,D109800
P11362,D109800
P22607,D109800
P63027,D109800
P09486,D109800
Q6ZQY3,D109800
P42898,D109800
O00469,D109800
P19971,D109800
Q6NS38,D109800
Q8IVL5,D109800
P50750,D109800
Q00534,D109800
Q96Q83,D109800
P11802,D109800
P21912,D109800
P08263,D109800
Q9H4Y5,D109800
Q9Y2J8,D109800
Q9HBH5,D109800
P62714,D109800
Q13427,D109800
P49721,D109800
P20815,D109800
P10635,D109800
P16435,D109800
Q92769,D109800
Q9UBN7,D109800
Q16665,D109800
P42336,D109800
P78527,D109800
P42345,D109800
Q00653,D109800
P00441,D109800
O14672,D109800
O00329,D109800
P42338,D109800
O60674,D109800
Q06609,D109800
P43490,D109800
P27695,D109800
P24394,D109800
P05177,D109800
Q16206,D109800
P50135,D109800
Q16790,D109800
P35225,D109800
O00206,D109800
P16422,D109800
O14746,D109800
P31350,D109800
P54760,D109800
P48060,D109800
P08729,D109800
Q96EB6,D109800
Q9BUP3,D109800
P04141,D109800
P22301,D109800
P08684,D109800
Q92831,D109800
P31949,D109800
P27707,D109800
P06703,D109800
Q05397,D109800
P15531,D109800
P49763,D109800
P53041,D109800
Q14541,D109800
P12429,D109800
P22392,D109800
O15169,D109800
P11509,D109800
Q13285,D109800
P35625,D109800
Q86VB7,D109800
P48357,D109800
P21926,D109800
Q02763,D109800
P04637,D109800
O96017,D109800
O14757,D109800
P05305,D109800
P00403,D109800
P41597,D109800
P05067,D109800
P23560,D109800
Q96GD4,D109800
O15392,D109800
Q9NPF7,D109800
P05019,D109800
P55786,D109800
P10644,D109800
P50052,D109800
P09429,D109800
P04792,D109800
O14763,D109800
Q15116,D109800
Q9NZQ7,D109800
Q99527,D109800
P02647,D109800
P01563,D109800
Q14790,D109800
P40763,D109800
Q07011,D109800
Q01344,D109800
Q14956,D109800
P27816,D109800
P04439,D109800
P40933,D109800
Q9NPC1,D109800
P15941,D109800
Q07817,D109800
Q07820,D109800
P05112,D109800
P56524,D109800
P32745,D109800
P05181,D109800
P33261,D109800
O60656,D109800
Q06278,D109800
P04798,D109800
P20813,D109800
P05556,D109800
P06756,D109800
Q9UN88,D109800
P11717,D109800
Q9NPD5,D109800
P09238,D109800
P09237,D109800
P24347,D109800
P50281,D109800
O75900,D109800
P35869,D109800
P11474,D109800
Q15788,D109800
Q8NEB9,D109800
P63092,D109800
P20248,D109800
P53350,D109800
P31151,D109800
P45984,D109800
P36897,D109800
O43293,D109800
P45983,D109800
P33981,D109800
P62136,D109800
P63151,D109800
Q8IVS2,D109800
Q14994,D109800
Q15118,D109800
Q16877,D109800
P09466,D109800
P10176,D109800
P01116,D109800
Q00536,D109800
P0CG48,D109800
P07737,D109800
P23458,D109800
P08758,D109800
P06396,D109800
P23528,D109800
O75116,D109800
P06731,D109800
P15151,D109800
P59998,D109800
Q12866,D109800
Q16654,D109800
P19105,D109800
P05187,D109800
P26447,D109800
P14550,D109800
O60218,D109800
Q92793,D109800
Q15648,D109800
Q15796,D109800
P04179,D109800
P08670,D109800
P11172,D109800
P19622,D109800
P09382,D109800
Q9NPH2,D109800
P10600,D109800
O14594,D109800
P20823,D109800
Q14643,D109800
P49913,D109800
P29323,D109800
P09104,D109800
P62491,D109800
P11233,D109800
Q9BZZ2,D109800
Q15382,D109800
P13611,D109800
P60953,D109800
Q96QT4,D109800
P31327,D109800
P01106,D109800
O75330,D109800
Q13882,D109800
P01583,D109800
P18510,D109800
P49765,D109800
P36507,D109800
P31639,D109800
Q14145,D109800
P53667,D109800
Q15303,D109800
P04731,D109800
P02795,D109800
P13762,D109800
P02786,D109800
Q13315,D109800
Q15125,D109800
O95644,D109800
O00264,D109800
Q9UGI6,D109800
P54646,D109800
Q14571,D109800
Q14573,D109800
P15336,D109800
P18847,D109800
P60709,D109800
Q9HBK9,D109800
P62736,D109800
P17676,D109800
P60484,D109800
Q04206,D109800
P25713,D109800
Q9Y5S8,D109800
P06733,D109800
P29590,D109800
O75340,D109800
P31025,D109800
Q9NY56,D109800
P04279,D109800
Q16552,D109800
P21453,D109800
P04732,D109800
P80297,D109800
Q99828,D109800
P30626,D109800
O75838,D109800
P80303,D109800
P0DP24,D109800
P0DP25,D109800
Q96FQ6,D109800
P05109,D109800
P10809,D109800
P22626,D109800
P14866,D109800
P12814,D109800
P31948,D109800
P51858,D109800
P18669,D109800
P07288,D109800
P31260,D109800
P08648,D109800
P06702,D109800
O15350,D109800
P12644,D109800
P38936,D109800
Q14457,D109800
P54652,D109800
P52597,D109800
P61978,D109800
P34932,D109800
P61604,D109800
P12004,D109800
P10909,D109800
P45973,D109800
P00739,D109800
P35527,D109800
P51884,D109800
P36955,D109800
P14923,D109800
P02533,D109800
P08779,D109800
P13647,D109800
Q6FHJ7,D109800
P21333,D109800
Q14103,D109800
P46940,D109800
P06748,D109800
P27635,D109800
P37802,D109800
Q16518,D109800
Q02083,D109800
Q9Y5S1,D109800
Q01995,D109800
P55073,D109800
P22897,D109800
Q9UHD2,D109800
Q9UKI8,D109800
Q06418,D109800
O75385,D109800
P30530,D109800
Q9UIK4,D109800
O15075,D109800
Q9H2X6,D109800
Q9UPZ9,D109800
P53671,D109800
Q8TD08,D109800
Q13164,D109800
Q14680,D109800
Q04912,D109800
Q15746,D109800
O60285,D109800
Q9H093,D109800
Q13153,D109800
Q9P286,D109800
Q9NYY3,D109800
Q15139,D109800
P08922,D109800
Q15910,D109800
Q92482,D109800
Q99814,D109800
O14980,D109800
Q8IXJ6,D109800
P35232,D109800
P51679,D109800
Q96NY8,D109800
P43657,D109800
P47900,D109800
Q9Y6K1,D109800
Q99500,D109800
P00738,D109800
P21860,D109800
P09758,D109800
P06307,D109800
Q05209,D109800
P55211,D109800
P16278,D109800
Q9UBC3,D109800
O15123,D109800
P02768,D110100
P06132,D110100
P42338,D110100
P10275,D113610
Q9Y4W6,D113610
P35498,D113610
P49916,D113610
Q8WTV0,D113610
P18858,D113610
P49588,D113610
P02766,D113610
O00555,D113610
Q9UM73,D113610
Q99259,D113610
P60880,D113610
P51659,D113610
P0DP23,D113610
P22303,D113610
O43497,D113610
P07202,D113610
P04626,D113610
P03905,D113610
Q12791,D113610
P08559,D113610
Q05329,D113610
P49585,D113610
Q01959,D113610
P09622,D113610
P11388,D113610
P19634,D113610
P00439,D113610
P49448,D113610
Q12879,D113610
Q09470,D113610
P54886,D113610
Q13255,D113610
Q16099,D113610
P06241,D113610
P43681,D113610
P05771,D113610
P10253,D113610
P37840,D113610
P26358,D113610
P22557,D113610
P03956,D113610
P28482,D113610
P01579,D113610
P01133,D113610
O95831,D113610
P11387,D113610
Q16539,D113610
P06850,D113610
P24385,D113610
P21980,D113610
P04629,D113610
P11166,D113610
O60733,D113610
P06493,D113610
P04156,D113610
P43003,D113610
P08254,D113610
O75762,D113610
P17252,D113610
P00450,D113610
O14920,D113610
P42574,D113610
P02751,D113610
P41594,D113610
P04040,D113610
P10153,D113610
P48736,D113610
P09874,D113610
Q9UQD0,D113610
P23763,D113610
Q6PI48,D113610
Q9GZR5,D113610
Q9UGM6,D113610
Q5JTZ9,D113610
O00305,D113610
P42336,D113610
P00441,D113610
Q9NY47,D113610
P08865,D113610
O00329,D113610
P42338,D113610
Q06609,D113610
Q96KG9,D113610
Q13363,D113610
P15289,D113610
P07384,D113610
P04637,D113610
O96017,D113610
P00403,D113610
P23560,D113610
Q13885,D113610
P04792,D113610
Q9UK17,D113610
P35219,D113610
P09238,D113610
P10176,D113610
P98155,D113610
Q03426,D113610
P06396,D113610
Q15796,D113610
Q14643,D113610
P78352,D113610
P35398,D113610
P09104,D113610
Q01082,D113610
P16389,D113610
P22460,D113610
P17658,D113610
Q14721,D113610
P48547,D113610
Q96PR1,D113610
Q14003,D113610
Q9HAB3,D113610
Q13315,D113610
Q9H8P0,D113610
P05129,D113610
P78508,D113610
Q9UGI6,D113610
P60709,D113610
P50993,D113610
P13637,D113610
Q9NYL2,D113610
P09936,D113610
P46939,D113610
Q99653,D113610
P28676,D113610
P0DP24,D113610
P0DP25,D113610
P10809,D113610
F7VJQ1,D113610
Q16595,D113610
P04080,D113610
P42858,D113610
P38936,D113610
P00846,D113610
P34932,D113610
P06753,D113610
P54578,D113610
P35858,D113610
Q9NYP7,D113610
Q8NI60,D113610
Q9UIK4,D113610
Q9UPZ9,D113610
Q16512,D113610
P04114,D113610
Q01814,D113610
Q16720,D113610
P16278,D113610
P19113,D114480
Q9UI32,D114480
P35228,D114480
P37059,D114480
Q13423,D114480
P11766,D114480
Q9P0X4,D114480
P30542,D114480
P00519,D114480
P12319,D114480
P00451,D114480
P23219,D114480
P35626,D114480
P21728,D114480
P35916,D114480
P02452,D114480
P17948,D114480
Q9UPY5,D114480
P06213,D114480
P04049,D114480
P29401,D114480
P12259,D114480
P24530,D114480
P30613,D114480
P00734,D114480
P13716,D114480
P14060,D114480
P14780,D114480
P13674,D114480
P21554,D114480
P30556,D114480
P49591,D114480
P10515,D114480
P11836,D114480
P29475,D114480
P07195,D114480
O15496,D114480
Q07869,D114480
Q9HCC0,D114480
P51843,D114480
P10912,D114480
P00492,D114480
P28702,D114480
P12277,D114480
P02792,D114480
P14618,D114480
Q12809,D114480
Q969P6,D114480
Q9Y289,D114480
P34972,D114480
P11177,D114480
Q9NS75,D114480
Q9BYZ2,D114480
P17707,D114480
P35610,D114480
O76082,D114480
P13688,D114480
P51606,D114480
Q9H244,D114480
P21673,D114480
P06746,D114480
P07741,D114480
Q16647,D114480
O95477,D114480
P17752,D114480
P03372,D114480
P08700,D114480
Q04828,D114480
P80365,D114480
P10275,D114480
P05091,D114480
P22888,D114480
P49419,D114480
Q9UHW9,D114480
P13631,D114480
P21918,D114480
Q9H3N8,D114480
P36888,D114480
P07864,D114480
O00180,D114480
Q9NYK1,D114480
Q99720,D114480
Q9H3S4,D114480
P50747,D114480
P00387,D114480
O43175,D114480
Q02218,D114480
P15692,D114480
P48506,D114480
P49916,D114480
Q9UJ68,D114480
P08588,D114480
O15403,D114480
Q02338,D114480
P31040,D114480
P36021,D114480
P23786,D114480
P00367,D114480
Q9NVS9,D114480
O76074,D114480
P20273,D114480
P56937,D114480
P45381,D114480
P37088,D114480
O75489,D114480
P14061,D114480
O15374,D114480
P03897,D114480
Q14524,D114480
P18858,D114480
P30968,D114480
P09619,D114480
P10826,D114480
Q09428,D114480
P21695,D114480
P00747,D114480
P30825,D114480
P16442,D114480
P37231,D114480
P00742,D114480
P98194,D114480
P08243,D114480
P16083,D114480
P12821,D114480
P32322,D114480
P23381,D114480
P54577,D114480
P55157,D114480
Q15758,D114480
P20061,D114480
P06858,D114480
P05121,D114480
P29275,D114480
P10415,D114480
P09917,D114480
P00491,D114480
P14679,D114480
Q9Y478,D114480
O76054,D114480
P15291,D114480
P49902,D114480
P35354,D114480
P29474,D114480
Q04771,D114480
P08473,D114480
P00915,D114480
P13995,D114480
P00797,D114480
P14207,D114480
Q9Y666,D114480
Q96GD0,D114480
O43676,D114480
Q99624,D114480
P08913,D114480
P34897,D114480
P49588,D114480
P09455,D114480
P31153,D114480
O75251,D114480
P16050,D114480
O14727,D114480
P10828,D114480
P00918,D114480
P35520,D114480
P04818,D114480
P23921,D114480
P08620,D114480
P49286,D114480
Q16798,D114480
P28845,D114480
P00374,D114480
P34896,D114480
P08709,D114480
P00395,D114480
P02766,D114480
P25098,D114480
P18825,D114480
P05093,D114480
P16471,D114480
Q9NR19,D114480
P19801,D114480
O95479,D114480
P63098,D114480
Q9UM73,D114480
P00740,D114480
Q05586,D114480
P43116,D114480
P35968,D114480
P54368,D114480
Q14749,D114480
Q06203,D114480
P48029,D114480
P49069,D114480
P04070,D114480
Q02127,D114480
P00505,D114480
P25103,D114480
P23945,D114480
Q9GZT4,D114480
P21917,D114480
Q16719,D114480
P08246,D114480
P02794,D114480
P00325,D114480
P11926,D114480
P50416,D114480
Q00266,D114480
P51659,D114480
P19793,D114480
O15554,D114480
P0DP23,D114480
P55017,D114480
P04083,D114480
Q9UN76,D114480
P00338,D114480
P22303,D114480
P31749,D114480
P30988,D114480
P10398,D114480
P42684,D114480
Q96Q40,D114480
P17516,D114480
P08514,D114480
O60669,D114480
P35367,D114480
O15528,D114480
P29466,D114480
Q96A70,D114480
O15427,D114480
P28223,D114480
P30872,D114480
P10721,D114480
P32754,D114480
P22413,D114480
P37023,D114480
P00326,D114480
P38484,D114480
Q16739,D114480
P30837,D114480
O43497,D114480
P23975,D114480
Q07343,D114480
P16473,D114480
P41252,D114480
Q9Y5K3,D114480
P43155,D114480
P01130,D114480
O43181,D114480
P35348,D114480
P07202,D114480
P41180,D114480
P02787,D114480
P04626,D114480
O94788,D114480
P48039,D114480
P20701,D114480
P54687,D114480
P04424,D114480
P25101,D114480
P34903,D114480
Q9P0J0,D114480
Q12797,D114480
P17174,D114480
P02768,D114480
O60391,D114480
Q7Z2H8,D114480
P02671,D114480
P18405,D114480
P04406,D114480
P03905,D114480
P15428,D114480
Q12791,D114480
P00352,D114480
P16066,D114480
P06401,D114480
P52569,D114480
P14778,D114480
Q04609,D114480
Q16878,D114480
P18089,D114480
P45954,D114480
P04035,D114480
Q14534,D114480
O43772,D114480
P03915,D114480
P35462,D114480
P47895,D114480
P31213,D114480
P13612,D114480
P42330,D114480
Q9Y6M9,D114480
P06126,D114480
P12235,D114480
Q05329,D114480
Q9Y617,D114480
Q9UKU7,D114480
P43088,D114480
P11586,D114480
P52895,D114480
P18031,D114480
P12236,D114480
Q02643,D114480
Q13085,D114480
P68871,D114480
P15056,D114480
Q8TDS4,D114480
P30085,D114480
P33121,D114480
P08253,D114480
O60701,D114480
Q01959,D114480
P00390,D114480
P14784,D114480
P41439,D114480
P49788,D114480
P19235,D114480
P03891,D114480
P47712,D114480
P01589,D114480
P17181,D114480
Q13630,D114480
P10276,D114480
P36896,D114480
P24298,D114480
P53985,D114480
P20138,D114480
Q16671,D114480
Q13131,D114480
P04278,D114480
P10827,D114480
O14842,D114480
P05230,D114480
P17735,D114480
P14902,D114480
P07550,D114480
P62942,D114480
Q8NFJ5,D114480
P11498,D114480
Q9NS40,D114480
O95342,D114480
P01375,D114480
Q9Y271,D114480
P48443,D114480
P05141,D114480
P15260,D114480
P25100,D114480
Q03405,D114480
P30838,D114480
O15382,D114480
P12268,D114480
P02818,D114480
P15538,D114480
Q99707,D114480
P09601,D114480
P30536,D114480
P09622,D114480
P12081,D114480
P11388,D114480
P15121,D114480
P21802,D114480
P31645,D114480
P01178,D114480
P19634,D114480
P00439,D114480
P14416,D114480
Q9H015,D114480
P21731,D114480
P20839,D114480
Q9UBK8,D114480
O94760,D114480
P00533,D114480
P35372,D114480
Q07912,D114480
O95470,D114480
P11473,D114480
Q09470,D114480
P40261,D114480
P33527,D114480
P32929,D114480
Q92731,D114480
P04150,D114480
P28222,D114480
P09488,D114480
Q9Y2Q3,D114480
P21266,D114480
Q03013,D114480
P09211,D114480
P78417,D114480
P07203,D114480
P18283,D114480
P30711,D114480
O43708,D114480
P22352,D114480
Q13255,D114480
O94925,D114480
Q13002,D114480
Q13003,D114480
Q14833,D114480
P49019,D114480
O43451,D114480
P12931,D114480
P06241,D114480
P29317,D114480
P30559,D114480
Q93088,D114480
P42081,D114480
P33681,D114480
P43681,D114480
P16234,D114480
P07333,D114480
P27487,D114480
P01031,D114480
P43220,D114480
P08069,D114480
O95180,D114480
P11086,D114480
Q16568,D114480
Q02750,D114480
Q14289,D114480
P05771,D114480
P02741,D114480
P37840,D114480
P29972,D114480
Q9UKV0,D114480
P43004,D114480
Q06520,D114480
P16410,D114480
O60427,D114480
Q00535,D114480
P51692,D114480
P26358,D114480
P00749,D114480
P49747,D114480
O75015,D114480
P20810,D114480
P30044,D114480
P12724,D114480
P51681,D114480
P05451,D114480
Q99519,D114480
P08581,D114480
P11217,D114480
P62993,D114480
P05231,D114480
P61073,D114480
P03956,D114480
P10997,D114480
P28482,D114480
P01574,D114480
P50225,D114480
P25116,D114480
P08174,D114480
P27169,D114480
O75891,D114480
P02778,D114480
P07858,D114480
P07339,D114480
P98164,D114480
P07225,D114480
P01579,D114480
P02775,D114480
P01189,D114480
P20333,D114480
P49888,D114480
P01009,D114480
P01133,D114480
P27986,D114480
O75469,D114480
P06730,D114480
P16220,D114480
P49327,D114480
Q12882,D114480
P10145,D114480
Q04760,D114480
P52788,D114480
O95831,D114480
P45452,D114480
P10646,D114480
Q9Y5N1,D114480
P05120,D114480
P17936,D114480
P11387,D114480
P13501,D114480
P35568,D114480
P16860,D114480
P29460,D114480
Q9BYF1,D114480
P01137,D114480
P35222,D114480
P32418,D114480
O14965,D114480
Q99497,D114480
P02788,D114480
P21462,D114480
O60488,D114480
P41250,D114480
Q9Y275,D114480
Q16853,D114480
Q00987,D114480
Q9Y6L6,D114480
P29965,D114480
Q03181,D114480
P47929,D114480
P99999,D114480
P08311,D114480
P27824,D114480
P13945,D114480
P62937,D114480
P09038,D114480
Q13464,D114480
P01042,D114480
Q16539,D114480
P03951,D114480
Q8NER1,D114480
P63316,D114480
P07359,D114480
P06850,D114480
P24385,D114480
P48549,D114480
P60568,D114480
P98160,D114480
P08183,D114480
P22830,D114480
P21980,D114480
P23946,D114480
P04629,D114480
P05412,D114480
O94956,D114480
P04275,D114480
Q96RJ0,D114480
P11168,D114480
P15502,D114480
P13500,D114480
P01584,D114480
P11166,D114480
Q13231,D114480
P01019,D114480
P27361,D114480
O60858,D114480
P49841,D114480
Q9UNQ0,D114480
P04004,D114480
Q92887,D114480
Q06124,D114480
P24941,D114480
P16581,D114480
P05164,D114480
P01112,D114480
O60733,D114480
P15144,D114480
P06493,D114480
P80188,D114480
P05362,D114480
P19838,D114480
P01374,D114480
P00750,D114480
P11413,D114480
P23297,D114480
P06870,D114480
Q9UM07,D114480
P01138,D114480
P17302,D114480
P21589,D114480
P53779,D114480
P11021,D114480
P11137,D114480
P15309,D114480
P06881,D114480
P04156,D114480
P19367,D114480
P63000,D114480
Q16678,D114480
P16070,D114480
P19320,D114480
P08254,D114480
P02649,D114480
P07900,D114480
P14210,D114480
Q08345,D114480
P01100,D114480
Q13126,D114480
P02776,D114480
P17252,D114480
P27815,D114480
P36969,D114480
P19438,D114480
P00450,D114480
P02774,D114480
P16455,D114480
P48745,D114480
P16444,D114480
P48061,D114480
P07204,D114480
O14920,D114480
P05106,D114480
P98170,D114480
P32239,D114480
P16109,D114480
Q9UNN8,D114480
P42574,D114480
O60603,D114480
P14625,D114480
O60760,D114480
P45844,D114480
P07355,D114480
Q9NR96,D114480
P31751,D114480
P00167,D114480
P63104,D114480
P07602,D114480
P04271,D114480
P13726,D114480
P30086,D114480
P02751,D114480
P22894,D114480
P15559,D114480
Q08257,D114480
Q7Z2W7,D114480
O15439,D114480
P28161,D114480
P61586,D114480
O15530,D114480
P13569,D114480
P25942,D114480
P08842,D114480
P39900,D114480
P06744,D114480
P22455,D114480
P80511,D114480
P04040,D114480
P05113,D114480
P68400,D114480
P02743,D114480
Q96C86,D114480
P31939,D114480
Q9P2W7,D114480
O75874,D114480
P04183,D114480
P68363,D114480
P11309,D114480
Q06187,D114480
Q08499,D114480
Q9NP99,D114480
P43403,D114480
P48736,D114480
P43405,D114480
Q9BWD1,D114480
Q08881,D114480
P17931,D114480
P41240,D114480
P68371,D114480
Q9BQE3,D114480
P30405,D114480
Q13509,D114480
P17900,D114480
P48449,D114480
Q9BZX2,D114480
Q9Y663,D114480
P35030,D114480
Q13426,D114480
Q92876,D114480
P55055,D114480
Q9BY41,D114480
P23677,D114480
P14555,D114480
P25774,D114480
Q9Y286,D114480
O43570,D114480
Q9Y5Y6,D114480
P04075,D114480
P23526,D114480
P49789,D114480
P00751,D114480
P30305,D114480
P51151,D114480
P09874,D114480
P11310,D114480
P53355,D114480
Q96RI1,D114480
Q16775,D114480
P55210,D114480
P10114,D114480
P36952,D114480
P52732,D114480
P14174,D114480
P37173,D114480
P24557,D114480
P08238,D114480
P50613,D114480
P22749,D114480
Q96AZ6,D114480
P32119,D114480
Q16881,D114480
Q99250,D114480
Q9NY46,D114480
O00408,D114480
P62508,D114480
P21964,D114480
P11511,D114480
P02745,D114480
P08637,D114480
P12318,D114480
P31994,D114480
P68133,D114480
O15230,D114480
P05787,D114480
P27797,D114480
Q07954,D114480
P05154,D114480
P14543,D114480
P13727,D114480
P34741,D114480
P06400,D114480
P29120,D114480
Q16270,D114480
P05981,D114480
P11362,D114480
P22607,D114480
P07711,D114480
P23763,D114480
P35237,D114480
P09486,D114480
P35346,D114480
P48147,D114480
P11216,D114480
P20711,D114480
Q6ZQY3,D114480
Q8TD30,D114480
P42898,D114480
O14939,D114480
P06276,D114480
Q13393,D114480
P09210,D114480
O00469,D114480
P19971,D114480
O00519,D114480
P21397,D114480
P19021,D114480
Q32P28,D114480
P47989,D114480
Q6NS38,D114480
Q8IVL5,D114480
P50750,D114480
Q8IVL6,D114480
Q8N543,D114480
Q96KS0,D114480
Q00534,D114480
Q96Q83,D114480
P00813,D114480
P11802,D114480
Q9GZT9,D114480
Q9H6Z9,D114480
P21452,D114480
P49336,D114480
P22234,D114480
P27708,D114480
Q7L266,D114480
Q8N142,D114480
P15104,D114480
O95864,D114480
Q07973,D114480
O15460,D114480
P21912,D114480
Q07075,D114480
Q9ULA0,D114480
P08263,D114480
P46439,D114480
P59796,D114480
Q96SL4,D114480
Q9H4Y5,D114480
Q9NY59,D114480
P23434,D114480
Q14032,D114480
Q9P0Z9,D114480
Q6TGC4,D114480
Q9ULC6,D114480
Q9Y2J8,D114480
P23743,D114480
P67775,D114480
O43272,D114480
P23284,D114480
Q13427,D114480
Q9UGM1,D114480
P28074,D114480
P20815,D114480
P10635,D114480
P16435,D114480
Q13547,D114480
Q92769,D114480
O15379,D114480
Q9UBN7,D114480
Q2M3G0,D114480
Q16665,D114480
P43115,D114480
P42336,D114480
P20292,D114480
O00459,D114480
P78527,D114480
P42345,D114480
Q00653,D114480
P00441,D114480
Q9Y6K9,D114480
Q9NY47,D114480
P41231,D114480
P08865,D114480
O14672,D114480
O00329,D114480
P42338,D114480
O60674,D114480
P07949,D114480
Q06609,D114480
P43490,D114480
P27695,D114480
P01911,D114480
Q05655,D114480
P50391,D114480
P49146,D114480
P24394,D114480
Q14627,D114480
P06280,D114480
Q02880,D114480
P09467,D114480
P05177,D114480
P50135,D114480
Q16790,D114480
P35225,D114480
Q8WXI7,D114480
P03952,D114480
O00206,D114480
P32320,D114480
P16422,D114480
Q01726,D114480
O14746,D114480
P31350,D114480
Q15761,D114480
P54760,D114480
Q16831,D114480
P08729,D114480
Q96EB6,D114480
P51686,D114480
P07237,D114480
P21796,D114480
P10147,D114480
Q9BUP3,D114480
Q15185,D114480
P04141,D114480
P22301,D114480
P39905,D114480
Q9NWT6,D114480
P42768,D114480
O14717,D114480
Q8WTS6,D114480
P52848,D114480
Q13363,D114480
P08684,D114480
Q9NQX3,D114480
Q92831,D114480
P31949,D114480
P53778,D114480
P11712,D114480
P27707,D114480
O00244,D114480
P54278,D114480
P25311,D114480
P08887,D114480
P10632,D114480
P80075,D114480
P06703,D114480
Q6UWP2,D114480
Q96CD2,D114480
P16152,D114480
Q05397,D114480
P15531,D114480
Q12756,D114480
Q16698,D114480
P49763,D114480
P53041,D114480
Q14541,D114480
Q9Y468,D114480
P15289,D114480
P12429,D114480
P58335,D114480
P15086,D114480
P18085,D114480
P22392,D114480
P16144,D114480
P01270,D114480
O15169,D114480
Q16769,D114480
P30291,D114480
P11509,D114480
P07384,D114480
Q9NXA8,D114480
P35625,D114480
Q7L5Y9,D114480
Q86VB7,D114480
P48357,D114480
P21926,D114480
Q8TDV5,D114480
Q02763,D114480
P04637,D114480
O96017,D114480
O14757,D114480
Q92847,D114480
P05305,D114480
P00403,D114480
P41597,D114480
Q9NNW7,D114480
Q15759,D114480
O15264,D114480
P05067,D114480
P23560,D114480
Q5NUL3,D114480
P33151,D114480
Q96GD4,D114480
P15328,D114480
Q96IY4,D114480
O15392,D114480
Q9GZP0,D114480
Q13443,D114480
Q9NPF7,D114480
P43235,D114480
P05019,D114480
P55786,D114480
Q92843,D114480
Q92934,D114480
Q96AE4,D114480
P10644,D114480
P50052,D114480
P09429,D114480
Q13233,D114480
Q02156,D114480
P04792,D114480
O14763,D114480
Q02224,D114480
O14793,D114480
Q15116,D114480
Q9NZQ7,D114480
Q99527,D114480
Q9H6X2,D114480
P02647,D114480
P01563,D114480
P01024,D114480
P04234,D114480
Q13421,D114480
Q14790,D114480
Q9Y6Q6,D114480
P40763,D114480
Q07011,D114480
Q969F8,D114480
P25963,D114480
P27037,D114480
Q14956,D114480
P10636,D114480
P27816,D114480
P01303,D114480
P16615,D114480
P28908,D114480
O43174,D114480
P04439,D114480
P40933,D114480
Q9NPC1,D114480
Q15722,D114480
P01308,D114480
P52333,D114480
P17813,D114480
P01127,D114480
P15941,D114480
Q12884,D114480
Q03431,D114480
Q07817,D114480
Q07820,D114480
P49674,D114480
Q00613,D114480
Q96QU6,D114480
P11597,D114480
O14788,D114480
Q9NR97,D114480
P05112,D114480
P35408,D114480
P56524,D114480
Q8WUI4,D114480
P30874,D114480
P05181,D114480
P33261,D114480
P05108,D114480
P22309,D114480
P04798,D114480
P05186,D114480
P20813,D114480
P25024,D114480
P11678,D114480
P52209,D114480
Q8IZS8,D114480
P62745,D114480
Q95460,D114480
P05556,D114480
P06756,D114480
P33402,D114480
Q9Y2I1,D114480
Q9NPC2,D114480
P30532,D114480
O00591,D114480
Q9UN88,D114480
P00709,D114480
P29034,D114480
Q16620,D114480
P33260,D114480
P24462,D114480
Q7LG56,D114480
Q07864,D114480
P07098,D114480
P11717,D114480
P35218,D114480
Q9NS85,D114480
O75493,D114480
Q8N1Q1,D114480
Q07699,D114480
Q8IWT1,D114480
O15440,D114480
Q9NPD5,D114480
P09238,D114480
P09237,D114480
P24347,D114480
P50281,D114480
P51511,D114480
Q9ULZ9,D114480
Q8N119,D114480
O75900,D114480
Q9NRE1,D114480
P23258,D114480
O60658,D114480
Q96RD7,D114480
P35869,D114480
P11474,D114480
Q15788,D114480
Q8NEB9,D114480
Q9UNA0,D114480
P63092,D114480
P20248,D114480
Q13526,D114480
Q15596,D114480
P48552,D114480
P53350,D114480
Q16651,D114480
Q13362,D114480
P30153,D114480
P61626,D114480
P15085,D114480
P78536,D114480
P31151,D114480
P17612,D114480
P45984,D114480
Q99933,D114480
P11142,D114480
P61769,D114480
P36897,D114480
P24666,D114480
Q9BVJ7,D114480
O43293,D114480
P45983,D114480
P33981,D114480
Q13554,D114480
P42892,D114480
Q14914,D114480
P51955,D114480
Q9UGN5,D114480
Q9NQS7,D114480
P62136,D114480
P63151,D114480
Q8IVS2,D114480
P84077,D114480
Q15078,D114480
P62829,D114480
P62750,D114480
P62917,D114480
P39023,D114480
O75460,D114480
P60174,D114480
Q14994,D114480
P08574,D114480
P47985,D114480
Q15118,D114480
Q9UBT6,D114480
Q9UKQ2,D114480
P28838,D114480
P30301,D114480
P28070,D114480
Q99436,D114480
Q16877,D114480
P09466,D114480
Q9HB40,D114480
P19784,D114480
P13073,D114480
P00414,D114480
P20674,D114480
P10606,D114480
P09669,D114480
P10176,D114480
P04054,D114480
Q13627,D114480
P41235,D114480
P98155,D114480
Q9UNK4,D114480
Q9H2G2,D114480
Q9Y6F1,D114480
Q9HCD5,D114480
P01116,D114480
Q00536,D114480
P01889,D114480
P0CG48,D114480
O00141,D114480
P07737,D114480
Q15375,D114480
P04632,D114480
P23458,D114480
P29597,D114480
P08758,D114480
P49862,D114480
Q969V6,D114480
P06396,D114480
Q14494,D114480
P23528,D114480
O75116,D114480
P06731,D114480
Q08209,D114480
P62330,D114480
P15151,D114480
O15143,D114480
P61160,D114480
O15144,D114480
Q12866,D114480
Q96GR2,D114480
Q15418,D114480
P13639,D114480
Q16654,D114480
P11684,D114480
P35080,D114480
P05187,D114480
P07948,D114480
Q8IU85,D114480
P30419,D114480
O00182,D114480
P55196,D114480
P26447,D114480
P14550,D114480
O60218,D114480
Q92793,D114480
Q86WA6,D114480
Q15648,D114480
P80192,D114480
Q9HBL8,D114480
Q9Y3I0,D114480
Q99470,D114480
Q15796,D114480
P15170,D114480
P04179,D114480
P00558,D114480
Q03403,D114480
P01920,D114480
P02144,D114480
P08670,D114480
P11172,D114480
P22694,D114480
P22570,D114480
P11226,D114480
P19622,D114480
P17600,D114480
P35749,D114480
P51178,D114480
P09382,D114480
P15813,D114480
Q9NPH2,D114480
P30084,D114480
Q99798,D114480
P10600,D114480
P20823,D114480
P35241,D114480
P26572,D114480
Q14643,D114480
P21283,D114480
P19883,D114480
P48735,D114480
P68104,D114480
P62837,D114480
P16930,D114480
P20339,D114480
P50897,D114480
P49913,D114480
P50607,D114480
P35398,D114480
Q9NTG7,D114480
P29323,D114480
P09104,D114480
Q9GZU7,D114480
P61024,D114480
P49368,D114480
P62166,D114480
P62491,D114480
P62826,D114480
O75976,D114480
P14621,D114480
P62258,D114480
P55072,D114480
Q92993,D114480
O60264,D114480
Q92830,D114480
Q16613,D114480
Q9BZZ2,D114480
Q15382,D114480
Q99873,D114480
Q9UQB9,D114480
P61587,D114480
P13611,D114480
O75676,D114480
P60953,D114480
Q99661,D114480
Q96QT4,D114480
O14964,D114480
P41091,D114480
Q9Y646,D114480
P30041,D114480
O15111,D114480
Q99835,D114480
P54219,D114480
Q92637,D114480
P01106,D114480
O75330,D114480
Q9UQQ2,D114480
P22460,D114480
Q13882,D114480
P01583,D114480
P18510,D114480
P49765,D114480
P28065,D114480
P28062,D114480
Q16832,D114480
P42685,D114480
P11274,D114480
Q9Y2U5,D114480
Q5XXA6,D114480
P31639,D114480
Q14145,D114480
P57059,D114480
P53667,D114480
Q15303,D114480
P04731,D114480
P02795,D114480
P01903,D114480
P79483,D114480
Q30154,D114480
Q9HAB3,D114480
P02786,D114480
Q8WXA8,D114480
Q9HB55,D114480
Q13315,D114480
P51812,D114480
Q15125,D114480
O95644,D114480
Q05513,D114480
O00264,D114480
Q9Y698,D114480
Q15878,D114480
P13498,D114480
P15153,D114480
Q9UGI6,D114480
P54646,D114480
Q9UGJ0,D114480
Q9UGI9,D114480
Q14573,D114480
Q9NP56,D114480
P15336,D114480
P18847,D114480
P18848,D114480
Q9Y2D1,D114480
P18850,D114480
Q07021,D114480
Q96S86,D114480
Q86UW8,D114480
Q14520,D114480
P98066,D114480
P10599,D114480
P60709,D114480
O95718,D114480
P63261,D114480
P05090,D114480
P62736,D114480
P62807,D114480
O95259,D114480
Q15493,D114480
O00299,D114480
P67870,D114480
P28907,D114480
P17676,D114480
Q86T13,D114480
P60484,D114480
P49908,D114480
P09769,D114480
P36956,D114480
Q04206,D114480
Q9HC97,D114480
P54756,D114480
Q9NYL2,D114480
P09936,D114480
P25713,D114480
Q8TDU6,D114480
Q9C0B1,D114480
Q9Y2T6,D114480
Q16555,D114480
P06733,D114480
P29590,D114480
O75340,D114480
P08493,D114480
O14618,D114480
Q969S2,D114480
Q14978,D114480
O95750,D114480
O60502,D114480
P31025,D114480
Q9NY56,D114480
P46663,D114480
P46939,D114480
Q06830,D114480
Q16552,D114480
Q8NBP7,D114480
P21453,D114480
P34998,D114480
Q96DB2,D114480
Q9UQL6,D114480
P49281,D114480
P07438,D114480
P04732,D114480
P04733,D114480
P13640,D114480
P80294,D114480
Q8N339,D114480
P80297,D114480
Q99828,D114480
P30626,D114480
P35556,D114480
P13693,D114480
O75838,D114480
P80303,D114480
P0DP24,D114480
P0DP25,D114480
Q96FQ6,D114480
P22676,D114480
P02656,D114480
P10589,D114480
P29372,D114480
P05109,D114480
P10809,D114480
P22626,D114480
P14866,D114480
P63244,D114480
P12814,D114480
P09525,D114480
P31948,D114480
P56537,D114480
P60842,D114480
P51858,D114480
P18669,D114480
P43652,D114480
P30101,D114480
P04155,D114480
P50453,D114480
P07288,D114480
Q96RI0,D114480
P31260,D114480
P08648,D114480
F7VJQ1,D114480
P06702,D114480
O15350,D114480
P42858,D114480
Q8N1G2,D114480
Q92570,D114480
P32004,D114480
P12644,D114480
Q8TCT9,D114480
Q99623,D114480
Q9UJU2,D114480
P38936,D114480
P39748,D114480
P00846,D114480
Q14457,D114480
P54652,D114480
Q9Y230,D114480
Q15393,D114480
Q9NR28,D114480
P52597,D114480
P61978,D114480
P34932,D114480
P61604,D114480
Q92598,D114480
Q13219,D114480
P17980,D114480
P60903,D114480
Q969G3,D114480
O43399,D114480
P09493,D114480
P06753,D114480
P54578,D114480
P12004,D114480
P02765,D114480
P04003,D114480
P08603,D114480
P05156,D114480
P10909,D114480
P45973,D114480
P00739,D114480
P19823,D114480
P04264,D114480
P35908,D114480
P02750,D114480
P51884,D114480
P36955,D114480
P46736,D114480
P81605,D114480
Q86YZ3,D114480
Q14624,D114480
P14923,D114480
P02533,D114480
P13647,D114480
P02538,D114480
P01011,D114480
Q6FHJ7,D114480
Q92945,D114480
P21333,D114480
P46940,D114480
P06748,D114480
P27635,D114480
P39019,D114480
P62753,D114480
P62241,D114480
P46781,D114480
P37802,D114480
Q15942,D114480
Q07955,D114480
Q16518,D114480
Q9HBA0,D114480
Q01995,D114480
P35579,D114480
P17844,D114480
P36894,D114480
P31391,D114480
Q9HC29,D114480
Q13873,D114480
P55073,D114480
P22897,D114480
Q92911,D114480
P20393,D114480
Q14995,D114480
O75533,D114480
Q9UK32,D114480
Q9Y6E0,D114480
Q13188,D114480
Q9H2K8,D114480
Q9UHD2,D114480
P35590,D114480
Q9UKI8,D114480
Q86UE8,D114480
Q9UKE5,D114480
Q06418,D114480
O75385,D114480
Q8NFD2,D114480
P30530,D114480
O00238,D114480
Q14012,D114480
Q96RR4,D114480
Q00532,D114480
O14578,D114480
P49760,D114480
Q9UIK4,D114480
O15075,D114480
Q9Y463,D114480
P19525,D114480
P21709,D114480
P29320,D114480
P54764,D114480
Q9UF33,D114480
P54762,D114480
O15197,D114480
P07332,D114480
Q9H2X6,D114480
Q9UPZ9,D114480
Q14164,D114480
P14616,D114480
P51617,D114480
Q9Y2K2,D114480
O95835,D114480
P53671,D114480
Q5S007,D114480
P46734,D114480
Q13163,D114480
Q02779,D114480
Q16584,D114480
Q12852,D114480
O43283,D114480
Q99759,D114480
Q9Y6R4,D114480
Q92918,D114480
O95819,D114480
Q8TD08,D114480
Q13164,D114480
Q7KZI7,D114480
Q96L34,D114480
Q9Y2H9,D114480
P42679,D114480
Q14680,D114480
Q9BUB5,D114480
Q9HBH9,D114480
Q04912,D114480
Q15746,D114480
P51956,D114480
Q6P3R8,D114480
Q16288,D114480
O60285,D114480
Q13153,D114480
Q13177,D114480
O96013,D114480
Q9NQU5,D114480
Q9P286,D114480
O00750,D114480
Q86V86,D114480
Q8TBX8,D114480
Q99640,D114480
Q9NYY3,D114480
Q9H4B4,D114480
O00444,D114480
Q15139,D114480
Q13523,D114480
Q9BRS2,D114480
Q13546,D114480
O43353,D114480
P08922,D114480
Q96BR1,D114480
Q9H0K1,D114480
P01350,D114480
Q15910,D114480
P36404,D114480
Q92482,D114480
Q9BQB4,D114480
Q16659,D114480
Q99814,D114480
P32245,D114480
P41968,D114480
O14980,D114480
Q9NPA2,D114480
Q8IXJ6,D114480
P35232,D114480
P51679,D114480
P11532,D114480
Q96NY8,D114480
Q86YN6,D114480
P43657,D114480
Q93086,D114480
Q99572,D114480
Q9UQ05,D114480
Q96L42,D114480
Q92800,D114480
P53396,D114480
P41222,D114480
Q9Y6K1,D114480
Q99500,D114480
O95977,D114480
P04114,D114480
P02790,D114480
P04196,D114480
P00738,D114480
P41238,D114480
P21860,D114480
P09758,D114480
P06307,D114480
Q05209,D114480
P29350,D114480
Q9Y487,D114480
P49662,D114480
P20702,D114480
P20020,D114480
Q01814,D114480
Q16720,D114480
P23634,D114480
Q9H2H9,D114480
Q96QD8,D114480
P55211,D114480
P16278,D114480
O75185,D114480
Q9UBC3,D114480
Q02223,D114480
Q9NRA0,D114480
O15123,D114480
P13688,D114580
P02768,D114580
P01375,D114580
P00533,D114580
Q16850,D114580
P00156,D114580
P01133,D114580
P13500,D114580
P01584,D114580
P05164,D114580
P15144,D114580
P23297,D114580
P07602,D114580
P04271,D114580
P02743,D114580
P43405,D114580
P17931,D114580
Q13427,D114580
O14672,D114580
P04141,D114580
P22301,D114580
Q16698,D114580
O14757,D114580
Q9NPF7,D114580
P40763,D114580
P40933,D114580
P05112,D114580
P78536,D114580
P11142,D114580
P11226,D114580
Q9NTG7,D114580
P11274,D114580
P31639,D114580
Q16552,D114580
Q92570,D114580
P34932,D114580
Q9HC29,D114580
P00734,D115000
P30556,D115000
Q13639,D115000
Q12809,D115000
O76082,D115000
P07741,D115000
P03372,D115000
P05091,D115000
P35498,D115000
Q99720,D115000
P15692,D115000
P48506,D115000
P08588,D115000
Q9Y5Y9,D115000
P23786,D115000
O76074,D115000
Q14524,D115000
Q09428,D115000
O95069,D115000
P12821,D115000
P35354,D115000
P29474,D115000
P00797,D115000
P02766,D115000
P48029,D115000
P21917,D115000
P08246,D115000
P50416,D115000
P0DP23,D115000
P41143,D115000
P31749,D115000
Q13936,D115000
P30988,D115000
P29466,D115000
O60706,D115000
Q16739,D115000
P15382,D115000
P02768,D115000
Q14534,D115000
P49585,D115000
P41145,D115000
P14784,D115000
P19429,D115000
P01589,D115000
P08235,D115000
P51787,D115000
P54289,D115000
P01375,D115000
P30536,D115000
P21817,D115000
P12081,D115000
P31645,D115000
Q92731,D115000
P09211,D115000
O95180,D115000
Q14289,D115000
P02741,D115000
Q06520,D115000
P05231,D115000
P03956,D115000
P01189,D115000
P20333,D115000
P34913,D115000
P01133,D115000
O75469,D115000
Q9BYF1,D115000
P01137,D115000
P35222,D115000
P32418,D115000
P29965,D115000
P01042,D115000
P08183,D115000
P04629,D115000
P04275,D115000
P01584,D115000
P01019,D115000
P27361,D115000
P05164,D115000
P23297,D115000
P01138,D115000
P17302,D115000
P15309,D115000
P08254,D115000
O75762,D115000
P16109,D115000
P61586,D115000
P04040,D115000
Q08499,D115000
P43403,D115000
P48736,D115000
P17931,D115000
Q9Y286,D115000
P35499,D115000
P62508,D115000
P11511,D115000
P27797,D115000
P35237,D115000
P48147,D115000
Q96EN8,D115000
P06276,D115000
Q9HBH1,D115000
P48544,D115000
P27708,D115000
Q7L266,D115000
P29371,D115000
P41146,D115000
P42336,D115000
P00441,D115000
Q9NY47,D115000
P41231,D115000
O00329,D115000
P42338,D115000
P01911,D115000
P06280,D115000
Q15842,D115000
P08729,D115000
Q96EB6,D115000
P22301,D115000
Q16698,D115000
P18509,D115000
P01270,D115000
Q03721,D115000
P05305,D115000
P09429,D115000
P16615,D115000
P05112,D115000
O14649,D115000
Q9NZV8,D115000
Q9UK17,D115000
Q07699,D115000
Q9NY72,D115000
P45984,D115000
Q09013,D115000
P09466,D115000
O00141,D115000
Q13557,D115000
P04179,D115000
P36871,D115000
P46976,D115000
P22459,D115000
P10600,D115000
P51003,D115000
Q14643,D115000
P62166,D115000
Q01082,D115000
Q96I15,D115000
Q96QT4,D115000
O14964,D115000
P22460,D115000
Q13315,D115000
P04839,D115000
P54646,D115000
Q9UGJ0,D115000
Q14573,D115000
P63261,D115000
O95259,D115000
Q92736,D115000
P28907,D115000
Q99571,D115000
P29590,D115000
Q16552,D115000
O14958,D115000
P0DP24,D115000
P0DP25,D115000
P07288,D115000
P09493,D115000
P15924,D115000
P01011,D115000
Q92945,D115000
Q59H18,D115000
P29320,D115000
Q13153,D115000
P63252,D115000
P33032,D115000
Q8TD43,D115000
P11532,D115000
Q86YN6,D115000
P51575,D115000
Q9UBL9,D115000
P56373,D115000
Q93086,D115000
O15547,D115000
Q99572,D115000
P47900,D115000
Q9Y6J6,D115000
Q9Y6H6,D115000
Q8WWG9,D115000
O15123,D115000
P08913,D115195
P09211,D115195
Q03181,D115195
P42345,D115195
Q8NFA2,D115195
O00206,D115195
P16422,D115195
P23560,D115195
P09429,D115195
Q16620,D115195
P63096,D115195
P09758,D115195
P35228,D115645
Q9UBM7,D115645
P14780,D115645
P29475,D115645
P02792,D115645
P17707,D115645
Q14894,D115645
P03372,D115645
P49419,D115645
P15692,D115645
Q9UJ68,D115645
P37231,D115645
P12821,D115645
P05121,D115645
P10415,D115645
P14679,D115645
P35354,D115645
P00797,D115645
Q00796,D115645
P00395,D115645
P48029,D115645
P08246,D115645
P31749,D115645
P30988,D115645
P29466,D115645
P41180,D115645
P02768,D115645
P00352,D115645
P52569,D115645
P08253,D115645
P47712,D115645
P24298,D115645
P08235,D115645
P51787,D115645
Q9UG56,D115645
P14902,D115645
P01375,D115645
P15260,D115645
P30838,D115645
P15121,D115645
P00533,D115645
P09488,D115645
Q9Y2Q3,D115645
P21266,D115645
P09211,D115645
P78417,D115645
P30711,D115645
P54886,D115645
P29317,D115645
Q16850,D115645
P02741,D115645
P37840,D115645
P26358,D115645
P30044,D115645
P12724,D115645
P01023,D115645
P05231,D115645
P10997,D115645
P27169,D115645
P07339,D115645
P01579,D115645
P01133,D115645
P10145,D115645
P01137,D115645
P09038,D115645
P60568,D115645
P08183,D115645
P21980,D115645
P13500,D115645
P01584,D115645
P11166,D115645
P27361,D115645
Q06124,D115645
P11413,D115645
P01138,D115645
P17302,D115645
P21589,D115645
P63000,D115645
P02649,D115645
P16870,D115645
P16109,D115645
P42574,D115645
O60760,D115645
P02751,D115645
Q08257,D115645
P28161,D115645
P04040,D115645
P43403,D115645
P48736,D115645
P48449,D115645
P21964,D115645
P11511,D115645
P31785,D115645
Q16787,D115645
P02458,D115645
P09486,D115645
P42898,D115645
O60568,D115645
Q8IVL5,D115645
Q9H4Y5,D115645
Q9NSE4,D115645
P29371,D115645
Q16665,D115645
P42336,D115645
P42345,D115645
P00441,D115645
O00329,D115645
P42338,D115645
P27695,D115645
P37268,D115645
Q96EB6,D115645
P22301,D115645
Q16698,D115645
P15289,D115645
P51570,D115645
P35625,D115645
P04637,D115645
P23560,D115645
Q13443,D115645
P05019,D115645
Q92843,D115645
Q13233,D115645
P04792,D115645
P40933,D115645
P01308,D115645
P15391,D115645
Q00613,D115645
P05112,D115645
P35869,D115645
P40429,D115645
Q09013,D115645
P30301,D115645
P00414,D115645
P01889,D115645
P32019,D115645
P15170,D115645
P04179,D115645
P08670,D115645
P10600,D115645
P05062,D115645
P30041,D115645
P31639,D115645
Q14145,D115645
Q13315,D115645
Q15125,D115645
P10599,D115645
P60709,D115645
Q15493,D115645
P09936,D115645
Q9C0B1,D115645
Q16552,D115645
Q8NBP7,D115645
P13693,D115645
Q96L12,D115645
P43652,D115645
Q16595,D115645
P34932,D115645
P12004,D115645
P04264,D115645
P35579,D115645
Q9HC29,D115645
P30530,D115645
P21709,D115645
P00738,D115645
P20020,D115645
Q01814,D115645
P30518,D119500
P01579,D119500
P10145,D119500
P22301,D119500
O15111,D119500
P60709,D119500
Q09470,D121200
O43526,D121200
O43525,D121200
Q9NR82,D121200
P41968,D121200
Q09470,D121201
O43526,D121201
O43525,D121201
Q9NR82,D121201
P41968,D121201
P12259,D125310
P00734,D125310
P14780,D125310
P51606,D125310
P03372,D125310
P15692,D125310
P16442,D125310
P37231,D125310
P00742,D125310
P12821,D125310
P05121,D125310
P29474,D125310
P35520,D125310
P04070,D125310
P08246,D125310
P08514,D125310
Q9BQB6,D125310
Q99707,D125310
P30711,D125310
P22352,D125310
Q16568,D125310
P02741,D125310
P03956,D125310
P27169,D125310
P02778,D125310
P04275,D125310
P15502,D125310
P01019,D125310
P16581,D125310
P19838,D125310
Q9UM07,D125310
P02649,D125310
P16109,D125310
O60760,D125310
P22894,D125310
P31994,D125310
P02461,D125310
P42898,D125310
Q07973,D125310
O60674,D125310
Q13093,D125310
P15289,D125310
P05305,D125310
Q96IY4,D125310
P40763,D125310
P11597,D125310
P05112,D125310
P22309,D125310
P36897,D125310
P26447,D125310
P35749,D125310
P13498,D125310
P14598,D125310
P62736,D125310
Q16552,D125310
Q8NBP7,D125310
P28676,D125310
Q96PD7,D125310
O14791,D125310
P21333,D125310
Q9Y487,D125310
P30556,D125320
Q07869,D125320
Q8IWU9,D125320
O95477,D125320
Q8WTV0,D125320
P09619,D125320
P12821,D125320
P06858,D125320
P09917,D125320
P08473,D125320
Q13258,D125320
Q99714,D125320
P02766,D125320
Q05586,D125320
P22303,D125320
P31749,D125320
P17516,D125320
P28329,D125320
P02768,D125320
Q04609,D125320
P05230,D125320
P01375,D125320
P09601,D125320
P43681,D125320
P43220,D125320
P02741,D125320
P37840,D125320
Q9UKV0,D125320
P20810,D125320
P01023,D125320
Q99519,D125320
P05231,D125320
P28482,D125320
P07339,D125320
P06730,D125320
P01137,D125320
P56817,D125320
P01042,D125320
Q16539,D125320
P24385,D125320
P60568,D125320
P13500,D125320
P01584,D125320
P01019,D125320
P05164,D125320
P06493,D125320
P05362,D125320
P23297,D125320
P11137,D125320
P04156,D125320
P02649,D125320
P42574,D125320
O60760,D125320
P04271,D125320
P14735,D125320
P06744,D125320
Q9NP99,D125320
P48736,D125320
P50579,D125320
P00736,D125320
Q07954,D125320
P06276,D125320
P27338,D125320
P15104,D125320
P42336,D125320
Q92569,D125320
P42345,D125320
P00441,D125320
O14672,D125320
O00329,D125320
P42338,D125320
P35225,D125320
O00206,D125320
Q96EB6,D125320
P22301,D125320
P06703,D125320
P05067,D125320
P23560,D125320
P43235,D125320
P04792,D125320
P10636,D125320
P11597,D125320
P05112,D125320
P45984,D125320
P45983,D125320
P09466,D125320
Q92793,D125320
P17600,D125320
P63096,D125320
P09104,D125320
P0CG47,D125320
Q9UL54,D125320
P01583,D125320
Q13315,D125320
P60709,D125320
P63261,D125320
P60484,D125320
P25713,D125320
Q14978,D125320
O60502,D125320
F7VJQ1,D125320
P06702,D125320
P42858,D125320
P10909,D125320
P35858,D125320
P01011,D125320
P19525,D125320
O75716,D125320
Q99572,D125320
P41222,D125320
P22607,D125600
P42336,D125600
P15692,D125700
P00367,D125700
P45381,D125700
P30518,D125700
P20648,D125700
Q9NR19,D125700
O95479,D125700
P31749,D125700
Q12797,D125700
P02768,D125700
Q9UKU7,D125700
O60701,D125700
P01375,D125700
P06241,D125700
P02741,D125700
P28482,D125700
P02778,D125700
P01189,D125700
P10145,D125700
P45452,D125700
P60568,D125700
P01584,D125700
P06881,D125700
P48736,D125700
P06132,D125700
P29120,D125700
Q96DP5,D125700
P42336,D125700
Q00653,D125700
O00329,D125700
P42338,D125700
Q05655,D125700
P10147,D125700
P48357,D125700
Q9NPF7,D125700
Q9NZQ7,D125700
P01024,D125700
P40933,D125700
Q96QU6,D125700
P05112,D125700
P05181,D125700
P35869,D125700
P11226,D125700
P29323,D125700
Q16552,D125700
P35556,D125700
P14616,D125700
P48764,D125700
P06213,D125850
Q07869,D125850
P07741,D125850
Q09428,D125850
P21695,D125850
P54710,D125850
P14207,D125850
P49286,D125850
Q99259,D125850
P02768,D125850
P05543,D125850
P15056,D125850
P48048,D125850
Q14654,D125850
P43220,D125850
P02741,D125850
P19440,D125850
P35558,D125850
P10997,D125850
P01133,D125850
P21980,D125850
P11168,D125850
P35557,D125850
P11166,D125850
P19367,D125850
P31751,D125850
P00813,D125850
P09467,D125850
P08887,D125850
Q03721,D125850
P48357,D125850
P15328,D125850
Q92934,D125850
Q96AE4,D125850
P01308,D125850
P41235,D125850
Q92793,D125850
P20823,D125850
P61457,D125850
Q13315,D125850
P35556,D125850
P02656,D125850
P51451,D125850
Q12851,D125850
P04114,D125850
P06213,D125851
Q07869,D125851
P07741,D125851
Q09428,D125851
P21695,D125851
P54710,D125851
P14207,D125851
P49286,D125851
Q99259,D125851
P02768,D125851
P05543,D125851
P15056,D125851
P48048,D125851
Q14654,D125851
P43220,D125851
P02741,D125851
P19440,D125851
P35558,D125851
P10997,D125851
P01133,D125851
P21980,D125851
P11168,D125851
P35557,D125851
P11166,D125851
P19367,D125851
P31751,D125851
P00813,D125851
P09467,D125851
P08887,D125851
Q03721,D125851
P48357,D125851
P15328,D125851
Q92934,D125851
Q96AE4,D125851
P01308,D125851
P41235,D125851
Q92793,D125851
P20823,D125851
P61457,D125851
Q13315,D125851
P35556,D125851
P02656,D125851
P51451,D125851
Q12851,D125851
P04114,D125851
P35228,D125852
P11766,D125852
P30542,D125852
P00519,D125852
P02452,D125852
Q9UBM7,D125852
P06213,D125852
P29401,D125852
P20309,D125852
P00734,D125852
P14780,D125852
P21554,D125852
P30556,D125852
P49591,D125852
P10515,D125852
P11836,D125852
P29475,D125852
Q07869,D125852
P00492,D125852
P28702,D125852
Q9Y600,D125852
P31358,D125852
P17707,D125852
P35610,D125852
O76082,D125852
P51606,D125852
P21673,D125852
P07741,D125852
Q05940,D125852
O95477,D125852
P03372,D125852
P08700,D125852
P69905,D125852
P80365,D125852
P10275,D125852
P05091,D125852
P22888,D125852
P07864,D125852
Q9NYK1,D125852
Q99720,D125852
P15692,D125852
P20132,D125852
P48506,D125852
P08588,D125852
O76074,D125852
P10826,D125852
Q09428,D125852
P08185,D125852
P00747,D125852
P16442,D125852
P37231,D125852
Q9UBS5,D125852
P98194,D125852
P12821,D125852
P23381,D125852
P55157,D125852
P06858,D125852
P05121,D125852
P10415,D125852
P09917,D125852
Q9Y478,D125852
O76054,D125852
P15291,D125852
P35354,D125852
P29474,D125852
P08473,D125852
P00797,D125852
P07766,D125852
P01008,D125852
P08908,D125852
P16050,D125852
P02753,D125852
P00918,D125852
P28845,D125852
P02766,D125852
Q9UDX4,D125852
P20648,D125852
P35968,D125852
Q99259,D125852
P04070,D125852
P51659,D125852
O75311,D125852
P04083,D125852
P31749,D125852
P30988,D125852
P08514,D125852
O15528,D125852
P29466,D125852
P22413,D125852
P38484,D125852
P15382,D125852
P16473,D125852
P35348,D125852
P03886,D125852
P07202,D125852
P20701,D125852
P54687,D125852
P28329,D125852
P25101,D125852
Q9P0J0,D125852
P47871,D125852
P02768,D125852
P08172,D125852
P14778,D125852
P18089,D125852
O43772,D125852
P13612,D125852
P06126,D125852
P51648,D125852
Q05329,D125852
Q9UKU7,D125852
O95865,D125852
P43088,D125852
P07101,D125852
P18031,D125852
P33121,D125852
P08253,D125852
P00390,D125852
P14784,D125852
P01589,D125852
P24298,D125852
P51787,D125852
Q13131,D125852
P04278,D125852
P05230,D125852
P17735,D125852
P14902,D125852
P07550,D125852
P01375,D125852
Q14654,D125852
P12314,D125852
P02818,D125852
P09601,D125852
P30536,D125852
P12081,D125852
P15121,D125852
Q9H015,D125852
P78540,D125852
Q9UBK8,D125852
O94760,D125852
P00533,D125852
Q9P2J5,D125852
P11473,D125852
Q92731,D125852
P04150,D125852
P09488,D125852
Q9Y2Q3,D125852
P07203,D125852
P30711,D125852
P22352,D125852
P06241,D125852
P07947,D125852
P06239,D125852
P42081,D125852
P33681,D125852
P27487,D125852
P43220,D125852
P08069,D125852
O60895,D125852
Q14289,D125852
P05771,D125852
P02741,D125852
P37840,D125852
P16410,D125852
P51692,D125852
P00749,D125852
O75015,D125852
P51681,D125852
P05451,D125852
P08581,D125852
P05231,D125852
P03956,D125852
P10997,D125852
P28482,D125852
P29274,D125852
P02763,D125852
P01574,D125852
P25116,D125852
P27169,D125852
P02778,D125852
O60494,D125852
P00156,D125852
P07858,D125852
P01579,D125852
P02775,D125852
P01189,D125852
P20333,D125852
P49888,D125852
P01009,D125852
P01133,D125852
P24158,D125852
O75469,D125852
P06730,D125852
P49327,D125852
Q12882,D125852
P10145,D125852
Q04760,D125852
O95831,D125852
P45452,D125852
P17936,D125852
P13501,D125852
P35568,D125852
P29460,D125852
Q9BYF1,D125852
P01137,D125852
P35222,D125852
Q9Y275,D125852
Q16853,D125852
Q9Y6L6,D125852
P29965,D125852
Q03181,D125852
P08311,D125852
P09038,D125852
P01042,D125852
Q16539,D125852
Q8NER1,D125852
P48549,D125852
P60568,D125852
P98160,D125852
P08183,D125852
P21980,D125852
P05412,D125852
P04275,D125852
P11168,D125852
P13500,D125852
P01584,D125852
P35557,D125852
P11166,D125852
P01019,D125852
P27361,D125852
P49841,D125852
Q9UNQ0,D125852
Q92887,D125852
P24941,D125852
P16581,D125852
P05164,D125852
P01112,D125852
O60733,D125852
P15144,D125852
P80188,D125852
P05362,D125852
P19838,D125852
P01374,D125852
P23297,D125852
Q9UM07,D125852
P01138,D125852
P11021,D125852
P06881,D125852
P19367,D125852
P16070,D125852
P19320,D125852
P08254,D125852
P02649,D125852
P07900,D125852
P14210,D125852
P16870,D125852
Q08345,D125852
P01100,D125852
P02776,D125852
P17252,D125852
P36969,D125852
P19438,D125852
P00450,D125852
P02774,D125852
P22061,D125852
P49366,D125852
P48061,D125852
P05106,D125852
P16109,D125852
P42574,D125852
O60603,D125852
O60760,D125852
Q9NR96,D125852
P31751,D125852
P04271,D125852
P02751,D125852
P14735,D125852
P15559,D125852
Q08257,D125852
P28161,D125852
P13569,D125852
P25942,D125852
P39900,D125852
P06744,D125852
P80511,D125852
P04040,D125852
P05113,D125852
P02743,D125852
P31939,D125852
Q9P2W7,D125852
Q9NP99,D125852
P43403,D125852
P48736,D125852
P17931,D125852
P41240,D125852
P68371,D125852
Q04759,D125852
P00751,D125852
P09874,D125852
P07477,D125852
P14174,D125852
O60911,D125852
Q96AZ6,D125852
P02675,D125852
P08637,D125852
P05787,D125852
Q07954,D125852
P34741,D125852
P01906,D125852
P29120,D125852
P07711,D125852
P02458,D125852
P09486,D125852
P48147,D125852
Q8TD30,D125852
P42898,D125852
P47989,D125852
P00813,D125852
P11802,D125852
P15104,D125852
Q07973,D125852
Q07075,D125852
P10768,D125852
Q14032,D125852
P28074,D125852
P10635,D125852
O15379,D125852
Q16665,D125852
P42336,D125852
Q92569,D125852
P42345,D125852
Q00653,D125852
P00441,D125852
P08865,D125852
O14672,D125852
O00329,D125852
P42338,D125852
O60674,D125852
Q13093,D125852
Q06609,D125852
P43490,D125852
P01911,D125852
P49146,D125852
P24394,D125852
P06280,D125852
P35225,D125852
O00206,D125852
P54760,D125852
Q96EB6,D125852
P07237,D125852
P10147,D125852
P04141,D125852
P22301,D125852
Q8WTS6,D125852
P04746,D125852
Q92831,D125852
P08887,D125852
P51687,D125852
P80075,D125852
P16152,D125852
Q16698,D125852
Q9HB21,D125852
P01270,D125852
Q03721,D125852
Q16769,D125852
Q9NXA8,D125852
P35625,D125852
Q86VB7,D125852
P48357,D125852
P04637,D125852
P05305,D125852
P00403,D125852
P41597,D125852
P51671,D125852
P05067,D125852
P23560,D125852
P26010,D125852
Q9NPF7,D125852
P05019,D125852
Q92934,D125852
P50052,D125852
P09429,D125852
Q13233,D125852
O14793,D125852
Q15116,D125852
Q9NZQ7,D125852
P02647,D125852
P01563,D125852
P01024,D125852
P04234,D125852
P20963,D125852
Q14790,D125852
Q9Y6Q6,D125852
P40763,D125852
Q07011,D125852
P06734,D125852
P25963,D125852
P10636,D125852
P01303,D125852
P28908,D125852
P04439,D125852
P40933,D125852
P01730,D125852
Q15722,D125852
P01308,D125852
P17813,D125852
P15391,D125852
P15941,D125852
Q07820,D125852
P11597,D125852
O14788,D125852
Q9NR97,D125852
P05112,D125852
P35408,D125852
P05181,D125852
P22309,D125852
P05556,D125852
P12104,D125852
Q16620,D125852
Q07864,D125852
P11717,D125852
P35218,D125852
Q9ULX7,D125852
P09238,D125852
P50281,D125852
Q9UJT0,D125852
Q96RD7,D125852
P11474,D125852
Q9UNA0,D125852
P78536,D125852
Q9UNI1,D125852
P61769,D125852
P24666,D125852
P45983,D125852
Q15078,D125852
O75460,D125852
P25788,D125852
P60900,D125852
P09466,D125852
P09668,D125852
P41235,D125852
P01889,D125852
P0CG48,D125852
P16112,D125852
P23458,D125852
P29597,D125852
P08758,D125852
P06396,D125852
P06731,D125852
P13639,D125852
O94768,D125852
P14550,D125852
Q92793,D125852
O43612,D125852
P04179,D125852
P36871,D125852
P01920,D125852
P08670,D125852
P11226,D125852
P04053,D125852
P09382,D125852
P15813,D125852
Q9NPH2,D125852
P20823,D125852
P26572,D125852
Q9NTG7,D125852
P09104,D125852
P55789,D125852
P00973,D125852
Q13838,D125852
P13611,D125852
Q96QT4,D125852
O14964,D125852
O00187,D125852
Q92637,D125852
P0C0L4,D125852
P0C0L5,D125852
P01106,D125852
Q9UQQ2,D125852
P01583,D125852
P18510,D125852
P28065,D125852
P28062,D125852
P11274,D125852
P31639,D125852
Q96SW2,D125852
P01903,D125852
P79483,D125852
P13762,D125852
Q30154,D125852
P02786,D125852
P08686,D125852
P04839,D125852
P13498,D125852
P14598,D125852
P15153,D125852
P54646,D125852
Q14573,D125852
P18847,D125852
P98066,D125852
P10599,D125852
P60709,D125852
P63261,D125852
Q9ULB1,D125852
P67870,D125852
P28907,D125852
P60484,D125852
P09769,D125852
Q04206,D125852
Q9HC97,D125852
Q9C0B1,D125852
P29590,D125852
O75880,D125852
O60502,D125852
Q16552,D125852
Q8NBP7,D125852
P21453,D125852
P02656,D125852
P05109,D125852
P10809,D125852
Q92570,D125852
P54652,D125852
P52597,D125852
P61978,D125852
P34932,D125852
P61604,D125852
Q9UHF0,D125852
P02765,D125852
P36955,D125852
P01011,D125852
Q02083,D125852
P31391,D125852
Q9HC29,D125852
Q14995,D125852
P51451,D125852
O14578,D125852
P14616,D125852
P51617,D125852
Q9Y616,D125852
Q5S007,D125852
Q13164,D125852
Q8TBX8,D125852
O43353,D125852
P08922,D125852
P01350,D125852
Q15910,D125852
Q92482,D125852
Q9BQB4,D125852
P32245,D125852
Q8IXJ6,D125852
P35232,D125852
P51679,D125852
P11532,D125852
Q99572,D125852
P00738,D125852
P21860,D125852
P06307,D125852
P36543,D125852
P20702,D125852
P16278,D125852
Q02223,D125852
O15123,D125852
P35228,D125853
P30542,D125853
P02452,D125853
P17948,D125853
Q9UBM7,D125853
P06213,D125853
P29401,D125853
P12259,D125853
P24530,D125853
P20309,D125853
P30613,D125853
P00734,D125853
P14060,D125853
P14780,D125853
P21554,D125853
P30556,D125853
P29475,D125853
P24752,D125853
O15496,D125853
Q07869,D125853
P10912,D125853
Q9Y600,D125853
P12277,D125853
Q13639,D125853
P14618,D125853
P34972,D125853
Q15800,D125853
P11177,D125853
P17707,D125853
Q9BYV1,D125853
P35610,D125853
P51606,D125853
Q9H244,D125853
P21673,D125853
P07741,D125853
Q05940,D125853
O95477,D125853
P03372,D125853
P08700,D125853
P69905,D125853
P80365,D125853
P10275,D125853
P05091,D125853
P49419,D125853
P09172,D125853
Q9NYK1,D125853
Q99720,D125853
P15692,D125853
P48506,D125853
P31040,D125853
P23786,D125853
O76074,D125853
Q8WTV0,D125853
Q15031,D125853
P09619,D125853
P10826,D125853
Q09428,D125853
P21695,D125853
P00747,D125853
P16442,D125853
P37231,D125853
P12821,D125853
P23381,D125853
Q02252,D125853
P55157,D125853
Q15758,D125853
P06858,D125853
P05121,D125853
P29275,D125853
P10415,D125853
P09917,D125853
Q9Y478,D125853
O76054,D125853
P40939,D125853
P49902,D125853
P35354,D125853
P29474,D125853
P08473,D125853
P00797,D125853
P14207,D125853
P01008,D125853
P05089,D125853
P08913,D125853
P30518,D125853
Q00796,D125853
P16050,D125853
P02753,D125853
Q99714,D125853
P47872,D125853
P00918,D125853
P35520,D125853
P49286,D125853
P28845,D125853
P08709,D125853
P37058,D125853
P02766,D125853
P25098,D125853
P05093,D125853
P20648,D125853
P0DMS8,D125853
O95479,D125853
Q9UM73,D125853
P35968,D125853
P48029,D125853
Q16836,D125853
Q99259,D125853
P00505,D125853
Q9GZT4,D125853
P60880,D125853
P54802,D125853
P41595,D125853
P08246,D125853
Q8TE23,D125853
P00325,D125853
P32238,D125853
P50416,D125853
Q00266,D125853
P13196,D125853
P19793,D125853
P0DP23,D125853
P55017,D125853
P04083,D125853
P00338,D125853
P22303,D125853
P31749,D125853
Q13936,D125853
P30988,D125853
P08514,D125853
O60669,D125853
O15269,D125853
O15528,D125853
P29466,D125853
P43353,D125853
P28223,D125853
P22413,D125853
P00326,D125853
Q16739,D125853
P48169,D125853
P23975,D125853
P41252,D125853
P01130,D125853
O43181,D125853
P35348,D125853
P03886,D125853
P07202,D125853
P41180,D125853
P02787,D125853
P04626,D125853
P48039,D125853
P54687,D125853
P25101,D125853
P47871,D125853
P02768,D125853
P28335,D125853
P18405,D125853
P04406,D125853
Q12791,D125853
P16066,D125853
P06401,D125853
P14778,D125853
Q04609,D125853
Q16878,D125853
P18089,D125853
P04035,D125853
O43772,D125853
P03915,D125853
P35462,D125853
Q7RTX0,D125853
P31213,D125853
Q05329,D125853
Q9Y617,D125853
P48163,D125853
Q9UKU7,D125853
O95865,D125853
P07101,D125853
P49585,D125853
P11586,D125853
P52895,D125853
P18031,D125853
Q13085,D125853
P15056,D125853
Q8TDS4,D125853
P33121,D125853
P08253,D125853
P48048,D125853
P00390,D125853
P19235,D125853
P47712,D125853
P01589,D125853
P24298,D125853
P08235,D125853
P53985,D125853
P51787,D125853
P20138,D125853
Q13131,D125853
P16233,D125853
P04278,D125853
O14842,D125853
P05230,D125853
P07550,D125853
P11498,D125853
O00763,D125853
P01375,D125853
P48443,D125853
Q14654,D125853
Q9BQB6,D125853
P06732,D125853
P02818,D125853
P14868,D125853
Q99707,D125853
P09601,D125853
P30536,D125853
P09622,D125853
P12081,D125853
P53004,D125853
P11388,D125853
P15121,D125853
P31645,D125853
P19634,D125853
Q9UI09,D125853
P14416,D125853
Q9UBK8,D125853
P51788,D125853
O94760,D125853
P00533,D125853
Q9P2J5,D125853
P35372,D125853
P11473,D125853
P40261,D125853
Q92731,D125853
P04150,D125853
Q9UHC9,D125853
P09488,D125853
Q9Y2Q3,D125853
O15217,D125853
P09211,D125853
P07203,D125853
P30711,D125853
P22352,D125853
O94925,D125853
O43451,D125853
P12931,D125853
Q93088,D125853
P42081,D125853
P43681,D125853
P27487,D125853
P01031,D125853
P43220,D125853
P08069,D125853
O60895,D125853
Q16568,D125853
Q14289,D125853
P05771,D125853
P02741,D125853
P37840,D125853
Q9UKV0,D125853
P43004,D125853
P16410,D125853
O60427,D125853
P19440,D125853
Q00535,D125853
P51692,D125853
P26358,D125853
P49747,D125853
O75015,D125853
P35558,D125853
P51681,D125853
P05451,D125853
P08581,D125853
P62993,D125853
P05231,D125853
P61073,D125853
P03956,D125853
P10997,D125853
P02652,D125853
P28482,D125853
P25116,D125853
P27169,D125853
P02778,D125853
O60494,D125853
P00156,D125853
P07339,D125853
P98164,D125853
P07225,D125853
P01579,D125853
P01189,D125853
P20333,D125853
P34913,D125853
P49888,D125853
P01009,D125853
P01133,D125853
P24158,D125853
P27986,D125853
O75469,D125853
P16220,D125853
P49327,D125853
Q12882,D125853
P10145,D125853
Q04760,D125853
P45452,D125853
P10646,D125853
P05120,D125853
P17936,D125853
P11387,D125853
P17405,D125853
P13501,D125853
P35568,D125853
P16860,D125853
P29074,D125853
P29460,D125853
Q9BYF1,D125853
P01137,D125853
P35222,D125853
P32418,D125853
P56817,D125853
P02788,D125853
P20594,D125853
Q9Y2Q0,D125853
Q16853,D125853
Q00987,D125853
Q9Y6L6,D125853
P29965,D125853
Q03181,D125853
P13945,D125853
P62937,D125853
P09038,D125853
Q13464,D125853
P01042,D125853
Q16539,D125853
Q8NER1,D125853
P48549,D125853
P60568,D125853
P48051,D125853
P98160,D125853
P08183,D125853
P21980,D125853
P23946,D125853
P04629,D125853
O94956,D125853
P04275,D125853
Q96RJ0,D125853
P11168,D125853
P15502,D125853
P13500,D125853
P01584,D125853
P30793,D125853
P35557,D125853
P11166,D125853
Q13231,D125853
P01019,D125853
P27361,D125853
O60858,D125853
P49841,D125853
Q9UNQ0,D125853
P04004,D125853
Q92887,D125853
Q06124,D125853
P24941,D125853
P16581,D125853
P05164,D125853
P01112,D125853
O60733,D125853
P15144,D125853
P80188,D125853
P05362,D125853
P19838,D125853
P01374,D125853
P00750,D125853
P11413,D125853
P06870,D125853
Q9UM07,D125853
P01138,D125853
P17302,D125853
P11021,D125853
P06881,D125853
P35247,D125853
P19367,D125853
P63000,D125853
Q16678,D125853
P17213,D125853
P16070,D125853
P19320,D125853
P08254,D125853
P02649,D125853
P07900,D125853
P14210,D125853
O75762,D125853
P16870,D125853
P08697,D125853
P01100,D125853
P17252,D125853
P19438,D125853
P00450,D125853
P02774,D125853
P48745,D125853
P48061,D125853
P07204,D125853
P29218,D125853
O14920,D125853
P32239,D125853
P16109,D125853
Q9UNN8,D125853
P42574,D125853
O60603,D125853
P14625,D125853
O60760,D125853
P45844,D125853
Q9NR96,D125853
P31751,D125853
P00167,D125853
P14410,D125853
P04271,D125853
P13726,D125853
P02751,D125853
P22894,D125853
P14735,D125853
P15559,D125853
Q08257,D125853
P61586,D125853
P13569,D125853
P08842,D125853
P39900,D125853
P06744,D125853
P22455,D125853
P80511,D125853
P04040,D125853
P05113,D125853
P02743,D125853
Q13370,D125853
P31939,D125853
P00568,D125853
Q08499,D125853
P48736,D125853
P17931,D125853
P68371,D125853
P50579,D125853
P55055,D125853
P14555,D125853
Q9Y286,D125853
P04745,D125853
P49789,D125853
P00751,D125853
P09874,D125853
Q96RI1,D125853
P55210,D125853
P00746,D125853
P52732,D125853
P14174,D125853
P37173,D125853
Q96AZ6,D125853
P51161,D125853
P32119,D125853
Q16881,D125853
Q99250,D125853
Q9UQD0,D125853
P62508,D125853
P21964,D125853
P11511,D125853
P02675,D125853
P08637,D125853
P31994,D125853
P25391,D125853
P27797,D125853
Q07954,D125853
P05154,D125853
P34741,D125853
P01906,D125853
P16519,D125853
P29120,D125853
P02461,D125853
P11362,D125853
O95838,D125853
P07711,D125853
P02458,D125853
P35237,D125853
P09486,D125853
P35346,D125853
P11216,D125853
Q8TD30,D125853
Q96EN8,D125853
P42898,D125853
P06276,D125853
Q13393,D125853
Q8TCT1,D125853
P19971,D125853
O00519,D125853
P21397,D125853
P19021,D125853
P47989,D125853
P50750,D125853
Q00534,D125853
P00813,D125853
P11802,D125853
P27708,D125853
Q6PI48,D125853
Q7L266,D125853
P15104,D125853
O95864,D125853
P55809,D125853
Q9BXA5,D125853
O00341,D125853
O14880,D125853
P08263,D125853
P35754,D125853
Q16760,D125853
Q9UGM6,D125853
Q9ULC6,D125853
P67775,D125853
O43766,D125853
Q13427,D125853
P54284,D125853
Q01668,D125853
P20815,D125853
P10635,D125853
P16435,D125853
O15379,D125853
P29371,D125853
Q16665,D125853
P43115,D125853
P42336,D125853
P20292,D125853
P42345,D125853
P00441,D125853
O43525,D125853
P41231,D125853
O00329,D125853
P42338,D125853
O60674,D125853
Q13093,D125853
P43490,D125853
P01911,D125853
Q05655,D125853
P49146,D125853
P24394,D125853
P06280,D125853
P17342,D125853
P09467,D125853
P05177,D125853
P35225,D125853
O00206,D125853
O14746,D125853
P05155,D125853
P08729,D125853
Q96EB6,D125853
P07237,D125853
P21796,D125853
P10147,D125853
P04141,D125853
P22301,D125853
P39905,D125853
Q8WTS6,D125853
Q13363,D125853
P08684,D125853
P04746,D125853
P23141,D125853
P11712,D125853
P02749,D125853
P25311,D125853
P08887,D125853
P10632,D125853
P80075,D125853
P06703,D125853
P16152,D125853
P15531,D125853
Q16698,D125853
P49763,D125853
Q96FI4,D125853
P15289,D125853
P18509,D125853
Q9HB21,D125853
P01270,D125853
Q03721,D125853
P11509,D125853
P07384,D125853
Q13285,D125853
Q9NXA8,D125853
P35625,D125853
Q7L5Y9,D125853
Q86VB7,D125853
P48357,D125853
Q8TDV5,D125853
Q02763,D125853
P04637,D125853
O96017,D125853
Q92847,D125853
P05305,D125853
P00403,D125853
P41597,D125853
Q9NNW7,D125853
P51671,D125853
P05067,D125853
P23560,D125853
Q5NUL3,D125853
P15328,D125853
Q96IY4,D125853
Q9NPF7,D125853
P05019,D125853
P55786,D125853
Q92934,D125853
Q96AE4,D125853
P10644,D125853
P50052,D125853
P09429,D125853
Q02156,D125853
P04792,D125853
O14793,D125853
Q15116,D125853
Q9NZQ7,D125853
Q99527,D125853
P02647,D125853
P01024,D125853
P20963,D125853
Q14790,D125853
Q9Y6Q6,D125853
P40763,D125853
Q07011,D125853
P25963,D125853
P20807,D125853
P10636,D125853
P01303,D125853
P16615,D125853
P04439,D125853
P40933,D125853
P01730,D125853
P01308,D125853
P01127,D125853
P15941,D125853
Q16706,D125853
Q12884,D125853
Q03431,D125853
Q07817,D125853
P11597,D125853
O14788,D125853
P05112,D125853
P56524,D125853
Q8WUI4,D125853
P30874,D125853
P17538,D125853
P05181,D125853
P33261,D125853
P05108,D125853
O60656,D125853
P22309,D125853
P19099,D125853
P04798,D125853
P05186,D125853
P20813,D125853
P25024,D125853
Q9Y5Y4,D125853
Q13332,D125853
Q9Y2I1,D125853
O14649,D125853
P30926,D125853
P12104,D125853
P18507,D125853
Q99928,D125853
Q9UK17,D125853
Q16620,D125853
P33260,D125853
P11717,D125853
P35218,D125853
Q9NS85,D125853
Q07699,D125853
O15440,D125853
Q12908,D125853
Q9NPD5,D125853
P09237,D125853
P50281,D125853
Q9NRE1,D125853
Q96RD7,D125853
P35869,D125853
P11474,D125853
Q8NEB9,D125853
O95622,D125853
Q13526,D125853
P53350,D125853
P61626,D125853
P15085,D125853
P78536,D125853
Q9UNI1,D125853
P23467,D125853
P45984,D125853
P61769,D125853
Q13133,D125853
P24666,D125853
O43293,D125853
Q9UQF2,D125853
P45983,D125853
P42892,D125853
Q8IVS2,D125853
P06576,D125853
Q14994,D125853
Q9UKQ2,D125853
O14983,D125853
P04118,D125853
P60900,D125853
O14818,D125853
P28072,D125853
P09466,D125853
P09668,D125853
P13073,D125853
P10606,D125853
P10176,D125853
P24310,D125853
P04054,D125853
Q13627,D125853
P41235,D125853
P98155,D125853
Q9Y6Y9,D125853
Q9HCD5,D125853
Q9UQM7,D125853
O00141,D125853
P23458,D125853
P29597,D125853
P08758,D125853
P06396,D125853
Q14494,D125853
P06731,D125853
Q16654,D125853
P11684,D125853
P05187,D125853
Q8IU85,D125853
Q9NWZ3,D125853
Q15119,D125853
P26447,D125853
P14550,D125853
Q92793,D125853
Q13555,D125853
O43612,D125853
Q15796,D125853
P04179,D125853
Q16762,D125853
O75390,D125853
P36871,D125853
P01920,D125853
P02144,D125853
P08670,D125853
P20472,D125853
P07108,D125853
P22570,D125853
P11226,D125853
P04053,D125853
P09382,D125853
Q9NPH2,D125853
P46976,D125853
P20823,D125853
P09110,D125853
P19883,D125853
P49913,D125853
P50607,D125853
Q9NTG7,D125853
P29323,D125853
P09104,D125853
P61457,D125853
P62166,D125853
P62491,D125853
P05062,D125853
P55789,D125853
Q16613,D125853
P00973,D125853
Q9BZZ2,D125853
Q99873,D125853
P61587,D125853
Q96I15,D125853
P60953,D125853
Q96QT4,D125853
O14964,D125853
Q9UL51,D125853
O15111,D125853
P0C0L4,D125853
P0C0L5,D125853
Q9UQQ2,D125853
Q14721,D125853
P01583,D125853
P18510,D125853
P49765,D125853
P11274,D125853
P31639,D125853
Q14145,D125853
P57059,D125853
Q15303,D125853
Q7RTT9,D125853
P04731,D125853
P02795,D125853
Q96S37,D125853
P01903,D125853
Q30154,D125853
Q9HAB3,D125853
P02786,D125853
O95264,D125853
P08686,D125853
Q13315,D125853
P51812,D125853
Q15125,D125853
O95644,D125853
Q05513,D125853
Q01118,D125853
Q15878,D125853
P04839,D125853
P13498,D125853
P14598,D125853
P78508,D125853
Q99712,D125853
Q16558,D125853
Q9H2S1,D125853
Q9UGI6,D125853
P54646,D125853
O43741,D125853
Q9UGJ0,D125853
P18847,D125853
P18850,D125853
P98066,D125853
P10599,D125853
P60709,D125853
O95718,D125853
P63261,D125853
P05090,D125853
P48050,D125853
Q92806,D125853
Q9ULB1,D125853
Q92736,D125853
P28907,D125853
P17676,D125853
P60484,D125853
P49908,D125853
P36956,D125853
Q04206,D125853
P25105,D125853
Q9HC97,D125853
P09936,D125853
Q8TDU6,D125853
Q99571,D125853
Q9C0B1,D125853
Q9Y2T6,D125853
P06733,D125853
P29590,D125853
P08493,D125853
O75880,D125853
O95750,D125853
O60502,D125853
P31025,D125853
P46939,D125853
Q06830,D125853
Q16552,D125853
Q8NBP7,D125853
P34998,D125853
P49281,D125853
P07438,D125853
P04732,D125853
P04733,D125853
P13640,D125853
P80294,D125853
Q8N339,D125853
P80297,D125853
Q99828,D125853
P30626,D125853
P35556,D125853
P31415,D125853
Q02818,D125853
P80303,D125853
P28676,D125853
P0DP24,D125853
P0DP25,D125853
P02655,D125853
P02656,D125853
P05109,D125853
P10809,D125853
P43652,D125853
P07288,D125853
P23276,D125853
Q96RI0,D125853
Q16595,D125853
P06702,D125853
Q92570,D125853
P32004,D125853
P12644,D125853
P53805,D125853
P38936,D125853
Q14457,D125853
O00303,D125853
P54652,D125853
P52597,D125853
P61978,D125853
P34932,D125853
Q13219,D125853
P09493,D125853
P67936,D125853
P54578,D125853
P12004,D125853
Q9UHF0,D125853
P02765,D125853
P08603,D125853
P10909,D125853
P35858,D125853
P02750,D125853
P36955,D125853
O14791,D125853
P81605,D125853
O75636,D125853
P08779,D125853
P01011,D125853
Q6FHJ7,D125853
Q92945,D125853
P48047,D125853
P21333,D125853
P06748,D125853
P50914,D125853
P39019,D125853
Q15637,D125853
P35579,D125853
P31391,D125853
Q9HC29,D125853
P22897,D125853
Q92911,D125853
P20393,D125853
Q9NYP7,D125853
Q15208,D125853
Q9UHD2,D125853
Q8NFD2,D125853
P51451,D125853
Q96RR4,D125853
P49760,D125853
Q9UIK4,D125853
P19525,D125853
Q9P2K8,D125853
P54764,D125853
P54762,D125853
Q9H422,D125853
P14616,D125853
P51617,D125853
O95819,D125853
Q9Y4K4,D125853
Q13164,D125853
Q7KZI7,D125853
Q96L34,D125853
O15146,D125853
Q15746,D125853
Q16288,D125853
Q13153,D125853
O75747,D125853
Q86V86,D125853
Q15139,D125853
O43353,D125853
P08922,D125853
Q9H0K1,D125853
P01350,D125853
Q9BQB4,D125853
Q99814,D125853
P32245,D125853
P41968,D125853
P33032,D125853
Q8TD43,D125853
P48764,D125853
Q8IXJ6,D125853
P35232,D125853
P11532,D125853
Q86YN6,D125853
P51575,D125853
Q9UBL9,D125853
P56373,D125853
Q93086,D125853
O15547,D125853
Q99572,D125853
P47900,D125853
Q9Y6J6,D125853
P53396,D125853
P41222,D125853
P04114,D125853
P02790,D125853
P00738,D125853
P21860,D125853
P06307,D125853
Q9Y6T7,D125853
Q13574,D125853
P29350,D125853
Q13488,D125853
Q9UI12,D125853
P20702,D125853
P20020,D125853
Q96QD8,D125853
P16278,D125853
Q9NRA0,D125853
O15123,D125853
P35228,D126200
Q13423,D126200
P48728,D126200
P00519,D126200
Q9UPY5,D126200
Q9UBM7,D126200
P04049,D126200
P29401,D126200
P24530,D126200
P14780,D126200
P21554,D126200
P30556,D126200
P49591,D126200
P11836,D126200
P29475,D126200
Q07869,D126200
P00492,D126200
Q8IWU9,D126200
P31358,D126200
P34972,D126200
P35610,D126200
P13688,D126200
Q9H244,D126200
P07741,D126200
O95477,D126200
P03372,D126200
P08700,D126200
P10275,D126200
Q9H3N8,D126200
Q9NYK1,D126200
O43175,D126200
P15692,D126200
Q9Y5Y9,D126200
P36021,D126200
P56937,D126200
O15374,D126200
Q09428,D126200
P00747,D126200
P16442,D126200
P37231,D126200
P00742,D126200
P12821,D126200
P06858,D126200
P05121,D126200
P10415,D126200
P09917,D126200
P14679,D126200
O76054,D126200
P35354,D126200
P29474,D126200
P00797,D126200
P14207,D126200
Q96GD0,D126200
P05089,D126200
P16050,D126200
P00918,D126200
P49286,D126200
P34896,D126200
Q9UDX4,D126200
P05093,D126200
P16471,D126200
P78348,D126200
O95479,D126200
P00740,D126200
P35968,D126200
Q99259,D126200
P04070,D126200
Q02127,D126200
P48551,D126200
P60880,D126200
P50416,D126200
Q13224,D126200
P0DP23,D126200
P04083,D126200
P00338,D126200
P22303,D126200
P31749,D126200
P35367,D126200
O15528,D126200
P29466,D126200
O15427,D126200
P38484,D126200
P43007,D126200
Q07343,D126200
P01130,D126200
P35348,D126200
P03886,D126200
P20701,D126200
P28329,D126200
P25101,D126200
P34903,D126200
P02768,D126200
P04406,D126200
Q12791,D126200
P18089,D126200
P04035,D126200
O43772,D126200
P03915,D126200
P13612,D126200
P06126,D126200
P12235,D126200
Q05329,D126200
Q9UKU7,D126200
P07101,D126200
P68871,D126200
Q8TDS4,D126200
P08253,D126200
P00390,D126200
P14784,D126200
P03891,D126200
P47712,D126200
P01589,D126200
P17181,D126200
Q13630,D126200
P10276,D126200
P08235,D126200
P53985,D126200
Q16515,D126200
P05230,D126200
P14902,D126200
P07550,D126200
P11498,D126200
Q9NS40,D126200
P01375,D126200
Q13946,D126200
P12314,D126200
P15260,D126200
P02818,D126200
Q99707,D126200
P09601,D126200
P30536,D126200
P09622,D126200
P15121,D126200
P31645,D126200
P14416,D126200
P78540,D126200
Q9UBK8,D126200
O94760,D126200
P00533,D126200
O95470,D126200
P11473,D126200
Q92731,D126200
P04150,D126200
P09488,D126200
Q9Y2Q3,D126200
P09211,D126200
P78417,D126200
P30711,D126200
Q13255,D126200
P42262,D126200
P48058,D126200
P42263,D126200
Q14833,D126200
Q14831,D126200
O00222,D126200
P06241,D126200
P42081,D126200
P33681,D126200
P07333,D126200
P27487,D126200
P08069,D126200
O95180,D126200
P11086,D126200
Q16568,D126200
P05771,D126200
P02741,D126200
P37840,D126200
P43004,D126200
P16410,D126200
P51692,D126200
O75015,D126200
P20810,D126200
P35558,D126200
P30044,D126200
P01023,D126200
P51681,D126200
P05451,D126200
P05231,D126200
P61073,D126200
P03956,D126200
P28482,D126200
P01574,D126200
P25116,D126200
P27169,D126200
P02778,D126200
P00156,D126200
P98164,D126200
P01579,D126200
P01189,D126200
P20333,D126200
P01009,D126200
P01133,D126200
O75469,D126200
P16220,D126200
P10145,D126200
Q04760,D126200
P10646,D126200
Q9Y5N1,D126200
P05120,D126200
P17936,D126200
P17405,D126200
P13501,D126200
P35568,D126200
P29074,D126200
P29460,D126200
Q9BYF1,D126200
P01137,D126200
P35222,D126200
P51580,D126200
P56817,D126200
Q99497,D126200
Q9Y275,D126200
Q16853,D126200
P29965,D126200
P27824,D126200
P01042,D126200
Q16539,D126200
Q8NER1,D126200
P24385,D126200
P60568,D126200
P08183,D126200
P21980,D126200
P13500,D126200
P01584,D126200
P43005,D126200
Q13231,D126200
P01019,D126200
Q06124,D126200
P16581,D126200
P05164,D126200
O60733,D126200
P15144,D126200
P59768,D126200
P80188,D126200
P05362,D126200
P19838,D126200
P01374,D126200
P00750,D126200
P23297,D126200
Q9UM07,D126200
P01138,D126200
P17302,D126200
P21589,D126200
P11021,D126200
P11137,D126200
P04156,D126200
Q16678,D126200
P16070,D126200
P19320,D126200
P43003,D126200
P08254,D126200
P02649,D126200
P07900,D126200
P14210,D126200
Q08345,D126200
P01100,D126200
P17252,D126200
Q16348,D126200
P36969,D126200
P19438,D126200
P00450,D126200
P02774,D126200
P48745,D126200
P48061,D126200
P98170,D126200
P16109,D126200
P42574,D126200
O60603,D126200
O60760,D126200
P07355,D126200
Q9NR96,D126200
P63104,D126200
P04271,D126200
P02751,D126200
P22894,D126200
P15559,D126200
Q08257,D126200
Q7Z2W7,D126200
P41594,D126200
P25942,D126200
P39900,D126200
P06744,D126200
P80511,D126200
P04040,D126200
P05113,D126200
Q9P2W7,D126200
Q06187,D126200
P10153,D126200
P48736,D126200
P17931,D126200
P68366,D126200
P20231,D126200
P50579,D126200
P35030,D126200
Q92876,D126200
P14555,D126200
O43570,D126200
P00751,D126200
P09874,D126200
P14174,D126200
Q96AZ6,D126200
P32119,D126200
Q16881,D126200
Q9UQD0,D126200
P21964,D126200
P02745,D126200
P08637,D126200
Q07954,D126200
P01906,D126200
P29120,D126200
P11362,D126200
P63027,D126200
P02458,D126200
P42898,D126200
P06276,D126200
Q13393,D126200
Q8N543,D126200
P00813,D126200
Q6PI48,D126200
Q07973,D126200
Q9Y2J8,D126200
Q14832,D126200
P10635,D126200
Q13547,D126200
O15379,D126200
P49356,D126200
Q16665,D126200
P42336,D126200
Q92569,D126200
P42345,D126200
Q00653,D126200
P00441,D126200
P41231,D126200
P08865,D126200
O00329,D126200
P42338,D126200
O60674,D126200
Q13093,D126200
P01911,D126200
P24394,D126200
P06280,D126200
P50135,D126200
P35225,D126200
P03952,D126200
O00206,D126200
Q01726,D126200
P05155,D126200
Q96EB6,D126200
P51686,D126200
P07237,D126200
P10147,D126200
Q9BUP3,D126200
P04141,D126200
P22301,D126200
P42768,D126200
P08684,D126200
P11712,D126200
P08887,D126200
P80075,D126200
Q6UWP2,D126200
Q16698,D126200
P15289,D126200
P18509,D126200
P58335,D126200
P15086,D126200
P01270,D126200
P35625,D126200
Q86VB7,D126200
P48357,D126200
P04637,D126200
Q92847,D126200
P05305,D126200
P00403,D126200
P41597,D126200
Q9NNW7,D126200
P51671,D126200
P05067,D126200
P23560,D126200
Q9NPF7,D126200
P05019,D126200
P55786,D126200
P10644,D126200
P09429,D126200
Q02156,D126200
P04792,D126200
O14763,D126200
Q15116,D126200
Q9NZQ7,D126200
P02647,D126200
P01563,D126200
P01024,D126200
Q14790,D126200
Q9Y6Q6,D126200
P40763,D126200
Q07011,D126200
P25963,D126200
Q01344,D126200
P10636,D126200
P01303,D126200
P04439,D126200
P40933,D126200
P01730,D126200
P01308,D126200
Q9NQ25,D126200
P52333,D126200
P15391,D126200
P15941,D126200
Q07817,D126200
O14788,D126200
Q9NR97,D126200
P05112,D126200
P35408,D126200
P33261,D126200
P20813,D126200
P25024,D126200
P46597,D126200
Q8N8N7,D126200
O14649,D126200
P00709,D126200
Q8N1Q1,D126200
P09237,D126200
Q9Y5R2,D126200
Q9H239,D126200
Q96RD7,D126200
P35869,D126200
Q15661,D126200
Q15596,D126200
P78536,D126200
P61769,D126200
Q13133,D126200
P36897,D126200
P45983,D126200
O75460,D126200
P60174,D126200
P47985,D126200
P30301,D126200
P28072,D126200
P09668,D126200
P20674,D126200
P10176,D126200
P04054,D126200
Q9HCD5,D126200
Q92696,D126200
P53611,D126200
P01889,D126200
P0CG48,D126200
O00141,D126200
P23458,D126200
P29597,D126200
P08758,D126200
P06396,D126200
P06731,D126200
P15151,D126200
Q12866,D126200
O94768,D126200
O00182,D126200
Q9NPJ3,D126200
O43612,D126200
P04179,D126200
P01920,D126200
P02144,D126200
P20472,D126200
P22570,D126200
P11226,D126200
P04053,D126200
P17600,D126200
P09382,D126200
P15813,D126200
Q9NPH2,D126200
Q99798,D126200
P10600,D126200
O14594,D126200
P26572,D126200
P19883,D126200
P35398,D126200
Q9NTG7,D126200
P29323,D126200
Q92993,D126200
P00973,D126200
Q9BZZ2,D126200
Q13838,D126200
Q96QT4,D126200
O00187,D126200
Q14697,D126200
Q9UQQ2,D126200
P22001,D126200
P01583,D126200
P18510,D126200
P28065,D126200
P11274,D126200
P02795,D126200
P01903,D126200
P79483,D126200
P13762,D126200
Q30154,D126200
P08686,D126200
Q13315,D126200
P04839,D126200
P14598,D126200
P15153,D126200
P78508,D126200
Q14573,D126200
P18847,D126200
P18848,D126200
P10599,D126200
P60709,D126200
P63261,D126200
P05090,D126200
Q9ULB1,D126200
O00299,D126200
P28907,D126200
Q04206,D126200
P25105,D126200
Q8TDU6,D126200
Q99571,D126200
Q9C0B1,D126200
Q16555,D126200
P06733,D126200
P29590,D126200
P31025,D126200
P46663,D126200
Q16552,D126200
P21453,D126200
P34998,D126200
P28676,D126200
P0DP24,D126200
P0DP25,D126200
P02655,D126200
P05109,D126200
P10809,D126200
F7VJQ1,D126200
Q16595,D126200
P06702,D126200
O15350,D126200
Q92570,D126200
P12644,D126200
Q7Z5B4,D126200
P00846,D126200
P54652,D126200
P34932,D126200
Q9UHF0,D126200
P02765,D126200
P08603,D126200
P10909,D126200
P35858,D126200
P01011,D126200
Q9ULY5,D126200
P21333,D126200
P46940,D126200
P62753,D126200
Q07955,D126200
P31391,D126200
Q9HC29,D126200
Q13873,D126200
Q06418,D126200
P30530,D126200
P51451,D126200
P07498,D126200
Q9BQI3,D126200
P19525,D126200
P54764,D126200
P07332,D126200
P14616,D126200
P51617,D126200
Q5S007,D126200
P27448,D126200
P42679,D126200
Q04912,D126200
Q16513,D126200
Q9BRS2,D126200
Q13546,D126200
O43353,D126200
P08922,D126200
Q15910,D126200
Q99814,D126200
P32245,D126200
Q9NPA2,D126200
Q8TD43,D126200
Q8IXJ6,D126200
P35232,D126200
P51679,D126200
P51575,D126200
Q9UBL9,D126200
P56373,D126200
Q93086,D126200
O15547,D126200
Q99572,D126200
P47900,D126200
Q99500,D126200
P00738,D126200
P21860,D126200
P29350,D126200
Q13488,D126200
P20702,D126200
Q01814,D126200
P55211,D126200
Q02223,D126200
Q9NRA0,D126200
O15123,D126200
P25116,D127350
O75469,D127350
P20594,D127350
P22607,D127350
Q9HAB3,D127350
P35228,D127750
P21728,D127750
P06213,D127750
P14780,D127750
P29475,D127750
P09172,D127750
P15692,D127750
P12821,D127750
P10415,D127750
P35354,D127750
P29474,D127750
P25098,D127750
P22303,D127750
P23975,D127750
P07202,D127750
P02787,D127750
P08559,D127750
P07101,D127750
Q01959,D127750
P62942,D127750
P01375,D127750
P30536,D127750
P09622,D127750
P31645,D127750
P14416,D127750
P06241,D127750
P43681,D127750
P07333,D127750
P08069,D127750
P37840,D127750
P29972,D127750
P43004,D127750
P26358,D127750
P01023,D127750
P05451,D127750
P05231,D127750
O75891,D127750
P07858,D127750
P07339,D127750
P34913,D127750
P01009,D127750
P04062,D127750
P56817,D127750
Q99497,D127750
P03951,D127750
P04629,D127750
O60733,D127750
P01138,D127750
P11137,D127750
P04156,D127750
P19320,D127750
P02649,D127750
P07900,D127750
P29218,D127750
P42574,D127750
P78559,D127750
P04271,D127750
P41594,D127750
P17931,D127750
Q92876,D127750
P21964,D127750
P22607,D127750
P35237,D127750
P06276,D127750
P27338,D127750
Q13427,D127750
P36544,D127750
P10635,D127750
O00459,D127750
P00441,D127750
P04141,D127750
P07384,D127750
P05305,D127750
P00403,D127750
P05067,D127750
P23560,D127750
O15392,D127750
P05019,D127750
P10636,D127750
P01308,D127750
Q07817,D127750
P20813,D127750
Q16620,D127750
P11717,D127750
P42892,D127750
Q494W8,D127750
Q13627,D127750
Q9UQM7,D127750
P0CG48,D127750
P06396,D127750
P04179,D127750
P78352,D127750
P68104,D127750
P07478,D127750
P09104,D127750
P0CG47,D127750
P78330,D127750
P28062,D127750
P09936,D127750
O60502,D127750
Q99653,D127750
P43652,D127750
F7VJQ1,D127750
Q14457,D127750
P34932,D127750
P10909,D127750
P35858,D127750
P01011,D127750
O14578,D127750
P14616,D127750
Q5S007,D127750
Q9NYY3,D127750
Q9UQ05,D127750
Q96L42,D127750
P04350,D128101
P35228,D131200
P37059,D131200
P02452,D131200
P17948,D131200
P06213,D131200
P04049,D131200
P20309,D131200
P00734,D131200
P14060,D131200
P14780,D131200
P26439,D131200
P21554,D131200
P30556,D131200
P11836,D131200
P29475,D131200
Q07869,D131200
P00492,D131200
P03372,D131200
Q04828,D131200
P80365,D131200
P10275,D131200
P22888,D131200
P15692,D131200
O15403,D131200
P56937,D131200
Q9UI33,D131200
P14061,D131200
P30968,D131200
P09619,D131200
P10826,D131200
P00747,D131200
P37231,D131200
P12821,D131200
P05121,D131200
P10415,D131200
P35354,D131200
P29474,D131200
P08473,D131200
P00797,D131200
P05089,D131200
P09455,D131200
P31153,D131200
P16050,D131200
P00918,D131200
P37058,D131200
P05093,D131200
P16471,D131200
P50440,D131200
Q96I99,D131200
O00555,D131200
P43116,D131200
P35968,D131200
P25103,D131200
P23945,D131200
Q9GZT4,D131200
O15399,D131200
P19793,D131200
P04083,D131200
P31749,D131200
P30872,D131200
P22413,D131200
O60706,D131200
P35348,D131200
P41180,D131200
P04626,D131200
P25101,D131200
P02768,D131200
P02671,D131200
P18405,D131200
P15428,D131200
P06401,D131200
P14778,D131200
P18089,D131200
P31213,D131200
P42330,D131200
P43088,D131200
P52895,D131200
Q02643,D131200
Q13085,D131200
P15056,D131200
P08253,D131200
P14784,D131200
P49788,D131200
P19235,D131200
P01589,D131200
P36896,D131200
P08235,D131200
P51787,D131200
Q16671,D131200
P10827,D131200
P05230,D131200
P14902,D131200
P01375,D131200
P15260,D131200
P30536,D131200
P15121,D131200
P21802,D131200
P31645,D131200
P14416,D131200
P00533,D131200
P35372,D131200
P11473,D131200
Q9UHI5,D131200
P32929,D131200
Q92731,D131200
P04150,D131200
P09488,D131200
Q9Y2Q3,D131200
P09211,D131200
P30711,D131200
P22352,D131200
P12931,D131200
P30559,D131200
P42081,D131200
P16234,D131200
P07333,D131200
P27487,D131200
P01031,D131200
P08069,D131200
Q02750,D131200
P05771,D131200
P02741,D131200
P29972,D131200
Q9UKV0,D131200
Q06520,D131200
P16410,D131200
P26358,D131200
P00749,D131200
O43526,D131200
O75015,D131200
P12724,D131200
P51681,D131200
P08581,D131200
P62993,D131200
P05231,D131200
P61073,D131200
P03956,D131200
P10997,D131200
P02652,D131200
P28482,D131200
P50225,D131200
P25116,D131200
P08174,D131200
P27169,D131200
P02778,D131200
P01579,D131200
P20333,D131200
P49888,D131200
P01009,D131200
P01133,D131200
O75469,D131200
P16220,D131200
P10145,D131200
P45452,D131200
P05120,D131200
P17936,D131200
P13501,D131200
P04062,D131200
P29460,D131200
O14732,D131200
P01137,D131200
P35222,D131200
P02788,D131200
P21462,D131200
Q9Y275,D131200
Q00987,D131200
P29965,D131200
P09038,D131200
Q13464,D131200
P01042,D131200
Q16539,D131200
Q8NER1,D131200
P06850,D131200
P24385,D131200
P60568,D131200
P05412,D131200
P04275,D131200
P13500,D131200
P01584,D131200
P43005,D131200
P11166,D131200
P01019,D131200
P27361,D131200
P49841,D131200
P04004,D131200
P16581,D131200
P05164,D131200
P06493,D131200
P05362,D131200
P19838,D131200
P01374,D131200
P23297,D131200
P01138,D131200
P17302,D131200
P21589,D131200
P11137,D131200
P06881,D131200
P19367,D131200
Q16678,D131200
P16070,D131200
P19320,D131200
P08254,D131200
P02649,D131200
P14210,D131200
P01100,D131200
P02776,D131200
P17252,D131200
P36969,D131200
P19438,D131200
P02774,D131200
P48061,D131200
P05106,D131200
P42574,D131200
O60603,D131200
O60760,D131200
P07355,D131200
P00167,D131200
P63104,D131200
P04271,D131200
P13726,D131200
P02751,D131200
O15439,D131200
P28161,D131200
P13569,D131200
P08842,D131200
P39900,D131200
P04040,D131200
Q06187,D131200
P48736,D131200
P17931,D131200
P41240,D131200
P08631,D131200
Q13426,D131200
P14555,D131200
P09874,D131200
P53355,D131200
P00746,D131200
P14174,D131200
Q96AZ6,D131200
P21964,D131200
P11511,D131200
P00736,D131200
P08637,D131200
P07942,D131200
P06400,D131200
Q16270,D131200
P27338,D131200
P21397,D131200
Q00534,D131200
P00813,D131200
P11802,D131200
Q13427,D131200
Q13547,D131200
Q92769,D131200
O15379,D131200
Q16665,D131200
P42336,D131200
P42345,D131200
P00441,D131200
O00329,D131200
P42338,D131200
P27695,D131200
P01911,D131200
P05177,D131200
P35225,D131200
Q8WXI7,D131200
O00206,D131200
P16422,D131200
O14746,D131200
P54760,D131200
P05155,D131200
Q96EB6,D131200
P51686,D131200
P04141,D131200
P22301,D131200
P39905,D131200
P08684,D131200
P06703,D131200
Q6UWP2,D131200
P15531,D131200
Q16698,D131200
P49763,D131200
P53041,D131200
P58335,D131200
O15169,D131200
Q13285,D131200
P35625,D131200
Q86VB7,D131200
P48357,D131200
Q02763,D131200
P04637,D131200
P05305,D131200
P00403,D131200
P41597,D131200
P51671,D131200
P23560,D131200
Q96IY4,D131200
O15392,D131200
Q9NPF7,D131200
P05019,D131200
P50052,D131200
P09429,D131200
O14793,D131200
Q15116,D131200
Q9NZQ7,D131200
Q99527,D131200
P01024,D131200
P40763,D131200
Q969F8,D131200
P25963,D131200
Q14956,D131200
O43174,D131200
P40933,D131200
Q9NPC1,D131200
Q15722,D131200
P15391,D131200
P15941,D131200
Q07817,D131200
P11597,D131200
P05112,D131200
P35408,D131200
P33261,D131200
P05108,D131200
P22309,D131200
P04798,D131200
P20813,D131200
P25024,D131200
P05556,D131200
P06756,D131200
Q16620,D131200
Q07864,D131200
P09237,D131200
P50281,D131200
Q9Y5R2,D131200
P35869,D131200
Q15788,D131200
P53350,D131200
P30153,D131200
P78536,D131200
P61769,D131200
P36897,D131200
P24666,D131200
P45983,D131200
P09466,D131200
P41235,D131200
P01116,D131200
P01889,D131200
P23458,D131200
P29597,D131200
P23528,D131200
P15151,D131200
P05187,D131200
P07948,D131200
O00182,D131200
P26447,D131200
Q15648,D131200
Q15796,D131200
P04179,D131200
P01920,D131200
P08670,D131200
P11226,D131200
P09382,D131200
P10600,D131200
P19883,D131200
P50897,D131200
P29323,D131200
P61024,D131200
P13611,D131200
P60953,D131200
O15111,D131200
P01106,D131200
P01583,D131200
P18510,D131200
P53667,D131200
P08686,D131200
Q13315,D131200
Q14123,D131200
P10599,D131200
P60709,D131200
O95718,D131200
P62736,D131200
P60484,D131200
P49908,D131200
Q04206,D131200
P09936,D131200
Q8TDU6,D131200
Q16555,D131200
P06733,D131200
O75340,D131200
P46939,D131200
Q16552,D131200
P21453,D131200
P34998,D131200
Q99828,D131200
P13693,D131200
P10809,D131200
P12814,D131200
P31948,D131200
P30101,D131200
P31260,D131200
P08648,D131200
P32004,D131200
P12644,D131200
Q99623,D131200
P38936,D131200
P39748,D131200
Q14457,D131200
P34932,D131200
Q13219,D131200
P06753,D131200
P12004,D131200
P02765,D131200
P02748,D131200
P05156,D131200
P36955,D131200
Q01995,D131200
P17844,D131200
P31391,D131200
P22897,D131200
Q14995,D131200
P30530,D131200
O00238,D131200
Q9UIK4,D131200
P29320,D131200
Q5S007,D131200
Q9Y6R4,D131200
Q04912,D131200
Q16288,D131200
Q13153,D131200
O96013,D131200
P08922,D131200
Q15910,D131200
P35232,D131200
Q96NY8,D131200
P56373,D131200
Q93086,D131200
Q9Y6K1,D131200
P00738,D131200
P09758,D131200
Q9H2H9,D131200
Q9UBC3,D131200
O15123,D131200
P30556,D131300
P15692,D131300
P02768,D131300
P02818,D131300
P21817,D131300
P37840,D131300
P01137,D131300
P02649,D131300
P16444,D131300
P04271,D131300
P37173,D131300
O00206,D131300
P04141,D131300
P10636,D131300
O14788,D131300
Q9NWZ3,D131300
P09382,D131300
Q9UQQ2,D131300
P00519,D131440
P17948,D131440
P12259,D131440
P00734,D131440
P14780,D131440
P00492,D131440
P35610,D131440
O95477,D131440
P08700,D131440
P69905,D131440
P10275,D131440
P36888,D131440
P15692,D131440
P09619,D131440
P37231,D131440
P16083,D131440
P12821,D131440
P55157,D131440
P09917,D131440
Q04771,D131440
P16050,D131440
Q9UM73,D131440
P11926,D131440
P31749,D131440
P08514,D131440
P10721,D131440
P07202,D131440
P20701,D131440
P49585,D131440
P08253,D131440
P14784,D131440
P19235,D131440
P01589,D131440
P10276,D131440
P01375,D131440
P00533,D131440
Q99062,D131440
P09211,D131440
P07203,D131440
P30711,D131440
P16234,D131440
P07333,D131440
P08069,D131440
Q02750,D131440
P02741,D131440
Q9UKV0,D131440
P51692,D131440
P28482,D131440
P01579,D131440
P20333,D131440
P16220,D131440
P10145,D131440
P05120,D131440
P35222,D131440
O14965,D131440
Q00987,D131440
P09038,D131440
Q16539,D131440
P08183,D131440
P22830,D131440
P11166,D131440
Q13231,D131440
Q06124,D131440
P05164,D131440
P00750,D131440
P11413,D131440
P06881,D131440
P16070,D131440
P42574,D131440
P45844,D131440
P30086,D131440
P02751,D131440
P15559,D131440
Q08257,D131440
P80511,D131440
P04040,D131440
P05113,D131440
O75874,D131440
P48736,D131440
P43405,D131440
Q9BY41,D131440
Q9Y286,D131440
P09874,D131440
Q96AZ6,D131440
P27797,D131440
P11362,D131440
P22607,D131440
P09486,D131440
Q9UBN7,D131440
Q16665,D131440
P42336,D131440
Q00653,D131440
O00329,D131440
P42338,D131440
O60674,D131440
P07949,D131440
P27695,D131440
O00206,D131440
O14746,D131440
P04141,D131440
P08684,D131440
Q9Y468,D131440
Q02763,D131440
P04637,D131440
P04792,D131440
Q15116,D131440
P40238,D131440
Q9NZQ7,D131440
P01563,D131440
P40763,D131440
P25963,D131440
P52333,D131440
P78536,D131440
O14818,D131440
P01116,D131440
P23458,D131440
P29597,D131440
P07948,D131440
Q92793,D131440
P48735,D131440
P29323,D131440
P62258,D131440
Q01082,D131440
P01106,D131440
Q9UQQ2,D131440
P11274,D131440
P51812,D131440
P04839,D131440
P14598,D131440
P29590,D131440
Q06830,D131440
Q96DB2,D131440
P22676,D131440
P05109,D131440
P31942,D131440
P31260,D131440
P06702,D131440
Q92945,D131440
P06748,D131440
O75533,D131440
O75385,D131440
Q13237,D131440
Q15910,D131440
Q9Y6K1,D131440
P29350,D131440
Q7L0J3,D132100
P00519,D133239
P35916,D133239
P17948,D133239
P04049,D133239
P14780,D133239
P21554,D133239
P14618,D133239
Q9NS75,D133239
P35610,D133239
P21673,D133239
P06746,D133239
P03372,D133239
P08700,D133239
P10275,D133239
P05091,D133239
Q9NYK1,D133239
O43175,D133239
P15692,D133239
P09619,D133239
P10826,D133239
P00747,D133239
P16442,D133239
P37231,D133239
P16083,D133239
P12821,D133239
P55157,D133239
Q15758,D133239
P05121,D133239
P10415,D133239
Q9Y478,D133239
O76054,D133239
P35354,D133239
Q04771,D133239
P07766,D133239
P05089,D133239
P34897,D133239
P16050,D133239
P10828,D133239
P04818,D133239
P08620,D133239
Q9NR19,D133239
P08319,D133239
P35968,D133239
P48029,D133239
P08246,D133239
P00325,D133239
P11926,D133239
P19793,D133239
P04083,D133239
P31749,D133239
P30988,D133239
P29466,D133239
P00326,D133239
P04626,D133239
Q9P0J0,D133239
P02768,D133239
P03905,D133239
P15428,D133239
P00352,D133239
P08559,D133239
P03915,D133239
P42330,D133239
Q9Y617,D133239
P49585,D133239
P11586,D133239
P08253,D133239
P00390,D133239
P10276,D133239
Q13131,D133239
P14902,D133239
Q8NFJ5,D133239
P01375,D133239
P15260,D133239
Q99707,D133239
P09601,D133239
P21802,D133239
P00439,D133239
P00533,D133239
P11473,D133239
P33527,D133239
P04150,D133239
P09488,D133239
Q9Y2Q3,D133239
P21266,D133239
P09211,D133239
P78417,D133239
P30711,D133239
P12931,D133239
P07947,D133239
P29317,D133239
P33681,D133239
P27487,D133239
P08069,D133239
Q02750,D133239
P05771,D133239
P02741,D133239
P37840,D133239
Q9UKV0,D133239
P26358,D133239
P00749,D133239
P30044,D133239
P51681,D133239
P05451,D133239
P08581,D133239
P05231,D133239
P61073,D133239
P03956,D133239
P28482,D133239
P01574,D133239
P50225,D133239
P25116,D133239
P02778,D133239
P00156,D133239
P07858,D133239
P01579,D133239
P01133,D133239
O75469,D133239
P06730,D133239
P16220,D133239
P49327,D133239
Q12882,D133239
P10145,D133239
P45452,D133239
P17936,D133239
P11387,D133239
P29460,D133239
P01137,D133239
P35222,D133239
O14965,D133239
P21462,D133239
Q00987,D133239
P09038,D133239
Q16539,D133239
P24385,D133239
P60568,D133239
P98160,D133239
P08183,D133239
P05412,D133239
P13500,D133239
P01584,D133239
P30793,D133239
P27361,D133239
P49841,D133239
Q9UNQ0,D133239
Q92887,D133239
P24941,D133239
P05164,D133239
P01112,D133239
Q15111,D133239
P80188,D133239
P05362,D133239
P11413,D133239
Q9UM07,D133239
P01138,D133239
P17302,D133239
P63000,D133239
Q16678,D133239
P08254,D133239
P07900,D133239
P14210,D133239
P01100,D133239
P17252,D133239
P27815,D133239
P16455,D133239
P48061,D133239
P98170,D133239
P42574,D133239
O60760,D133239
P07355,D133239
Q9NR96,D133239
P31751,D133239
P13726,D133239
P30086,D133239
P15559,D133239
Q08257,D133239
Q7Z2W7,D133239
P28161,D133239
P61586,D133239
O15530,D133239
P13569,D133239
P22455,D133239
P05113,D133239
Q08188,D133239
P11309,D133239
P48736,D133239
P17931,D133239
P49137,D133239
Q13509,D133239
Q13426,D133239
P55055,D133239
P14555,D133239
P49789,D133239
P30305,D133239
P09874,D133239
P53355,D133239
P37173,D133239
P32119,D133239
P27797,D133239
P06400,D133239
P11362,D133239
P22607,D133239
P07711,D133239
P42898,D133239
P19971,D133239
Q00534,D133239
P11802,D133239
Q07973,D133239
P16435,D133239
Q13547,D133239
O15379,D133239
Q9UBN7,D133239
Q2M3G0,D133239
Q16665,D133239
P42336,D133239
P42345,D133239
O00329,D133239
P42338,D133239
O60674,D133239
Q06609,D133239
P27695,D133239
P01911,D133239
Q16790,D133239
P35225,D133239
O00206,D133239
P16422,D133239
O14746,D133239
P54760,D133239
P08729,D133239
Q96EB6,D133239
Q9BUP3,D133239
P04141,D133239
P22301,D133239
O14936,D133239
Q92831,D133239
P11712,D133239
Q05397,D133239
P49763,D133239
Q96FI4,D133239
P15289,D133239
O15169,D133239
P11509,D133239
P04637,D133239
O96017,D133239
P00403,D133239
P51671,D133239
Q5NUL3,D133239
O15392,D133239
P05019,D133239
P09429,D133239
P04792,D133239
O14763,D133239
Q15116,D133239
Q9NZQ7,D133239
Q13421,D133239
Q14790,D133239
Q9Y6Q6,D133239
P40763,D133239
Q9P2E9,D133239
P04439,D133239
P40933,D133239
Q15722,D133239
P17813,D133239
P15941,D133239
Q12884,D133239
Q07817,D133239
Q96QU6,D133239
P56524,D133239
P05181,D133239
P22309,D133239
P04798,D133239
P52209,D133239
P05556,D133239
P32297,D133239
P29034,D133239
P09238,D133239
P09237,D133239
P50281,D133239
P63092,D133239
Q13526,D133239
P48552,D133239
P53350,D133239
P13051,D133239
Q99933,D133239
P36897,D133239
P45983,D133239
P33981,D133239
Q9UGN5,D133239
P61313,D133239
Q15118,D133239
P41743,D133239
P09466,D133239
P01116,D133239
P01889,D133239
P23458,D133239
P06396,D133239
P06731,D133239
O00182,D133239
P26447,D133239
P14550,D133239
O60218,D133239
Q92793,D133239
P04179,D133239
P29508,D133239
Q03403,D133239
P08670,D133239
P11172,D133239
P29323,D133239
P61024,D133239
P14621,D133239
P55072,D133239
Q9BZZ2,D133239
P60953,D133239
P01106,D133239
P01583,D133239
P18510,D133239
P28065,D133239
P28062,D133239
Q5XXA6,D133239
Q15303,D133239
P02795,D133239
Q9HAB3,D133239
Q13315,D133239
P54646,D133239
P60709,D133239
P62736,D133239
P28907,D133239
P17676,D133239
P60484,D133239
Q04206,D133239
P25713,D133239
Q8TDU6,D133239
O75340,D133239
Q14978,D133239
Q06830,D133239
Q16552,D133239
P04732,D133239
Q99828,D133239
P63244,D133239
P51858,D133239
P04155,D133239
Q96RI0,D133239
P04080,D133239
P06702,D133239
O15350,D133239
P12644,D133239
Q9UJU2,D133239
P38936,D133239
P39748,D133239
Q14457,D133239
Q9NR28,D133239
Q92598,D133239
P09493,D133239
P12004,D133239
P04264,D133239
P13645,D133239
P08779,D133239
Q14103,D133239
Q16518,D133239
Q01995,D133239
P17844,D133239
P30530,D133239
O15075,D133239
Q9BQI3,D133239
P19525,D133239
P29320,D133239
P46734,D133239
P52564,D133239
Q16584,D133239
O95819,D133239
Q13164,D133239
O96013,D133239
Q13546,D133239
Q15910,D133239
Q96NY8,D133239
Q9UQ05,D133239
Q96L42,D133239
P00738,D133239
P21860,D133239
P06307,D133239
P29350,D133239
P27449,D133239
Q9UBC3,D133239
Q14432,D133690
Q99497,D133690
Q9UM07,D133690
Q08499,D133690
P43405,D133690
P22607,D133690
P02458,D133690
P01911,D133690
P01270,D133690
P10644,D133690
Q03431,D133690
P56524,D133690
P63092,D133690
P16112,D133690
Q92953,D133690
O00238,D133690
P00734,D134430
P00742,D134430
P08709,D134430
P00740,D134430
P04181,D134430
P01133,D134430
P02675,D134430
P41235,D134430
P00451,D134500
P12259,D134500
P00734,D134500
P11836,D134500
P42357,D134500
P15692,D134500
P16442,D134500
P00742,D134500
P05121,D134500
P49902,D134500
P08709,D134500
P00740,D134500
P04070,D134500
P10721,D134500
P02768,D134500
P01589,D134500
P24298,D134500
P01375,D134500
P09601,D134500
P07333,D134500
P27487,D134500
P16410,D134500
P51681,D134500
P05231,D134500
P07225,D134500
P01579,D134500
P10145,D134500
P10646,D134500
P01137,D134500
P02788,D134500
P03951,D134500
P07359,D134500
P24385,D134500
P60568,D134500
P04275,D134500
P01584,D134500
P05362,D134500
P11413,D134500
P04156,D134500
P17213,D134500
P02776,D134500
P07204,D134500
P16109,D134500
Q9UNN8,D134500
P13726,D134500
Q06187,D134500
Q9Y5Y6,D134500
Q96AZ6,D134500
P32119,D134500
P12318,D134500
P31994,D134500
P31995,D134500
P27797,D134500
Q07954,D134500
P05154,D134500
P49257,D134500
Q8NI22,D134500
P42898,D134500
Q9Y6K9,D134500
P01911,D134500
P08729,D134500
P04141,D134500
P22301,D134500
P02749,D134500
Q86VB7,D134500
Q96IY4,D134500
P01563,D134500
Q9Y6Q6,D134500
P04439,D134500
P05112,D134500
P23280,D134500
Q8N1Q1,D134500
Q9UNA0,D134500
P45984,D134500
O14818,D134500
P10176,D134500
P41235,D134500
P01889,D134500
P11226,D134500
Q96I15,D134500
P01903,D134500
P13693,D134500
F7VJQ1,D134500
P04003,D134500
P22897,D134500
Q9BQB4,D134500
Q86U10,D134500
P11532,D134500
P48728,D134510
P00451,D134510
P12259,D134510
P00734,D134510
P11836,D134510
P00740,D134510
Q99259,D134510
P02768,D134510
Q7Z4W1,D134510
P16410,D134510
P01133,D134510
P10646,D134510
P03951,D134510
P11413,D134510
P13726,D134510
P13569,D134510
Q9Y5Y6,D134510
P02679,D134510
O00206,D134510
P22301,D134510
P04637,D134510
Q9Y6Q6,D134510
P04439,D134510
Q9NRF9,D134510
P10176,D134510
Q15125,D134510
P28907,D134510
Q9BQI3,D134510
P00451,D134520
P12259,D134520
P00734,D134520
P11836,D134520
P42357,D134520
P15692,D134520
P16442,D134520
P00742,D134520
P05121,D134520
P49902,D134520
P08709,D134520
P00740,D134520
P04070,D134520
P10721,D134520
P02768,D134520
P01589,D134520
P24298,D134520
P01375,D134520
P09601,D134520
P07333,D134520
P27487,D134520
P16410,D134520
P51681,D134520
P05231,D134520
P07225,D134520
P01579,D134520
P10145,D134520
P10646,D134520
P01137,D134520
P02788,D134520
P03951,D134520
P07359,D134520
P24385,D134520
P60568,D134520
P04275,D134520
P01584,D134520
P05362,D134520
P11413,D134520
P04156,D134520
P17213,D134520
P02776,D134520
P07204,D134520
P16109,D134520
Q9UNN8,D134520
P13726,D134520
Q06187,D134520
Q9Y5Y6,D134520
Q96AZ6,D134520
P32119,D134520
P12318,D134520
P31994,D134520
P31995,D134520
P27797,D134520
Q07954,D134520
P05154,D134520
P49257,D134520
Q8NI22,D134520
P42898,D134520
Q9Y6K9,D134520
P01911,D134520
P08729,D134520
P04141,D134520
P22301,D134520
P02749,D134520
Q86VB7,D134520
Q96IY4,D134520
P01563,D134520
Q9Y6Q6,D134520
P04439,D134520
P05112,D134520
P23280,D134520
Q8N1Q1,D134520
Q9UNA0,D134520
P45984,D134520
O14818,D134520
P10176,D134520
P41235,D134520
P01889,D134520
P11226,D134520
Q96I15,D134520
P01903,D134520
P13693,D134520
F7VJQ1,D134520
P04003,D134520
P22897,D134520
Q9BQB4,D134520
Q86U10,D134520
P11532,D134520
P01375,D134750
Q9P2W7,D134750
P01911,D134750
P22301,D134750
P40763,D134750
P04439,D134750
P68104,D134750
P03372,D135550
P35354,D135550
P10721,D135550
P04406,D135550
Q04609,D135550
P11388,D135550
Q13255,D135550
P35222,D135550
P02751,D135550
P58335,D135550
P04637,D135550
Q9UJU2,D135550
P19113,D137215
Q9UI32,D137215
P35228,D137215
P37059,D137215
Q13423,D137215
P11766,D137215
P30542,D137215
P00519,D137215
P23219,D137215
P35916,D137215
P51168,D137215
P02452,D137215
P17948,D137215
P06213,D137215
P04049,D137215
P29401,D137215
O00764,D137215
P24530,D137215
P20309,D137215
P00734,D137215
P14060,D137215
P14780,D137215
P30556,D137215
Q07869,D137215
P28702,D137215
P12277,D137215
P14618,D137215
Q12809,D137215
P17707,D137215
P35610,D137215
P13688,D137215
P21673,D137215
P25021,D137215
P06746,D137215
P07741,D137215
P03372,D137215
P80365,D137215
P10275,D137215
P05091,D137215
P49419,D137215
Q9H3N8,D137215
P36888,D137215
P15692,D137215
P48506,D137215
P49916,D137215
P08588,D137215
P56937,D137215
P14061,D137215
O15374,D137215
P03897,D137215
P09619,D137215
P10826,D137215
P00747,D137215
P30825,D137215
P16442,D137215
P37231,D137215
P08243,D137215
P16083,D137215
P12821,D137215
P07327,D137215
Q15758,D137215
P20061,D137215
P05121,D137215
P10415,D137215
P09917,D137215
Q9Y478,D137215
O76054,D137215
P35354,D137215
P29474,D137215
P08473,D137215
P00915,D137215
P00797,D137215
P14207,D137215
P08908,D137215
P34897,D137215
P09455,D137215
P31153,D137215
P16050,D137215
O14727,D137215
P02753,D137215
P10828,D137215
P00918,D137215
P35520,D137215
P04818,D137215
P23921,D137215
P08620,D137215
P00395,D137215
P02766,D137215
P25098,D137215
P20648,D137215
Q9NR19,D137215
P78348,D137215
P08319,D137215
P35968,D137215
Q06203,D137215
P48029,D137215
O95139,D137215
P25103,D137215
P54802,D137215
P00325,D137215
P32238,D137215
P11926,D137215
P50416,D137215
Q13224,D137215
P0DP23,D137215
P41143,D137215
P04083,D137215
P00338,D137215
P22303,D137215
P31749,D137215
P30988,D137215
P42684,D137215
Q96Q40,D137215
O60669,D137215
P29466,D137215
O15427,D137215
P30872,D137215
P10721,D137215
P32754,D137215
P00326,D137215
P38484,D137215
Q16739,D137215
P49821,D137215
P05165,D137215
P28331,D137215
P43155,D137215
P35348,D137215
P41180,D137215
P04626,D137215
P54687,D137215
P25101,D137215
P40394,D137215
Q9P0J0,D137215
P02768,D137215
P02671,D137215
P04406,D137215
O43678,D137215
P15428,D137215
Q12791,D137215
P00352,D137215
P16066,D137215
P06401,D137215
O43837,D137215
P08172,D137215
Q9NWM0,D137215
Q16878,D137215
P08559,D137215
P18089,D137215
P04035,D137215
P35368,D137215
P47895,D137215
P42330,D137215
P30043,D137215
Q9UKU7,D137215
P07101,D137215
P23378,D137215
P51164,D137215
P18031,D137215
Q13085,D137215
P15056,D137215
P30085,D137215
P08253,D137215
P49788,D137215
P17181,D137215
P10276,D137215
P53985,D137215
P00966,D137215
P51787,D137215
P20138,D137215
Q13131,D137215
Q16515,D137215
P04278,D137215
P10827,D137215
P54289,D137215
P14902,D137215
P07550,D137215
Q8NFJ5,D137215
P01375,D137215
P25100,D137215
Q99707,D137215
P09601,D137215
P09622,D137215
P11388,D137215
P15121,D137215
P21802,D137215
P19634,D137215
P14416,D137215
Q9UBK8,D137215
O94760,D137215
P00533,D137215
Q07912,D137215
P22033,D137215
P11473,D137215
P33527,D137215
Q92731,D137215
Q99062,D137215
P04150,D137215
P09488,D137215
Q9Y2Q3,D137215
Q16772,D137215
P21266,D137215
P09211,D137215
P07203,D137215
P30711,D137215
O43708,D137215
P22352,D137215
O94925,D137215
Q13002,D137215
Q13003,D137215
P12931,D137215
P06241,D137215
P07947,D137215
P29317,D137215
P33681,D137215
P43681,D137215
P17787,D137215
P16234,D137215
P07333,D137215
P27487,D137215
P08069,D137215
P11086,D137215
Q02750,D137215
Q14289,D137215
P05771,D137215
P02741,D137215
Q9UKV0,D137215
P43004,D137215
Q06520,D137215
P16410,D137215
O60427,D137215
P19440,D137215
Q00535,D137215
P51692,D137215
P26358,D137215
P00749,D137215
P10696,D137215
P20810,D137215
P30044,D137215
P12724,D137215
P05451,D137215
Q99519,D137215
P08581,D137215
P05231,D137215
P61073,D137215
P03956,D137215
P28482,D137215
P29274,D137215
P01574,D137215
P50225,D137215
P25116,D137215
P08174,D137215
P27169,D137215
P02778,D137215
O60494,D137215
P00156,D137215
P07339,D137215
P01579,D137215
P02775,D137215
P01189,D137215
P20333,D137215
P49888,D137215
P01009,D137215
P01133,D137215
P27986,D137215
O75469,D137215
P06730,D137215
P16220,D137215
P49327,D137215
Q12882,D137215
P10145,D137215
Q04760,D137215
P45452,D137215
P05120,D137215
P17936,D137215
P13501,D137215
P29074,D137215
P01137,D137215
P35222,D137215
P32418,D137215
O14965,D137215
P21462,D137215
O60488,D137215
Q9Y275,D137215
Q00987,D137215
P31930,D137215
P29965,D137215
Q03181,D137215
P47929,D137215
P27824,D137215
P62937,D137215
P09038,D137215
Q13464,D137215
P01042,D137215
Q16539,D137215
P24385,D137215
P60568,D137215
P08183,D137215
P21980,D137215
P23946,D137215
P04629,D137215
P05412,D137215
P04275,D137215
P13500,D137215
P01584,D137215
P11166,D137215
P01019,D137215
P27361,D137215
O60858,D137215
P49841,D137215
Q9UNQ0,D137215
Q92887,D137215
Q06124,D137215
P24941,D137215
P16581,D137215
P05164,D137215
P01112,D137215
P15144,D137215
P06493,D137215
P80188,D137215
P05362,D137215
P19838,D137215
P01374,D137215
P00750,D137215
P23297,D137215
P06870,D137215
P01138,D137215
P17302,D137215
P21589,D137215
P11021,D137215
P04156,D137215
P19367,D137215
P63000,D137215
P16070,D137215
P19320,D137215
P08254,D137215
P02649,D137215
P07900,D137215
P14210,D137215
Q08345,D137215
P01100,D137215
Q13126,D137215
P17252,D137215
P19438,D137215
Q15858,D137215
P16455,D137215
P48745,D137215
P49366,D137215
P48061,D137215
P07204,D137215
O14920,D137215
P05106,D137215
P98170,D137215
P32239,D137215
Q9UNN8,D137215
P42574,D137215
O60603,D137215
P14625,D137215
O60760,D137215
P07355,D137215
Q9NR96,D137215
P31751,D137215
P63104,D137215
P07602,D137215
P04271,D137215
P13726,D137215
P30086,D137215
P02751,D137215
P22894,D137215
P15559,D137215
Q08257,D137215
O15439,D137215
P28161,D137215
P61586,D137215
O15530,D137215
P13569,D137215
P25942,D137215
P08842,D137215
P39900,D137215
P06744,D137215
P22455,D137215
P04040,D137215
P68400,D137215
O75874,D137215
P04183,D137215
P11309,D137215
Q06187,D137215
Q08499,D137215
P48736,D137215
Q08881,D137215
P17931,D137215
P41240,D137215
Q9BQE3,D137215
Q13509,D137215
P08631,D137215
P49773,D137215
Q9UBX1,D137215
Q14376,D137215
P35030,D137215
Q13426,D137215
Q92876,D137215
P55055,D137215
Q9BY41,D137215
P51512,D137215
P14555,D137215
P49789,D137215
P09874,D137215
P53355,D137215
Q96RI1,D137215
P55210,D137215
P36952,D137215
P52732,D137215
P14174,D137215
P37173,D137215
P08238,D137215
P50613,D137215
P32119,D137215
P62508,D137215
P21964,D137215
P11511,D137215
P02675,D137215
P02679,D137215
P12318,D137215
P05452,D137215
P05787,D137215
P27797,D137215
P05154,D137215
P14543,D137215
P01906,D137215
P06400,D137215
P16519,D137215
Q16270,D137215
P05981,D137215
P11362,D137215
P22607,D137215
P07711,D137215
P35237,D137215
P09486,D137215
P48147,D137215
P20711,D137215
P42898,D137215
P06276,D137215
Q13393,D137215
O00469,D137215
P19971,D137215
P47989,D137215
P50750,D137215
Q96KS0,D137215
Q00534,D137215
Q9BY66,D137215
P11802,D137215
Q9H6Z9,D137215
P27708,D137215
P15104,D137215
O95864,D137215
O14521,D137215
P21912,D137215
Q99643,D137215
P08263,D137215
Q9H4Y5,D137215
Q14032,D137215
P67775,D137215
Q9NSE4,D137215
P23284,D137215
P45877,D137215
P10635,D137215
Q13547,D137215
Q92769,D137215
O15379,D137215
Q9UBN7,D137215
Q16665,D137215
P43115,D137215
P42336,D137215
Q92569,D137215
P78527,D137215
P42345,D137215
Q00653,D137215
P00441,D137215
P41231,D137215
P08865,D137215
O14672,D137215
O00329,D137215
P42338,D137215
O60674,D137215
Q5T601,D137215
P07949,D137215
Q06609,D137215
P43490,D137215
P27695,D137215
P01911,D137215
P24394,D137215
P09467,D137215
P05177,D137215
Q16206,D137215
Q16790,D137215
P35225,D137215
Q8WXI7,D137215
O00206,D137215
P16422,D137215
O14746,D137215
P31350,D137215
P54760,D137215
Q16831,D137215
P08729,D137215
Q5T4S7,D137215
Q96EB6,D137215
P07237,D137215
Q96KG9,D137215
P04141,D137215
P22301,D137215
P26196,D137215
O14717,D137215
Q8WTS6,D137215
Q13363,D137215
P08684,D137215
P09012,D137215
P31949,D137215
P54278,D137215
P25311,D137215
P08887,D137215
P06703,D137215
Q6UWP2,D137215
P16152,D137215
Q05397,D137215
P15531,D137215
Q16698,D137215
Q96FI4,D137215
Q9Y3R4,D137215
P12429,D137215
P58335,D137215
P05162,D137215
P22392,D137215
P16144,D137215
O15169,D137215
P07998,D137215
P30291,D137215
P11509,D137215
P07384,D137215
Q9NXA8,D137215
P35625,D137215
Q86VB7,D137215
P48357,D137215
P21926,D137215
Q02763,D137215
P04637,D137215
O96017,D137215
O14757,D137215
Q92847,D137215
P05305,D137215
P00403,D137215
P41597,D137215
P05067,D137215
P23560,D137215
P33151,D137215
Q96GD4,D137215
P15328,D137215
O15392,D137215
Q13443,D137215
Q9NPF7,D137215
P43235,D137215
P05019,D137215
Q96AE4,D137215
P10644,D137215
P50052,D137215
P09429,D137215
Q13233,D137215
P04792,D137215
O14763,D137215
Q15116,D137215
Q9NZQ7,D137215
Q99527,D137215
P02647,D137215
P01024,D137215
P20963,D137215
Q13421,D137215
Q14790,D137215
Q9Y6Q6,D137215
P40763,D137215
Q07011,D137215
Q969F8,D137215
P25963,D137215
Q14956,D137215
P10636,D137215
P04439,D137215
P40933,D137215
P01308,D137215
P15391,D137215
P15941,D137215
P25092,D137215
Q12884,D137215
Q07817,D137215
Q07820,D137215
P30411,D137215
Q00613,D137215
O14788,D137215
P05112,D137215
P35408,D137215
P56524,D137215
Q8WUI4,D137215
P32745,D137215
P05181,D137215
P33261,D137215
P22309,D137215
P04798,D137215
P20813,D137215
P25024,D137215
Q8N8N7,D137215
Q9Y5Y4,D137215
Q8IZS8,D137215
P38606,D137215
P62745,D137215
P05556,D137215
P06756,D137215
Q9NPC2,D137215
P32297,D137215
P30532,D137215
P29034,D137215
Q9NZV8,D137215
Q9UK17,D137215
Q16620,D137215
Q07864,D137215
Q9NRF9,D137215
P07098,D137215
P11717,D137215
O75493,D137215
P09238,D137215
P09237,D137215
P24347,D137215
P50281,D137215
Q8N119,D137215
Q9Y5R2,D137215
Q9H239,D137215
P35869,D137215
Q15788,D137215
Q9UNA0,D137215
P63092,D137215
P20248,D137215
Q13526,D137215
P53350,D137215
P30153,D137215
P61626,D137215
P78536,D137215
P31151,D137215
P45984,D137215
Q99933,D137215
P11142,D137215
P61769,D137215
Q13133,D137215
P36897,D137215
P24666,D137215
O43293,D137215
Q9UQF2,D137215
P45983,D137215
P33981,D137215
P42892,D137215
P51955,D137215
Q9NQS7,D137215
P62136,D137215
Q8IVS2,D137215
P84077,D137215
P62829,D137215
P61313,D137215
P62913,D137215
P60174,D137215
Q14994,D137215
P47985,D137215
Q15118,D137215
P41743,D137215
P25786,D137215
O14818,D137215
Q16877,D137215
P11488,D137215
P09466,D137215
P20674,D137215
P10176,D137215
P41235,D137215
P98155,D137215
P01116,D137215
Q00536,D137215
P01889,D137215
O00141,D137215
Q9P289,D137215
P07737,D137215
P23458,D137215
P08758,D137215
O75116,D137215
P06731,D137215
P62330,D137215
P15151,D137215
O15143,D137215
P61160,D137215
P61158,D137215
O15144,D137215
Q12866,D137215
P13639,D137215
P05187,D137215
P07948,D137215
Q15120,D137215
O00182,D137215
P26447,D137215
P14550,D137215
O60218,D137215
Q92793,D137215
Q15648,D137215
O43612,D137215
Q15796,D137215
P15170,D137215
P04179,D137215
P00558,D137215
Q03403,D137215
P01920,D137215
P08670,D137215
P11172,D137215
P22694,D137215
P22570,D137215
P11226,D137215
P35749,D137215
P51178,D137215
P09382,D137215
P20645,D137215
P15813,D137215
Q9NPH2,D137215
P30084,D137215
Q99798,D137215
P10600,D137215
P20823,D137215
P35241,D137215
P19883,D137215
P48735,D137215
P68104,D137215
P35398,D137215
Q9NTG7,D137215
P29323,D137215
P0CG47,D137215
P05062,D137215
P14621,D137215
Q92993,D137215
O60264,D137215
Q92830,D137215
P78330,D137215
Q99873,D137215
Q9UQB9,D137215
P13611,D137215
P60953,D137215
Q99661,D137215
Q96QT4,D137215
Q9UL54,D137215
Q99835,D137215
P01106,D137215
O75330,D137215
Q13882,D137215
P01583,D137215
P18510,D137215
P28062,D137215
Q16832,D137215
Q5XXA6,D137215
Q14145,D137215
P53667,D137215
Q15303,D137215
P02795,D137215
Q9HAB3,D137215
P02786,D137215
Q13315,D137215
Q05513,D137215
Q01118,D137215
P04839,D137215
P19878,D137215
P54646,D137215
Q14573,D137215
P18848,D137215
P17544,D137215
Q07021,D137215
Q6UX15,D137215
P10599,D137215
P60709,D137215
O95259,D137215
O00299,D137215
P17676,D137215
P60484,D137215
Q04206,D137215
Q9HC97,D137215
Q9NYL2,D137215
P09936,D137215
Q8TDU6,D137215
Q9C0B1,D137215
Q9Y5S8,D137215
P06733,D137215
P29590,D137215
O75340,D137215
Q969S2,D137215
P46939,D137215
Q06830,D137215
Q16552,D137215
O43613,D137215
P21453,D137215
Q9UQL6,D137215
P04733,D137215
Q99828,D137215
P30626,D137215
P80303,D137215
P0DP24,D137215
P0DP25,D137215
Q96FQ6,D137215
P05109,D137215
P10809,D137215
P48723,D137215
P22626,D137215
P14866,D137215
P63244,D137215
P09525,D137215
P31948,D137215
P56537,D137215
P60842,D137215
P51858,D137215
P18669,D137215
P30101,D137215
P04155,D137215
Q96RI0,D137215
P31260,D137215
P08648,D137215
F7VJQ1,D137215
P04080,D137215
P06702,D137215
O15350,D137215
Q92570,D137215
P32004,D137215
P12644,D137215
Q8TCT9,D137215
Q9UJU2,D137215
P38936,D137215
P39748,D137215
Q14457,D137215
P54652,D137215
P61978,D137215
P34932,D137215
Q92598,D137215
P17980,D137215
P60903,D137215
Q969G3,D137215
O43399,D137215
P06753,D137215
P54578,D137215
P12004,D137215
P02765,D137215
P04003,D137215
P10909,D137215
P45973,D137215
P51884,D137215
P81605,D137215
P15924,D137215
P02538,D137215
P21333,D137215
Q14103,D137215
P46940,D137215
P06748,D137215
P27635,D137215
Q07020,D137215
P62277,D137215
P39019,D137215
P62753,D137215
P37802,D137215
Q07955,D137215
Q16518,D137215
Q9HBA0,D137215
P35579,D137215
P17844,D137215
P36894,D137215
P31391,D137215
Q9HC29,D137215
P22897,D137215
Q92911,D137215
P20393,D137215
Q9Y6E0,D137215
Q9BYT3,D137215
Q9UHD2,D137215
Q9UKI8,D137215
O75385,D137215
P30530,D137215
P51813,D137215
Q96RR4,D137215
Q00532,D137215
Q92772,D137215
P49760,D137215
Q9UIK4,D137215
O15075,D137215
P21709,D137215
P29320,D137215
P54764,D137215
P29322,D137215
P54762,D137215
Q9H2X6,D137215
Q9UPZ9,D137215
Q14164,D137215
P51617,D137215
O95835,D137215
Q92918,D137215
O95819,D137215
Q8TD08,D137215
Q13164,D137215
Q9P0L2,D137215
Q7KZI7,D137215
Q14680,D137215
Q04912,D137215
O15146,D137215
Q15746,D137215
P51956,D137215
Q16288,D137215
O60285,D137215
Q9H093,D137215
Q13153,D137215
Q13177,D137215
O96013,D137215
Q9P286,D137215
Q86V86,D137215
Q99640,D137215
Q9NYY3,D137215
Q9H4B4,D137215
O00444,D137215
Q13546,D137215
O43353,D137215
P08922,D137215
O75716,D137215
P01350,D137215
Q15910,D137215
Q92482,D137215
Q99814,D137215
O14980,D137215
Q9NPA2,D137215
Q86U10,D137215
Q8IXJ6,D137215
P35232,D137215
P51679,D137215
Q96NY8,D137215
Q99572,D137215
Q9Y6J6,D137215
P53396,D137215
P41222,D137215
Q9Y6K1,D137215
P00738,D137215
P21860,D137215
P09758,D137215
P06307,D137215
P29350,D137215
Q8N8Y2,D137215
P20702,D137215
Q9H2H9,D137215
P55211,D137215
P16278,D137215
Q9UBC3,D137215
O15123,D137215
P01911,D137400
P08779,D137400
P02538,D137400
P19113,D137580
P30542,D137580
P21728,D137580
P21554,D137580
Q8IWU9,D137580
P14618,D137580
P09172,D137580
P21918,D137580
P36888,D137580
P14679,D137580
P08913,D137580
P08908,D137580
P46098,D137580
P04818,D137580
P21917,D137580
P41595,D137580
Q13224,D137580
P55017,D137580
P28223,D137580
P23975,D137580
P35348,D137580
P28329,D137580
P28335,D137580
P14778,D137580
P35462,D137580
P07101,D137580
Q01959,D137580
P34969,D137580
P24298,D137580
P01375,D137580
P31645,D137580
P14416,D137580
P11473,D137580
P28222,D137580
P09211,D137580
P43681,D137580
P37840,D137580
P29274,D137580
P98164,D137580
P10145,D137580
P29460,D137580
P60568,D137580
P13500,D137580
P01584,D137580
P43005,D137580
P30793,D137580
P49841,D137580
P19367,D137580
P43003,D137580
O60760,D137580
Q9Y5Y6,D137580
P09874,D137580
Q99250,D137580
Q9NY46,D137580
P21964,D137580
P21397,D137580
P48544,D137580
P10620,D137580
O60674,D137580
P01911,D137580
P04141,D137580
P22301,D137580
P39905,D137580
P42768,D137580
P04637,D137580
P23560,D137580
P40763,D137580
P04439,D137580
Q9NPC2,D137580
P24666,D137580
P09848,D137580
P20472,D137580
P04053,D137580
P09104,D137580
P01583,D137580
P18510,D137580
O95264,D137580
Q07021,D137580
Q9ULB1,D137580
O60502,D137580
Q92570,D137580
Q8NFD2,D137580
Q13163,D137580
O95363,D137750
P14780,D137750
P03372,D137750
P08588,D137750
P10826,D137750
P16442,D137750
P12821,D137750
P05121,D137750
P35354,D137750
P23975,D137750
P43088,D137750
P08253,D137750
P04278,D137750
P07550,D137750
P01375,D137750
P15121,D137750
Q92731,D137750
P09488,D137750
P30711,D137750
P03956,D137750
P27169,D137750
P10145,D137750
P15502,D137750
P01019,D137750
P17302,D137750
Q16678,D137750
P02649,D137750
P07900,D137750
P42898,D137750
Q16760,D137750
P43115,D137750
O00206,D137750
P04141,D137750
O60547,D137750
P04637,D137750
O96017,D137750
Q9NNW7,D137750
P23560,D137750
P22570,D137750
Q9UGJ0,D137750
Q9NP56,D137750
P28907,D137750
Q9ULU8,D137750
Q99829,D137750
P38936,D137750
P39019,D137750
Q9UHD2,D137750
P35228,D137760
P50213,D137760
P23219,D137760
P02452,D137760
P14780,D137760
P35610,D137760
O95477,D137760
P03372,D137760
P22888,D137760
P15692,D137760
O76074,D137760
P00747,D137760
P16442,D137760
P12821,D137760
P05121,D137760
O76054,D137760
P35354,D137760
P29474,D137760
P09455,D137760
P00395,D137760
P35968,D137760
Q13224,D137760
P31749,D137760
Q13936,D137760
P01130,D137760
P48039,D137760
P25101,D137760
P02768,D137760
P43088,D137760
P08253,D137760
P03891,D137760
P47712,D137760
P01589,D137760
Q13131,D137760
P04278,D137760
P54289,D137760
P07550,D137760
P01375,D137760
P00439,D137760
P51788,D137760
P00533,D137760
P11473,D137760
Q92731,D137760
P04150,D137760
P09488,D137760
Q9Y2Q3,D137760
P09211,D137760
P30711,D137760
O60895,D137760
P29972,D137760
P05231,D137760
P03956,D137760
P07339,D137760
P01579,D137760
P49888,D137760
P01137,D137760
Q13464,D137760
P60568,D137760
P08183,D137760
P21980,D137760
P15502,D137760
P13500,D137760
P01584,D137760
P05164,D137760
P19838,D137760
P17302,D137760
P11021,D137760
P06881,D137760
P04156,D137760
Q16678,D137760
P08254,D137760
P02649,D137760
O60603,D137760
O60760,D137760
P02751,D137760
O15439,D137760
P28161,D137760
P61586,D137760
P25942,D137760
P39900,D137760
P04040,D137760
P30405,D137760
P06132,D137760
P09874,D137760
Q96AZ6,D137760
P09486,D137760
P42898,D137760
P50750,D137760
Q9Y2J8,D137760
P10635,D137760
Q9UBN7,D137760
Q00653,D137760
P00441,D137760
P27695,D137760
P01911,D137760
O00206,D137760
Q96EB6,D137760
P22301,D137760
O60547,D137760
P35625,D137760
Q02763,D137760
P04637,D137760
P05305,D137760
P00403,D137760
Q9NNW7,D137760
P05067,D137760
P23560,D137760
P33151,D137760
Q13233,D137760
P04792,D137760
P01024,D137760
P04439,D137760
P33261,D137760
P04798,D137760
P06756,D137760
P08758,D137760
O75116,D137760
P11684,D137760
P04179,D137760
P01920,D137760
P11226,D137760
P10600,D137760
P62826,D137760
P01583,D137760
P18510,D137760
P04731,D137760
Q14573,D137760
Q07021,D137760
P60709,D137760
P63261,D137760
P60484,D137760
P07438,D137760
P04732,D137760
P04733,D137760
P13640,D137760
P80294,D137760
Q8N339,D137760
P80297,D137760
P02656,D137760
P10809,D137760
P31948,D137760
P08648,D137760
F7VJQ1,D137760
P12644,D137760
Q16602,D137760
P38936,D137760
P34932,D137760
P10909,D137760
P35858,D137760
Q14624,D137760
P01011,D137760
Q9NYP7,D137760
Q9UHD2,D137760
P30530,D137760
O15075,D137760
P08922,D137760
P16278,D137760
O15123,D137760
Q9UI32,D137800
P17948,D137800
P04049,D137800
P00734,D137800
P14780,D137800
P35610,D137800
P10275,D137800
P15692,D137800
P09619,D137800
P00747,D137800
Q15758,D137800
P06858,D137800
P10415,D137800
P14679,D137800
P35354,D137800
Q04771,D137800
Q99624,D137800
P02766,D137800
P35968,D137800
P00505,D137800
P02794,D137800
P04083,D137800
P00338,D137800
P31749,D137800
P30988,D137800
P10398,D137800
O15528,D137800
P29466,D137800
Q96A70,D137800
P10721,D137800
P07202,D137800
P41180,D137800
P04626,D137800
Q15274,D137800
P02768,D137800
Q04609,D137800
P47895,D137800
P15056,D137800
P08253,D137800
Q01959,D137800
P14784,D137800
P19235,D137800
P01375,D137800
P06729,D137800
P05023,D137800
P30536,D137800
P11388,D137800
P51788,D137800
P00533,D137800
P33527,D137800
Q92731,D137800
P09488,D137800
Q9Y2Q3,D137800
P09211,D137800
P30711,D137800
Q13255,D137800
O94925,D137800
P42262,D137800
Q14833,D137800
P33681,D137800
P16234,D137800
Q14289,D137800
P00749,D137800
P20810,D137800
P08581,D137800
P05231,D137800
P61073,D137800
P03956,D137800
P28482,D137800
P01574,D137800
P07858,D137800
P01579,D137800
P20333,D137800
P01009,D137800
P01133,D137800
P27986,D137800
P06730,D137800
P16220,D137800
P10145,D137800
O95831,D137800
P13501,D137800
P29460,D137800
P01137,D137800
P35222,D137800
Q00987,D137800
P09038,D137800
Q13464,D137800
Q16539,D137800
P06850,D137800
P24385,D137800
P48549,D137800
P08183,D137800
P04629,D137800
P13500,D137800
P01584,D137800
P27361,D137800
O60858,D137800
P04004,D137800
Q06124,D137800
P24941,D137800
P01112,D137800
P06493,D137800
P05362,D137800
P17302,D137800
P11021,D137800
P06881,D137800
P19367,D137800
P63000,D137800
P16070,D137800
P08254,D137800
P07900,D137800
P14210,D137800
P01100,D137800
P00450,D137800
P22061,D137800
P16455,D137800
P05106,D137800
P98170,D137800
O60760,D137800
P07355,D137800
Q9NR96,D137800
P31751,D137800
P13726,D137800
P30086,D137800
P02751,D137800
P41594,D137800
P08842,D137800
P22455,D137800
P04040,D137800
O75874,D137800
P04183,D137800
P48736,D137800
P17931,D137800
Q92876,D137800
Q9Y286,D137800
P50613,D137800
P27797,D137800
P06400,D137800
P11362,D137800
P09486,D137800
Q6ZQY3,D137800
P42898,D137800
Q00534,D137800
P11802,D137800
P23284,D137800
Q13427,D137800
Q14832,D137800
Q08493,D137800
Q16665,D137800
P42336,D137800
O00459,D137800
P42345,D137800
P00441,D137800
O00329,D137800
P42338,D137800
P24394,D137800
Q14627,D137800
Q16790,D137800
P35225,D137800
O14746,D137800
P54760,D137800
Q96EB6,D137800
P07237,D137800
P04141,D137800
P22301,D137800
P39905,D137800
P30291,D137800
Q02763,D137800
P04637,D137800
P00403,D137800
P41597,D137800
P23560,D137800
Q96GD4,D137800
O15392,D137800
P43235,D137800
P05019,D137800
Q92934,D137800
P10644,D137800
P09429,D137800
O14763,D137800
Q15116,D137800
Q9NZQ7,D137800
Q13421,D137800
Q14790,D137800
P40763,D137800
P25963,D137800
Q14956,D137800
P04439,D137800
P01127,D137800
Q07820,D137800
P30411,D137800
P05112,D137800
P20813,D137800
Q16620,D137800
P24347,D137800
P50281,D137800
Q99542,D137800
P63092,D137800
P53350,D137800
P78536,D137800
Q99933,D137800
P45983,D137800
P51955,D137800
Q14994,D137800
P09466,D137800
P20674,D137800
P10176,D137800
Q9H2G2,D137800
P01889,D137800
Q9UHY7,D137800
P15151,D137800
O00182,D137800
P08670,D137800
P09382,D137800
P48735,D137800
P29323,D137800
P61587,D137800
P13611,D137800
P60953,D137800
Q96QT4,D137800
P01106,D137800
P01583,D137800
Q14145,D137800
P02786,D137800
Q13315,D137800
Q9Y2D1,D137800
Q6UX15,D137800
P60709,D137800
P05090,D137800
P60484,D137800
P09936,D137800
Q8NBP7,D137800
P31260,D137800
P32004,D137800
P12644,D137800
P38936,D137800
Q14457,D137800
Q9NR28,D137800
P34932,D137800
P06753,D137800
P12004,D137800
P36955,D137800
Q92945,D137800
P37802,D137800
P22897,D137800
Q92911,D137800
Q9P2K8,D137800
P54762,D137800
Q14164,D137800
Q14680,D137800
Q15746,D137800
Q16288,D137800
P08922,D137800
P01350,D137800
Q15910,D137800
Q99814,D137800
O14980,D137800
Q8IXJ6,D137800
P51679,D137800
P04196,D137800
P09758,D137800
Q9Y487,D137800
Q9H2H9,D137800
P16278,D137800
O15123,D137800
P05305,D138800
P14780,D140300
P35610,D140300
P13631,D140300
P10415,D140300
P35354,D140300
P00740,D140300
Q99259,D140300
P16473,D140300
P07202,D140300
P04626,D140300
P20701,D140300
P15056,D140300
P01589,D140300
P10276,D140300
P01375,D140300
P11473,D140300
Q92731,D140300
P16410,D140300
P51681,D140300
P05231,D140300
P28482,D140300
P02778,D140300
P01579,D140300
P13500,D140300
P01584,D140300
P05362,D140300
P01374,D140300
P17302,D140300
P21589,D140300
P06881,D140300
P42574,D140300
P05113,D140300
P48736,D140300
P00751,D140300
Q96AZ6,D140300
P15104,D140300
P42336,D140300
O00329,D140300
P42338,D140300
P07949,D140300
P01911,D140300
O14746,D140300
P22301,D140300
P51687,D140300
P01270,D140300
P00403,D140300
P05019,D140300
P09429,D140300
Q9NZQ7,D140300
P01563,D140300
P01024,D140300
P09693,D140300
P04439,D140300
P01308,D140300
P05112,D140300
P01889,D140300
P01920,D140300
P29323,D140300
P01583,D140300
P13762,D140300
P08686,D140300
P49908,D140300
Q9HC97,D140300
Q16552,D140300
Q5S007,D140300
P35228,D140600
P50213,D140600
P23219,D140600
P35916,D140600
P02452,D140600
P17948,D140600
O00217,D140600
P12259,D140600
P24530,D140600
P20309,D140600
P14780,D140600
P13674,D140600
P21554,D140600
P30556,D140600
Q07869,D140600
P10912,D140600
P00492,D140600
P02792,D140600
P14618,D140600
P34972,D140600
P35610,D140600
P51606,D140600
P07741,D140600
O95477,D140600
P17752,D140600
P03372,D140600
P08700,D140600
Q04828,D140600
P10275,D140600
Q9NYK1,D140600
Q99720,D140600
P15692,D140600
P31040,D140600
P45381,D140600
O15374,D140600
P10826,D140600
Q09428,D140600
P00747,D140600
P16442,D140600
P37231,D140600
P12821,D140600
O75746,D140600
P05121,D140600
P10415,D140600
P09917,D140600
P80404,D140600
Q9Y478,D140600
P40939,D140600
P35354,D140600
Q04771,D140600
P00797,D140600
P01008,D140600
P34897,D140600
P16050,D140600
P08620,D140600
P28845,D140600
P00395,D140600
P02766,D140600
P19801,D140600
P00740,D140600
P43116,D140600
P35968,D140600
P25103,D140600
P08246,D140600
P38435,D140600
Q13224,D140600
P0DP23,D140600
P41143,D140600
P04181,D140600
P31749,D140600
P30988,D140600
Q14432,D140600
Q96Q40,D140600
P29466,D140600
O15427,D140600
P22413,D140600
P37023,D140600
P49821,D140600
P43155,D140600
P01130,D140600
P03886,D140600
P41180,D140600
O94788,D140600
P28329,D140600
P25101,D140600
Q9P0J0,D140600
P04406,D140600
Q12791,D140600
P14778,D140600
Q9NWM0,D140600
Q04609,D140600
P08559,D140600
P13612,D140600
P52895,D140600
P18031,D140600
P41145,D140600
P42261,D140600
P08253,D140600
P14784,D140600
P03891,D140600
P47712,D140600
P01589,D140600
P10276,D140600
Q13131,D140600
P04278,D140600
P10827,D140600
P05230,D140600
P17735,D140600
P14902,D140600
P07550,D140600
P01375,D140600
Q03405,D140600
P02818,D140600
P09601,D140600
P30536,D140600
P12081,D140600
P21802,D140600
P78540,D140600
Q9UBK8,D140600
P00533,D140600
P35372,D140600
P11473,D140600
Q92731,D140600
P04150,D140600
P09488,D140600
Q9Y2Q3,D140600
O15217,D140600
P07203,D140600
P30711,D140600
O94925,D140600
P42081,D140600
P16234,D140600
P07333,D140600
P27487,D140600
P43220,D140600
Q02750,D140600
Q14289,D140600
P02741,D140600
P29972,D140600
Q9UKV0,D140600
P19440,D140600
P26358,D140600
P00749,D140600
P49747,D140600
O75015,D140600
P20810,D140600
P30044,D140600
P01023,D140600
P51681,D140600
P05451,D140600
P08581,D140600
P05231,D140600
P61073,D140600
P03956,D140600
P28482,D140600
P01574,D140600
P25116,D140600
P27169,D140600
P02778,D140600
P07858,D140600
P07339,D140600
P01579,D140600
P01189,D140600
P20333,D140600
P01133,D140600
P27986,D140600
O75469,D140600
P16220,D140600
P49327,D140600
P10145,D140600
Q04760,D140600
P45452,D140600
P05120,D140600
P17936,D140600
P13501,D140600
P35568,D140600
P01137,D140600
P35222,D140600
P32418,D140600
O14965,D140600
O60488,D140600
Q9Y275,D140600
Q00987,D140600
Q03181,D140600
P09038,D140600
P01042,D140600
Q16539,D140600
P03951,D140600
Q8NER1,D140600
P63316,D140600
P06850,D140600
P24385,D140600
P60568,D140600
P21980,D140600
P04629,D140600
P05412,D140600
P04275,D140600
P15502,D140600
P13500,D140600
P01584,D140600
P35557,D140600
P11166,D140600
P01019,D140600
P27361,D140600
P04004,D140600
Q06124,D140600
P24941,D140600
P16581,D140600
P05164,D140600
P15144,D140600
P06493,D140600
P80188,D140600
P05362,D140600
P19838,D140600
P23297,D140600
P06870,D140600
Q9UM07,D140600
P01138,D140600
P17302,D140600
P21589,D140600
P53779,D140600
P11021,D140600
P15309,D140600
P06881,D140600
P04156,D140600
P35247,D140600
P19367,D140600
P63000,D140600
Q16678,D140600
P16070,D140600
P19320,D140600
P08254,D140600
P02649,D140600
P07900,D140600
P14210,D140600
Q08345,D140600
P08697,D140600
P01100,D140600
P02776,D140600
P27815,D140600
P36969,D140600
P19438,D140600
P02774,D140600
Q15858,D140600
P48745,D140600
P16444,D140600
P48061,D140600
O14920,D140600
P05106,D140600
P98170,D140600
P42574,D140600
O60603,D140600
P14625,D140600
O60760,D140600
Q9NR96,D140600
P31751,D140600
P63104,D140600
P04271,D140600
P02751,D140600
P22894,D140600
P15559,D140600
P61586,D140600
O15530,D140600
P25942,D140600
P08842,D140600
P39900,D140600
P06744,D140600
P80511,D140600
P04040,D140600
P05113,D140600
Q9P2W7,D140600
Q9NP99,D140600
Q9UN19,D140600
P43403,D140600
P48736,D140600
P17931,D140600
P49137,D140600
P20231,D140600
Q9BY41,D140600
P25774,D140600
Q9Y286,D140600
Q9Y5Y6,D140600
P04075,D140600
P23526,D140600
P09874,D140600
P55210,D140600
P52732,D140600
P14174,D140600
P37173,D140600
Q05315,D140600
P32119,D140600
Q16881,D140600
Q9NY46,D140600
Q9UQD0,D140600
P62508,D140600
P21964,D140600
P11511,D140600
P00736,D140600
P08637,D140600
P31785,D140600
P05452,D140600
P27797,D140600
Q07954,D140600
P29120,D140600
Q16270,D140600
P05981,D140600
P11362,D140600
P22607,D140600
P07711,D140600
P02458,D140600
Q96LZ3,D140600
Q96EN8,D140600
P42898,D140600
O00469,D140600
O00519,D140600
O75936,D140600
P19021,D140600
P50750,D140600
Q8IVL6,D140600
P00813,D140600
Q9GZT9,D140600
O15460,D140600
P10768,D140600
P35754,D140600
Q6TGC4,D140600
Q9Y2J8,D140600
P67775,D140600
Q13427,D140600
P20618,D140600
P10635,D140600
Q13547,D140600
Q92769,D140600
O15379,D140600
Q9UBN7,D140600
Q16665,D140600
P43115,D140600
P42336,D140600
P20292,D140600
Q92569,D140600
P42345,D140600
P00441,D140600
P08865,D140600
O14672,D140600
O00329,D140600
P42338,D140600
O60674,D140600
P43490,D140600
P01911,D140600
Q05655,D140600
P24394,D140600
Q14627,D140600
P06280,D140600
P35225,D140600
Q8WXI7,D140600
O00206,D140600
P32320,D140600
P54760,D140600
Q96EB6,D140600
P07237,D140600
P45880,D140600
P10147,D140600
P04141,D140600
P22301,D140600
Q92831,D140600
P31949,D140600
P08887,D140600
P80075,D140600
Q05397,D140600
Q16698,D140600
P49763,D140600
P15289,D140600
P18509,D140600
P15086,D140600
O60547,D140600
P22392,D140600
P01270,D140600
O15169,D140600
P35625,D140600
Q86VB7,D140600
P48357,D140600
Q02763,D140600
P04637,D140600
P05305,D140600
P00403,D140600
P41597,D140600
P51671,D140600
P05067,D140600
P23560,D140600
Q5NUL3,D140600
P33151,D140600
Q96IY4,D140600
Q9NPF7,D140600
P43235,D140600
P05019,D140600
Q92934,D140600
P10644,D140600
P50052,D140600
P09429,D140600
Q02224,D140600
O14793,D140600
Q15116,D140600
Q9NZQ7,D140600
P02647,D140600
P01024,D140600
P20963,D140600
Q14790,D140600
Q9Y6Q6,D140600
P40763,D140600
P25963,D140600
Q14956,D140600
P10636,D140600
P40933,D140600
Q9NPC1,D140600
Q15722,D140600
P17813,D140600
P15391,D140600
Q12884,D140600
Q03431,D140600
Q07817,D140600
Q07820,D140600
P49674,D140600
P30411,D140600
P11597,D140600
O14788,D140600
P05112,D140600
P35408,D140600
P56524,D140600
Q8WUI4,D140600
P05186,D140600
P25024,D140600
O95749,D140600
P62745,D140600
P05556,D140600
Q16620,D140600
Q7LG56,D140600
Q8N1Q1,D140600
P09238,D140600
P09237,D140600
P50281,D140600
Q99542,D140600
Q9H239,D140600
P35869,D140600
P11474,D140600
Q9UNA0,D140600
P63092,D140600
Q15661,D140600
P53350,D140600
P30153,D140600
P78536,D140600
P61769,D140600
P36897,D140600
P45983,D140600
Q13554,D140600
P51955,D140600
P21281,D140600
O75460,D140600
P60174,D140600
P47985,D140600
Q15118,D140600
Q9UKQ2,D140600
P30301,D140600
P49720,D140600
P09466,D140600
P04054,D140600
P41235,D140600
Q00536,D140600
P16112,D140600
O00141,D140600
Q6UWM7,D140600
P08758,D140600
Q15418,D140600
P13639,D140600
Q6NVY1,D140600
O00182,D140600
Q15119,D140600
P26447,D140600
Q92793,D140600
O43612,D140600
Q15796,D140600
P04179,D140600
Q03403,D140600
P08670,D140600
P22694,D140600
P51178,D140600
P63096,D140600
P09382,D140600
Q9NPH2,D140600
P31323,D140600
P22459,D140600
P10600,D140600
P78352,D140600
P19883,D140600
P48735,D140600
P68104,D140600
P35398,D140600
Q9NTG7,D140600
P29323,D140600
P62826,D140600
P55789,D140600
Q01082,D140600
Q15382,D140600
Q99873,D140600
P60953,D140600
Q99661,D140600
O15111,D140600
P0C0L4,D140600
P0C0L5,D140600
P01106,D140600
Q14697,D140600
O75330,D140600
P49190,D140600
P01583,D140600
P18510,D140600
Q16832,D140600
Q9Y2U5,D140600
Q14145,D140600
P57059,D140600
P51812,D140600
O95644,D140600
Q05513,D140600
P04839,D140600
P13498,D140600
P14598,D140600
P54646,D140600
Q14123,D140600
P18847,D140600
P18850,D140600
P10915,D140600
Q14520,D140600
Q6UX15,D140600
P98066,D140600
P10599,D140600
P60709,D140600
O95718,D140600
P13637,D140600
P62807,D140600
O00299,D140600
P28907,D140600
P17676,D140600
P60484,D140600
P36956,D140600
Q04206,D140600
Q8TDU6,D140600
Q99571,D140600
Q9C0B1,D140600
Q16555,D140600
P06733,D140600
P08493,D140600
P46663,D140600
Q06830,D140600
Q16552,D140600
O43613,D140600
P34998,D140600
Q96DB2,D140600
Q14872,D140600
Q99653,D140600
P35556,D140600
P0DP24,D140600
P0DP25,D140600
P05109,D140600
P10809,D140600
P63244,D140600
P12814,D140600
P31946,D140600
P18669,D140600
P30101,D140600
P04155,D140600
F7VJQ1,D140600
P06702,D140600
Q92570,D140600
P12644,D140600
Q16602,D140600
Q9UJU2,D140600
P38936,D140600
Q14457,D140600
P61978,D140600
P34932,D140600
P60903,D140600
P09493,D140600
P54578,D140600
P27348,D140600
P12004,D140600
P04003,D140600
P10909,D140600
P02750,D140600
P51884,D140600
P29622,D140600
P36955,D140600
O14791,D140600
P15924,D140600
P19827,D140600
P13647,D140600
P01011,D140600
Q6FHJ7,D140600
Q92945,D140600
Q14103,D140600
Q16518,D140600
Q02083,D140600
Q9HBA0,D140600
P36894,D140600
Q9HC29,D140600
P55073,D140600
P22897,D140600
P20393,D140600
P35590,D140600
Q9UKI8,D140600
O75385,D140600
Q9C098,D140600
P19525,D140600
P29320,D140600
P54764,D140600
Q9UPZ9,D140600
Q14164,D140600
P14616,D140600
P51617,D140600
Q9Y2K2,D140600
Q16584,D140600
Q99759,D140600
Q9Y6R4,D140600
Q8IVH8,D140600
Q8N4C8,D140600
Q13177,D140600
Q15139,D140600
Q13546,D140600
O43353,D140600
P08922,D140600
Q15910,D140600
Q9BQB4,D140600
Q99814,D140600
Q9NPA2,D140600
Q8IXJ6,D140600
P51679,D140600
P11532,D140600
Q86YN6,D140600
Q99572,D140600
P53396,D140600
P41222,D140600
Q9Y6K1,D140600
P00738,D140600
P06307,D140600
Q9H2H9,D140600
P16278,D140600
Q9UBC3,D140600
Q02223,D140600
Q9NRA0,D140600
O15123,D140600
P37059,D140850
P35916,D140850
P17948,D140850
P20309,D140850
P14780,D140850
P15692,D140850
O76074,D140850
P37231,D140850
P10415,D140850
P29474,D140850
P35968,D140850
P31749,D140850
P29466,D140850
P41180,D140850
Q04609,D140850
P18031,D140850
P08253,D140850
P01375,D140850
P30536,D140850
Q14289,D140850
P29972,D140850
P05231,D140850
P28482,D140850
P00156,D140850
P01579,D140850
P10145,D140850
P17936,D140850
P01137,D140850
P09038,D140850
P24385,D140850
P04629,D140850
P13500,D140850
P01584,D140850
P11166,D140850
P01019,D140850
O60858,D140850
P01100,D140850
P07204,D140850
P98170,D140850
P42574,D140850
O75874,D140850
Q06187,D140850
P48736,D140850
P11362,D140850
P19021,D140850
Q16665,D140850
P42336,D140850
P42345,D140850
O00329,D140850
P42338,D140850
P08729,D140850
Q96EB6,D140850
Q02763,D140850
P04637,D140850
P05019,D140850
P10644,D140850
P09429,D140850
Q9NZQ7,D140850
P01563,D140850
P40763,D140850
P01303,D140850
P05556,D140850
P11717,D140850
Q14994,D140850
P01116,D140850
O75116,D140850
P08670,D140850
P48735,D140850
P29323,D140850
Q96I15,D140850
P01106,D140850
P18848,D140850
P60709,D140850
P60484,D140850
O75838,D140850
P12004,D140850
P10909,D140850
P36955,D140850
P06748,D140850
O15123,D140850
P00488,D143100
P35228,D143100
P21728,D143100
P04049,D143100
Q9H2X9,D143100
P14780,D143100
P21554,D143100
P29475,D143100
P12277,D143100
P11229,D143100
P34972,D143100
P51606,D143100
P07741,D143100
Q05940,D143100
O95477,D143100
P10275,D143100
P49419,D143100
P09172,D143100
P21918,D143100
Q99720,D143100
O43175,D143100
P15692,D143100
O76074,D143100
P03897,D143100
P10826,D143100
P37231,D143100
P12821,D143100
O15239,D143100
P06858,D143100
P05121,D143100
P29275,D143100
P10415,D143100
P09917,D143100
P00491,D143100
P80404,D143100
Q9Y478,D143100
P49902,D143100
P35354,D143100
P29474,D143100
P00797,D143100
P55011,D143100
P08908,D143100
O14727,D143100
P35520,D143100
P04818,D143100
P00374,D143100
P02766,D143100
P78348,D143100
O00555,D143100
Q05586,D143100
P35968,D143100
P47869,D143100
P60880,D143100
P19793,D143100
Q13224,D143100
P22303,D143100
P31749,D143100
P08514,D143100
O15269,D143100
P29466,D143100
P37023,D143100
P35348,D143100
Q13621,D143100
P48039,D143100
P28329,D143100
P25101,D143100
Q15274,D143100
P02768,D143100
P04406,D143100
P18089,D143100
P35462,D143100
Q05329,D143100
Q9Y617,D143100
P07101,D143100
Q9Y233,D143100
Q8TCU5,D143100
P08253,D143100
Q01959,D143100
P00390,D143100
P14784,D143100
P19429,D143100
P24298,D143100
Q13131,D143100
P04278,D143100
P14902,D143100
P11498,D143100
P01375,D143100
P02818,D143100
Q8N5Z0,D143100
Q99707,D143100
P09601,D143100
P30536,D143100
P21802,D143100
P31645,D143100
P19634,D143100
P14416,D143100
Q12879,D143100
Q9UBK8,D143100
O95470,D143100
P11473,D143100
Q09470,D143100
Q9Y2Q3,D143100
P78417,D143100
Q13002,D143100
Q16478,D143100
P07333,D143100
P01031,D143100
P43220,D143100
Q02750,D143100
Q14289,D143100
P02741,D143100
P37840,D143100
Q9UKV0,D143100
P43004,D143100
Q00535,D143100
P51692,D143100
O75015,D143100
P20810,D143100
P05231,D143100
P10997,D143100
P28482,D143100
P29274,D143100
P27169,D143100
P00156,D143100
P98164,D143100
P07225,D143100
P01579,D143100
Q6W5P4,D143100
P20333,D143100
P01133,D143100
P06730,D143100
P16220,D143100
P10145,D143100
Q04760,D143100
O95831,D143100
Q14416,D143100
P13501,D143100
P29460,D143100
Q9BYF1,D143100
P01137,D143100
P35222,D143100
Q7L0J3,D143100
Q16853,D143100
Q03181,D143100
P09038,D143100
Q13464,D143100
Q16539,D143100
P03951,D143100
P06850,D143100
P08183,D143100
P21980,D143100
P04275,D143100
P13500,D143100
P01584,D143100
P43005,D143100
P11166,D143100
P01019,D143100
P49841,D143100
P80188,D143100
P01138,D143100
P17302,D143100
P21589,D143100
P53779,D143100
P11137,D143100
P15309,D143100
P04156,D143100
P63000,D143100
P43003,D143100
P02649,D143100
P07900,D143100
P02776,D143100
P17252,D143100
P27815,D143100
P36969,D143100
P00450,D143100
P02774,D143100
P48061,D143100
O14920,D143100
P98170,D143100
P42574,D143100
O60760,D143100
P41594,D143100
P25942,D143100
P08842,D143100
Q99808,D143100
P80511,D143100
P04040,D143100
O75874,D143100
Q08188,D143100
P48736,D143100
P17931,D143100
P68371,D143100
Q9BY41,D143100
Q9Y286,D143100
P09874,D143100
P34096,D143100
Q16881,D143100
P35499,D143100
P21964,D143100
P08637,D143100
P22607,D143100
P35237,D143100
P42898,D143100
P06276,D143100
O00519,D143100
P27338,D143100
P21397,D143100
P19021,D143100
P50750,D143100
P00813,D143100
Q9BY66,D143100
P27708,D143100
Q7L266,D143100
P48664,D143100
P59796,D143100
Q96SL4,D143100
Q9H4Y5,D143100
O75899,D143100
Q13547,D143100
Q92769,D143100
O15379,D143100
Q9UBN7,D143100
Q16665,D143100
P42336,D143100
P42345,D143100
P00441,D143100
O14672,D143100
O00329,D143100
P42338,D143100
P07949,D143100
P27695,D143100
P49146,D143100
P24394,D143100
Q9H228,D143100
P35225,D143100
O00206,D143100
Q01726,D143100
Q15761,D143100
P08729,D143100
Q96EB6,D143100
P07237,D143100
P04141,D143100
P22301,D143100
P39905,D143100
P08684,D143100
P54278,D143100
Q16698,D143100
P18509,D143100
P12429,D143100
P01270,D143100
Q01064,D143100
Q16769,D143100
Q13285,D143100
Q86VB7,D143100
P04637,D143100
O96017,D143100
Q15759,D143100
P05067,D143100
P23560,D143100
P05019,D143100
P55786,D143100
P09429,D143100
Q13233,D143100
O14793,D143100
P01563,D143100
P01024,D143100
Q14790,D143100
P40763,D143100
P10636,D143100
P01303,D143100
P16615,D143100
Q12884,D143100
Q07817,D143100
Q07820,D143100
Q00613,D143100
P11597,D143100
P05112,D143100
P56524,D143100
P22309,D143100
P52209,D143100
Q16620,D143100
Q9NPD5,D143100
P50281,D143100
Q13526,D143100
P63208,D143100
Q99933,D143100
P11142,D143100
P61769,D143100
Q13133,D143100
P45983,D143100
Q15078,D143100
O75460,D143100
P09466,D143100
P41235,D143100
Q9UQM7,D143100
P0CG48,D143100
O00141,D143100
Q96GR2,D143100
Q15418,D143100
P05187,D143100
Q15120,D143100
Q92793,D143100
O43612,D143100
P04179,D143100
O75390,D143100
P20472,D143100
P11226,D143100
P51149,D143100
P17600,D143100
Q99798,D143100
P51003,D143100
Q14643,D143100
P78352,D143100
P50897,D143100
Q9NTG7,D143100
P29323,D143100
Q9GZU7,D143100
P62491,D143100
P62826,D143100
P0CG47,D143100
P55072,D143100
Q96I15,D143100
Q9Y646,D143100
P22460,D143100
P17658,D143100
P01583,D143100
P36507,D143100
Q14145,D143100
P53667,D143100
P04731,D143100
P02786,D143100
Q13315,D143100
P04839,D143100
P54646,D143100
Q14573,D143100
P15336,D143100
P18848,D143100
Q9Y2D1,D143100
P18850,D143100
P60709,D143100
P49908,D143100
P09936,D143100
Q16555,D143100
P08493,D143100
P46939,D143100
Q16552,D143100
P49281,D143100
P07438,D143100
P04732,D143100
P04733,D143100
P13640,D143100
P80294,D143100
Q8N339,D143100
P80297,D143100
Q99828,D143100
P30626,D143100
P22676,D143100
P10809,D143100
P07288,D143100
F7VJQ1,D143100
Q16595,D143100
P42858,D143100
Q15238,D143100
P53805,D143100
P38936,D143100
P39748,D143100
Q14457,D143100
Q9NR28,D143100
P34932,D143100
P12004,D143100
P02765,D143100
P35858,D143100
P05160,D143100
Q92945,D143100
P21333,D143100
P06748,D143100
P39019,D143100
Q02083,D143100
P31391,D143100
P22897,D143100
O75385,D143100
Q00532,D143100
Q9UIK4,D143100
Q9C098,D143100
P19525,D143100
P29320,D143100
Q9H422,D143100
P52564,D143100
Q96PY6,D143100
Q16513,D143100
O43353,D143100
P08922,D143100
Q9BQB4,D143100
Q8IXJ6,D143100
P11532,D143100
Q86YN6,D143100
Q99572,D143100
Q9UQ05,D143100
Q96L42,D143100
Q92800,D143100
P00738,D143100
P52429,D143100
Q02223,D143100
Q9NRA0,D143100
O15123,D143100
P21728,D143465
P21554,D143465
P29475,D143465
P51843,D143465
P00492,D143465
Q8IWU9,D143465
Q13639,D143465
P07741,D143465
Q05940,D143465
P17752,D143465
P05091,D143465
P09172,D143465
Q9UHW9,D143465
P21918,D143465
P15692,D143465
P31040,D143465
P23786,D143465
P30531,D143465
P49902,D143465
Q16773,D143465
P08913,D143465
P08908,D143465
P46098,D143465
P10828,D143465
P35520,D143465
P18825,D143465
O00555,D143465
P48029,D143465
Q99259,D143465
P04070,D143465
P25103,D143465
P21917,D143465
P60880,D143465
Q13224,D143465
P31749,D143465
Q13936,D143465
P28223,D143465
P28566,D143465
P23975,D143465
P35348,D143465
P07202,D143465
P04626,D143465
P48039,D143465
P25101,D143465
P02768,D143465
P28335,D143465
P18089,D143465
P35368,D143465
P35462,D143465
P07101,D143465
P11586,D143465
Q13085,D143465
Q9Y233,D143465
P42261,D143465
Q01959,D143465
P28221,D143465
P10276,D143465
Q9NYX4,D143465
P08235,D143465
P53985,D143465
P04278,D143465
P10827,D143465
P07550,D143465
P11498,D143465
P48443,D143465
Q14654,D143465
Q99707,D143465
P31645,D143465
P00439,D143465
P14416,D143465
Q12879,D143465
P35372,D143465
P11473,D143465
P04150,D143465
P28222,D143465
Q13255,D143465
Q16478,D143465
P42262,D143465
Q14831,D143465
O00222,D143465
P30559,D143465
Q93088,D143465
P43681,D143465
P17787,D143465
Q16568,D143465
P05771,D143465
P02741,D143465
P37840,D143465
Q06520,D143465
O60427,D143465
Q00535,D143465
P05451,D143465
P05231,D143465
P29274,D143465
P25116,D143465
P27169,D143465
P01579,D143465
P50406,D143465
P01189,D143465
Q6W5P4,D143465
P01009,D143465
P01133,D143465
P52788,D143465
Q9Y5N1,D143465
Q99497,D143465
P62937,D143465
P09038,D143465
P60568,D143465
P48051,D143465
P04629,D143465
P01584,D143465
P30793,D143465
P01019,D143465
P49841,D143465
P19838,D143465
P01138,D143465
P19367,D143465
P43003,D143465
P02649,D143465
P14210,D143465
P08697,D143465
P27815,D143465
P42574,D143465
P04271,D143465
P02751,D143465
P41594,D143465
P25942,D143465
P08842,D143465
P04040,D143465
P05113,D143465
Q08499,D143465
P48736,D143465
P17931,D143465
P49789,D143465
O00408,D143465
P21964,D143465
P63027,D143465
Q8N9I0,D143465
P20711,D143465
Q6YP21,D143465
P42898,D143465
Q96DP5,D143465
P06276,D143465
O00519,D143465
P27338,D143465
P21397,D143465
P48544,D143465
Q9NXG6,D143465
O95864,D143465
O14521,D143465
Q9ULC6,D143465
P36544,D143465
P28472,D143465
Q08289,D143465
P10635,D143465
P42336,D143465
P00441,D143465
O00329,D143465
P42338,D143465
P01911,D143465
Q05655,D143465
P08729,D143465
P04141,D143465
P22301,D143465
P08684,D143465
Q9NQX3,D143465
P23141,D143465
P01270,D143465
P51671,D143465
P05067,D143465
P23560,D143465
Q99527,D143465
P01303,D143465
P01308,D143465
P25092,D143465
P20813,D143465
P46597,D143465
Q9Y2I1,D143465
P30926,D143465
P32297,D143465
P30532,D143465
Q15825,D143465
Q05901,D143465
Q16620,D143465
Q08462,D143465
O43293,D143465
P30301,D143465
P07737,D143465
O43612,D143465
Q9BY32,D143465
P04053,D143465
O14594,D143465
Q96MA6,D143465
P78330,D143465
Q96I15,D143465
P0C0L4,D143465
P0C0L5,D143465
P47898,D143465
P48547,D143465
P01583,D143465
P18510,D143465
Q13315,D143465
Q9Y698,D143465
Q14573,D143465
P10599,D143465
Q9HBK9,D143465
Q9ULB1,D143465
P28907,D143465
P60484,D143465
P54756,D143465
Q9C0B1,D143465
Q99828,D143465
P07288,D143465
Q8TCG2,D143465
Q15238,D143465
P35858,D143465
P81605,D143465
Q06033,D143465
P31391,D143465
Q8NFD2,D143465
O15075,D143465
P54762,D143465
P14616,D143465
Q9P0L2,D143465
Q16288,D143465
O60285,D143465
Q99640,D143465
P01350,D143465
P32245,D143465
P11532,D143465
Q9ULD8,D143465
P41222,D143465
P00738,D143465
Q86XP1,D143465
O75185,D143465
Q9UBC3,D143465
Q07869,D143500
P16442,D143500
Q9Y478,D143500
P49902,D143500
P24298,D143500
Q13131,D143500
P05231,D143500
Q12882,D143500
P01584,D143500
Q92887,D143500
P11413,D143500
P21589,D143500
P15309,D143500
P16109,D143500
P06132,D143500
P10635,D143500
O60656,D143500
P22309,D143500
Q12908,D143500
P54646,D143500
P03372,D143880
Q9Y4W6,D143880
P12821,D143880
P00918,D143880
P55017,D143880
P30988,D143880
O15528,D143880
P51170,D143880
Q13621,D143880
P41180,D143880
P02768,D143880
P01375,D143880
P02818,D143880
P00533,D143880
P11473,D143880
Q9Y2Q3,D143880
P05231,D143880
P01579,D143880
P01189,D143880
P60568,D143880
P15502,D143880
P01584,D143880
O60858,D143880
P05164,D143880
P01374,D143880
P17302,D143880
P06881,D143880
P13569,D143880
P22455,D143880
P80511,D143880
P22607,D143880
Q7L266,D143880
Q07973,D143880
P07949,D143880
P01911,D143880
P10147,D143880
P04141,D143880
P01270,D143880
P04637,D143880
P05305,D143880
Q9BUF5,D143880
P10644,D143880
P15391,D143880
Q03431,D143880
O14788,D143880
P05112,D143880
P05186,D143880
P20813,D143880
Q14994,D143880
P30301,D143880
P05187,D143880
P08670,D143880
P49190,D143880
P01583,D143880
P79483,D143880
Q92570,D143880
Q9HBA0,D143880
Q9HC29,D143880
P01350,D143880
P11532,D143880
Q07869,D144010
O95477,D144010
P12821,D144010
P06858,D144010
P01130,D144010
P04035,D144010
P02652,D144010
P27169,D144010
P02649,D144010
P02647,D144010
P01024,D144010
P11597,D144010
Q8NBP7,D144010
P02656,D144010
P04114,D144010
P06858,D144650
P02649,D144650
P35228,D144700
P30542,D144700
P23219,D144700
P21728,D144700
P35916,D144700
P51168,D144700
P17948,D144700
P06213,D144700
P04049,D144700
P24530,D144700
P00734,D144700
P13716,D144700
P14780,D144700
P30556,D144700
P11836,D144700
P29475,D144700
P07195,D144700
Q07869,D144700
P10912,D144700
P14618,D144700
P34972,D144700
P11177,D144700
P35610,D144700
P13688,D144700
P07741,D144700
P03372,D144700
P80365,D144700
P10275,D144700
P36888,D144700
P07864,D144700
Q9NYK1,D144700
O43175,D144700
P15692,D144700
P20132,D144700
P31040,D144700
Q8WTV0,D144700
O15374,D144700
P03897,D144700
P18858,D144700
P09619,D144700
P10826,D144700
P00747,D144700
P37231,D144700
P12821,D144700
P32322,D144700
P05121,D144700
P10415,D144700
P09917,D144700
Q9Y478,D144700
O76054,D144700
P35354,D144700
Q04771,D144700
P08473,D144700
P13995,D144700
P00797,D144700
P07766,D144700
P05089,D144700
P49189,D144700
Q00796,D144700
P09455,D144700
P31153,D144700
P16050,D144700
O14727,D144700
P02753,D144700
P10828,D144700
P00918,D144700
P35520,D144700
P04818,D144700
P00395,D144700
P02766,D144700
P50440,D144700
Q9NR19,D144700
Q9UM73,D144700
P35968,D144700
Q06203,D144700
P48029,D144700
Q99259,D144700
P00505,D144700
P48551,D144700
P02794,D144700
P19793,D144700
P0DP23,D144700
P55017,D144700
P04083,D144700
P00338,D144700
P22303,D144700
P31749,D144700
P30988,D144700
P08514,D144700
O15269,D144700
O15528,D144700
P29466,D144700
P43353,D144700
O15427,D144700
P10721,D144700
P37023,D144700
Q03154,D144700
P28331,D144700
P01130,D144700
P41180,D144700
P04626,D144700
P48039,D144700
P25101,D144700
P40394,D144700
Q9P0J0,D144700
P02768,D144700
P22748,D144700
P04406,D144700
Q12791,D144700
P00352,D144700
P06401,D144700
Q04609,D144700
P04035,D144700
P42330,D144700
Q9Y617,D144700
Q13085,D144700
Q9Y233,D144700
P15056,D144700
P08253,D144700
Q01959,D144700
P49788,D144700
P19235,D144700
P01589,D144700
P24298,D144700
P08235,D144700
P00966,D144700
Q13131,D144700
Q16515,D144700
P14902,D144700
P62942,D144700
P01375,D144700
P48443,D144700
P05141,D144700
Q03405,D144700
P02818,D144700
P05023,D144700
P09601,D144700
P09622,D144700
P21817,D144700
P12081,D144700
Q9NUB1,D144700
P21802,D144700
P19634,D144700
P14416,D144700
P78540,D144700
P00533,D144700
P22033,D144700
P11473,D144700
P40261,D144700
P33527,D144700
Q92731,D144700
P04150,D144700
P09488,D144700
Q9Y2Q3,D144700
P09211,D144700
P78417,D144700
P07203,D144700
P30711,D144700
P22352,D144700
Q13255,D144700
O94925,D144700
Q14833,D144700
P12931,D144700
P29317,D144700
P33681,D144700
P16234,D144700
P07333,D144700
P27487,D144700
O60664,D144700
P08069,D144700
Q02750,D144700
Q14289,D144700
P05771,D144700
P02741,D144700
P37840,D144700
P29972,D144700
Q9UKV0,D144700
P16410,D144700
P51692,D144700
P26358,D144700
P00749,D144700
O75015,D144700
P12724,D144700
P05451,D144700
Q99519,D144700
P08581,D144700
P62993,D144700
P05231,D144700
P61073,D144700
P03956,D144700
P10997,D144700
P28482,D144700
P29274,D144700
P01574,D144700
P25116,D144700
P27169,D144700
P02778,D144700
O60494,D144700
P07858,D144700
P07339,D144700
P98164,D144700
P01579,D144700
P02775,D144700
P01189,D144700
P01133,D144700
P27986,D144700
O75469,D144700
P06730,D144700
P16220,D144700
P10145,D144700
P45452,D144700
P17936,D144700
P01137,D144700
P35222,D144700
P32418,D144700
O14965,D144700
Q99497,D144700
Q9Y275,D144700
Q00987,D144700
P29965,D144700
P08311,D144700
P09038,D144700
Q13464,D144700
P46059,D144700
Q16539,D144700
Q8NER1,D144700
P06850,D144700
P24385,D144700
P60568,D144700
P08183,D144700
P21980,D144700
P04629,D144700
P05412,D144700
P11168,D144700
P13500,D144700
P01584,D144700
P11166,D144700
P01019,D144700
P27361,D144700
O60858,D144700
P49841,D144700
Q9UNQ0,D144700
P04004,D144700
Q92887,D144700
P24941,D144700
P16581,D144700
P01112,D144700
P15144,D144700
Q15111,D144700
P06493,D144700
P80188,D144700
P05362,D144700
P19838,D144700
P11413,D144700
P23297,D144700
P06870,D144700
P21589,D144700
P11021,D144700
P04156,D144700
P63000,D144700
Q16678,D144700
P16070,D144700
P19320,D144700
P08254,D144700
P02649,D144700
P14210,D144700
P01100,D144700
Q13126,D144700
P17252,D144700
P36969,D144700
P00450,D144700
P02774,D144700
P16455,D144700
P48745,D144700
P48061,D144700
O14920,D144700
P98170,D144700
P16109,D144700
P42574,D144700
O60760,D144700
P07355,D144700
P31751,D144700
P04271,D144700
P13726,D144700
P30086,D144700
P02751,D144700
P15559,D144700
Q08257,D144700
P28161,D144700
P41594,D144700
O15530,D144700
P25942,D144700
P08842,D144700
P08100,D144700
P22455,D144700
P80511,D144700
P04040,D144700
P31939,D144700
Q9P2W7,D144700
P11309,D144700
P48736,D144700
Q9BWD1,D144700
Q08881,D144700
P17931,D144700
Q13509,D144700
Q13426,D144700
P55055,D144700
P51512,D144700
O43570,D144700
Q9Y5Y6,D144700
P04075,D144700
P49789,D144700
P30305,D144700
P09874,D144700
P53355,D144700
P10114,D144700
P14174,D144700
P37173,D144700
P50613,D144700
Q96AZ6,D144700
P32119,D144700
P62508,D144700
P21964,D144700
P02675,D144700
P08637,D144700
P05787,D144700
P27797,D144700
P05154,D144700
P06400,D144700
Q16270,D144700
P05981,D144700
P02461,D144700
P11362,D144700
P22607,D144700
P09486,D144700
P20711,D144700
P42898,D144700
O14939,D144700
P06276,D144700
O00469,D144700
P19971,D144700
P27338,D144700
Q96KS0,D144700
P00813,D144700
Q9BY66,D144700
P11802,D144700
Q9GZT9,D144700
Q9H6Z9,D144700
P49336,D144700
Q7L266,D144700
Q07973,D144700
O14521,D144700
P21912,D144700
Q99643,D144700
Q07075,D144700
Q9H4Y5,D144700
P20815,D144700
P10635,D144700
Q13547,D144700
Q9UBN7,D144700
Q16665,D144700
P42336,D144700
O00459,D144700
P78527,D144700
P42345,D144700
Q00653,D144700
O14672,D144700
O00329,D144700
P42338,D144700
O60674,D144700
P07949,D144700
P43490,D144700
P27695,D144700
P01911,D144700
P24394,D144700
Q14627,D144700
Q16790,D144700
P35225,D144700
Q8WXI7,D144700
O00206,D144700
P16422,D144700
O14746,D144700
P31350,D144700
P54760,D144700
P08729,D144700
Q96EB6,D144700
Q96KG9,D144700
P04141,D144700
P22301,D144700
Q9NWT6,D144700
P31949,D144700
P53778,D144700
P54278,D144700
P08887,D144700
Q05397,D144700
P15531,D144700
Q16698,D144700
P49763,D144700
P22392,D144700
P01270,D144700
Q16769,D144700
P07384,D144700
P35625,D144700
P48357,D144700
Q02763,D144700
P04637,D144700
O96017,D144700
O14757,D144700
Q92847,D144700
P05305,D144700
P00403,D144700
P41597,D144700
P51671,D144700
P33151,D144700
Q96GD4,D144700
O15392,D144700
Q96BI3,D144700
Q9GZP0,D144700
Q13443,D144700
P43235,D144700
P05019,D144700
Q92843,D144700
P10644,D144700
P09429,D144700
P04792,D144700
O14763,D144700
Q15116,D144700
Q9NZQ7,D144700
P01563,D144700
Q14790,D144700
P40763,D144700
Q07011,D144700
Q969F8,D144700
Q14956,D144700
P01303,D144700
P04439,D144700
P40933,D144700
P17813,D144700
P15391,D144700
P15941,D144700
Q03431,D144700
Q07817,D144700
Q07820,D144700
P49674,D144700
Q96QU6,D144700
O14788,D144700
P05112,D144700
P35408,D144700
P22309,D144700
P04798,D144700
P25024,D144700
P62745,D144700
P05556,D144700
P06756,D144700
P35219,D144700
O95255,D144700
P09237,D144700
P24347,D144700
P50281,D144700
P35869,D144700
P11474,D144700
P63092,D144700
Q13526,D144700
P53350,D144700
Q16651,D144700
P78536,D144700
P61769,D144700
P36897,D144700
P45983,D144700
P42892,D144700
Q15078,D144700
Q14994,D144700
P47985,D144700
Q15118,D144700
Q9UKQ2,D144700
P30301,D144700
P28072,D144700
P09466,D144700
P10176,D144700
P41235,D144700
P01116,D144700
P01889,D144700
P07737,D144700
P29597,D144700
P08758,D144700
P49862,D144700
P06731,D144700
P35243,D144700
P13639,D144700
P05187,D144700
P26447,D144700
P14550,D144700
P80192,D144700
Q15796,D144700
P04179,D144700
P00558,D144700
P02144,D144700
P08670,D144700
P20472,D144700
P19622,D144700
P63096,D144700
P09382,D144700
P20645,D144700
P15813,D144700
P20823,D144700
Q14643,D144700
P68104,D144700
P20339,D144700
P49411,D144700
Q9NTG7,D144700
P29323,D144700
P09104,D144700
P61024,D144700
P62826,D144700
Q8NFW8,D144700
P05062,D144700
P14621,D144700
Q15382,D144700
Q99873,D144700
P13611,D144700
P60953,D144700
Q96QT4,D144700
Q9Y646,D144700
P00748,D144700
P01106,D144700
O75330,D144700
P01583,D144700
P18510,D144700
P49765,D144700
P28065,D144700
P28062,D144700
P31639,D144700
Q14145,D144700
Q15303,D144700
P04731,D144700
Q9HAB3,D144700
P02786,D144700
Q13315,D144700
Q15125,D144700
O95644,D144700
Q05513,D144700
O00264,D144700
P54646,D144700
Q14571,D144700
P15336,D144700
P18848,D144700
Q07021,D144700
P60709,D144700
O95718,D144700
P63261,D144700
P62736,D144700
Q15493,D144700
P28907,D144700
P17676,D144700
P60484,D144700
Q04206,D144700
P09936,D144700
Q8TDU6,D144700
P06733,D144700
P29590,D144700
P08493,D144700
P31025,D144700
Q9NY56,D144700
P04279,D144700
Q06830,D144700
Q16552,D144700
P21453,D144700
P04732,D144700
P13640,D144700
P80294,D144700
Q8N339,D144700
Q99828,D144700
P35556,D144700
P13693,D144700
P80303,D144700
P0DP24,D144700
P0DP25,D144700
P05109,D144700
P10809,D144700
P23246,D144700
P63244,D144700
P09525,D144700
P31948,D144700
P07288,D144700
Q96RI0,D144700
P08648,D144700
F7VJQ1,D144700
P06702,D144700
O15350,D144700
P32004,D144700
P12644,D144700
Q9UJU2,D144700
P38936,D144700
Q14457,D144700
P54652,D144700
Q9NR28,D144700
P61978,D144700
P34932,D144700
Q92598,D144700
P60903,D144700
P09493,D144700
P06753,D144700
P12004,D144700
P10909,D144700
O14791,D144700
P14923,D144700
P01011,D144700
Q06481,D144700
Q6FHJ7,D144700
P21333,D144700
P06748,D144700
P50914,D144700
P62753,D144700
P37802,D144700
Q16518,D144700
P35579,D144700
Q13873,D144700
P22897,D144700
O75533,D144700
Q9UK32,D144700
Q13188,D144700
Q9UEW8,D144700
P35590,D144700
P30530,D144700
P51813,D144700
O15075,D144700
P29320,D144700
P49840,D144700
Q9H2X6,D144700
P14616,D144700
O95835,D144700
Q5S007,D144700
Q92918,D144700
Q7KZI7,D144700
Q9BUB5,D144700
Q04912,D144700
Q96PY6,D144700
Q13153,D144700
Q13546,D144700
Q96BR1,D144700
Q15910,D144700
Q99814,D144700
O14980,D144700
Q8IXJ6,D144700
P51679,D144700
P47900,D144700
Q9UQ05,D144700
Q96L42,D144700
P53396,D144700
Q9Y6K1,D144700
P00738,D144700
P21860,D144700
P06307,D144700
P29350,D144700
P55211,D144700
Q9UBC3,D144700
O15123,D144700
P42345,D145200
P35869,D145200
P35228,D145500
P30542,D145500
P21728,D145500
P51168,D145500
P06213,D145500
P24530,D145500
P14060,D145500
P14780,D145500
P26439,D145500
P21554,D145500
P30556,D145500
P29475,D145500
Q12809,D145500
P51606,D145500
Q16647,D145500
P80365,D145500
P05091,D145500
P09172,D145500
P15692,D145500
P37288,D145500
P08588,D145500
Q9Y5Y9,D145500
O76074,D145500
P37088,D145500
P00747,D145500
P30825,D145500
P16442,D145500
P37231,D145500
P12821,D145500
P06858,D145500
P05121,D145500
P29474,D145500
P08473,D145500
P00797,D145500
P01008,D145500
P05089,D145500
P28845,D145500
P34896,D145500
P05093,D145500
P43116,D145500
P23945,D145500
Q16719,D145500
P55017,D145500
Q02928,D145500
P28223,D145500
P37023,D145500
P23975,D145500
P43155,D145500
P01130,D145500
P35348,D145500
Q13621,D145500
P25101,D145500
P47871,D145500
P02768,D145500
Q12791,D145500
P16066,D145500
P18089,D145500
P45954,D145500
P04035,D145500
P35368,D145500
P35462,D145500
P30519,D145500
P43088,D145500
P07101,D145500
P11586,D145500
P18031,D145500
Q13085,D145500
P03891,D145500
Q9NYX4,D145500
P24298,D145500
P08235,D145500
P04278,D145500
P17735,D145500
P07550,D145500
P01375,D145500
Q14654,D145500
Q9BQB6,D145500
P15538,D145500
P05023,D145500
Q99707,D145500
P09601,D145500
P53004,D145500
P15121,D145500
P19634,D145500
P14416,D145500
P11473,D145500
P32929,D145500
P04150,D145500
P09488,D145500
Q9Y2Q3,D145500
P78417,D145500
P07203,D145500
P30711,D145500
P22352,D145500
P08069,D145500
O60894,D145500
P11086,D145500
Q14289,D145500
P02741,D145500
P26358,D145500
P51681,D145500
P05231,D145500
P10997,D145500
P29274,D145500
P27169,D145500
P01579,D145500
P02775,D145500
P01189,D145500
P20333,D145500
P34913,D145500
P16860,D145500
Q9BYF1,D145500
P01137,D145500
P32418,D145500
P20594,D145500
Q9Y6L6,D145500
Q03181,D145500
P13945,D145500
P01042,D145500
P08183,D145500
P23946,D145500
P13500,D145500
P35557,D145500
P01019,D145500
P16581,D145500
P05164,D145500
P19838,D145500
P01374,D145500
P06870,D145500
P17302,D145500
P06881,D145500
P16070,D145500
P02649,D145500
P14210,D145500
P36969,D145500
P48061,D145500
P16109,D145500
O60603,D145500
O60760,D145500
P28161,D145500
P80511,D145500
P04040,D145500
P10153,D145500
P17931,D145500
P48449,D145500
P37173,D145500
P11511,D145500
P29120,D145500
P42898,D145500
P47989,D145500
P00813,D145500
P48544,D145500
Q07973,D145500
Q07075,D145500
P10635,D145500
P51800,D145500
P00441,D145500
P09958,D145500
P41231,D145500
Q13093,D145500
P43490,D145500
P27695,D145500
P01911,D145500
P17342,D145500
P05177,D145500
P03952,D145500
P22301,D145500
P11712,D145500
P10632,D145500
P06703,D145500
Q16698,D145500
P18509,D145500
P01270,D145500
P48357,D145500
P05305,D145500
P41597,D145500
P05019,D145500
P50052,D145500
P09429,D145500
P02647,D145500
P40763,D145500
P01303,D145500
P04439,D145500
P01308,D145500
P30411,D145500
P33261,D145500
P19099,D145500
P04798,D145500
P12104,D145500
P33260,D145500
P35869,D145500
P63092,D145500
Q16651,D145500
P42892,D145500
P01889,D145500
O00141,D145500
O75116,D145500
Q8IU85,D145500
O43612,D145500
P04179,D145500
P01920,D145500
Q9NPH2,D145500
Q96S37,D145500
P79483,D145500
Q13315,D145500
Q15125,D145500
Q01118,D145500
P13498,D145500
Q16558,D145500
P18846,D145500
P10599,D145500
Q9C0B1,D145500
Q9Y5S8,D145500
P06733,D145500
P31025,D145500
P46663,D145500
P35556,D145500
P28676,D145500
Q92570,D145500
Q16602,D145500
P00846,D145500
P34932,D145500
P04003,D145500
P10909,D145500
O14791,D145500
P20851,D145500
O75636,D145500
P31391,D145500
Q13873,D145500
Q9Y6E0,D145500
Q9UEW8,D145500
P54762,D145500
Q15746,D145500
O95747,D145500
P04114,D145500
P00738,D145500
P20020,D145500
Q01814,D145500
Q16720,D145500
P0CG30,D145500
O15123,D145500
P35228,D145590
P30542,D145590
P23219,D145590
P14780,D145590
P21554,D145590
P11836,D145590
P10275,D145590
P05091,D145590
P35498,D145590
P15692,D145590
O76074,D145590
O15374,D145590
P12821,D145590
P05121,D145590
P35354,D145590
P29474,D145590
P08908,D145590
P30518,D145590
P00395,D145590
O00555,D145590
P00740,D145590
Q99259,D145590
P60880,D145590
P0DP23,D145590
P55017,D145590
P22303,D145590
O15427,D145590
P41180,D145590
P04626,D145590
P25101,D145590
O43776,D145590
P42261,D145590
Q01959,D145590
P24298,D145590
P01375,D145590
P05023,D145590
P15121,D145590
P31645,D145590
P01178,D145590
P14416,D145590
P35372,D145590
P11473,D145590
P28222,D145590
P07203,D145590
P27487,D145590
P43220,D145590
P02741,D145590
P05231,D145590
P28482,D145590
P29274,D145590
P01574,D145590
P02778,D145590
P01189,D145590
Q8NER1,D145590
P60568,D145590
P01584,D145590
P01138,D145590
P06881,D145590
P43003,D145590
P02649,D145590
O75762,D145590
P27815,D145590
O60760,D145590
Q7Z2W7,D145590
P80511,D145590
P04040,D145590
P05113,D145590
P21964,D145590
Q07954,D145590
P22607,D145590
P20711,D145590
P42898,D145590
P42336,D145590
Q00653,D145590
P09958,D145590
P06280,D145590
P05155,D145590
P08729,D145590
P04141,D145590
P42768,D145590
P18509,D145590
Q9HB21,D145590
P01270,D145590
P00403,D145590
P23560,D145590
P01563,D145590
P01127,D145590
O95622,D145590
Q8IU85,D145590
P22570,D145590
P09104,D145590
Q96I15,D145590
P01583,D145590
P34998,D145590
P28676,D145590
P0DP24,D145590
P0DP25,D145590
Q16595,D145590
P21333,D145590
P41222,D145590
P42357,D145600
P46098,D145600
P35520,D145600
Q13936,D145600
P09417,D145600
P54289,D145600
P21817,D145600
Q09470,D145600
P05231,D145600
Q8NER1,D145600
P06744,D145600
P35499,D145600
P06276,D145600
O43272,D145600
Q13698,D145600
O14983,D145600
Q92736,D145600
P31415,D145600
P21333,D145600
P29320,D145600
P11532,D145600
P11766,D146110
P51843,D146110
P10275,D146110
O76074,D146110
P30968,D146110
P05093,D146110
P04278,D146110
P11473,D146110
P16410,D146110
P01189,D146110
P09038,D146110
P01138,D146110
P21589,D146110
P16870,D146110
Q13509,D146110
P11511,D146110
P11362,D146110
P19971,D146110
P29371,D146110
Q13285,D146110
P48357,D146110
P05019,D146110
O14793,D146110
Q9NZQ7,D146110
Q969F8,D146110
P26447,D146110
Q6WRI0,D146110
O95718,D146110
P21453,D146110
Q14457,D146110
Q9UHF0,D146110
P29622,D146110
Q06418,D146110
P30530,D146110
P32245,D146110
P07327,D146255
P35348,D146255
P41180,D146255
P25101,D146255
P18089,D146255
P11473,D146255
P16410,D146255
O60858,D146255
P06881,D146255
P07900,D146255
P08842,D146255
P01270,D146255
P10644,D146255
Q03431,D146255
Q14994,D146255
P31391,D146255
Q9Y2Z4,D146500
P00846,D146500
P35228,D147480
P14780,D147480
P00492,D147480
P37231,D147480
P12821,D147480
P47869,D147480
P35348,D147480
P25101,D147480
P02768,D147480
P18089,D147480
P08253,D147480
P19429,D147480
P24298,D147480
O95342,D147480
P01375,D147480
P30559,D147480
P05231,D147480
P25116,D147480
P01579,D147480
O75469,D147480
Q9Y6L6,D147480
P01584,D147480
Q9UNQ0,D147480
Q92887,D147480
O60733,D147480
P19320,D147480
P02649,D147480
P63104,D147480
P14555,D147480
Q96RI1,D147480
O15379,D147480
P01911,D147480
Q96EB6,D147480
Q15185,D147480
P01303,D147480
P04439,D147480
P05112,D147480
Q15078,D147480
Q14994,D147480
P04054,D147480
P01889,D147480
Q9NPH2,D147480
P30041,D147480
Q8TDU6,D147480
O95750,D147480
Q16552,D147480
P34998,D147480
P13693,D147480
Q13219,D147480
P31391,D147480
P14780,D147530
Q13639,D147530
P10275,D147530
P22888,D147530
O00180,D147530
P15692,D147530
P05121,D147530
P10415,D147530
P35354,D147530
Q00266,D147530
P19793,D147530
P31749,D147530
P43119,D147530
P01130,D147530
P41180,D147530
P08253,D147530
P19235,D147530
P04278,D147530
P01375,D147530
P48443,D147530
Q03405,D147530
P09601,D147530
P00533,D147530
P11473,D147530
Q92731,D147530
P07203,D147530
P30559,D147530
P43220,D147530
P00749,D147530
P61073,D147530
P03956,D147530
P01189,D147530
P17936,D147530
P35568,D147530
P01137,D147530
P51580,D147530
Q9Y275,D147530
P09038,D147530
P24385,D147530
P17302,D147530
P14210,D147530
Q15858,D147530
O14920,D147530
P98170,D147530
P02751,D147530
P41240,D147530
P37173,D147530
P02458,D147530
P19021,D147530
Q16665,D147530
P42336,D147530
P00441,D147530
P07949,D147530
P27695,D147530
P35225,D147530
O14746,D147530
Q05397,D147530
P04637,D147530
P05019,D147530
P10644,D147530
P04792,D147530
P40933,D147530
P05112,D147530
Q9HCR9,D147530
P05556,D147530
P63092,D147530
P01116,D147530
P60484,D147530
P22676,D147530
P07288,D147530
P06702,D147530
O15350,D147530
P38936,D147530
Q13219,D147530
P13647,D147530
Q9HC29,D147530
Q13873,D147530
Q15910,D147530
Q16659,D147530
Q99572,D147530
P29475,D147540
P41595,D147540
P29466,D147540
P02768,D147540
P14778,D147540
P15509,D147540
Q01959,D147540
P14784,D147540
P01375,D147540
P15121,D147540
P05231,D147540
P01579,D147540
P02775,D147540
P20333,D147540
P01137,D147540
P29965,D147540
P01042,D147540
Q8NER1,D147540
P13500,D147540
P01584,D147540
P35247,D147540
O75762,D147540
P02776,D147540
P19438,D147540
P16109,D147540
O60603,D147540
P49257,D147540
P42898,D147540
O60674,D147540
P01911,D147540
P35225,D147540
O00206,D147540
P51686,D147540
P10147,D147540
P80075,D147540
P41597,D147540
P51671,D147540
Q9NZQ7,D147540
Q01344,D147540
P05112,D147540
P04798,D147540
P01889,D147540
P01920,D147540
P13762,D147540
Q30154,D147540
Q16552,D147540
P34998,D147540
P52564,D147540
Q15746,D147540
P00738,D147540
P00488,D148000
P35916,D148000
Q9UPY5,D148000
P06213,D148000
P24530,D148000
P11836,D148000
P34972,D148000
P51606,D148000
P10275,D148000
Q9NYK1,D148000
P15692,D148000
P09619,D148000
P37231,D148000
P10415,D148000
P35354,D148000
P29474,D148000
O75251,D148000
P02753,D148000
P47872,D148000
P04818,D148000
P08620,D148000
P00374,D148000
P35968,D148000
P55017,D148000
P31749,D148000
P10721,D148000
O43497,D148000
P35348,D148000
P04626,D148000
P25101,D148000
P02768,D148000
P18089,D148000
P08253,D148000
Q01959,D148000
P00966,D148000
P17735,D148000
P14902,D148000
P01375,D148000
P09601,D148000
P21802,D148000
P11473,D148000
P04150,D148000
P29317,D148000
P42081,D148000
P33681,D148000
P08069,D148000
Q02750,D148000
Q14289,D148000
P51681,D148000
P05231,D148000
P61073,D148000
P28482,D148000
P01574,D148000
P02778,D148000
P07858,D148000
P01579,D148000
P01189,D148000
P01133,D148000
P06730,D148000
P16220,D148000
P10145,D148000
P45452,D148000
P13501,D148000
P01137,D148000
P35222,D148000
Q00987,D148000
P29965,D148000
P09038,D148000
P24385,D148000
P04629,D148000
P01584,D148000
P16581,D148000
P05164,D148000
P15144,D148000
P06493,D148000
P05362,D148000
P19838,D148000
P01374,D148000
P63000,D148000
P19320,D148000
P07900,D148000
P14210,D148000
P48061,D148000
P05106,D148000
P42574,D148000
Q9NR96,D148000
P25942,D148000
P10153,D148000
P48736,D148000
P17931,D148000
P37173,D148000
P08637,D148000
Q07954,D148000
P11362,D148000
P19021,D148000
Q00534,D148000
Q13547,D148000
Q16665,D148000
P42336,D148000
O00459,D148000
P42345,D148000
Q9Y6K9,D148000
O00329,D148000
P42338,D148000
P27695,D148000
P01911,D148000
P35225,D148000
O00206,D148000
O14746,D148000
P54760,D148000
Q96EB6,D148000
P22301,D148000
P26196,D148000
Q05397,D148000
P15531,D148000
P07998,D148000
Q02763,D148000
P04637,D148000
P05305,D148000
P00403,D148000
P51671,D148000
Q96GD4,D148000
P05019,D148000
Q15116,D148000
Q9NZQ7,D148000
P01563,D148000
Q14790,D148000
P40763,D148000
Q969F8,D148000
P28908,D148000
P04439,D148000
P15941,D148000
Q07817,D148000
Q07820,D148000
P05112,D148000
P25024,D148000
P05556,D148000
P06756,D148000
P11717,D148000
P09237,D148000
P50281,D148000
Q13526,D148000
Q15596,D148000
P45983,D148000
P30301,D148000
Q9H2G2,D148000
P01116,D148000
P01889,D148000
Q15375,D148000
Q92793,D148000
P11226,D148000
P09382,D148000
P15813,D148000
P49913,D148000
P29323,D148000
Q92993,D148000
Q9BZZ2,D148000
P01106,D148000
P01583,D148000
P18510,D148000
P11274,D148000
Q13315,D148000
P51812,D148000
P60709,D148000
P17676,D148000
P09936,D148000
P25713,D148000
P21453,D148000
Q9UQL6,D148000
Q99828,D148000
P08648,D148000
P53805,D148000
P38936,D148000
P34932,D148000
P12004,D148000
P06748,D148000
P31391,D148000
Q9H2K8,D148000
Q06418,D148000
P30530,D148000
P19525,D148000
P21709,D148000
P54764,D148000
Q14164,D148000
P51617,D148000
O95819,D148000
Q15910,D148000
Q99814,D148000
O14980,D148000
Q99500,D148000
P00738,D148000
P29350,D148000
Q9NRA0,D148000
O15123,D148000
P23219,D148100
P02452,D148100
P02792,D148100
P15692,D148100
P37231,D148100
P12821,D148100
P05121,D148100
P00797,D148100
P05089,D148100
P02794,D148100
P31749,D148100
P02768,D148100
P08253,D148100
P01375,D148100
P00533,D148100
P11473,D148100
P04150,D148100
P27487,D148100
P08069,D148100
P49747,D148100
P05231,D148100
P03956,D148100
P07858,D148100
P07339,D148100
P45452,D148100
P05120,D148100
P01137,D148100
P35222,D148100
P08311,D148100
P09038,D148100
P24385,D148100
P01019,D148100
P49841,D148100
P06881,D148100
P14210,D148100
Q08345,D148100
P48061,D148100
P02751,D148100
P80511,D148100
P48736,D148100
P20231,D148100
P36952,D148100
P14174,D148100
P32119,D148100
P02679,D148100
P25391,D148100
P02461,D148100
P42336,D148100
O00329,D148100
P42338,D148100
P01911,D148100
P22301,D148100
P04637,D148100
P05305,D148100
P09429,D148100
P04792,D148100
P40763,D148100
Q12884,D148100
P25024,D148100
Q99542,D148100
P07737,D148100
P14649,D148100
P26447,D148100
Q15796,D148100
P01920,D148100
P08670,D148100
P09382,D148100
Q9NTG7,D148100
P62826,D148100
Q16832,D148100
P04731,D148100
P98066,D148100
P60709,D148100
O00299,D148100
P60484,D148100
Q06830,D148100
Q16552,D148100
P35556,D148100
P05109,D148100
P31942,D148100
P08648,D148100
P06702,D148100
P34932,D148100
P60903,D148100
P09493,D148100
P36955,D148100
O14791,D148100
P21333,D148100
Q01995,D148100
P35579,D148100
P06307,D148100
P16278,D148100
P12259,D150600
P01008,D150600
P01375,D150600
P02818,D150600
P05231,D150600
P02675,D150600
P02458,D150600
P42898,D150600
P10176,D150600
Q92793,D150600
Q92570,D150600
P37059,D150699
P21728,D150699
P02452,D150699
Q9UBM7,D150699
P06213,D150699
P24530,D150699
P30556,D150699
P10912,D150699
P03372,D150699
P10275,D150699
Q8WY07,D150699
P15692,D150699
P20132,D150699
P56937,D150699
P14061,D150699
P30968,D150699
P09619,D150699
P37231,D150699
P12821,D150699
P05121,D150699
P10415,D150699
P35354,D150699
P29474,D150699
P08473,D150699
Q00796,D150699
P09455,D150699
P00918,D150699
P05093,D150699
P16471,D150699
Q9UM73,D150699
P25103,D150699
P19793,D150699
P31749,D150699
P08514,D150699
P29466,D150699
Q96A70,D150699
P10721,D150699
P37023,D150699
P25101,D150699
P04406,D150699
P15428,D150699
P00352,D150699
P06401,D150699
P04035,D150699
Q8TDS4,D150699
P08253,D150699
Q16671,D150699
P04278,D150699
P01375,D150699
P15121,D150699
P14416,D150699
P00533,D150699
P11473,D150699
Q9UHI5,D150699
Q92731,D150699
P04150,D150699
P09488,D150699
P30711,D150699
P42262,D150699
P12931,D150699
P30559,D150699
P16234,D150699
Q14289,D150699
P26358,D150699
P03956,D150699
P28482,D150699
P27169,D150699
P07225,D150699
P01133,D150699
P49327,D150699
P10145,D150699
P17936,D150699
Q14416,D150699
P01137,D150699
P35222,D150699
Q00987,D150699
P09038,D150699
P24385,D150699
P60568,D150699
P13500,D150699
P01584,D150699
P11166,D150699
P27361,D150699
P24941,D150699
P05164,D150699
P01112,D150699
P01138,D150699
P17302,D150699
P11137,D150699
Q16678,D150699
P16070,D150699
P48061,D150699
O14920,D150699
P42574,D150699
O60760,D150699
P31751,D150699
P13726,D150699
P30086,D150699
P02751,D150699
P22455,D150699
P48736,D150699
P17931,D150699
Q13426,D150699
Q9BY41,D150699
P53355,D150699
P21964,D150699
P11511,D150699
P07942,D150699
Q16270,D150699
P02461,D150699
P11362,D150699
P07711,D150699
Q6ZQY3,D150699
P21452,D150699
P49336,D150699
Q07973,D150699
P21912,D150699
Q13427,D150699
Q9UBN7,D150699
P29371,D150699
Q16665,D150699
P42336,D150699
P42345,D150699
O00329,D150699
P42338,D150699
Q06609,D150699
P27695,D150699
Q8WXI7,D150699
P04141,D150699
O43704,D150699
P01270,D150699
P04637,D150699
P05305,D150699
P00403,D150699
P05019,D150699
P50052,D150699
P09429,D150699
O14793,D150699
Q9NZQ7,D150699
Q99527,D150699
P17813,D150699
P15169,D150699
P22792,D150699
Q07820,D150699
P05112,D150699
P04798,D150699
P20813,D150699
P25024,D150699
P05556,D150699
P06756,D150699
P50281,D150699
P35869,D150699
Q15788,D150699
Q15596,D150699
P24666,D150699
P09466,D150699
P09669,D150699
P04054,D150699
P01116,D150699
Q969V6,D150699
P26447,D150699
Q15796,D150699
P08670,D150699
P07108,D150699
P10600,D150699
Q14643,D150699
P19883,D150699
Q9NTG7,D150699
P29323,D150699
Q96RQ9,D150699
P13611,D150699
P60953,D150699
P18510,D150699
P28065,D150699
P11274,D150699
Q5XXA6,D150699
Q13315,D150699
Q15125,D150699
P18847,D150699
P10599,D150699
P60709,D150699
P63261,D150699
P28907,D150699
P17676,D150699
P60484,D150699
P09769,D150699
Q04206,D150699
P06733,D150699
O75340,D150699
P18669,D150699
P31260,D150699
P08648,D150699
Q92570,D150699
P38936,D150699
Q14457,D150699
P12004,D150699
Q9UHF0,D150699
Q6FHJ7,D150699
Q15746,D150699
Q15910,D150699
Q9Y6K1,D150699
P16278,D150699
O15123,D150699
P19113,D151400
P35228,D151400
P00519,D151400
P35916,D151400
P17948,D151400
P06213,D151400
O43246,D151400
P14780,D151400
P21554,D151400
P11836,D151400
P29475,D151400
Q07869,D151400
P31358,D151400
Q9NS75,D151400
P51606,D151400
P21673,D151400
P06746,D151400
P07741,D151400
P03372,D151400
P08700,D151400
P49419,D151400
P09172,D151400
P36888,D151400
Q9NYK1,D151400
P15692,D151400
P00367,D151400
P20273,D151400
Q09428,D151400
P16442,D151400
P37231,D151400
P12821,D151400
P06858,D151400
P10415,D151400
P00491,D151400
P35354,D151400
P29474,D151400
P08473,D151400
O14727,D151400
P02753,D151400
P00740,D151400
P35968,D151400
P11926,D151400
Q14626,D151400
P31749,D151400
P17516,D151400
O95665,D151400
P38484,D151400
Q07343,D151400
P35348,D151400
P41180,D151400
P02787,D151400
P04626,D151400
P20701,D151400
P25101,D151400
O14561,D151400
P18089,D151400
P13612,D151400
P49585,D151400
P15509,D151400
P15056,D151400
P08253,D151400
Q01959,D151400
P00390,D151400
P14784,D151400
P01589,D151400
P10276,D151400
P24298,D151400
P53985,D151400
P00966,D151400
P20138,D151400
P07550,D151400
Q8NFJ5,D151400
P01375,D151400
Q9Y271,D151400
Q13946,D151400
P12314,D151400
P15260,D151400
P06729,D151400
P49448,D151400
P00533,D151400
P35372,D151400
P11473,D151400
P33527,D151400
Q92731,D151400
P04150,D151400
P09488,D151400
Q9Y2Q3,D151400
P09211,D151400
P30711,D151400
P12931,D151400
P06239,D151400
P42081,D151400
P33681,D151400
P07333,D151400
P27487,D151400
P08069,D151400
Q02750,D151400
Q14289,D151400
P05771,D151400
P17812,D151400
P02741,D151400
P29972,D151400
Q9UKV0,D151400
P16410,D151400
P51692,D151400
P26358,D151400
O75015,D151400
P08581,D151400
P62993,D151400
P05231,D151400
P61073,D151400
P28482,D151400
P25116,D151400
P08174,D151400
P27169,D151400
P02778,D151400
P01579,D151400
P20333,D151400
P49888,D151400
P01133,D151400
P27986,D151400
P06730,D151400
P49327,D151400
P10145,D151400
P29074,D151400
Q9BYF1,D151400
P01137,D151400
P35222,D151400
O14965,D151400
Q9Y275,D151400
Q00987,D151400
P29965,D151400
Q03181,D151400
P08311,D151400
P27824,D151400
P09038,D151400
Q16539,D151400
P24385,D151400
P60568,D151400
P98160,D151400
P08183,D151400
P26951,D151400
P23946,D151400
P04629,D151400
P05412,D151400
P04275,D151400
P13500,D151400
P01584,D151400
P11166,D151400
P27361,D151400
O60858,D151400
Q4U2R8,D151400
Q9UNQ0,D151400
Q06124,D151400
P24941,D151400
P05164,D151400
P01112,D151400
P15144,D151400
P06493,D151400
P05362,D151400
P19838,D151400
P01374,D151400
P00750,D151400
P11413,D151400
P01138,D151400
P17302,D151400
P21589,D151400
P11021,D151400
P15309,D151400
P06881,D151400
P19367,D151400
P63000,D151400
P16070,D151400
P19320,D151400
P02649,D151400
P07900,D151400
P14210,D151400
P01100,D151400
P17252,D151400
P27815,D151400
P48061,D151400
O14920,D151400
P98170,D151400
P42574,D151400
O60603,D151400
P14625,D151400
O60760,D151400
Q9NR96,D151400
P14410,D151400
P02751,D151400
P15559,D151400
P28161,D151400
P25942,D151400
P05113,D151400
Q13370,D151400
Q10588,D151400
Q9P2W7,D151400
O75874,D151400
P04183,D151400
P11309,D151400
Q06187,D151400
Q08499,D151400
P43403,D151400
P48736,D151400
P43405,D151400
P17931,D151400
P68371,D151400
Q9Y286,D151400
P09874,D151400
P53355,D151400
Q96RI1,D151400
P14174,D151400
P22749,D151400
Q96AZ6,D151400
P08637,D151400
P12318,D151400
P31994,D151400
P31785,D151400
P27797,D151400
P05154,D151400
P01906,D151400
P06400,D151400
P22607,D151400
P35237,D151400
P48147,D151400
P42898,D151400
P06276,D151400
P50750,D151400
P00813,D151400
P11802,D151400
P49336,D151400
Q7L266,D151400
P21912,D151400
Q14832,D151400
Q13547,D151400
Q92769,D151400
O15379,D151400
Q9UBN7,D151400
Q2M3G0,D151400
Q16665,D151400
P42336,D151400
O00459,D151400
P42345,D151400
Q00653,D151400
O00329,D151400
P42338,D151400
O60674,D151400
P07949,D151400
Q06609,D151400
P01911,D151400
P24394,D151400
P35225,D151400
P03952,D151400
O00206,D151400
O14746,D151400
Q96EB6,D151400
P21796,D151400
P10147,D151400
P04141,D151400
P22301,D151400
P39905,D151400
P08684,D151400
P11712,D151400
P27707,D151400
P08887,D151400
Q05397,D151400
Q01064,D151400
Q16769,D151400
P30291,D151400
Q86VB7,D151400
P21926,D151400
P04637,D151400
O96017,D151400
O14757,D151400
P05305,D151400
P00403,D151400
P41597,D151400
P51671,D151400
P23560,D151400
O15392,D151400
Q9NPF7,D151400
P05019,D151400
Q92843,D151400
Q92934,D151400
P10644,D151400
P04792,D151400
O14763,D151400
Q15116,D151400
P40238,D151400
Q9NZQ7,D151400
P09693,D151400
P20963,D151400
Q14790,D151400
Q9Y6Q6,D151400
P40763,D151400
Q07011,D151400
P06734,D151400
P04439,D151400
P40933,D151400
P52333,D151400
P17813,D151400
P15391,D151400
Q12884,D151400
Q07817,D151400
Q07820,D151400
Q00613,D151400
O14788,D151400
P05112,D151400
Q8WUI4,D151400
P30874,D151400
P22309,D151400
P04798,D151400
P20813,D151400
P25024,D151400
P05556,D151400
O14649,D151400
P24462,D151400
Q8TCC7,D151400
P63092,D151400
P48552,D151400
P53350,D151400
Q13362,D151400
Q99933,D151400
P61769,D151400
P36897,D151400
P24666,D151400
P45983,D151400
P33981,D151400
Q8IVS2,D151400
P62913,D151400
O75460,D151400
Q14994,D151400
Q9UKQ2,D151400
P28072,D151400
P09466,D151400
P20674,D151400
P10176,D151400
P41235,D151400
P01116,D151400
O00141,D151400
P23458,D151400
P08758,D151400
Q96GR2,D151400
P07948,D151400
O00182,D151400
Q9NWZ3,D151400
Q15796,D151400
P04179,D151400
P01920,D151400
P08670,D151400
P11226,D151400
P09382,D151400
P15813,D151400
Q9NPH2,D151400
Q14643,D151400
P48735,D151400
P49411,D151400
Q9NTG7,D151400
P29323,D151400
Q13838,D151400
Q92637,D151400
P01106,D151400
O75330,D151400
Q14542,D151400
P01583,D151400
P18510,D151400
P11274,D151400
P13762,D151400
P02786,D151400
Q9UP52,D151400
Q13315,D151400
O95644,D151400
P15153,D151400
Q14573,D151400
Q9NP56,D151400
P15336,D151400
Q9Y2D1,D151400
P18850,D151400
P60709,D151400
P62736,D151400
P28907,D151400
P17676,D151400
P60484,D151400
Q04206,D151400
P06733,D151400
P29590,D151400
O75340,D151400
P04279,D151400
P46939,D151400
Q16552,D151400
Q8NBP7,D151400
P21453,D151400
Q969S8,D151400
Q99828,D151400
P05109,D151400
P10809,D151400
P14866,D151400
Q96RI0,D151400
P06702,D151400
O15350,D151400
Q92570,D151400
Q99623,D151400
Q9UJU2,D151400
P38936,D151400
Q14457,D151400
P34932,D151400
P12004,D151400
P08603,D151400
P15924,D151400
Q6FHJ7,D151400
Q92945,D151400
P46940,D151400
P06748,D151400
P27635,D151400
P39019,D151400
Q16518,D151400
P31391,D151400
Q9HC29,D151400
P22897,D151400
O75533,D151400
P51451,D151400
Q9NSY1,D151400
Q9UIK4,D151400
P19525,D151400
P29320,D151400
O15197,D151400
O95835,D151400
Q16584,D151400
Q14680,D151400
O00750,D151400
Q9NYY3,D151400
Q15139,D151400
Q13546,D151400
P08922,D151400
P01350,D151400
Q15910,D151400
P40259,D151400
O14980,D151400
Q8IXJ6,D151400
P35232,D151400
P11532,D151400
Q99572,D151400
Q92800,D151400
Q9Y6K1,D151400
P02790,D151400
P29350,D151400
P20702,D151400
P23634,D151400
P55211,D151400
P16278,D151400
Q9UBC3,D151400
Q02223,D151400
O15123,D151400
P23219,D151590
P14780,D151590
P11836,D151590
P10275,D151590
P10826,D151590
P00395,D151590
P01375,D151590
P02778,D151590
P01009,D151590
P24385,D151590
P01584,D151590
P06881,D151590
P16455,D151590
P04040,D151590
P00441,D151590
P35225,D151590
P04637,D151590
P31151,D151590
P01116,D151590
P01889,D151590
P01583,D151590
P18510,D151590
P43652,D151590
P34932,D151590
P12004,D151590
P04264,D151590
P35228,D152700
P00519,D152700
P12319,D152700
P00451,D152700
P23219,D152700
P17948,D152700
P04049,D152700
P12259,D152700
P20309,D152700
P00734,D152700
P30273,D152700
P14780,D152700
P30556,D152700
P10515,D152700
P11836,D152700
P29475,D152700
P00492,D152700
P31358,D152700
P34972,D152700
P35610,D152700
P51606,D152700
Q9H244,D152700
P06746,D152700
P07741,D152700
O95477,D152700
P03372,D152700
P10275,D152700
Q9H3N8,D152700
P36888,D152700
Q9NYK1,D152700
O43175,D152700
P15692,D152700
P20132,D152700
P20273,D152700
Q8WTV0,D152700
P00747,D152700
P37231,D152700
P00742,D152700
Q9UBS5,D152700
P12821,D152700
Q15758,D152700
P05121,D152700
P10415,D152700
P00491,D152700
P14679,D152700
Q9Y478,D152700
O76054,D152700
P35354,D152700
P29474,D152700
P00797,D152700
P07766,D152700
P01008,D152700
P08908,D152700
P04818,D152700
P28845,D152700
P00374,D152700
P00395,D152700
P16471,D152700
P35968,D152700
P54368,D152700
P48029,D152700
P04070,D152700
P48551,D152700
P08246,D152700
Q13224,D152700
P0DP23,D152700
P04083,D152700
P22303,D152700
P31749,D152700
P30988,D152700
P17516,D152700
P29466,D152700
P10721,D152700
P38484,D152700
P23975,D152700
P01130,D152700
O43181,D152700
Q13621,D152700
P07202,D152700
P41180,D152700
P04626,D152700
P48039,D152700
P20701,D152700
P25101,D152700
P02768,D152700
P04406,D152700
P14778,D152700
Q13085,D152700
P08253,D152700
P01589,D152700
P17181,D152700
P24298,D152700
P00966,D152700
P20138,D152700
Q13131,D152700
P04278,D152700
P14902,D152700
P11498,D152700
P01375,D152700
Q13946,D152700
P12314,D152700
P15260,D152700
Q9BQB6,D152700
P06729,D152700
P02818,D152700
P14868,D152700
Q99707,D152700
P09601,D152700
P30536,D152700
P31645,D152700
P00439,D152700
Q9H015,D152700
Q12879,D152700
Q9UBK8,D152700
P00533,D152700
P11473,D152700
P33527,D152700
Q92731,D152700
Q99062,D152700
P04150,D152700
P09488,D152700
Q9Y2Q3,D152700
P09211,D152700
P78417,D152700
P30711,D152700
P06241,D152700
P06239,D152700
P42081,D152700
P33681,D152700
P16234,D152700
P27487,D152700
P01031,D152700
P08069,D152700
Q02750,D152700
Q14289,D152700
P05771,D152700
P02741,D152700
P37840,D152700
Q9UKV0,D152700
P16410,D152700
P51692,D152700
P26358,D152700
O75015,D152700
P20810,D152700
P30044,D152700
P51681,D152700
P05451,D152700
Q99519,D152700
P62993,D152700
P05231,D152700
P61073,D152700
P03956,D152700
P28482,D152700
P01574,D152700
P25116,D152700
P27169,D152700
P02778,D152700
P07858,D152700
P07225,D152700
P01579,D152700
P02775,D152700
P20333,D152700
P34913,D152700
P01009,D152700
P24158,D152700
O75469,D152700
P06730,D152700
P16220,D152700
P10145,D152700
Q04760,D152700
P52788,D152700
P05120,D152700
P17936,D152700
P11387,D152700
P13501,D152700
P29460,D152700
P01137,D152700
P35222,D152700
P32418,D152700
P51580,D152700
P21462,D152700
O60488,D152700
Q9Y275,D152700
Q16853,D152700
Q00987,D152700
P29965,D152700
Q03181,D152700
P99999,D152700
P13945,D152700
P62937,D152700
P09038,D152700
P01042,D152700
Q16539,D152700
P06850,D152700
P60568,D152700
P98160,D152700
P08183,D152700
P21980,D152700
P04629,D152700
P05412,D152700
P04275,D152700
P13500,D152700
P01584,D152700
P35557,D152700
P11166,D152700
P01019,D152700
P27361,D152700
O60858,D152700
P04004,D152700
Q92887,D152700
Q06124,D152700
P16581,D152700
P05164,D152700
P01112,D152700
O60733,D152700
Q15111,D152700
P06493,D152700
P80188,D152700
P05362,D152700
P19838,D152700
P01374,D152700
P00750,D152700
P23297,D152700
P06870,D152700
Q9UM07,D152700
P01138,D152700
P21589,D152700
P11021,D152700
P15309,D152700
P35247,D152700
P16070,D152700
P19320,D152700
P08254,D152700
P02649,D152700
P07900,D152700
P14210,D152700
P01100,D152700
P02776,D152700
P17252,D152700
P36969,D152700
P19438,D152700
P00450,D152700
P02774,D152700
P48061,D152700
P07204,D152700
P05106,D152700
P16109,D152700
Q9UNN8,D152700
P42574,D152700
O60603,D152700
P14625,D152700
O60760,D152700
P07355,D152700
Q9NR96,D152700
P63104,D152700
P04271,D152700
P13726,D152700
P02751,D152700
P28161,D152700
P25942,D152700
P39900,D152700
P06744,D152700
P33316,D152700
P80511,D152700
P04040,D152700
P05113,D152700
P02743,D152700
Q13370,D152700
P11309,D152700
Q06187,D152700
Q9NP99,D152700
P10153,D152700
P43403,D152700
P48736,D152700
P43405,D152700
P17931,D152700
P41240,D152700
Q04759,D152700
Q9BQE3,D152700
P09871,D152700
Q13426,D152700
P14555,D152700
P25774,D152700
P23526,D152700
P00751,D152700
P09874,D152700
Q96RI1,D152700
P14174,D152700
P08238,D152700
Q96AZ6,D152700
Q16881,D152700
P21964,D152700
P11511,D152700
P00736,D152700
P02745,D152700
P02746,D152700
P02747,D152700
P08637,D152700
P12318,D152700
P31994,D152700
P31995,D152700
P05787,D152700
P11047,D152700
P25391,D152700
P27797,D152700
P34741,D152700
P01906,D152700
P29120,D152700
P42898,D152700
O14939,D152700
P06276,D152700
P19971,D152700
Q00534,D152700
P00813,D152700
Q6IA69,D152700
Q07973,D152700
O00341,D152700
Q5JPH6,D152700
Q9Y2J8,D152700
P67775,D152700
O43272,D152700
P20815,D152700
P10635,D152700
Q13547,D152700
Q9UBN7,D152700
Q16665,D152700
P42336,D152700
P20292,D152700
Q92569,D152700
P78527,D152700
P42345,D152700
P00441,D152700
P09958,D152700
P41231,D152700
P08865,D152700
O14672,D152700
O00329,D152700
P42338,D152700
O60674,D152700
P07949,D152700
P01911,D152700
Q05655,D152700
P24394,D152700
P35225,D152700
Q8WXI7,D152700
O00206,D152700
P32320,D152700
O14746,D152700
P05155,D152700
Q96EB6,D152700
P51686,D152700
P07237,D152700
P10147,D152700
Q96KG9,D152700
P04141,D152700
P22301,D152700
P26196,D152700
Q92831,D152700
P09012,D152700
P02749,D152700
P08887,D152700
P51687,D152700
Q05397,D152700
Q16698,D152700
P49763,D152700
P15289,D152700
P12429,D152700
Q9Y689,D152700
P35625,D152700
Q7L5Y9,D152700
Q86VB7,D152700
P48357,D152700
P04637,D152700
P05305,D152700
P41597,D152700
P23560,D152700
Q9NPF7,D152700
P43235,D152700
P05019,D152700
P10644,D152700
P50052,D152700
P09429,D152700
P04792,D152700
O14763,D152700
Q15116,D152700
P40238,D152700
Q9NZQ7,D152700
Q99527,D152700
P02647,D152700
P01563,D152700
P01024,D152700
P20963,D152700
Q14790,D152700
P40763,D152700
Q07011,D152700
P25963,D152700
P01303,D152700
P28908,D152700
P04439,D152700
P40933,D152700
P01730,D152700
Q9NQ25,D152700
P17813,D152700
P15391,D152700
Q16706,D152700
Q12884,D152700
Q07820,D152700
P11597,D152700
O14788,D152700
Q9NR97,D152700
P05112,D152700
P05181,D152700
P33261,D152700
P04798,D152700
P20813,D152700
Q9Y5Y4,D152700
P05556,D152700
O00591,D152700
O95255,D152700
P09237,D152700
P24347,D152700
P35869,D152700
Q13526,D152700
P61626,D152700
P78536,D152700
P61769,D152700
Q13133,D152700
P24666,D152700
Q9BVJ7,D152700
Q15078,D152700
O75460,D152700
P60174,D152700
Q14994,D152700
P28066,D152700
P28072,D152700
P10176,D152700
P04054,D152700
Q16566,D152700
P01116,D152700
P01889,D152700
O00141,D152700
P23458,D152700
P29597,D152700
P08758,D152700
Q969V6,D152700
P06396,D152700
O75116,D152700
P15151,D152700
Q12866,D152700
P11684,D152700
P07948,D152700
Q8IU85,D152700
O00182,D152700
P09848,D152700
Q9NWZ3,D152700
Q92793,D152700
Q15648,D152700
O43612,D152700
Q9BY32,D152700
P04179,D152700
P00558,D152700
P36871,D152700
P29508,D152700
P01920,D152700
P08670,D152700
P11226,D152700
P04053,D152700
P09382,D152700
P15813,D152700
P31323,D152700
P10600,D152700
P51003,D152700
P49913,D152700
P29323,D152700
P00973,D152700
Q9BZZ2,D152700
Q13838,D152700
P00748,D152700
P0C0L4,D152700
P0C0L5,D152700
Q9UQQ2,D152700
P22001,D152700
P01583,D152700
P18510,D152700
P28065,D152700
P11274,D152700
Q96SW2,D152700
Q9UM01,D152700
P04731,D152700
P02795,D152700
P01903,D152700
P79483,D152700
P13762,D152700
Q30154,D152700
Q9HAB3,D152700
P08686,D152700
Q13315,D152700
P04839,D152700
P13498,D152700
P14598,D152700
P19878,D152700
P54646,D152700
Q14573,D152700
P18847,D152700
P18850,D152700
P60709,D152700
P62807,D152700
P67870,D152700
P28907,D152700
P17676,D152700
P60484,D152700
Q04206,D152700
Q9HC97,D152700
P09936,D152700
Q99571,D152700
P06733,D152700
P29590,D152700
O75880,D152700
Q16552,D152700
Q8NBP7,D152700
P21453,D152700
P07438,D152700
P04732,D152700
P04733,D152700
P13640,D152700
P80294,D152700
Q8N339,D152700
P80297,D152700
P30626,D152700
P0DP24,D152700
P0DP25,D152700
P05109,D152700
P10809,D152700
P31946,D152700
P07288,D152700
P06702,D152700
P32004,D152700
P38936,D152700
P39748,D152700
P00846,D152700
Q14457,D152700
P54652,D152700
P34932,D152700
P61604,D152700
Q13219,D152700
P60903,D152700
P27348,D152700
P12004,D152700
P08603,D152700
P05156,D152700
P10909,D152700
P35858,D152700
P04264,D152700
P02750,D152700
P51884,D152700
O14791,D152700
O75636,D152700
P01591,D152700
Q14103,D152700
P39019,D152700
P62753,D152700
P37802,D152700
Q07955,D152700
Q01995,D152700
Q9HC29,D152700
Q13873,D152700
P22897,D152700
Q9H2K8,D152700
Q9UHD2,D152700
P30530,D152700
P51451,D152700
P19525,D152700
Q9P2K8,D152700
P29320,D152700
P54762,D152700
Q14164,D152700
P14616,D152700
P51617,D152700
Q5S007,D152700
P29376,D152700
Q92918,D152700
Q8IVH8,D152700
Q7KZI7,D152700
O75914,D152700
Q13546,D152700
O43353,D152700
Q52WX2,D152700
Q9UEE5,D152700
Q15910,D152700
P40259,D152700
P51679,D152700
P51575,D152700
Q9UBL9,D152700
P56373,D152700
Q93086,D152700
O15547,D152700
Q99572,D152700
P47900,D152700
Q9UQ05,D152700
Q96L42,D152700
P41222,D152700
Q9Y6K1,D152700
P04114,D152700
P00738,D152700
P52824,D152700
P29350,D152700
O95670,D152700
P20702,D152700
P55211,D152700
Q9UBC3,D152700
Q02223,D152700
Q9NRA0,D152700
P14780,D153880
P15692,D153880
P48637,D153880
P12821,D153880
P14679,D153880
P29474,D153880
P04181,D153880
Q96A70,D153880
P08235,D153880
P05230,D153880
P05231,D153880
P10145,D153880
P13500,D153880
P01584,D153880
P02649,D153880
P08100,D153880
P04040,D153880
Q6ZQY3,D153880
P22301,D153880
P08887,D153880
P01563,D153880
P40763,D153880
Q9Y2T6,D153880
P42357,D154276
P46098,D154276
P35520,D154276
Q13936,D154276
P09417,D154276
P54289,D154276
P21817,D154276
Q09470,D154276
P05231,D154276
Q8NER1,D154276
P06744,D154276
P35499,D154276
P06276,D154276
O43272,D154276
Q13698,D154276
O14983,D154276
Q92736,D154276
P31415,D154276
P21333,D154276
P29320,D154276
P11532,D154276
P00451,D155100
Q9H244,D155100
P16442,D155100
P04275,D155100
P04156,D155100
P32119,D155100
F7VJQ1,D155100
P04003,D155100
P35579,D155100
P35228,D155600
Q9UPY5,D155600
P04049,D155600
P14780,D155600
P21554,D155600
P15692,D155600
Q09428,D155600
P10415,D155600
P14679,D155600
P35354,D155600
O14727,D155600
P04818,D155600
P00740,D155600
Q16719,D155600
P19793,D155600
P31749,D155600
P10398,D155600
Q96Q40,D155600
O15528,D155600
P10721,D155600
P04626,D155600
P04406,D155600
P15056,D155600
P08253,D155600
P01589,D155600
P53985,D155600
P07550,D155600
Q8NFJ5,D155600
P01375,D155600
P11388,D155600
P00533,D155600
P11473,D155600
P40261,D155600
Q92731,D155600
P09488,D155600
P09211,D155600
P78417,D155600
P30711,D155600
Q13255,D155600
P12931,D155600
P16234,D155600
Q02750,D155600
P37840,D155600
P29972,D155600
Q99584,D155600
P16410,D155600
P26358,D155600
O95237,D155600
P05451,D155600
P08581,D155600
P05231,D155600
P61073,D155600
P03956,D155600
P01574,D155600
P01579,D155600
P01189,D155600
P01133,D155600
P24158,D155600
P27986,D155600
P16220,D155600
P49327,D155600
P10145,D155600
P35222,D155600
Q00987,D155600
P62937,D155600
P09038,D155600
P24385,D155600
P60568,D155600
P04629,D155600
P27361,D155600
P24941,D155600
P01112,D155600
O60733,D155600
P05362,D155600
P19838,D155600
P23297,D155600
P11137,D155600
P63000,D155600
Q16678,D155600
P16070,D155600
P19320,D155600
P07900,D155600
P14210,D155600
Q13126,D155600
P02774,D155600
P16455,D155600
P48061,D155600
P98170,D155600
P42574,D155600
O60603,D155600
O60760,D155600
P04271,D155600
P28161,D155600
O15530,D155600
P39900,D155600
O75874,D155600
Q13509,D155600
P14555,D155600
P09874,D155600
Q96AZ6,D155600
P11511,D155600
P34741,D155600
P22607,D155600
P50750,D155600
Q00534,D155600
P11802,D155600
O14521,D155600
Q2M3G0,D155600
Q16665,D155600
P42336,D155600
P42345,D155600
P07949,D155600
P27695,D155600
P01911,D155600
O00206,D155600
Q01726,D155600
O14746,D155600
P04141,D155600
P22301,D155600
P39905,D155600
P15531,D155600
P35625,D155600
Q86VB7,D155600
P04637,D155600
O96017,D155600
P00403,D155600
P23560,D155600
Q96GD4,D155600
Q13443,D155600
P43235,D155600
P05019,D155600
Q02156,D155600
Q15116,D155600
Q9NZQ7,D155600
Q14790,D155600
P40763,D155600
Q07011,D155600
P01303,D155600
P04439,D155600
P52333,D155600
P05112,D155600
P56524,D155600
Q07864,D155600
P11717,D155600
P35869,D155600
Q15788,D155600
P63092,D155600
Q13526,D155600
P53350,D155600
P61769,D155600
P51955,D155600
Q15118,D155600
P04054,D155600
P01116,D155600
Q00536,D155600
P15151,D155600
P05187,D155600
Q92793,D155600
P04179,D155600
P01920,D155600
P08670,D155600
P35398,D155600
P30041,D155600
P01106,D155600
Q9UQQ2,D155600
P18510,D155600
P36507,D155600
P04731,D155600
P08686,D155600
Q13315,D155600
P18846,D155600
P60484,D155600
Q9C0B1,D155600
P05109,D155600
P31948,D155600
P30101,D155600
P12644,D155600
P38936,D155600
P12004,D155600
P36955,D155600
P01011,D155600
P22897,D155600
O75533,D155600
Q9UKI8,D155600
Q9P2K8,D155600
Q9UPZ9,D155600
Q15910,D155600
Q86YN6,D155600
P23634,D155600
P35228,D156000
P04049,D156000
P29475,D156000
P03372,D156000
Q9H3N8,D156000
P29474,D156000
P55011,D156000
P49286,D156000
P15382,D156000
P10827,D156000
P01375,D156000
Q99707,D156000
Q9UBK8,D156000
P09488,D156000
P05771,D156000
P29972,D156000
O75015,D156000
P12724,D156000
P01579,D156000
P13501,D156000
P32418,D156000
P11166,D156000
P19838,D156000
O60760,D156000
P09874,D156000
P14174,D156000
P08637,D156000
P12318,D156000
P31994,D156000
P31995,D156000
P42898,D156000
P01911,D156000
Q9NR97,D156000
P04179,D156000
P01583,D156000
P57059,D156000
P34932,D156000
Q9HBA0,D156000
Q9Y6H6,D156000
P55211,D156000
P22607,D156190
Q96DP5,D156190
P06276,D156190
Q15878,D156190
Q8IWU9,D157300
P35498,D157300
P12821,D157300
O00555,D157300
P21917,D157300
P41595,D157300
Q13936,D157300
P28223,D157300
P01130,D157300
P25101,D157300
P35462,D157300
P11586,D157300
P42261,D157300
P01375,D157300
Q03405,D157300
P31645,D157300
P14416,D157300
P11473,D157300
P09488,D157300
O60894,D157300
P01137,D157300
P01374,D157300
P06881,D157300
O60760,D157300
Q7Z2W7,D157300
P04040,D157300
P21964,D157300
Q07954,D157300
P20711,D157300
P42898,D157300
P21397,D157300
P00441,D157300
P01911,D157300
P18509,D157300
P41597,D157300
P23560,D157300
O43612,D157300
P04179,D157300
Q15878,D157300
Q9UGI6,D157300
P50993,D157300
O43613,D157300
P31415,D157300
P37173,D157700
P36897,D157700
P21333,D157700
P05305,D157950
P21554,D158280
P34972,D158280
P35367,D158280
P16220,D158280
P52788,D158280
Q8NER1,D158280
P27361,D158280
P50135,D158280
Q92847,D158280
Q13163,D158280
P35228,D160300
P06213,D160300
P14780,D160300
P29475,D160300
Q07869,D160300
Q02809,D160300
O76082,D160300
P10275,D160300
P23786,D160300
P12821,D160300
P06858,D160300
P10415,D160300
P15291,D160300
P35354,D160300
P05089,D160300
P00395,D160300
P02766,D160300
P50440,D160300
Q9Y2Z4,D160300
P00338,D160300
P22303,D160300
P31749,D160300
P02768,D160300
P09417,D160300
P09884,D160300
P04035,D160300
P12235,D160300
P08253,D160300
P34969,D160300
P19429,D160300
P05141,D160300
P21817,D160300
P12081,D160300
P15121,D160300
P16219,D160300
P11473,D160300
P33527,D160300
Q92731,D160300
Q9Y2Q3,D160300
O43451,D160300
P43681,D160300
P07333,D160300
P27487,D160300
P10253,D160300
Q9UKV0,D160300
P11217,D160300
P05231,D160300
P00156,D160300
P07858,D160300
P01579,D160300
P20333,D160300
Q12882,D160300
O95831,D160300
P01137,D160300
Q16853,D160300
Q9Y6L6,D160300
P09038,D160300
P08183,D160300
P22830,D160300
P01584,D160300
P30793,D160300
Q9UNQ0,D160300
P04004,D160300
P01112,D160300
P11413,D160300
P11021,D160300
P04156,D160300
P02649,D160300
P17252,D160300
O60760,D160300
P14410,D160300
P04040,D160300
P30405,D160300
P49773,D160300
Q9Y5Y6,D160300
P35499,D160300
P68133,D160300
P25391,D160300
P09486,D160300
P21397,D160300
P47989,D160300
Q8N142,D160300
Q5JTZ9,D160300
Q13427,D160300
Q96I59,D160300
Q13698,D160300
P20815,D160300
P10635,D160300
Q16665,D160300
P42345,D160300
Q00653,D160300
P00441,D160300
Q9Y6K9,D160300
P01911,D160300
Q05655,D160300
P21796,D160300
Q8WTS6,D160300
P08684,D160300
P01270,D160300
P00403,D160300
P05067,D160300
P05019,D160300
P04792,D160300
O14793,D160300
Q15116,D160300
Q9NZQ7,D160300
P40763,D160300
P20807,D160300
P01308,D160300
P05181,D160300
P20813,D160300
O95622,D160300
P39023,D160300
Q16134,D160300
O14983,D160300
Q09013,D160300
Q7Z406,D160300
P13073,D160300
P00414,D160300
Q9H2G2,D160300
P08758,D160300
P19105,D160300
P12883,D160300
P14550,D160300
P00558,D160300
P36871,D160300
P15259,D160300
P02144,D160300
P22570,D160300
Q8IWL2,D160300
P11226,D160300
P46976,D160300
P19883,D160300
Q9NTG7,D160300
P0CG47,D160300
P55072,D160300
P55789,D160300
O00142,D160300
O95264,D160300
Q05513,D160300
Q9UGJ0,D160300
Q9UGI9,D160300
Q07021,D160300
P60709,D160300
Q92736,D160300
P28907,D160300
P46939,D160300
Q16552,D160300
Q8NBP7,D160300
P35556,D160300
P31415,D160300
P22626,D160300
P12814,D160300
F7VJQ1,D160300
Q16595,D160300
P00846,D160300
P34932,D160300
P09493,D160300
P06753,D160300
P35858,D160300
P21333,D160300
P39019,D160300
P17844,D160300
Q8IYT8,D160300
Q9P2K8,D160300
O15146,D160300
Q13153,D160300
Q13177,D160300
P63252,D160300
P11532,D160300
P29350,D160300
P23219,D160750
P20309,D160750
P14780,D160750
P00492,D160750
P14618,D160750
Q9NYK1,D160750
P15692,D160750
Q09428,D160750
P26639,D160750
P10415,D160750
P09917,D160750
P35354,D160750
P49588,D160750
P28845,D160750
P08246,D160750
P16473,D160750
P07202,D160750
P04035,D160750
P01375,D160750
P30536,D160750
P21817,D160750
P12081,D160750
P11473,D160750
P04150,D160750
P27487,D160750
P02741,D160750
P51681,D160750
P05231,D160750
P61073,D160750
P01574,D160750
P25116,D160750
P08174,D160750
P01579,D160750
P24158,D160750
P10145,D160750
P01137,D160750
P41250,D160750
Q9Y6L6,D160750
P60568,D160750
P21980,D160750
P13500,D160750
P01584,D160750
Q06124,D160750
P11021,D160750
P02649,D160750
P19438,D160750
P07355,D160750
Q9NR96,D160750
P05113,D160750
Q96C86,D160750
P25774,D160750
P14174,D160750
P13727,D160750
Q5JTZ9,D160750
Q13427,D160750
P00441,D160750
P01911,D160750
O00206,D160750
P22301,D160750
P31949,D160750
Q86VB7,D160750
P05067,D160750
Q9BUF5,D160750
P05019,D160750
P09429,D160750
O14793,D160750
Q15116,D160750
Q9NZQ7,D160750
P01024,D160750
P15941,D160750
P05112,D160750
Q9ULX7,D160750
P78536,D160750
P29597,D160750
P26447,D160750
P11226,D160750
P49913,D160750
P0CG47,D160750
Q13838,D160750
O14964,D160750
P01583,D160750
P18510,D160750
P19878,D160750
P60709,D160750
Q92736,D160750
P31415,D160750
P05109,D160750
P10809,D160750
P35858,D160750
Q07955,D160750
P22897,D160750
P01350,D160750
P11532,D160750
P52824,D160750
P29350,D160750
O95670,D160750
P21728,D164230
P21554,D164230
P29475,D164230
Q8IWU9,D164230
P03372,D164230
P16442,D164230
Q9UBS5,D164230
P08908,D164230
P46098,D164230
P04818,D164230
P21917,D164230
P41595,D164230
Q13224,D164230
Q13936,D164230
P28223,D164230
P28335,D164230
P04406,D164230
P35462,D164230
Q05329,D164230
Q13085,D164230
Q01959,D164230
P28221,D164230
P01375,D164230
P30536,D164230
P31645,D164230
P14416,D164230
P35372,D164230
Q92731,D164230
P28222,D164230
Q13002,D164230
P42263,D164230
Q13003,D164230
P30559,D164230
P43004,D164230
O75015,D164230
P30044,D164230
P05231,D164230
P28482,D164230
P98164,D164230
P01579,D164230
Q6W5P4,D164230
P10145,D164230
P13500,D164230
P01584,D164230
P43005,D164230
P30793,D164230
P43003,D164230
P01100,D164230
P32239,D164230
P41594,D164230
Q08499,D164230
Q9NY46,D164230
P21964,D164230
P11511,D164230
P08637,D164230
P22607,D164230
P09486,D164230
P42898,D164230
P21397,D164230
Q16760,D164230
Q13427,D164230
P10635,D164230
P01911,D164230
P08729,D164230
P39905,D164230
P23560,D164230
P05019,D164230
P01303,D164230
P33261,D164230
P18507,D164230
Q16620,D164230
P10176,D164230
P16112,D164230
P09848,D164230
P78352,D164230
P29323,D164230
Q96I15,D164230
P54219,D164230
P01583,D164230
O95264,D164230
Q8WXA8,D164230
Q70Z44,D164230
A5X5Y0,D164230
P10599,D164230
P60709,D164230
Q16552,D164230
P30626,D164230
P42858,D164230
Q16288,D164230
Q99572,D164230
P35498,D165150
P51649,D165150
P54802,D165150
Q13224,D165150
O43497,D165150
Q14353,D165150
P18089,D165150
P07101,D165150
P21802,D165150
P31645,D165150
P49327,D165150
P11166,D165150
P06881,D165150
Q9UKM7,D165150
P09874,D165150
Q9UQD0,D165150
P25391,D165150
P52848,D165150
Q9BY49,D165150
P23560,D165150
P15328,D165150
P56524,D165150
P55263,D165150
P35219,D165150
P63092,D165150
P20248,D165150
P16389,D165150
Q9H8P0,D165150
P05129,D165150
Q9ULB1,D165150
P60484,D165150
P32004,D165150
Q9Y6K1,D165150
P12277,D165199
Q02809,D165199
Q14894,D165199
O76074,D165199
P12821,D165199
P10415,D165199
Q08828,D165199
P00395,D165199
P51659,D165199
P15382,D165199
P07202,D165199
P02768,D165199
P03905,D165199
P51787,D165199
P12314,D165199
Q99707,D165199
P09488,D165199
P21266,D165199
P09211,D165199
P30711,D165199
Q14831,D165199
P02741,D165199
P26358,D165199
P08581,D165199
P98164,D165199
P01009,D165199
P56817,D165199
P29965,D165199
P03951,D165199
P01584,D165199
P21589,D165199
P06881,D165199
P02649,D165199
Q13126,D165199
O60760,D165199
P06132,D165199
P22607,D165199
P02458,D165199
P35237,D165199
P42898,D165199
P00813,D165199
P49336,D165199
P00441,D165199
Q9NY47,D165199
P56696,D165199
P03952,D165199
O00206,D165199
Q96EB6,D165199
P22301,D165199
O76083,D165199
P18509,D165199
P11509,D165199
P05305,D165199
P23560,D165199
O15392,D165199
P05019,D165199
P53420,D165199
Q07817,D165199
P12104,D165199
P63208,D165199
Q7Z406,D165199
Q9Y296,D165199
P10600,D165199
P35241,D165199
P48735,D165199
P48066,D165199
Q9NSD5,D165199
P05129,D165199
P78508,D165199
P60709,D165199
O95718,D165199
P63261,D165199
O75838,D165199
P00846,D165199
Q9NR28,D165199
Q9HBA0,D165199
P35579,D165199
Q8NEV4,D165199
P36404,D165199
P11532,D165199
P41222,D165199
P15313,D165199
Q01814,D165199
P35228,D165720
P50213,D165720
P23219,D165720
P35916,D165720
P02452,D165720
P17948,D165720
O00217,D165720
P12259,D165720
P24530,D165720
P20309,D165720
P14780,D165720
P13674,D165720
P21554,D165720
P30556,D165720
Q07869,D165720
P10912,D165720
P00492,D165720
P02792,D165720
P14618,D165720
P34972,D165720
P35610,D165720
P51606,D165720
P07741,D165720
O95477,D165720
P17752,D165720
P03372,D165720
P08700,D165720
Q04828,D165720
P10275,D165720
Q9NYK1,D165720
Q99720,D165720
P15692,D165720
P31040,D165720
P45381,D165720
O15374,D165720
P10826,D165720
Q09428,D165720
P00747,D165720
P16442,D165720
P37231,D165720
P12821,D165720
O75746,D165720
P05121,D165720
P10415,D165720
P09917,D165720
P80404,D165720
Q9Y478,D165720
P40939,D165720
P35354,D165720
Q04771,D165720
P00797,D165720
P01008,D165720
P34897,D165720
P16050,D165720
P08620,D165720
P28845,D165720
P00395,D165720
P02766,D165720
P19801,D165720
P00740,D165720
P43116,D165720
P35968,D165720
P25103,D165720
P08246,D165720
P38435,D165720
Q13224,D165720
P0DP23,D165720
P41143,D165720
P04181,D165720
P31749,D165720
P30988,D165720
Q14432,D165720
Q96Q40,D165720
P29466,D165720
O15427,D165720
P22413,D165720
P37023,D165720
P49821,D165720
P43155,D165720
P01130,D165720
P03886,D165720
P41180,D165720
O94788,D165720
P28329,D165720
P25101,D165720
Q9P0J0,D165720
P04406,D165720
Q12791,D165720
P14778,D165720
Q9NWM0,D165720
Q04609,D165720
P08559,D165720
P13612,D165720
P52895,D165720
P18031,D165720
P41145,D165720
P42261,D165720
P08253,D165720
P14784,D165720
P03891,D165720
P47712,D165720
P01589,D165720
P10276,D165720
Q13131,D165720
P04278,D165720
P10827,D165720
P05230,D165720
P17735,D165720
P14902,D165720
P07550,D165720
P01375,D165720
Q03405,D165720
P02818,D165720
P09601,D165720
P30536,D165720
P12081,D165720
P21802,D165720
P78540,D165720
Q9UBK8,D165720
P00533,D165720
P35372,D165720
P11473,D165720
Q92731,D165720
P04150,D165720
P09488,D165720
Q9Y2Q3,D165720
O15217,D165720
P07203,D165720
P30711,D165720
O94925,D165720
P42081,D165720
P16234,D165720
P07333,D165720
P27487,D165720
P43220,D165720
Q02750,D165720
Q14289,D165720
P02741,D165720
P29972,D165720
Q9UKV0,D165720
P19440,D165720
P26358,D165720
P00749,D165720
P49747,D165720
O75015,D165720
P20810,D165720
P30044,D165720
P01023,D165720
P51681,D165720
P05451,D165720
P08581,D165720
P05231,D165720
P61073,D165720
P03956,D165720
P28482,D165720
P01574,D165720
P25116,D165720
P27169,D165720
P02778,D165720
P07858,D165720
P07339,D165720
P01579,D165720
P01189,D165720
P20333,D165720
P01133,D165720
P27986,D165720
O75469,D165720
P16220,D165720
P49327,D165720
P10145,D165720
Q04760,D165720
P45452,D165720
P05120,D165720
P17936,D165720
P13501,D165720
P35568,D165720
P01137,D165720
P35222,D165720
P32418,D165720
O14965,D165720
O60488,D165720
Q9Y275,D165720
Q00987,D165720
Q03181,D165720
P09038,D165720
P01042,D165720
Q16539,D165720
P03951,D165720
Q8NER1,D165720
P63316,D165720
P06850,D165720
P24385,D165720
P60568,D165720
P21980,D165720
P04629,D165720
P05412,D165720
P04275,D165720
P15502,D165720
P13500,D165720
P01584,D165720
P35557,D165720
P11166,D165720
P01019,D165720
P27361,D165720
P04004,D165720
Q06124,D165720
P24941,D165720
P16581,D165720
P05164,D165720
P15144,D165720
P06493,D165720
P80188,D165720
P05362,D165720
P19838,D165720
P23297,D165720
P06870,D165720
Q9UM07,D165720
P01138,D165720
P17302,D165720
P21589,D165720
P53779,D165720
P11021,D165720
P15309,D165720
P06881,D165720
P04156,D165720
P35247,D165720
P19367,D165720
P63000,D165720
Q16678,D165720
P16070,D165720
P19320,D165720
P08254,D165720
P02649,D165720
P07900,D165720
P14210,D165720
Q08345,D165720
P08697,D165720
P01100,D165720
P02776,D165720
P27815,D165720
P36969,D165720
P19438,D165720
P02774,D165720
Q15858,D165720
P48745,D165720
P16444,D165720
P48061,D165720
O14920,D165720
P05106,D165720
P98170,D165720
P42574,D165720
O60603,D165720
P14625,D165720
O60760,D165720
Q9NR96,D165720
P31751,D165720
P63104,D165720
P04271,D165720
P02751,D165720
P22894,D165720
P15559,D165720
P61586,D165720
O15530,D165720
P25942,D165720
P08842,D165720
P39900,D165720
P06744,D165720
P80511,D165720
P04040,D165720
P05113,D165720
Q9P2W7,D165720
Q9NP99,D165720
Q9UN19,D165720
P43403,D165720
P48736,D165720
P17931,D165720
P49137,D165720
P20231,D165720
Q9BY41,D165720
P25774,D165720
Q9Y286,D165720
Q9Y5Y6,D165720
P04075,D165720
P23526,D165720
P09874,D165720
P55210,D165720
P52732,D165720
P14174,D165720
P37173,D165720
Q05315,D165720
P32119,D165720
Q16881,D165720
Q9NY46,D165720
Q9UQD0,D165720
P62508,D165720
P21964,D165720
P11511,D165720
P00736,D165720
P08637,D165720
P31785,D165720
P05452,D165720
P27797,D165720
Q07954,D165720
P29120,D165720
Q16270,D165720
P05981,D165720
P11362,D165720
P22607,D165720
P07711,D165720
P02458,D165720
Q96LZ3,D165720
Q96EN8,D165720
P42898,D165720
O00469,D165720
O00519,D165720
O75936,D165720
P19021,D165720
P50750,D165720
Q8IVL6,D165720
P00813,D165720
Q9GZT9,D165720
O15460,D165720
P10768,D165720
P35754,D165720
Q6TGC4,D165720
Q9Y2J8,D165720
P67775,D165720
Q13427,D165720
P20618,D165720
P10635,D165720
Q13547,D165720
Q92769,D165720
O15379,D165720
Q9UBN7,D165720
Q16665,D165720
P43115,D165720
P42336,D165720
P20292,D165720
Q92569,D165720
P42345,D165720
P00441,D165720
P08865,D165720
O14672,D165720
O00329,D165720
P42338,D165720
O60674,D165720
P43490,D165720
P01911,D165720
Q05655,D165720
P24394,D165720
Q14627,D165720
P06280,D165720
P35225,D165720
Q8WXI7,D165720
O00206,D165720
P32320,D165720
P54760,D165720
Q96EB6,D165720
P07237,D165720
P45880,D165720
P10147,D165720
P04141,D165720
P22301,D165720
Q92831,D165720
P31949,D165720
P08887,D165720
P80075,D165720
Q05397,D165720
Q16698,D165720
P49763,D165720
P15289,D165720
P18509,D165720
P15086,D165720
O60547,D165720
P22392,D165720
P01270,D165720
O15169,D165720
P35625,D165720
Q86VB7,D165720
P48357,D165720
Q02763,D165720
P04637,D165720
P05305,D165720
P00403,D165720
P41597,D165720
P51671,D165720
P05067,D165720
P23560,D165720
Q5NUL3,D165720
P33151,D165720
Q96IY4,D165720
Q9NPF7,D165720
P43235,D165720
P05019,D165720
Q92934,D165720
P10644,D165720
P50052,D165720
P09429,D165720
Q02224,D165720
O14793,D165720
Q15116,D165720
Q9NZQ7,D165720
P02647,D165720
P01024,D165720
P20963,D165720
Q14790,D165720
Q9Y6Q6,D165720
P40763,D165720
P25963,D165720
Q14956,D165720
P10636,D165720
P40933,D165720
Q9NPC1,D165720
Q15722,D165720
P17813,D165720
P15391,D165720
Q12884,D165720
Q03431,D165720
Q07817,D165720
Q07820,D165720
P49674,D165720
P30411,D165720
P11597,D165720
O14788,D165720
P05112,D165720
P35408,D165720
P56524,D165720
Q8WUI4,D165720
P05186,D165720
P25024,D165720
O95749,D165720
P62745,D165720
P05556,D165720
Q16620,D165720
Q7LG56,D165720
Q8N1Q1,D165720
P09238,D165720
P09237,D165720
P50281,D165720
Q99542,D165720
Q9H239,D165720
P35869,D165720
P11474,D165720
Q9UNA0,D165720
P63092,D165720
Q15661,D165720
P53350,D165720
P30153,D165720
P78536,D165720
P61769,D165720
P36897,D165720
P45983,D165720
Q13554,D165720
P51955,D165720
P21281,D165720
O75460,D165720
P60174,D165720
P47985,D165720
Q15118,D165720
Q9UKQ2,D165720
P30301,D165720
P49720,D165720
P09466,D165720
P04054,D165720
P41235,D165720
Q00536,D165720
P16112,D165720
O00141,D165720
Q6UWM7,D165720
P08758,D165720
Q15418,D165720
P13639,D165720
Q6NVY1,D165720
O00182,D165720
Q15119,D165720
P26447,D165720
Q92793,D165720
O43612,D165720
Q15796,D165720
P04179,D165720
Q03403,D165720
P08670,D165720
P22694,D165720
P51178,D165720
P63096,D165720
P09382,D165720
Q9NPH2,D165720
P31323,D165720
P22459,D165720
P10600,D165720
P78352,D165720
P19883,D165720
P48735,D165720
P68104,D165720
P35398,D165720
Q9NTG7,D165720
P29323,D165720
P62826,D165720
P55789,D165720
Q01082,D165720
Q15382,D165720
Q99873,D165720
P60953,D165720
Q99661,D165720
O15111,D165720
P0C0L4,D165720
P0C0L5,D165720
P01106,D165720
Q14697,D165720
O75330,D165720
P49190,D165720
P01583,D165720
P18510,D165720
Q16832,D165720
Q9Y2U5,D165720
Q14145,D165720
P57059,D165720
P51812,D165720
O95644,D165720
Q05513,D165720
P04839,D165720
P13498,D165720
P14598,D165720
P54646,D165720
Q14123,D165720
P18847,D165720
P18850,D165720
P10915,D165720
Q14520,D165720
Q6UX15,D165720
P98066,D165720
P10599,D165720
P60709,D165720
O95718,D165720
P13637,D165720
P62807,D165720
O00299,D165720
P28907,D165720
P17676,D165720
P60484,D165720
P36956,D165720
Q04206,D165720
Q8TDU6,D165720
Q99571,D165720
Q9C0B1,D165720
Q16555,D165720
P06733,D165720
P08493,D165720
P46663,D165720
Q06830,D165720
Q16552,D165720
O43613,D165720
P34998,D165720
Q96DB2,D165720
Q14872,D165720
Q99653,D165720
P35556,D165720
P0DP24,D165720
P0DP25,D165720
P05109,D165720
P10809,D165720
P63244,D165720
P12814,D165720
P31946,D165720
P18669,D165720
P30101,D165720
P04155,D165720
F7VJQ1,D165720
P06702,D165720
Q92570,D165720
P12644,D165720
Q16602,D165720
Q9UJU2,D165720
P38936,D165720
Q14457,D165720
P61978,D165720
P34932,D165720
P60903,D165720
P09493,D165720
P54578,D165720
P27348,D165720
P12004,D165720
P04003,D165720
P10909,D165720
P02750,D165720
P51884,D165720
P29622,D165720
P36955,D165720
O14791,D165720
P15924,D165720
P19827,D165720
P13647,D165720
P01011,D165720
Q6FHJ7,D165720
Q92945,D165720
Q14103,D165720
Q16518,D165720
Q02083,D165720
Q9HBA0,D165720
P36894,D165720
Q9HC29,D165720
P55073,D165720
P22897,D165720
P20393,D165720
P35590,D165720
Q9UKI8,D165720
O75385,D165720
Q9C098,D165720
P19525,D165720
P29320,D165720
P54764,D165720
Q9UPZ9,D165720
Q14164,D165720
P14616,D165720
P51617,D165720
Q9Y2K2,D165720
Q16584,D165720
Q99759,D165720
Q9Y6R4,D165720
Q8IVH8,D165720
Q8N4C8,D165720
Q13177,D165720
Q15139,D165720
Q13546,D165720
O43353,D165720
P08922,D165720
Q15910,D165720
Q9BQB4,D165720
Q99814,D165720
Q9NPA2,D165720
Q8IXJ6,D165720
P51679,D165720
P11532,D165720
Q86YN6,D165720
Q99572,D165720
P53396,D165720
P41222,D165720
Q9Y6K1,D165720
P00738,D165720
P06307,D165720
Q9H2H9,D165720
P16278,D165720
Q9UBC3,D165720
Q02223,D165720
Q9NRA0,D165720
O15123,D165720
P35228,D166300
P23219,D166300
P17948,D166300
P06213,D166300
O60931,D166300
P12259,D166300
P24530,D166300
P00734,D166300
P13716,D166300
P14780,D166300
P21554,D166300
P30556,D166300
P11836,D166300
P29475,D166300
Q07869,D166300
P10912,D166300
Q9BYV1,D166300
P35610,D166300
P51606,D166300
P07741,D166300
O95477,D166300
P03372,D166300
P69905,D166300
P80365,D166300
P09172,D166300
P15692,D166300
P48506,D166300
P37088,D166300
Q09428,D166300
P00747,D166300
P16442,D166300
P37231,D166300
P00742,D166300
P12821,D166300
P06858,D166300
P05121,D166300
P10415,D166300
P09917,D166300
Q9Y478,D166300
P35354,D166300
P29474,D166300
P08473,D166300
P00915,D166300
P00797,D166300
P01008,D166300
Q00796,D166300
P02753,D166300
P00918,D166300
P00395,D166300
P02766,D166300
P50440,D166300
P35968,D166300
Q14749,D166300
Q99259,D166300
P04070,D166300
P54802,D166300
P55017,D166300
P04083,D166300
P31749,D166300
O15528,D166300
P29466,D166300
P10721,D166300
P22413,D166300
P15382,D166300
P51170,D166300
P01130,D166300
P35348,D166300
Q13621,D166300
P41180,D166300
P25101,D166300
P02768,D166300
P02671,D166300
P16066,D166300
P14778,D166300
P18089,D166300
P35368,D166300
P03915,D166300
P35462,D166300
P12235,D166300
Q05329,D166300
O95865,D166300
Q13085,D166300
P15056,D166300
Q8TDS4,D166300
P33121,D166300
P08253,D166300
P01589,D166300
P17181,D166300
P10276,D166300
P24298,D166300
P08235,D166300
P51787,D166300
Q13131,D166300
P04278,D166300
P14902,D166300
P07550,D166300
P11498,D166300
P49589,D166300
O00763,D166300
P01375,D166300
Q03405,D166300
P02818,D166300
P09601,D166300
P53004,D166300
P15121,D166300
P00439,D166300
P78540,D166300
Q9UBK8,D166300
O94760,D166300
P00533,D166300
P11473,D166300
P40926,D166300
P09488,D166300
Q9Y2Q3,D166300
P09211,D166300
P30711,D166300
P22352,D166300
P12931,D166300
P33681,D166300
P27487,D166300
P01031,D166300
P43220,D166300
O60895,D166300
Q14289,D166300
P05771,D166300
P02741,D166300
P37840,D166300
P29972,D166300
P16410,D166300
P00749,D166300
P51681,D166300
P05451,D166300
P05231,D166300
P61073,D166300
P28482,D166300
P01574,D166300
P25116,D166300
P27169,D166300
P02778,D166300
O60494,D166300
P07858,D166300
P07339,D166300
P98164,D166300
P01579,D166300
P01189,D166300
P20333,D166300
P49888,D166300
P01133,D166300
P10145,D166300
Q04760,D166300
P17936,D166300
P17405,D166300
P13501,D166300
P16860,D166300
Q9BYF1,D166300
P01137,D166300
P35222,D166300
P02788,D166300
Q9Y275,D166300
Q16853,D166300
Q00987,D166300
P29965,D166300
P62937,D166300
P09038,D166300
P01042,D166300
Q16539,D166300
Q8NER1,D166300
P24385,D166300
P60568,D166300
P98160,D166300
P08183,D166300
P23946,D166300
P04629,D166300
P05412,D166300
P04275,D166300
P11168,D166300
P13500,D166300
P01584,D166300
P35557,D166300
P11166,D166300
Q13231,D166300
P01019,D166300
P27361,D166300
P49841,D166300
Q4U2R8,D166300
P04004,D166300
Q92887,D166300
P16581,D166300
P05164,D166300
O60733,D166300
P80188,D166300
P05362,D166300
P19838,D166300
P01374,D166300
P00750,D166300
P11413,D166300
P06870,D166300
P01138,D166300
P17302,D166300
P11021,D166300
P35247,D166300
P63000,D166300
P19320,D166300
P02649,D166300
P07900,D166300
P14210,D166300
Q08345,D166300
P01100,D166300
P02776,D166300
P17252,D166300
Q16348,D166300
P36969,D166300
P19438,D166300
P00450,D166300
P02774,D166300
P48745,D166300
P48061,D166300
P07204,D166300
P42574,D166300
O60603,D166300
Q9NR96,D166300
P63104,D166300
P13726,D166300
P02751,D166300
P15559,D166300
P13569,D166300
P25942,D166300
P08842,D166300
P04040,D166300
P31939,D166300
Q06187,D166300
Q9NP99,D166300
P10153,D166300
P48736,D166300
P17931,D166300
P14555,D166300
P09874,D166300
Q96RI1,D166300
P14174,D166300
P37173,D166300
Q05315,D166300
P62508,D166300
P11511,D166300
P02679,D166300
P12318,D166300
P31994,D166300
P31995,D166300
O15230,D166300
P27797,D166300
P34741,D166300
Q16270,D166300
P07711,D166300
P09486,D166300
Q96EN8,D166300
P42898,D166300
O75936,D166300
P47989,D166300
P50750,D166300
P11802,D166300
P27708,D166300
O95864,D166300
Q07973,D166300
Q9BXA5,D166300
P20815,D166300
Q13547,D166300
Q92769,D166300
Q9UBN7,D166300
Q16665,D166300
P42345,D166300
P00441,D166300
O14672,D166300
P43490,D166300
P27695,D166300
P01911,D166300
P06280,D166300
O00206,D166300
O14746,D166300
Q96EB6,D166300
P22301,D166300
Q8WTS6,D166300
P52848,D166300
P08684,D166300
Q92831,D166300
P11712,D166300
P10632,D166300
Q05397,D166300
Q16698,D166300
P15289,D166300
P18509,D166300
P01270,D166300
P11509,D166300
P35625,D166300
Q86VB7,D166300
P48357,D166300
P04637,D166300
O96017,D166300
P05305,D166300
P00403,D166300
P41597,D166300
P23560,D166300
P33151,D166300
Q9GZP0,D166300
Q9NPF7,D166300
P05019,D166300
P50052,D166300
P09429,D166300
Q15116,D166300
P02647,D166300
P01024,D166300
Q14790,D166300
P40763,D166300
P01303,D166300
P01308,D166300
P17813,D166300
P53420,D166300
P15941,D166300
Q07820,D166300
P11597,D166300
P05112,D166300
P05181,D166300
P33261,D166300
P05186,D166300
P20813,D166300
P05556,D166300
P12104,D166300
Q7LG56,D166300
Q8TCC7,D166300
P09238,D166300
P09237,D166300
P50281,D166300
P35869,D166300
P11474,D166300
P61626,D166300
P78536,D166300
Q9UNI1,D166300
P61769,D166300
P36897,D166300
P45983,D166300
P60900,D166300
P09466,D166300
P00414,D166300
P10176,D166300
P04054,D166300
P41235,D166300
Q9Y6Y9,D166300
Q16566,D166300
P01116,D166300
O00141,D166300
P14920,D166300
P06396,D166300
P23528,D166300
Q08209,D166300
P62330,D166300
P15151,D166300
Q15418,D166300
P11684,D166300
Q15796,D166300
P04179,D166300
P01920,D166300
P08670,D166300
P11226,D166300
P09382,D166300
P20823,D166300
Q12965,D166300
Q9NTG7,D166300
P09104,D166300
P61457,D166300
Q9BZZ2,D166300
Q99873,D166300
P13611,D166300
P60953,D166300
O00187,D166300
P01583,D166300
P18510,D166300
P28062,D166300
P31639,D166300
Q14145,D166300
Q9UM01,D166300
Q15303,D166300
P02786,D166300
Q13315,D166300
Q01118,D166300
P04839,D166300
P13498,D166300
P14598,D166300
P19878,D166300
P54646,D166300
P18848,D166300
P10599,D166300
P60709,D166300
P62736,D166300
Q15493,D166300
P17676,D166300
P60484,D166300
P36956,D166300
Q04206,D166300
P09936,D166300
Q8TDU6,D166300
Q9Y5S8,D166300
P06733,D166300
P08493,D166300
O60502,D166300
P46663,D166300
Q16552,D166300
Q8NBP7,D166300
Q9UQL6,D166300
P49281,D166300
P47944,D166300
P02656,D166300
P05109,D166300
P43652,D166300
P07288,D166300
Q92570,D166300
Q99623,D166300
P53805,D166300
P38936,D166300
P00846,D166300
P34932,D166300
P06753,D166300
P12004,D166300
P02765,D166300
P08603,D166300
P05156,D166300
P10909,D166300
P36955,D166300
O14791,D166300
Q9ULY5,D166300
P27635,D166300
P39019,D166300
Q01995,D166300
P35579,D166300
P31391,D166300
Q9NYP7,D166300
Q06418,D166300
O75385,D166300
Q96D53,D166300
P51451,D166300
Q9H2X6,D166300
Q04912,D166300
Q15139,D166300
P08922,D166300
P01350,D166300
Q9BQB4,D166300
P48764,D166300
Q99572,D166300
P41222,D166300
P04114,D166300
P00738,D166300
P52429,D166300
P55211,D166300
O15123,D166300
P37059,D166710
P02452,D166710
P14780,D166710
Q07869,D166710
P10912,D166710
P00492,D166710
P14618,D166710
P34972,D166710
P17707,D166710
P35610,D166710
P13688,D166710
P17752,D166710
P03372,D166710
P08700,D166710
P80365,D166710
P10275,D166710
P05091,D166710
P49419,D166710
P09172,D166710
P13631,D166710
P36888,D166710
O43175,D166710
P15692,D166710
O76074,D166710
P14061,D166710
P00747,D166710
P30825,D166710
P16442,D166710
P37231,D166710
P00742,D166710
P12821,D166710
P05121,D166710
P10415,D166710
P00491,D166710
Q9Y478,D166710
O76054,D166710
P29474,D166710
P00797,D166710
P16050,D166710
P02753,D166710
P00918,D166710
P35520,D166710
P49286,D166710
P28845,D166710
P02766,D166710
P05093,D166710
P20648,D166710
P23945,D166710
P38435,D166710
P50416,D166710
P0DP23,D166710
P55017,D166710
P04083,D166710
P22303,D166710
P31749,D166710
P30988,D166710
P17516,D166710
O15528,D166710
P29466,D166710
P10721,D166710
P22413,D166710
Q9H252,D166710
P35348,D166710
Q13621,D166710
P41180,D166710
P25101,D166710
P02768,D166710
P02671,D166710
P04406,D166710
O14561,D166710
P00352,D166710
P18089,D166710
P04035,D166710
O43772,D166710
Q9UKU7,D166710
P08253,D166710
P00390,D166710
Q13131,D166710
Q16515,D166710
P04278,D166710
P17735,D166710
P07550,D166710
P01375,D166710
P15260,D166710
Q9BQB6,D166710
P25100,D166710
P02818,D166710
P09601,D166710
P15121,D166710
P00439,D166710
P00533,D166710
P14324,D166710
P11473,D166710
P32929,D166710
Q92731,D166710
P04150,D166710
P09488,D166710
Q9Y2Q3,D166710
P21266,D166710
P09211,D166710
P07203,D166710
P30711,D166710
O94925,D166710
P12931,D166710
P06241,D166710
P29317,D166710
P33681,D166710
P07333,D166710
P27487,D166710
P43220,D166710
P08069,D166710
Q14289,D166710
P02741,D166710
P37840,D166710
Q9NSA0,D166710
Q06520,D166710
P49747,D166710
P51681,D166710
P05231,D166710
P61073,D166710
P03956,D166710
P28482,D166710
P01574,D166710
P25116,D166710
P27169,D166710
P07858,D166710
P01579,D166710
P02775,D166710
P01189,D166710
P20333,D166710
P01009,D166710
O75469,D166710
P16220,D166710
P49327,D166710
P10145,D166710
Q04760,D166710
P52788,D166710
P45452,D166710
P17405,D166710
P35568,D166710
Q9BYF1,D166710
P01137,D166710
P35222,D166710
Q99497,D166710
P02788,D166710
Q9Y275,D166710
P09038,D166710
Q16539,D166710
Q8NER1,D166710
P98160,D166710
P08183,D166710
P21980,D166710
P04629,D166710
P05412,D166710
P13500,D166710
P01584,D166710
P11166,D166710
P01019,D166710
P27361,D166710
Q06124,D166710
P15144,D166710
P06493,D166710
P05362,D166710
P19838,D166710
P01374,D166710
P06881,D166710
Q16678,D166710
P16070,D166710
P19320,D166710
P08254,D166710
P02649,D166710
P07900,D166710
P14210,D166710
P16870,D166710
P01100,D166710
P19438,D166710
P02774,D166710
P16444,D166710
P48061,D166710
P42574,D166710
O60760,D166710
P07355,D166710
P25815,D166710
P25942,D166710
P80511,D166710
P04040,D166710
P31939,D166710
P68363,D166710
P48736,D166710
Q13509,D166710
Q05315,D166710
Q16881,D166710
P21964,D166710
P11511,D166710
P02675,D166710
Q07954,D166710
P11362,D166710
P09486,D166710
P42898,D166710
P06276,D166710
P50750,D166710
Q7L266,D166710
Q07973,D166710
P55809,D166710
Q9ULC6,D166710
Q13547,D166710
O15379,D166710
P29371,D166710
Q16665,D166710
P42336,D166710
P42345,D166710
Q00653,D166710
P00441,D166710
O00329,D166710
P42338,D166710
O60674,D166710
P43490,D166710
P27695,D166710
Q05655,D166710
Q8WXI7,D166710
O00206,D166710
Q96EB6,D166710
P07237,D166710
P04141,D166710
P22301,D166710
Q8WTS6,D166710
P08684,D166710
Q92831,D166710
P08887,D166710
Q16698,D166710
P15289,D166710
P58335,D166710
Q9HB21,D166710
P01270,D166710
Q16769,D166710
P48357,D166710
P04637,D166710
P41597,D166710
P51671,D166710
P23560,D166710
P43235,D166710
P05019,D166710
P10644,D166710
P04792,D166710
O14793,D166710
Q99527,D166710
Q9Y6Q6,D166710
P40763,D166710
P25963,D166710
Q14956,D166710
P01303,D166710
P04439,D166710
P40933,D166710
Q15722,D166710
P01308,D166710
P53420,D166710
P15941,D166710
Q03431,D166710
O14788,D166710
P35408,D166710
P56524,D166710
P04798,D166710
P05186,D166710
P20813,D166710
O95749,D166710
P05556,D166710
P06756,D166710
P35219,D166710
Q9NS85,D166710
O95255,D166710
Q9ULZ9,D166710
P35869,D166710
P11474,D166710
P63092,D166710
O95622,D166710
P48552,D166710
P36897,D166710
P45983,D166710
P33981,D166710
P60174,D166710
P25787,D166710
P28066,D166710
P09466,D166710
P01889,D166710
P07737,D166710
P23458,D166710
P06396,D166710
P05187,D166710
P09848,D166710
P26447,D166710
P14550,D166710
Q15796,D166710
P04179,D166710
P11226,D166710
P10600,D166710
P20823,D166710
P48735,D166710
P35398,D166710
Q9NTG7,D166710
P29323,D166710
P62826,D166710
Q92830,D166710
Q01082,D166710
Q99873,D166710
P01106,D166710
P01583,D166710
P18510,D166710
Q16832,D166710
Q96SW2,D166710
P02786,D166710
O95644,D166710
P04839,D166710
P14598,D166710
P54646,D166710
P60709,D166710
P63261,D166710
P28907,D166710
P60484,D166710
P49908,D166710
Q04206,D166710
Q8TDU6,D166710
Q9C0B1,D166710
Q9Y2T6,D166710
Q9Y5S8,D166710
P06733,D166710
P08493,D166710
Q16552,D166710
P34998,D166710
Q9UQL6,D166710
P49281,D166710
P13640,D166710
Q9Y4I5,D166710
P0DP24,D166710
P0DP25,D166710
P10809,D166710
P14866,D166710
P12644,D166710
P00846,D166710
P67936,D166710
P12004,D166710
P02765,D166710
P10909,D166710
P46736,D166710
Q6FHJ7,D166710
P46782,D166710
Q9HBA0,D166710
P31391,D166710
Q9HC29,D166710
Q9Y6E0,D166710
Q9NSY1,D166710
O00238,D166710
Q96RR4,D166710
O14578,D166710
P07332,D166710
Q9UPZ9,D166710
Q9Y616,D166710
Q13164,D166710
P27448,D166710
Q04912,D166710
Q9H4B4,D166710
Q15910,D166710
Q9BQB4,D166710
Q8IXJ6,D166710
P11532,D166710
Q99572,D166710
P00738,D166710
P06307,D166710
O75348,D166710
Q9UI12,D166710
P16278,D166710
P35228,D166760
P14780,D166760
P15692,D166760
P16442,D166760
P05121,D166760
P54802,D166760
P08246,D166760
P31749,D166760
P29466,D166760
P22413,D166760
P20701,D166760
P08253,D166760
P01375,D166760
P29972,D166760
P05231,D166760
P61073,D166760
P07858,D166760
P01579,D166760
P10145,D166760
P60568,D166760
P13500,D166760
P01584,D166760
P05164,D166760
P23297,D166760
P21589,D166760
P63000,D166760
P17213,D166760
P16070,D166760
P42574,D166760
O60603,D166760
Q9NR96,D166760
P04271,D166760
P22894,D166760
P08842,D166760
P80511,D166760
P04040,D166760
P05113,D166760
P48736,D166760
P14174,D166760
P11362,D166760
P07711,D166760
P02458,D166760
P42336,D166760
O00329,D166760
P42338,D166760
O00206,D166760
P10147,D166760
P22301,D166760
P08887,D166760
P41597,D166760
P43235,D166760
P15941,D166760
Q9Y2I1,D166760
Q9NR33,D166760
O60939,D166760
P11684,D166760
Q8IWL2,D166760
P11226,D166760
Q92993,D166760
P01583,D166760
P53667,D166760
P60484,D166760
P05109,D166760
P08648,D166760
P06702,D166760
O15350,D166760
P13647,D166760
Q13153,D166760
P55211,D166760
P35228,D168100
P30542,D168100
P00519,D168100
P35626,D168100
P21728,D168100
Q9UPY5,D168100
P06213,D168100
O60931,D168100
P29401,D168100
O00764,D168100
P20309,D168100
P00734,D168100
P13716,D168100
P14780,D168100
P21554,D168100
P30556,D168100
P29475,D168100
Q07869,D168100
P10912,D168100
Q8IWU9,D168100
P02792,D168100
P34972,D168100
P35610,D168100
O76082,D168100
P51606,D168100
P21673,D168100
P06746,D168100
P07741,D168100
Q05940,D168100
O95477,D168100
P03372,D168100
P10275,D168100
P05091,D168100
P19404,D168100
P09172,D168100
P35498,D168100
P21918,D168100
Q99720,D168100
Q02218,D168100
P15692,D168100
Q9UJ68,D168100
P00367,D168100
P56937,D168100
P07814,D168100
O75489,D168100
P03897,D168100
Q09428,D168100
P00747,D168100
P30825,D168100
P37231,D168100
Q9UBS5,D168100
P98194,D168100
P16083,D168100
P12821,D168100
O15239,D168100
P55157,D168100
P05121,D168100
P10415,D168100
P09917,D168100
P14679,D168100
Q9Y478,D168100
O76054,D168100
P35354,D168100
P29474,D168100
P08473,D168100
P00797,D168100
P05089,D168100
P08908,D168100
P34897,D168100
O75251,D168100
O14727,D168100
Q99714,D168100
P00918,D168100
P35520,D168100
P04818,D168100
P49286,D168100
P34896,D168100
P02766,D168100
P25098,D168100
P05093,D168100
P19801,D168100
O00555,D168100
P63098,D168100
P08319,D168100
P00740,D168100
Q05586,D168100
P43116,D168100
P35968,D168100
P48029,D168100
Q99259,D168100
P04070,D168100
P25103,D168100
P21917,D168100
P60880,D168100
P54802,D168100
Q8TE23,D168100
O15399,D168100
P02794,D168100
P00325,D168100
P32238,D168100
P19793,D168100
Q13224,D168100
P22303,D168100
P31749,D168100
P30988,D168100
O60669,D168100
O15528,D168100
P29466,D168100
Q96RQ3,D168100
P28223,D168100
Q14957,D168100
P32754,D168100
P00326,D168100
P23975,D168100
P43155,D168100
P01130,D168100
O43181,D168100
P03886,D168100
P07202,D168100
P41180,D168100
P02787,D168100
P04626,D168100
P28329,D168100
P40394,D168100
P02768,D168100
P09417,D168100
P04406,D168100
O43678,D168100
Q12791,D168100
P00352,D168100
P08559,D168100
P03915,D168100
P35462,D168100
Q08426,D168100
P30519,D168100
Q05329,D168100
Q9Y617,D168100
Q9UKU7,D168100
P07101,D168100
P11586,D168100
Q13085,D168100
Q9Y233,D168100
P15056,D168100
Q8TDS4,D168100
P08253,D168100
Q01959,D168100
P00390,D168100
P14784,D168100
P03891,D168100
P01589,D168100
P17181,D168100
P08235,D168100
P53985,D168100
Q13131,D168100
Q16515,D168100
O14842,D168100
P05230,D168100
P07550,D168100
P62942,D168100
P01375,D168100
Q13946,D168100
P02818,D168100
Q99707,D168100
P09601,D168100
P30536,D168100
P09622,D168100
P15121,D168100
P31645,D168100
O43681,D168100
P00439,D168100
P49448,D168100
P14416,D168100
Q12879,D168100
Q9UBK8,D168100
P00533,D168100
P35372,D168100
P11473,D168100
P40261,D168100
Q92731,D168100
P04150,D168100
P28222,D168100
P09488,D168100
Q9Y2Q3,D168100
O15217,D168100
P09211,D168100
P78417,D168100
P07203,D168100
P30711,D168100
O94925,D168100
P42262,D168100
Q13003,D168100
Q14833,D168100
O00222,D168100
O43451,D168100
P06241,D168100
P43681,D168100
P07333,D168100
P27487,D168100
P43220,D168100
P08069,D168100
P11086,D168100
Q14289,D168100
P02741,D168100
P37840,D168100
P29972,D168100
Q9UKV0,D168100
P43004,D168100
Q00535,D168100
P26358,D168100
O75015,D168100
P20810,D168100
P30044,D168100
P35270,D168100
P01023,D168100
P51681,D168100
P05451,D168100
P05231,D168100
P61073,D168100
P03956,D168100
P10997,D168100
P28482,D168100
P29274,D168100
P25116,D168100
P08174,D168100
P27169,D168100
P00156,D168100
P07858,D168100
P07339,D168100
P98164,D168100
P07225,D168100
P01579,D168100
P50406,D168100
P02775,D168100
P01189,D168100
P20333,D168100
P34913,D168100
P01009,D168100
P01133,D168100
O75469,D168100
P06730,D168100
P16220,D168100
P49327,D168100
P10145,D168100
P52788,D168100
O95831,D168100
Q9Y5N1,D168100
P17405,D168100
Q14416,D168100
P13501,D168100
P04062,D168100
P16860,D168100
Q9BYF1,D168100
P01137,D168100
P35222,D168100
P32418,D168100
P56817,D168100
Q99497,D168100
P02788,D168100
Q03181,D168100
P09038,D168100
Q13464,D168100
P01042,D168100
Q16539,D168100
Q8NER1,D168100
P48051,D168100
P08183,D168100
P21980,D168100
P23946,D168100
P04629,D168100
P13500,D168100
P01584,D168100
P43005,D168100
P30793,D168100
P11166,D168100
Q13231,D168100
P01019,D168100
P27361,D168100
O60858,D168100
P49841,D168100
Q92887,D168100
P16581,D168100
P05164,D168100
O60733,D168100
P06493,D168100
P80188,D168100
P05362,D168100
P19838,D168100
P01374,D168100
P11413,D168100
P01138,D168100
P21589,D168100
P53779,D168100
P11021,D168100
P11137,D168100
P15309,D168100
P06881,D168100
P04156,D168100
P19367,D168100
P63000,D168100
Q16678,D168100
P16070,D168100
P19320,D168100
P08254,D168100
P02649,D168100
P07900,D168100
P14210,D168100
P08697,D168100
P27815,D168100
P36969,D168100
P00450,D168100
P02774,D168100
Q15858,D168100
P22061,D168100
P16455,D168100
P16444,D168100
P48061,D168100
O14920,D168100
P98170,D168100
P32239,D168100
Q9UNN8,D168100
P42574,D168100
O60603,D168100
P14625,D168100
O60760,D168100
Q9NR96,D168100
P63104,D168100
P07602,D168100
P14410,D168100
P04271,D168100
P30086,D168100
P02751,D168100
P22894,D168100
P14735,D168100
P15559,D168100
Q08257,D168100
P28161,D168100
P41594,D168100
O15530,D168100
P04040,D168100
Q10588,D168100
Q9P2W7,D168100
Q9NP99,D168100
P48736,D168100
Q71U36,D168100
P17931,D168100
P68366,D168100
P30405,D168100
Q92876,D168100
Q9Y286,D168100
O43570,D168100
P00751,D168100
P09874,D168100
P53355,D168100
P49759,D168100
P55210,D168100
P14174,D168100
P34096,D168100
Q96AZ6,D168100
P32119,D168100
Q16881,D168100
Q99250,D168100
Q9UQD0,D168100
P62508,D168100
P21964,D168100
P02675,D168100
P02679,D168100
P00736,D168100
P08637,D168100
P31994,D168100
P27797,D168100
Q07954,D168100
P05154,D168100
P06400,D168100
P07711,D168100
P48147,D168100
P20711,D168100
P42898,D168100
Q96DP5,D168100
O14939,D168100
P06276,D168100
Q13393,D168100
O00519,D168100
P27338,D168100
P21397,D168100
P19021,D168100
Q00534,D168100
P00813,D168100
Q9GZT9,D168100
P15104,D168100
P48664,D168100
P35754,D168100
P59796,D168100
Q96SL4,D168100
Q9H4Y5,D168100
Q16760,D168100
Q9NY59,D168100
Q13427,D168100
P36544,D168100
Q14832,D168100
P20815,D168100
P10635,D168100
Q13547,D168100
Q92769,D168100
Q9UBN7,D168100
Q16665,D168100
P41146,D168100
P42336,D168100
P42345,D168100
Q00653,D168100
P00441,D168100
P41231,D168100
P08865,D168100
O14672,D168100
O00329,D168100
P42338,D168100
P07949,D168100
Q06609,D168100
P27695,D168100
P01911,D168100
Q05655,D168100
P06280,D168100
P09467,D168100
P05177,D168100
P50135,D168100
P35225,D168100
O00206,D168100
P32320,D168100
Q01726,D168100
P08729,D168100
Q96EB6,D168100
P07237,D168100
P21796,D168100
P10147,D168100
Q15185,D168100
P04141,D168100
P22301,D168100
P39905,D168100
P42768,D168100
P08684,D168100
O14936,D168100
P11712,D168100
O00244,D168100
Q6UWP2,D168100
Q96LB9,D168100
Q16698,D168100
Q96FI4,D168100
P15289,D168100
P18509,D168100
P01270,D168100
O15169,D168100
P07998,D168100
Q01064,D168100
P07384,D168100
Q9NXA8,D168100
P35625,D168100
P04637,D168100
Q92847,D168100
P05305,D168100
P00403,D168100
P41597,D168100
P05067,D168100
P23560,D168100
Q9NZ42,D168100
Q9NPF7,D168100
P43235,D168100
P05019,D168100
P55786,D168100
Q96AE4,D168100
P13861,D168100
P10644,D168100
P09429,D168100
P04792,D168100
Q99527,D168100
P02647,D168100
Q14790,D168100
P40763,D168100
P06734,D168100
P25963,D168100
Q14956,D168100
P10636,D168100
P01303,D168100
Q99705,D168100
P04439,D168100
P01308,D168100
P15391,D168100
Q07817,D168100
Q07820,D168100
Q00613,D168100
P05112,D168100
P35408,D168100
P56524,D168100
P05181,D168100
P33261,D168100
O60656,D168100
P04798,D168100
P20813,D168100
Q9Y5Y4,D168100
P30926,D168100
P30532,D168100
Q05901,D168100
Q16620,D168100
P11717,D168100
P35219,D168100
P09237,D168100
P35869,D168100
O95622,D168100
Q13526,D168100
P53350,D168100
P78536,D168100
P17612,D168100
P63208,D168100
Q99933,D168100
P11142,D168100
O43293,D168100
Q9UQF2,D168100
P45983,D168100
Q8IVS2,D168100
Q15078,D168100
P62750,D168100
O75460,D168100
P06576,D168100
Q14994,D168100
P08574,D168100
P07919,D168100
P47985,D168100
Q09013,D168100
P30301,D168100
P25787,D168100
P09466,D168100
Q494W8,D168100
P20674,D168100
P10176,D168100
P04054,D168100
Q13627,D168100
P41235,D168100
P01889,D168100
P0CG48,D168100
O00141,D168100
P08758,D168100
P49862,D168100
Q14494,D168100
O75116,D168100
O15145,D168100
Q96GR2,D168100
Q9Y296,D168100
P13639,D168100
P55196,D168100
P14550,D168100
Q15648,D168100
O43612,D168100
P15170,D168100
P04179,D168100
P00558,D168100
Q16762,D168100
P01920,D168100
P08670,D168100
P20472,D168100
P22694,D168100
P07108,D168100
P22570,D168100
P51149,D168100
P09382,D168100
Q9NPH2,D168100
Q99798,D168100
P46459,D168100
P51003,D168100
Q14643,D168100
P78352,D168100
P19883,D168100
P68104,D168100
P07478,D168100
P49411,D168100
Q9NTG7,D168100
P29323,D168100
P09104,D168100
P62166,D168100
P62826,D168100
P0CG47,D168100
P62258,D168100
O14874,D168100
P55072,D168100
O60493,D168100
P78330,D168100
Q01082,D168100
Q15382,D168100
Q96I15,D168100
Q96PD5,D168100
P60953,D168100
Q96QT4,D168100
Q9UL51,D168100
Q9UL54,D168100
P00748,D168100
P0C0L4,D168100
P0C0L5,D168100
P01106,D168100
P22460,D168100
P48066,D168100
P01583,D168100
P18510,D168100
P28065,D168100
P28062,D168100
P11274,D168100
P36507,D168100
Q14145,D168100
Q9NSD5,D168100
P04731,D168100
P02795,D168100
P01903,D168100
Q30154,D168100
Q9HAB3,D168100
P02786,D168100
Q9UP52,D168100
Q13315,D168100
P05129,D168100
Q9UF02,D168100
P04839,D168100
P54646,D168100
Q14573,D168100
Q9NP56,D168100
O95263,D168100
P15336,D168100
P18848,D168100
P10599,D168100
P60709,D168100
P63261,D168100
P13637,D168100
P05090,D168100
P48050,D168100
P29973,D168100
P28907,D168100
P17676,D168100
P60484,D168100
P49908,D168100
P36956,D168100
P09936,D168100
P25713,D168100
Q99571,D168100
Q9Y2T6,D168100
Q9Y5S8,D168100
Q16555,D168100
O60502,D168100
P31025,D168100
Q9NY56,D168100
P46939,D168100
Q06830,D168100
Q16552,D168100
O43613,D168100
P34998,D168100
P49281,D168100
P07438,D168100
P04732,D168100
Q99828,D168100
Q99653,D168100
P13693,D168100
Q02818,D168100
P80303,D168100
P22676,D168100
Q86UW7,D168100
P02656,D168100
P10809,D168100
P30101,D168100
P07288,D168100
F7VJQ1,D168100
Q16595,D168100
P06702,D168100
P42858,D168100
Q15238,D168100
P32004,D168100
Q7Z5B4,D168100
P38936,D168100
Q14457,D168100
Q8TF61,D168100
P34932,D168100
P60903,D168100
P09493,D168100
Q04917,D168100
P12004,D168100
P10909,D168100
P35858,D168100
P13645,D168100
P36955,D168100
P46736,D168100
P19827,D168100
P14923,D168100
P01011,D168100
Q92945,D168100
P06748,D168100
P50914,D168100
P62753,D168100
P62241,D168100
Q9HC29,D168100
P22897,D168100
O75533,D168100
Q8TDR2,D168100
Q9UEW8,D168100
Q9UHD2,D168100
Q9UKE5,D168100
O75385,D168100
Q8NFD2,D168100
P51813,D168100
O14578,D168100
Q9UIK4,D168100
P54762,D168100
O14976,D168100
Q9H2X6,D168100
Q5S007,D168100
P52564,D168100
Q16584,D168100
Q12852,D168100
O43283,D168100
Q99759,D168100
O95819,D168100
Q9P0L2,D168100
Q7KZI7,D168100
Q96PY6,D168100
Q13153,D168100
Q9NQU5,D168100
O00750,D168100
Q9NYY3,D168100
Q15139,D168100
Q13546,D168100
P08922,D168100
P01350,D168100
Q15910,D168100
Q9BQB4,D168100
Q8IXJ6,D168100
P35232,D168100
P51575,D168100
Q9UBL9,D168100
P56373,D168100
Q93086,D168100
O15547,D168100
Q99572,D168100
P47900,D168100
P04114,D168100
P00738,D168100
P21860,D168100
P06307,D168100
P52824,D168100
P29350,D168100
P55211,D168100
P16278,D168100
Q9UBC3,D168100
O15123,D168100
P35228,D168600
P30542,D168600
P00519,D168600
P35626,D168600
P21728,D168600
Q9UPY5,D168600
P06213,D168600
O60931,D168600
P29401,D168600
O00764,D168600
P20309,D168600
P00734,D168600
P13716,D168600
P14780,D168600
P21554,D168600
P30556,D168600
P29475,D168600
Q07869,D168600
P10912,D168600
Q8IWU9,D168600
P02792,D168600
P34972,D168600
P35610,D168600
O76082,D168600
P51606,D168600
P21673,D168600
P06746,D168600
P07741,D168600
Q05940,D168600
O95477,D168600
P03372,D168600
P10275,D168600
P05091,D168600
P19404,D168600
P09172,D168600
P35498,D168600
P21918,D168600
Q99720,D168600
Q02218,D168600
P15692,D168600
Q9UJ68,D168600
P00367,D168600
P56937,D168600
P07814,D168600
O75489,D168600
P03897,D168600
Q09428,D168600
P00747,D168600
P30825,D168600
P37231,D168600
Q9UBS5,D168600
P98194,D168600
P16083,D168600
P12821,D168600
O15239,D168600
P55157,D168600
P05121,D168600
P10415,D168600
P09917,D168600
P14679,D168600
Q9Y478,D168600
O76054,D168600
P35354,D168600
P29474,D168600
P08473,D168600
P00797,D168600
P05089,D168600
P08908,D168600
P34897,D168600
O75251,D168600
O14727,D168600
Q99714,D168600
P00918,D168600
P35520,D168600
P04818,D168600
P49286,D168600
P34896,D168600
P02766,D168600
P25098,D168600
P05093,D168600
P19801,D168600
O00555,D168600
P63098,D168600
P08319,D168600
P00740,D168600
Q05586,D168600
P43116,D168600
P35968,D168600
P48029,D168600
Q99259,D168600
P04070,D168600
P25103,D168600
P21917,D168600
P60880,D168600
P54802,D168600
Q8TE23,D168600
O15399,D168600
P02794,D168600
P00325,D168600
P32238,D168600
P19793,D168600
Q13224,D168600
P22303,D168600
P31749,D168600
P30988,D168600
O60669,D168600
O15528,D168600
P29466,D168600
Q96RQ3,D168600
P28223,D168600
Q14957,D168600
P32754,D168600
P00326,D168600
P23975,D168600
P43155,D168600
P01130,D168600
O43181,D168600
P03886,D168600
P07202,D168600
P41180,D168600
P02787,D168600
P04626,D168600
P28329,D168600
P40394,D168600
P02768,D168600
P09417,D168600
P04406,D168600
O43678,D168600
Q12791,D168600
P00352,D168600
P08559,D168600
P03915,D168600
P35462,D168600
Q08426,D168600
P30519,D168600
Q05329,D168600
Q9Y617,D168600
Q9UKU7,D168600
P07101,D168600
P11586,D168600
Q13085,D168600
Q9Y233,D168600
P15056,D168600
Q8TDS4,D168600
P08253,D168600
Q01959,D168600
P00390,D168600
P14784,D168600
P03891,D168600
P01589,D168600
P17181,D168600
P08235,D168600
P53985,D168600
Q13131,D168600
Q16515,D168600
O14842,D168600
P05230,D168600
P07550,D168600
P62942,D168600
P01375,D168600
Q13946,D168600
P02818,D168600
Q99707,D168600
P09601,D168600
P30536,D168600
P09622,D168600
P15121,D168600
P31645,D168600
O43681,D168600
P00439,D168600
P49448,D168600
P14416,D168600
Q12879,D168600
Q9UBK8,D168600
P00533,D168600
P35372,D168600
P11473,D168600
P40261,D168600
Q92731,D168600
P04150,D168600
P28222,D168600
P09488,D168600
Q9Y2Q3,D168600
O15217,D168600
P09211,D168600
P78417,D168600
P07203,D168600
P30711,D168600
O94925,D168600
P42262,D168600
Q13003,D168600
Q14833,D168600
O00222,D168600
O43451,D168600
P06241,D168600
P43681,D168600
P07333,D168600
P27487,D168600
P43220,D168600
P08069,D168600
P11086,D168600
Q14289,D168600
P02741,D168600
P37840,D168600
P29972,D168600
Q9UKV0,D168600
P43004,D168600
Q00535,D168600
P26358,D168600
O75015,D168600
P20810,D168600
P30044,D168600
P35270,D168600
P01023,D168600
P51681,D168600
P05451,D168600
P05231,D168600
P61073,D168600
P03956,D168600
P10997,D168600
P28482,D168600
P29274,D168600
P25116,D168600
P08174,D168600
P27169,D168600
P00156,D168600
P07858,D168600
P07339,D168600
P98164,D168600
P07225,D168600
P01579,D168600
P50406,D168600
P02775,D168600
P01189,D168600
P20333,D168600
P34913,D168600
P01009,D168600
P01133,D168600
O75469,D168600
P06730,D168600
P16220,D168600
P49327,D168600
P10145,D168600
P52788,D168600
O95831,D168600
Q9Y5N1,D168600
P17405,D168600
Q14416,D168600
P13501,D168600
P04062,D168600
P16860,D168600
Q9BYF1,D168600
P01137,D168600
P35222,D168600
P32418,D168600
P56817,D168600
Q99497,D168600
P02788,D168600
Q03181,D168600
P09038,D168600
Q13464,D168600
P01042,D168600
Q16539,D168600
Q8NER1,D168600
P48051,D168600
P08183,D168600
P21980,D168600
P23946,D168600
P04629,D168600
P13500,D168600
P01584,D168600
P43005,D168600
P30793,D168600
P11166,D168600
Q13231,D168600
P01019,D168600
P27361,D168600
O60858,D168600
P49841,D168600
Q92887,D168600
P16581,D168600
P05164,D168600
O60733,D168600
P06493,D168600
P80188,D168600
P05362,D168600
P19838,D168600
P01374,D168600
P11413,D168600
P01138,D168600
P21589,D168600
P53779,D168600
P11021,D168600
P11137,D168600
P15309,D168600
P06881,D168600
P04156,D168600
P19367,D168600
P63000,D168600
Q16678,D168600
P16070,D168600
P19320,D168600
P08254,D168600
P02649,D168600
P07900,D168600
P14210,D168600
P08697,D168600
P27815,D168600
P36969,D168600
P00450,D168600
P02774,D168600
Q15858,D168600
P22061,D168600
P16455,D168600
P16444,D168600
P48061,D168600
O14920,D168600
P98170,D168600
P32239,D168600
Q9UNN8,D168600
P42574,D168600
O60603,D168600
P14625,D168600
O60760,D168600
Q9NR96,D168600
P63104,D168600
P07602,D168600
P14410,D168600
P04271,D168600
P30086,D168600
P02751,D168600
P22894,D168600
P14735,D168600
P15559,D168600
Q08257,D168600
P28161,D168600
P41594,D168600
O15530,D168600
P04040,D168600
Q10588,D168600
Q9P2W7,D168600
Q9NP99,D168600
P48736,D168600
Q71U36,D168600
P17931,D168600
P68366,D168600
P30405,D168600
Q92876,D168600
Q9Y286,D168600
O43570,D168600
P00751,D168600
P09874,D168600
P53355,D168600
P49759,D168600
P55210,D168600
P14174,D168600
P34096,D168600
Q96AZ6,D168600
P32119,D168600
Q16881,D168600
Q99250,D168600
Q9UQD0,D168600
P62508,D168600
P21964,D168600
P02675,D168600
P02679,D168600
P00736,D168600
P08637,D168600
P31994,D168600
P27797,D168600
Q07954,D168600
P05154,D168600
P06400,D168600
P07711,D168600
P48147,D168600
P20711,D168600
P42898,D168600
Q96DP5,D168600
O14939,D168600
P06276,D168600
Q13393,D168600
O00519,D168600
P27338,D168600
P21397,D168600
P19021,D168600
Q00534,D168600
P00813,D168600
Q9GZT9,D168600
P15104,D168600
P48664,D168600
P35754,D168600
P59796,D168600
Q96SL4,D168600
Q9H4Y5,D168600
Q16760,D168600
Q9NY59,D168600
Q13427,D168600
P36544,D168600
Q14832,D168600
P20815,D168600
P10635,D168600
Q13547,D168600
Q92769,D168600
Q9UBN7,D168600
Q16665,D168600
P41146,D168600
P42336,D168600
P42345,D168600
Q00653,D168600
P00441,D168600
P41231,D168600
P08865,D168600
O14672,D168600
O00329,D168600
P42338,D168600
P07949,D168600
Q06609,D168600
P27695,D168600
P01911,D168600
Q05655,D168600
P06280,D168600
P09467,D168600
P05177,D168600
P50135,D168600
P35225,D168600
O00206,D168600
P32320,D168600
Q01726,D168600
P08729,D168600
Q96EB6,D168600
P07237,D168600
P21796,D168600
P10147,D168600
Q15185,D168600
P04141,D168600
P22301,D168600
P39905,D168600
P42768,D168600
P08684,D168600
O14936,D168600
P11712,D168600
O00244,D168600
Q6UWP2,D168600
Q96LB9,D168600
Q16698,D168600
Q96FI4,D168600
P15289,D168600
P18509,D168600
P01270,D168600
O15169,D168600
P07998,D168600
Q01064,D168600
P07384,D168600
Q9NXA8,D168600
P35625,D168600
P04637,D168600
Q92847,D168600
P05305,D168600
P00403,D168600
P41597,D168600
P05067,D168600
P23560,D168600
Q9NZ42,D168600
Q9NPF7,D168600
P43235,D168600
P05019,D168600
P55786,D168600
Q96AE4,D168600
P13861,D168600
P10644,D168600
P09429,D168600
P04792,D168600
Q99527,D168600
P02647,D168600
Q14790,D168600
P40763,D168600
P06734,D168600
P25963,D168600
Q14956,D168600
P10636,D168600
P01303,D168600
Q99705,D168600
P04439,D168600
P01308,D168600
P15391,D168600
Q07817,D168600
Q07820,D168600
Q00613,D168600
P05112,D168600
P35408,D168600
P56524,D168600
P05181,D168600
P33261,D168600
O60656,D168600
P04798,D168600
P20813,D168600
Q9Y5Y4,D168600
P30926,D168600
P30532,D168600
Q05901,D168600
Q16620,D168600
P11717,D168600
P35219,D168600
P09237,D168600
P35869,D168600
O95622,D168600
Q13526,D168600
P53350,D168600
P78536,D168600
P17612,D168600
P63208,D168600
Q99933,D168600
P11142,D168600
O43293,D168600
Q9UQF2,D168600
P45983,D168600
Q8IVS2,D168600
Q15078,D168600
P62750,D168600
O75460,D168600
P06576,D168600
Q14994,D168600
P08574,D168600
P07919,D168600
P47985,D168600
Q09013,D168600
P30301,D168600
P25787,D168600
P09466,D168600
Q494W8,D168600
P20674,D168600
P10176,D168600
P04054,D168600
Q13627,D168600
P41235,D168600
P01889,D168600
P0CG48,D168600
O00141,D168600
P08758,D168600
P49862,D168600
Q14494,D168600
O75116,D168600
O15145,D168600
Q96GR2,D168600
Q9Y296,D168600
P13639,D168600
P55196,D168600
P14550,D168600
Q15648,D168600
O43612,D168600
P15170,D168600
P04179,D168600
P00558,D168600
Q16762,D168600
P01920,D168600
P08670,D168600
P20472,D168600
P22694,D168600
P07108,D168600
P22570,D168600
P51149,D168600
P09382,D168600
Q9NPH2,D168600
Q99798,D168600
P46459,D168600
P51003,D168600
Q14643,D168600
P78352,D168600
P19883,D168600
P68104,D168600
P07478,D168600
P49411,D168600
Q9NTG7,D168600
P29323,D168600
P09104,D168600
P62166,D168600
P62826,D168600
P0CG47,D168600
P62258,D168600
O14874,D168600
P55072,D168600
O60493,D168600
P78330,D168600
Q01082,D168600
Q15382,D168600
Q96I15,D168600
Q96PD5,D168600
P60953,D168600
Q96QT4,D168600
Q9UL51,D168600
Q9UL54,D168600
P00748,D168600
P0C0L4,D168600
P0C0L5,D168600
P01106,D168600
P22460,D168600
P48066,D168600
P01583,D168600
P18510,D168600
P28065,D168600
P28062,D168600
P11274,D168600
P36507,D168600
Q14145,D168600
Q9NSD5,D168600
P04731,D168600
P02795,D168600
P01903,D168600
Q30154,D168600
Q9HAB3,D168600
P02786,D168600
Q9UP52,D168600
Q13315,D168600
P05129,D168600
Q9UF02,D168600
P04839,D168600
P54646,D168600
Q14573,D168600
Q9NP56,D168600
O95263,D168600
P15336,D168600
P18848,D168600
P10599,D168600
P60709,D168600
P63261,D168600
P13637,D168600
P05090,D168600
P48050,D168600
P29973,D168600
P28907,D168600
P17676,D168600
P60484,D168600
P49908,D168600
P36956,D168600
P09936,D168600
P25713,D168600
Q99571,D168600
Q9Y2T6,D168600
Q9Y5S8,D168600
Q16555,D168600
O60502,D168600
P31025,D168600
Q9NY56,D168600
P46939,D168600
Q06830,D168600
Q16552,D168600
O43613,D168600
P34998,D168600
P49281,D168600
P07438,D168600
P04732,D168600
Q99828,D168600
Q99653,D168600
P13693,D168600
Q02818,D168600
P80303,D168600
P22676,D168600
Q86UW7,D168600
P02656,D168600
P10809,D168600
P30101,D168600
P07288,D168600
F7VJQ1,D168600
Q16595,D168600
P06702,D168600
P42858,D168600
Q15238,D168600
P32004,D168600
Q7Z5B4,D168600
P38936,D168600
Q14457,D168600
Q8TF61,D168600
P34932,D168600
P60903,D168600
P09493,D168600
Q04917,D168600
P12004,D168600
P10909,D168600
P35858,D168600
P13645,D168600
P36955,D168600
P46736,D168600
P19827,D168600
P14923,D168600
P01011,D168600
Q92945,D168600
P06748,D168600
P50914,D168600
P62753,D168600
P62241,D168600
Q9HC29,D168600
P22897,D168600
O75533,D168600
Q8TDR2,D168600
Q9UEW8,D168600
Q9UHD2,D168600
Q9UKE5,D168600
O75385,D168600
Q8NFD2,D168600
P51813,D168600
O14578,D168600
Q9UIK4,D168600
P54762,D168600
O14976,D168600
Q9H2X6,D168600
Q5S007,D168600
P52564,D168600
Q16584,D168600
Q12852,D168600
O43283,D168600
Q99759,D168600
O95819,D168600
Q9P0L2,D168600
Q7KZI7,D168600
Q96PY6,D168600
Q13153,D168600
Q9NQU5,D168600
O00750,D168600
Q9NYY3,D168600
Q15139,D168600
Q13546,D168600
P08922,D168600
P01350,D168600
Q15910,D168600
Q9BQB4,D168600
Q8IXJ6,D168600
P35232,D168600
P51575,D168600
Q9UBL9,D168600
P56373,D168600
Q93086,D168600
O15547,D168600
Q99572,D168600
P47900,D168600
P04114,D168600
P00738,D168600
P21860,D168600
P06307,D168600
P52824,D168600
P29350,D168600
P55211,D168600
P16278,D168600
Q9UBC3,D168600
O15123,D168600
P20648,D170900
P07202,D170900
Q05329,D170900
P51164,D170900
Q99707,D170900
P14174,D170900
P04439,D170900
P25713,D170900
P01350,D170900
P17948,D171300
P06213,D171300
P24530,D171300
P14780,D171300
P30556,D171300
P11836,D171300
Q13639,D171300
P07741,D171300
Q05940,D171300
P09172,D171300
P15692,D171300
P20132,D171300
P31040,D171300
O76074,D171300
P56937,D171300
Q8WTV0,D171300
P09619,D171300
P37231,D171300
P12821,D171300
P10415,D171300
P10745,D171300
P35354,D171300
Q04771,D171300
P00797,D171300
Q00796,D171300
P47872,D171300
P35520,D171300
P02766,D171300
P35968,D171300
P60880,D171300
P31749,D171300
P30872,D171300
P10721,D171300
P23975,D171300
P04626,D171300
P25101,D171300
P47871,D171300
P07101,D171300
Q02643,D171300
Q13085,D171300
P15056,D171300
Q01959,D171300
P19235,D171300
P36896,D171300
P01375,D171300
P14416,D171300
P00533,D171300
P40926,D171300
P04150,D171300
P12931,D171300
P43220,D171300
P08069,D171300
O60895,D171300
P11086,D171300
P02741,D171300
P37840,D171300
P05451,D171300
P05231,D171300
P01579,D171300
P01189,D171300
P01133,D171300
P17405,D171300
Q16539,D171300
P06850,D171300
P24385,D171300
P08183,D171300
P21980,D171300
P04629,D171300
P01019,D171300
P27361,D171300
P49841,D171300
P01112,D171300
P11413,D171300
P01138,D171300
P06881,D171300
P63000,D171300
P07900,D171300
P16870,D171300
P16455,D171300
P48061,D171300
P42574,D171300
P02751,D171300
P80511,D171300
P04040,D171300
P05113,D171300
O75874,D171300
P48736,D171300
P17931,D171300
P09874,D171300
P21964,D171300
P16519,D171300
P11362,D171300
P22607,D171300
P35346,D171300
P20711,D171300
P27338,D171300
P21397,D171300
Q96KS0,D171300
Q9GZT9,D171300
P48544,D171300
Q9H6Z9,D171300
O14521,D171300
P21912,D171300
Q99643,D171300
Q07075,D171300
Q9UBN7,D171300
Q16665,D171300
P42336,D171300
P42345,D171300
O00329,D171300
P42338,D171300
P07949,D171300
Q16790,D171300
O14746,D171300
P39905,D171300
Q6UWP2,D171300
P18509,D171300
P01270,D171300
Q16769,D171300
P35625,D171300
P48357,D171300
P04637,D171300
P05305,D171300
P05067,D171300
P23560,D171300
O15392,D171300
P05019,D171300
P50052,D171300
Q9NZQ7,D171300
Q14790,D171300
P01303,D171300
P30874,D171300
Q9HCR9,D171300
P11474,D171300
Q15788,D171300
P63092,D171300
P45983,D171300
O75390,D171300
P48735,D171300
P60953,D171300
P01106,D171300
P01583,D171300
P04731,D171300
O95263,D171300
P10599,D171300
P60709,D171300
P60484,D171300
O43613,D171300
Q99828,D171300
P32004,D171300
Q16602,D171300
P34932,D171300
P00739,D171300
P29320,D171300
Q99814,D171300
P15692,D173200
Q99259,D173200
P01375,D173200
P05231,D173200
P01133,D173200
P01137,D173200
P01584,D173200
P27361,D173200
P04156,D173200
P04040,D173200
P48736,D173200
P32119,D173200
P42336,D173200
O00329,D173200
P42338,D173200
P05067,D173200
Q9NPF7,D173200
Q04206,D173200
Q16552,D173200
F7VJQ1,D173200
P34932,D173200
P04003,D173200
P10912,D174800
P07741,D174800
Q08828,D174800
P22413,D174800
P16473,D174800
P35348,D174800
P25101,D174800
P18089,D174800
P08235,D174800
P05231,D174800
P01189,D174800
P01112,D174800
P21589,D174800
P04745,D174800
P00746,D174800
P05019,D174800
P10644,D174800
P63092,D174800
P01116,D174800
P31391,D174800
P35228,D175100
P23219,D175100
P35916,D175100
P12259,D175100
P20309,D175100
P14780,D175100
O15496,D175100
P51843,D175100
P10912,D175100
Q12809,D175100
P35610,D175100
P13688,D175100
P06746,D175100
P03372,D175100
P10275,D175100
O43175,D175100
P15692,D175100
P48637,D175100
P10826,D175100
P00747,D175100
P37231,D175100
P05121,D175100
P10415,D175100
Q9Y478,D175100
P35354,D175100
Q13258,D175100
P16050,D175100
P02753,D175100
P35520,D175100
P00395,D175100
P02766,D175100
Q9UM73,D175100
P00740,D175100
P35968,D175100
P04070,D175100
P11926,D175100
P55017,D175100
P31749,D175100
P29466,D175100
P10721,D175100
P00326,D175100
P01130,D175100
P04626,D175100
P02768,D175100
P15428,D175100
Q92781,D175100
P47895,D175100
Q9Y617,D175100
P15056,D175100
P49788,D175100
P47712,D175100
P08235,D175100
Q13131,D175100
Q8NFJ5,D175100
P01375,D175100
P30536,D175100
P09622,D175100
Q12879,D175100
P00533,D175100
Q9P2J5,D175100
P33527,D175100
Q92731,D175100
P04150,D175100
P09488,D175100
P09211,D175100
P30711,D175100
O43708,D175100
P26358,D175100
P08581,D175100
P05231,D175100
P61073,D175100
P03956,D175100
P10997,D175100
P02763,D175100
P25116,D175100
P08174,D175100
P07225,D175100
P01579,D175100
P10145,D175100
P17405,D175100
P01137,D175100
P35222,D175100
Q00987,D175100
Q03181,D175100
P24385,D175100
P08183,D175100
P13500,D175100
P11166,D175100
P27361,D175100
P49841,D175100
P04004,D175100
P01112,D175100
O60733,D175100
P06493,D175100
P80188,D175100
P01138,D175100
P11021,D175100
P63000,D175100
P16070,D175100
P08254,D175100
P02649,D175100
P07900,D175100
P01100,D175100
P16455,D175100
P42574,D175100
O60760,D175100
P63104,D175100
P48736,D175100
P14555,D175100
P49789,D175100
P09874,D175100
P07477,D175100
P53355,D175100
Q96RI1,D175100
P37173,D175100
Q05315,D175100
P32119,D175100
P27797,D175100
P32927,D175100
P06400,D175100
P02458,D175100
P42898,D175100
P11802,D175100
P08263,D175100
Q14032,D175100
Q92769,D175100
Q16665,D175100
P43115,D175100
P42336,D175100
P78527,D175100
P42345,D175100
O00329,D175100
P42338,D175100
Q13093,D175100
P07949,D175100
O00206,D175100
O14746,D175100
P54760,D175100
P04141,D175100
P22301,D175100
Q13363,D175100
P54278,D175100
P02749,D175100
P16152,D175100
P15531,D175100
O15169,D175100
P04637,D175100
O96017,D175100
O14757,D175100
P00403,D175100
Q96GD4,D175100
O15392,D175100
P10644,D175100
O14763,D175100
P02647,D175100
P40763,D175100
Q07011,D175100
P10636,D175100
O43174,D175100
P04439,D175100
P40933,D175100
P01127,D175100
P15941,D175100
P25092,D175100
Q12884,D175100
Q00613,D175100
Q07864,D175100
P09237,D175100
P50281,D175100
P53350,D175100
P61769,D175100
P45983,D175100
P19784,D175100
P00414,D175100
P04054,D175100
P41235,D175100
P01116,D175100
O00141,D175100
P08758,D175100
P06396,D175100
O75116,D175100
P06731,D175100
P05187,D175100
P09848,D175100
P49247,D175100
P04179,D175100
P78352,D175100
P29323,D175100
P62826,D175100
P60953,D175100
P41091,D175100
O15111,D175100
P01106,D175100
P18510,D175100
Q15303,D175100
Q13315,D175100
P54646,D175100
P60709,D175100
P67870,D175100
P17676,D175100
P60484,D175100
Q04206,D175100
P04155,D175100
P07288,D175100
P31260,D175100
P06702,D175100
Q9UJU2,D175100
P38936,D175100
P39748,D175100
P12004,D175100
P10909,D175100
P02750,D175100
Q14624,D175100
P46940,D175100
P36894,D175100
Q9HC29,D175100
P22897,D175100
Q92911,D175100
P16591,D175100
Q9H2X6,D175100
O95835,D175100
P01350,D175100
O14980,D175100
Q9Y6K1,D175100
P16278,D175100
Q9UBC3,D175100
P23975,D175505
P15428,D175505
P00441,D175505
P63092,D175505
P36894,D175505
P54762,D175505
P37059,D175510
P21728,D175510
P02452,D175510
P06213,D175510
P24530,D175510
P10912,D175510
P03372,D175510
P10275,D175510
P15692,D175510
P20132,D175510
P30968,D175510
P37231,D175510
P12821,D175510
P05121,D175510
P10415,D175510
P35354,D175510
P29474,D175510
P08473,D175510
Q00796,D175510
P09455,D175510
P00918,D175510
P05093,D175510
P16471,D175510
Q9UM73,D175510
P25103,D175510
P19793,D175510
Q96A70,D175510
P10721,D175510
P04626,D175510
P25101,D175510
P04406,D175510
P15428,D175510
P00352,D175510
P06401,D175510
Q8TDS4,D175510
P08253,D175510
P04278,D175510
P05230,D175510
P01375,D175510
P15121,D175510
P14416,D175510
P00533,D175510
Q9UHI5,D175510
Q92731,D175510
P04150,D175510
P09488,D175510
P42262,D175510
P12931,D175510
P30559,D175510
P16234,D175510
P08069,D175510
P26358,D175510
P62993,D175510
P05231,D175510
P03956,D175510
P28482,D175510
P01133,D175510
P10145,D175510
P17936,D175510
Q14416,D175510
P01137,D175510
P35222,D175510
Q00987,D175510
P09038,D175510
P24385,D175510
P60568,D175510
P04275,D175510
P13500,D175510
P01584,D175510
P11166,D175510
P24941,D175510
P05164,D175510
P01112,D175510
P01138,D175510
P17302,D175510
P11137,D175510
Q16678,D175510
P16070,D175510
O14920,D175510
P42574,D175510
O60760,D175510
P31751,D175510
P13726,D175510
P30086,D175510
P02751,D175510
P48736,D175510
P17931,D175510
Q13426,D175510
Q9BY41,D175510
P09874,D175510
P53355,D175510
P21964,D175510
P11511,D175510
P07942,D175510
Q16270,D175510
P02461,D175510
P11362,D175510
P22607,D175510
P07711,D175510
Q6ZQY3,D175510
P21452,D175510
P21912,D175510
Q13427,D175510
Q9UBN7,D175510
P29371,D175510
Q16665,D175510
P42336,D175510
P42345,D175510
O00329,D175510
P42338,D175510
P27695,D175510
Q8WXI7,D175510
O14746,D175510
P04141,D175510
P31949,D175510
Q02763,D175510
P04637,D175510
P05305,D175510
P00403,D175510
P05019,D175510
P50052,D175510
O14793,D175510
Q9NZQ7,D175510
Q99527,D175510
P15169,D175510
P22792,D175510
Q07820,D175510
P05112,D175510
P04798,D175510
P20813,D175510
P25024,D175510
P05556,D175510
P06756,D175510
P35869,D175510
Q15788,D175510
Q15596,D175510
P36897,D175510
P24666,D175510
P09466,D175510
P01116,D175510
P26447,D175510
Q15796,D175510
P07108,D175510
P10600,D175510
P19883,D175510
P29323,D175510
P13611,D175510
P01106,D175510
P18510,D175510
P28065,D175510
Q5XXA6,D175510
Q15125,D175510
P18847,D175510
P10599,D175510
P60709,D175510
P63261,D175510
P17676,D175510
P60484,D175510
P09769,D175510
P18669,D175510
P31260,D175510
Q92570,D175510
P38936,D175510
Q14457,D175510
P12004,D175510
Q9UHF0,D175510
Q6FHJ7,D175510
P35590,D175510
Q15746,D175510
Q15910,D175510
Q9Y6K1,D175510
P21860,D175510
O15123,D175510
P00488,D176807
P35228,D176807
P37059,D176807
P11766,D176807
P00519,D176807
P23219,D176807
P35626,D176807
P21728,D176807
P35916,D176807
P02452,D176807
P17948,D176807
Q9UPY5,D176807
P06213,D176807
P04049,D176807
P24530,D176807
P20309,D176807
P30613,D176807
P13716,D176807
P14060,D176807
P14780,D176807
P26439,D176807
P13674,D176807
P21554,D176807
P30556,D176807
P49591,D176807
P34995,D176807
P29475,D176807
P07195,D176807
P24752,D176807
O15496,D176807
Q07869,D176807
Q9HCC0,D176807
P51843,D176807
P10912,D176807
P00492,D176807
P02792,D176807
P14618,D176807
Q12809,D176807
P11229,D176807
P34972,D176807
P17707,D176807
P35610,D176807
P13688,D176807
P51606,D176807
Q9H244,D176807
P21673,D176807
P06746,D176807
P07741,D176807
Q05940,D176807
O95477,D176807
P03372,D176807
P10275,D176807
P22888,D176807
P49419,D176807
P35498,D176807
P13631,D176807
P36888,D176807
P07864,D176807
Q9NYK1,D176807
Q99720,D176807
O43175,D176807
P15692,D176807
P48506,D176807
P23786,D176807
P00367,D176807
O76074,D176807
P56937,D176807
Q8WTV0,D176807
Q9UI33,D176807
P14061,D176807
O15374,D176807
P30968,D176807
P09619,D176807
P10826,D176807
O95069,D176807
P00747,D176807
P30825,D176807
P16442,D176807
P37231,D176807
Q9UBS5,D176807
P16083,D176807
P12821,D176807
P32322,D176807
P54577,D176807
Q15758,D176807
P20061,D176807
P06858,D176807
P05121,D176807
P10415,D176807
P09917,D176807
P00491,D176807
P14679,D176807
Q9Y478,D176807
O76054,D176807
P40939,D176807
P35354,D176807
P29474,D176807
Q04771,D176807
P08473,D176807
P00797,D176807
P07766,D176807
P55011,D176807
P05089,D176807
P34897,D176807
P30518,D176807
Q00796,D176807
P09455,D176807
P31153,D176807
P16050,D176807
O14727,D176807
P02753,D176807
P10828,D176807
P47872,D176807
P35520,D176807
P04818,D176807
P28845,D176807
P34896,D176807
P00395,D176807
P37058,D176807
P25098,D176807
P05093,D176807
P16471,D176807
P50440,D176807
P03923,D176807
Q9NR19,D176807
Q9UM73,D176807
P00740,D176807
P43116,D176807
P35968,D176807
Q969G6,D176807
P54368,D176807
Q14749,D176807
P48029,D176807
Q99259,D176807
P23945,D176807
Q9GZT4,D176807
P54802,D176807
P08246,D176807
P02794,D176807
P11926,D176807
P50416,D176807
Q00266,D176807
P51659,D176807
P13196,D176807
P19793,D176807
O15554,D176807
Q14626,D176807
P0DP23,D176807
P04083,D176807
P00338,D176807
P22303,D176807
O95178,D176807
P31749,D176807
P30988,D176807
P42684,D176807
O60669,D176807
O15528,D176807
P29466,D176807
Q96A70,D176807
O15427,D176807
P30872,D176807
P10721,D176807
P32754,D176807
P22413,D176807
P37023,D176807
O95665,D176807
P00326,D176807
P30837,D176807
P43007,D176807
P41252,D176807
Q9Y5K3,D176807
P43155,D176807
P01130,D176807
P35348,D176807
P41180,D176807
P02787,D176807
P04626,D176807
O94788,D176807
P48039,D176807
P54687,D176807
P25101,D176807
Q9P0J0,D176807
P02768,D176807
Q7Z2H8,D176807
P18405,D176807
P04406,D176807
P09884,D176807
P15428,D176807
Q12791,D176807
P00352,D176807
P16066,D176807
P06401,D176807
Q04609,D176807
Q16878,D176807
Q92781,D176807
P08559,D176807
P18089,D176807
P04035,D176807
Q14534,D176807
O43772,D176807
P47895,D176807
P31213,D176807
Q08426,D176807
P13612,D176807
P42330,D176807
Q05329,D176807
Q9Y617,D176807
P07101,D176807
P49585,D176807
P11586,D176807
P23378,D176807
P52895,D176807
P18031,D176807
Q02643,D176807
Q13085,D176807
P15056,D176807
P08253,D176807
P00390,D176807
P14784,D176807
P49788,D176807
P19235,D176807
P47712,D176807
P01589,D176807
P10276,D176807
P08235,D176807
P53985,D176807
P00966,D176807
P20138,D176807
Q16671,D176807
Q13131,D176807
P04278,D176807
O14842,D176807
P05230,D176807
P17735,D176807
P14902,D176807
P07550,D176807
P62942,D176807
Q8NFJ5,D176807
P01375,D176807
P15260,D176807
Q9BQB6,D176807
P25100,D176807
Q03405,D176807
P30838,D176807
P12268,D176807
P02818,D176807
Q99707,D176807
P09601,D176807
P30536,D176807
P09622,D176807
P12081,D176807
P11388,D176807
P21802,D176807
P14416,D176807
P78540,D176807
P21731,D176807
Q9UBK8,D176807
P51788,D176807
O94760,D176807
P00533,D176807
Q07912,D176807
P14324,D176807
P11473,D176807
P40926,D176807
P40261,D176807
P33527,D176807
P32929,D176807
Q92731,D176807
P04150,D176807
P28222,D176807
P09488,D176807
Q9Y2Q3,D176807
P21266,D176807
P09211,D176807
P78417,D176807
P07203,D176807
P18283,D176807
P30711,D176807
P22352,D176807
Q13255,D176807
O94925,D176807
Q14831,D176807
P12931,D176807
P06241,D176807
P07947,D176807
P29317,D176807
P06239,D176807
Q01718,D176807
P16234,D176807
P07333,D176807
P27487,D176807
P43220,D176807
P08069,D176807
O60894,D176807
Q7Z4W1,D176807
Q02750,D176807
Q14289,D176807
P05771,D176807
P02741,D176807
P37840,D176807
P29972,D176807
Q9UKV0,D176807
Q06520,D176807
P16410,D176807
P19440,D176807
Q00535,D176807
P51692,D176807
P26358,D176807
P00749,D176807
P49747,D176807
P30044,D176807
P12724,D176807
P01023,D176807
P51681,D176807
P05451,D176807
Q99519,D176807
P08581,D176807
P05231,D176807
P61073,D176807
P03956,D176807
P10997,D176807
P28482,D176807
P01574,D176807
P50225,D176807
P25116,D176807
P27169,D176807
P07858,D176807
P07339,D176807
P98164,D176807
P07225,D176807
P01579,D176807
P01189,D176807
P20333,D176807
P34913,D176807
P49888,D176807
P01009,D176807
P01133,D176807
P24158,D176807
P27986,D176807
O75469,D176807
P06730,D176807
P16220,D176807
P49327,D176807
P10145,D176807
Q04760,D176807
P52788,D176807
P45452,D176807
P10646,D176807
P05120,D176807
P17936,D176807
P11387,D176807
P17405,D176807
P13501,D176807
P35568,D176807
P01137,D176807
P35222,D176807
O14965,D176807
Q99497,D176807
P02788,D176807
O60488,D176807
Q9Y275,D176807
Q00987,D176807
P29965,D176807
Q03181,D176807
P47929,D176807
P27824,D176807
P62937,D176807
P09038,D176807
Q13464,D176807
P01042,D176807
Q16539,D176807
Q8NER1,D176807
P06850,D176807
P24385,D176807
P60568,D176807
P98160,D176807
P08183,D176807
P22830,D176807
P21980,D176807
P23946,D176807
P04629,D176807
P05412,D176807
O94956,D176807
P13500,D176807
P01584,D176807
P35557,D176807
P11166,D176807
P01019,D176807
P27361,D176807
O60858,D176807
P49841,D176807
Q9UNQ0,D176807
P04004,D176807
Q92887,D176807
Q06124,D176807
P24941,D176807
P16581,D176807
P05164,D176807
P01112,D176807
O60733,D176807
P15144,D176807
Q15111,D176807
P06493,D176807
P80188,D176807
P05362,D176807
P19838,D176807
P01374,D176807
P00750,D176807
P11413,D176807
P23297,D176807
P06870,D176807
P01138,D176807
P17302,D176807
P21589,D176807
P11021,D176807
P15309,D176807
P06881,D176807
P04156,D176807
P35247,D176807
P63000,D176807
Q16678,D176807
P16070,D176807
P19320,D176807
P08254,D176807
P02649,D176807
P07900,D176807
P14210,D176807
O75762,D176807
Q08345,D176807
P08697,D176807
P01100,D176807
Q13126,D176807
P02776,D176807
P17252,D176807
P27815,D176807
P36969,D176807
P19438,D176807
P02774,D176807
Q15858,D176807
P16455,D176807
P48745,D176807
P16444,D176807
P48061,D176807
P07204,D176807
O14920,D176807
P05106,D176807
P98170,D176807
P32239,D176807
P42574,D176807
O60603,D176807
P14625,D176807
O60760,D176807
P45844,D176807
P07355,D176807
Q9NR96,D176807
P31751,D176807
P63104,D176807
P07602,D176807
P04271,D176807
P13726,D176807
P30086,D176807
P02751,D176807
P15559,D176807
Q08257,D176807
Q7Z2W7,D176807
O15439,D176807
P28161,D176807
P61586,D176807
O15530,D176807
P13569,D176807
P25942,D176807
P08842,D176807
P08100,D176807
P22455,D176807
P04040,D176807
P05113,D176807
P68400,D176807
P23919,D176807
Q10588,D176807
O75874,D176807
P04183,D176807
O00204,D176807
P68363,D176807
P11309,D176807
Q06187,D176807
Q08499,D176807
P48736,D176807
P43405,D176807
Q08881,D176807
P17931,D176807
P68371,D176807
P49137,D176807
Q13509,D176807
Q9BZX2,D176807
P50579,D176807
P35030,D176807
Q13426,D176807
Q92876,D176807
P55055,D176807
P51512,D176807
P14555,D176807
Q9Y286,D176807
Q9Y5Y6,D176807
P09960,D176807
P49789,D176807
P30305,D176807
P09874,D176807
Q8WVQ1,D176807
P53355,D176807
Q16775,D176807
P55210,D176807
P00746,D176807
P10114,D176807
P36952,D176807
P52732,D176807
P14174,D176807
P37173,D176807
P24557,D176807
P08238,D176807
P50613,D176807
P34096,D176807
Q96AZ6,D176807
P32119,D176807
Q16881,D176807
P62508,D176807
P21964,D176807
P11511,D176807
P08637,D176807
P12318,D176807
P05452,D176807
P05787,D176807
P07942,D176807
P11047,D176807
P27797,D176807
Q07954,D176807
Q16787,D176807
P05154,D176807
P14543,D176807
P13727,D176807
P06400,D176807
P29120,D176807
Q16270,D176807
P05981,D176807
P11362,D176807
P22607,D176807
P07711,D176807
P35237,D176807
P09486,D176807
P35346,D176807
P20711,D176807
Q6ZQY3,D176807
P42898,D176807
Q96DP5,D176807
O14939,D176807
P06276,D176807
Q13393,D176807
P09210,D176807
P19971,D176807
O00519,D176807
P21397,D176807
P47989,D176807
P50750,D176807
Q96KS0,D176807
Q00534,D176807
Q96Q83,D176807
P00813,D176807
Q9BY66,D176807
P11802,D176807
Q9GZT9,D176807
Q9H6Z9,D176807
P49336,D176807
P22234,D176807
P27708,D176807
Q7L266,D176807
P15104,D176807
Q07973,D176807
Q99643,D176807
O60513,D176807
Q9UJ70,D176807
Q07075,D176807
P08263,D176807
P46439,D176807
Q14032,D176807
Q969I3,D176807
Q9Y2J8,D176807
P67775,D176807
Q13427,D176807
P20618,D176807
P28074,D176807
Q01668,D176807
P20815,D176807
P10635,D176807
Q13547,D176807
Q92769,D176807
O15379,D176807
Q9UBN7,D176807
Q16665,D176807
P43115,D176807
P42336,D176807
O00459,D176807
Q92569,D176807
P78527,D176807
P42345,D176807
P00441,D176807
Q9NY47,D176807
P41231,D176807
P08865,D176807
O14672,D176807
O00329,D176807
P42338,D176807
O60674,D176807
Q13093,D176807
P07949,D176807
Q06609,D176807
P27695,D176807
P01911,D176807
P24394,D176807
Q14627,D176807
Q02880,D176807
P17342,D176807
P09467,D176807
Q9H228,D176807
P05177,D176807
P50135,D176807
Q16790,D176807
P35225,D176807
O00206,D176807
P37268,D176807
P16422,D176807
Q01726,D176807
O14746,D176807
P31350,D176807
P54760,D176807
P48060,D176807
P05155,D176807
Q96EB6,D176807
P51686,D176807
P07237,D176807
P21796,D176807
Q9BUP3,D176807
Q15185,D176807
P04141,D176807
P22301,D176807
P39905,D176807
Q9NWT6,D176807
Q8WTS6,D176807
Q13363,D176807
P08684,D176807
Q92831,D176807
P31949,D176807
P27707,D176807
O00244,D176807
Q8NBQ5,D176807
P54278,D176807
P25311,D176807
P10632,D176807
P51687,D176807
P06703,D176807
Q6UWP2,D176807
P16152,D176807
Q05397,D176807
P15531,D176807
Q16698,D176807
P49763,D176807
P53041,D176807
P18509,D176807
Q9Y3R4,D176807
P12429,D176807
P58335,D176807
P01270,D176807
O15169,D176807
P30291,D176807
P11509,D176807
P35625,D176807
Q7L5Y9,D176807
Q86VB7,D176807
P48357,D176807
P21926,D176807
Q02763,D176807
P04637,D176807
O96017,D176807
O14757,D176807
Q92847,D176807
P05305,D176807
P00403,D176807
P41597,D176807
Q9NNW7,D176807
P51671,D176807
P05067,D176807
P23560,D176807
Q5NUL3,D176807
Q96GD4,D176807
O15392,D176807
Q9GZP0,D176807
Q13443,D176807
Q9NPF7,D176807
P43235,D176807
P05019,D176807
P55786,D176807
Q92934,D176807
P13861,D176807
P10644,D176807
P50052,D176807
P09429,D176807
Q13233,D176807
Q02156,D176807
P04792,D176807
O14763,D176807
Q02224,D176807
Q15116,D176807
Q9NZQ7,D176807
Q99527,D176807
P02647,D176807
P01563,D176807
Q14790,D176807
Q9Y6Q6,D176807
P40763,D176807
Q07011,D176807
Q9P2E9,D176807
P25963,D176807
P20807,D176807
P27037,D176807
Q14956,D176807
P10636,D176807
P27816,D176807
P01303,D176807
P04439,D176807
P40933,D176807
Q9NPC1,D176807
P01308,D176807
P17813,D176807
P01127,D176807
P15941,D176807
Q16706,D176807
Q12884,D176807
Q07817,D176807
Q07820,D176807
P49674,D176807
Q00613,D176807
Q96QU6,D176807
O14788,D176807
Q9NR97,D176807
P05112,D176807
P35408,D176807
P56524,D176807
P30874,D176807
P32745,D176807
P05181,D176807
P33261,D176807
P05108,D176807
O60656,D176807
Q06278,D176807
P22309,D176807
P19099,D176807
P04798,D176807
P05186,D176807
P20813,D176807
P25024,D176807
Q9HCR9,D176807
O95749,D176807
P05556,D176807
P06756,D176807
P78334,D176807
P29034,D176807
Q16620,D176807
P33260,D176807
Q7LG56,D176807
P11717,D176807
O15440,D176807
O95255,D176807
Q9NPD5,D176807
P09237,D176807
P24347,D176807
P50281,D176807
Q9NRE1,D176807
P35869,D176807
P11474,D176807
Q15788,D176807
P63092,D176807
P20248,D176807
Q13526,D176807
Q15596,D176807
P53350,D176807
Q16651,D176807
P78536,D176807
P31151,D176807
P17612,D176807
Q9UJM8,D176807
P13051,D176807
P45984,D176807
Q99933,D176807
P11142,D176807
P61769,D176807
Q13133,D176807
P36897,D176807
O43293,D176807
P45983,D176807
P33981,D176807
P42892,D176807
Q14914,D176807
Q9UGN5,D176807
Q9NQS7,D176807
P63151,D176807
Q8IVS2,D176807
P84077,D176807
Q15078,D176807
P84098,D176807
P62913,D176807
O75460,D176807
P25705,D176807
P06576,D176807
Q14994,D176807
Q15118,D176807
Q9UBT6,D176807
Q9UKQ2,D176807
P41743,D176807
Q7Z406,D176807
P25786,D176807
P28066,D176807
P28072,D176807
Q16877,D176807
P09466,D176807
P19784,D176807
P20674,D176807
P10176,D176807
P04054,D176807
P41235,D176807
Q01581,D176807
P01116,D176807
Q00536,D176807
P01889,D176807
P0CG48,D176807
O00141,D176807
Q9P289,D176807
P07737,D176807
Q15375,D176807
P04632,D176807
P23458,D176807
P08758,D176807
P49862,D176807
Q969V6,D176807
P06396,D176807
P60981,D176807
P23528,D176807
O75116,D176807
P06731,D176807
O75521,D176807
Q08209,D176807
P15151,D176807
P61160,D176807
Q12866,D176807
Q15418,D176807
P13639,D176807
Q16654,D176807
P11684,D176807
P05187,D176807
P07948,D176807
P78362,D176807
P09848,D176807
Q9NWZ3,D176807
P26447,D176807
P14550,D176807
O60218,D176807
Q92793,D176807
Q15648,D176807
O43612,D176807
Q15796,D176807
P04179,D176807
P00558,D176807
Q16762,D176807
P15259,D176807
P29508,D176807
P02144,D176807
P08670,D176807
P11172,D176807
P22694,D176807
P07108,D176807
P11226,D176807
P19622,D176807
P04053,D176807
P35749,D176807
P09382,D176807
P20645,D176807
P15813,D176807
Q9NPH2,D176807
P31323,D176807
Q99798,D176807
P10600,D176807
P20823,D176807
P35241,D176807
P26572,D176807
Q14643,D176807
P19883,D176807
P48735,D176807
P68104,D176807
Q12965,D176807
P20339,D176807
P50897,D176807
P49913,D176807
P35398,D176807
Q9NTG7,D176807
P29323,D176807
P09104,D176807
P61024,D176807
P49368,D176807
P61457,D176807
P62826,D176807
P11233,D176807
Q8NFW8,D176807
O75976,D176807
P55072,D176807
Q92993,D176807
O60264,D176807
Q92830,D176807
P00973,D176807
P78330,D176807
Q9BZZ2,D176807
Q15382,D176807
Q13838,D176807
P61587,D176807
P13611,D176807
P60953,D176807
Q96QT4,D176807
P30041,D176807
O15111,D176807
Q99835,D176807
P01106,D176807
O75330,D176807
Q13882,D176807
P01583,D176807
P18510,D176807
P49765,D176807
P28065,D176807
Q16832,D176807
P42685,D176807
P11274,D176807
Q5XXA6,D176807
Q96SW2,D176807
Q14145,D176807
P53667,D176807
Q9UM01,D176807
Q15303,D176807
P04731,D176807
P02795,D176807
Q9HAB3,D176807
P02786,D176807
Q9HB55,D176807
Q13315,D176807
P51812,D176807
O95644,D176807
Q9H8P0,D176807
Q05513,D176807
O00264,D176807
P04839,D176807
P14598,D176807
P15153,D176807
Q9UGI6,D176807
P54646,D176807
Q14571,D176807
Q14573,D176807
P15336,D176807
P18847,D176807
P18848,D176807
Q9Y2D1,D176807
P18850,D176807
Q8WWQ8,D176807
P10599,D176807
P60709,D176807
O95718,D176807
P63261,D176807
P05090,D176807
P62807,D176807
Q15493,D176807
O00299,D176807
P28907,D176807
P17676,D176807
P60484,D176807
P49908,D176807
P36956,D176807
Q04206,D176807
P25105,D176807
P54756,D176807
Q9NYL2,D176807
P09936,D176807
Q9C0B1,D176807
Q9Y5S8,D176807
P06733,D176807
P29590,D176807
O14618,D176807
Q14978,D176807
O95750,D176807
Q9NY56,D176807
P04279,D176807
P46939,D176807
Q06830,D176807
Q16552,D176807
O43613,D176807
O43614,D176807
Q8NBP7,D176807
P07438,D176807
P04732,D176807
P04733,D176807
P13640,D176807
P80294,D176807
Q8N339,D176807
P80297,D176807
Q99828,D176807
P13693,D176807
O75838,D176807
P80303,D176807
P0DP24,D176807
P0DP25,D176807
Q96FQ6,D176807
Q13938,D176807
Q96PD7,D176807
P05109,D176807
P10809,D176807
P15880,D176807
P22626,D176807
P31943,D176807
P14866,D176807
P63244,D176807
P09525,D176807
P31948,D176807
P51858,D176807
P18669,D176807
P43652,D176807
P30101,D176807
P04155,D176807
P07288,D176807
Q96RI0,D176807
P31260,D176807
P08648,D176807
F7VJQ1,D176807
P06702,D176807
O15350,D176807
P32004,D176807
P12644,D176807
Q9UEW3,D176807
Q99829,D176807
Q99623,D176807
Q9UJU2,D176807
P38936,D176807
P39748,D176807
P00846,D176807
Q14457,D176807
P54652,D176807
Q9NR28,D176807
P61978,D176807
P34932,D176807
Q969G3,D176807
O43399,D176807
P54578,D176807
Q04917,D176807
P27348,D176807
P12004,D176807
P10909,D176807
P45973,D176807
P00739,D176807
P35858,D176807
P36955,D176807
P81605,D176807
P15924,D176807
P05160,D176807
P14923,D176807
P08779,D176807
P01011,D176807
Q6FHJ7,D176807
Q92945,D176807
P21291,D176807
P21333,D176807
P06748,D176807
P27635,D176807
P39019,D176807
P62753,D176807
Q15942,D176807
Q07955,D176807
Q16518,D176807
Q02083,D176807
Q9Y5S1,D176807
Q01995,D176807
P17844,D176807
P36894,D176807
P31391,D176807
Q13873,D176807
P55073,D176807
P22897,D176807
Q92911,D176807
O75533,D176807
Q9NYP7,D176807
Q9Y6E0,D176807
Q15208,D176807
Q9UEW8,D176807
Q9UHD2,D176807
Q9UKI8,D176807
Q86UE8,D176807
Q9UKE5,D176807
Q06418,D176807
O75385,D176807
Q8IYT8,D176807
P30530,D176807
O00238,D176807
P51813,D176807
Q96RR4,D176807
Q00532,D176807
P49760,D176807
Q9UIK4,D176807
O15075,D176807
Q9Y463,D176807
P19525,D176807
P21709,D176807
P29320,D176807
Q9UF33,D176807
O15197,D176807
P16591,D176807
P49840,D176807
P14616,D176807
P51617,D176807
P53671,D176807
Q13163,D176807
Q16584,D176807
Q99759,D176807
O95819,D176807
Q13164,D176807
Q7KZI7,D176807
Q14680,D176807
Q04912,D176807
O15146,D176807
Q15746,D176807
Q96PY6,D176807
P51956,D176807
Q16288,D176807
Q13153,D176807
O75914,D176807
O96013,D176807
Q9NQU5,D176807
O00750,D176807
Q86V86,D176807
Q16512,D176807
Q16513,D176807
Q9H4B4,D176807
O00444,D176807
Q15139,D176807
Q13546,D176807
P08922,D176807
Q96BR1,D176807
Q9H0K1,D176807
P01350,D176807
Q15910,D176807
Q92482,D176807
Q9BQB4,D176807
Q99814,D176807
O14980,D176807
Q8TD43,D176807
Q8IXJ6,D176807
P35232,D176807
P51679,D176807
P11532,D176807
Q86YN6,D176807
Q93086,D176807
Q99572,D176807
P47900,D176807
Q9UQ05,D176807
Q96L42,D176807
Q92800,D176807
P53396,D176807
P41222,D176807
Q9Y6K1,D176807
P00738,D176807
P21860,D176807
P09758,D176807
O15393,D176807
P06307,D176807
Q13574,D176807
Q05209,D176807
P29350,D176807
P27449,D176807
Q9H2H9,D176807
P55211,D176807
P16278,D176807
Q9UBC3,D176807
Q9NRA0,D176807
O15123,D176807
P17948,D178600
P24530,D178600
P10275,D178600
P15692,D178600
O76074,D178600
P00747,D178600
P37231,D178600
P00742,D178600
P12821,D178600
P05121,D178600
P29275,D178600
P10415,D178600
P09917,D178600
P29474,D178600
P00797,D178600
P41595,D178600
P08246,D178600
P28223,D178600
P37023,D178600
P43119,D178600
P01375,D178600
P21802,D178600
P31645,D178600
P00439,D178600
P08069,D178600
P51692,D178600
P05231,D178600
P29274,D178600
P25116,D178600
P01009,D178600
O75469,D178600
P16220,D178600
Q9BYF1,D178600
P01137,D178600
P35222,D178600
P32418,D178600
P09038,D178600
P01042,D178600
Q8NER1,D178600
P04629,D178600
P13500,D178600
P01019,D178600
P27361,D178600
P04004,D178600
P05362,D178600
P02751,D178600
Q13370,D178600
P04183,D178600
P17931,D178600
Q96RI1,D178600
P37173,D178600
Q07954,D178600
O15379,D178600
Q16665,D178600
P00441,D178600
P08865,D178600
P01911,D178600
Q16790,D178600
P21796,D178600
Q13363,D178600
P04637,D178600
P05305,D178600
P23560,D178600
P09429,D178600
P17813,D178600
O14649,D178600
P15151,D178600
P01920,D178600
Q96QT4,D178600
P22460,D178600
Q5XXA6,D178600
P53667,D178600
Q16558,D178600
P60709,D178600
P62736,D178600
P06733,D178600
P31946,D178600
P08603,D178600
Q9HBA0,D178600
Q13873,D178600
O00238,D178600
Q9P2K8,D178600
Q99814,D178600
Q13488,D178600
P15692,D179600
P09488,D179600
P30711,D179600
P01584,D179600
P16435,D179600
P01563,D179600
P01583,D179600
Q08426,D179830
P48764,D179830
P00488,D181000
P02452,D181000
P17948,D181000
P14780,D181000
P30556,D181000
P11836,D181000
P35610,D181000
P21673,D181000
Q9NYK1,D181000
O43175,D181000
P15692,D181000
P37231,D181000
P12821,D181000
P26640,D181000
P10415,D181000
O76054,D181000
P35354,D181000
Q9UM73,D181000
P35968,D181000
P25103,D181000
P04083,D181000
O15528,D181000
P02768,D181000
Q04609,D181000
P15056,D181000
P08253,D181000
P19429,D181000
P01589,D181000
P01375,D181000
P12314,D181000
P11473,D181000
P04150,D181000
P09488,D181000
P09211,D181000
P30711,D181000
P29317,D181000
P42081,D181000
P33681,D181000
P02741,D181000
P37840,D181000
O75015,D181000
P51681,D181000
P05231,D181000
P61073,D181000
P03956,D181000
P02763,D181000
P25116,D181000
P27169,D181000
P02778,D181000
P01579,D181000
P20333,D181000
P34913,D181000
P10145,D181000
P13501,D181000
Q9BYF1,D181000
P01137,D181000
P35222,D181000
Q9Y275,D181000
P09038,D181000
P60568,D181000
P23946,D181000
P13500,D181000
P01584,D181000
Q13231,D181000
P01019,D181000
P16581,D181000
P80188,D181000
P01374,D181000
P14210,D181000
P01100,D181000
P19438,D181000
P02774,D181000
P98170,D181000
O60603,D181000
P45844,D181000
P07355,D181000
Q9NR96,D181000
P63104,D181000
P13569,D181000
P25942,D181000
P39900,D181000
P04040,D181000
P05113,D181000
P48736,D181000
P14174,D181000
P08637,D181000
P12318,D181000
P31994,D181000
P31995,D181000
P01906,D181000
P02461,D181000
P11362,D181000
P19021,D181000
P00813,D181000
P35754,D181000
P49721,D181000
Q16665,D181000
P42336,D181000
Q92569,D181000
O00329,D181000
P42338,D181000
P01911,D181000
P24394,D181000
P35225,D181000
O00206,D181000
P07237,D181000
P10147,D181000
P04141,D181000
P22301,D181000
P80075,D181000
P01270,D181000
Q86VB7,D181000
P05305,D181000
P00403,D181000
P41597,D181000
P23560,D181000
Q13443,D181000
P05019,D181000
P50052,D181000
P09429,D181000
Q15116,D181000
Q9NZQ7,D181000
P02647,D181000
P01563,D181000
P09693,D181000
P40763,D181000
P28908,D181000
P04439,D181000
P40933,D181000
P15941,D181000
P05112,D181000
P09237,D181000
P50281,D181000
P61626,D181000
P61769,D181000
P30301,D181000
P04054,D181000
P01889,D181000
P29597,D181000
P11684,D181000
P04179,D181000
P01920,D181000
P08670,D181000
P11226,D181000
P09382,D181000
P10600,D181000
Q96RQ9,D181000
P01583,D181000
P18510,D181000
P28065,D181000
P28062,D181000
P01903,D181000
P79483,D181000
P13762,D181000
P08686,D181000
P04839,D181000
P60709,D181000
Q16552,D181000
P05109,D181000
P06702,D181000
P38936,D181000
Q14103,D181000
Q9HC29,D181000
Q13873,D181000
P22897,D181000
O43353,D181000
P00738,D181000
P20702,D181000
P16278,D181000
P35228,D181460
P21554,D181460
P00797,D181460
P00505,D181460
P04406,D181460
P01375,D181460
P12724,D181460
P51681,D181460
P01579,D181460
P01189,D181460
P01137,D181460
Q16539,D181460
P04275,D181460
P05362,D181460
P02649,D181460
Q9NR96,D181460
P05113,D181460
P00441,D181460
P24394,D181460
P35225,D181460
P10147,D181460
P22301,D181460
P40763,D181460
P40933,D181460
P01920,D181460
P35556,D181460
Q9UI32,D181500
P35228,D181500
P11766,D181500
Q9P0X4,D181500
P30542,D181500
P23219,D181500
P35626,D181500
P21728,D181500
P17948,D181500
P06213,D181500
Q9Y285,D181500
P29401,D181500
P12259,D181500
P20309,D181500
Q9H2X9,D181500
P00734,D181500
P14780,D181500
P21554,D181500
P30556,D181500
P11836,D181500
P29475,D181500
O15496,D181500
Q07869,D181500
Q9HCC0,D181500
P10912,D181500
P28702,D181500
Q8IWU9,D181500
P12277,D181500
Q13639,D181500
P42357,D181500
Q12809,D181500
P11229,D181500
O75380,D181500
P34972,D181500
Q9BYV1,D181500
Q14894,D181500
P51606,D181500
P21673,D181500
P25021,D181500
P07741,D181500
Q16647,D181500
Q05940,D181500
O95477,D181500
P17752,D181500
P03372,D181500
P08700,D181500
P24046,D181500
P80365,D181500
P10275,D181500
P05091,D181500
P49419,D181500
P19404,D181500
P09172,D181500
Q9UHW9,D181500
P07437,D181500
P13631,D181500
P21918,D181500
Q9H3N8,D181500
P23368,D181500
Q9NYK1,D181500
Q99720,D181500
P15692,D181500
P37288,D181500
P48506,D181500
Q9UJ68,D181500
P31040,D181500
P00367,D181500
Q9NVS9,D181500
P48637,D181500
P45381,D181500
O75489,D181500
Q15031,D181500
P09619,D181500
P10826,D181500
P00747,D181500
P16442,D181500
P37231,D181500
P00742,D181500
Q9UBS5,D181500
P16083,D181500
P12821,D181500
P55157,D181500
O75746,D181500
Q15758,D181500
P06858,D181500
P05121,D181500
O43674,D181500
P10415,D181500
P08912,D181500
P30531,D181500
P14679,D181500
O76054,D181500
P49902,D181500
P35354,D181500
P29474,D181500
Q08828,D181500
P00797,D181500
Q16773,D181500
P01008,D181500
P55011,D181500
Q99624,D181500
P08913,D181500
P08908,D181500
P09455,D181500
O75251,D181500
P46098,D181500
P02753,D181500
P10828,D181500
Q99714,D181500
P00918,D181500
P35520,D181500
P04818,D181500
P49286,D181500
P00374,D181500
P34896,D181500
P00395,D181500
P02766,D181500
P18825,D181500
P39086,D181500
P19801,D181500
O00555,D181500
P63098,D181500
Q9UM73,D181500
Q05586,D181500
P35968,D181500
Q14749,D181500
Q99259,D181500
P00505,D181500
P25103,D181500
Q9GZT4,D181500
P21917,D181500
P60880,D181500
P08246,D181500
O15399,D181500
P32238,D181500
P08173,D181500
P13196,D181500
Q13224,D181500
P0DP23,D181500
P41143,D181500
P04083,D181500
P22303,D181500
P31749,D181500
Q13936,D181500
P08514,D181500
O15269,D181500
P35367,D181500
P29466,D181500
P43353,D181500
P28223,D181500
P10721,D181500
Q14957,D181500
P32754,D181500
P30939,D181500
Q9H252,D181500
P38484,D181500
P31644,D181500
P48169,D181500
P43007,D181500
P49821,D181500
P23975,D181500
Q07343,D181500
P41252,D181500
P28331,D181500
P35348,D181500
P03886,D181500
P07202,D181500
P02787,D181500
P04626,D181500
O94788,D181500
P48039,D181500
P28329,D181500
P25101,D181500
P02768,D181500
P28335,D181500
O60391,D181500
P02671,D181500
P04406,D181500
P05166,D181500
P03905,D181500
P00352,D181500
P08172,D181500
P14778,D181500
Q04609,D181500
P18089,D181500
O43772,D181500
P03915,D181500
P35462,D181500
P31213,D181500
P40925,D181500
P30043,D181500
P12235,D181500
Q05329,D181500
Q9Y617,D181500
P48507,D181500
P07101,D181500
P49585,D181500
P11586,D181500
P23378,D181500
P18031,D181500
Q13085,D181500
P15509,D181500
Q9Y233,D181500
P41145,D181500
Q8TDS4,D181500
P42261,D181500
Q8TCU5,D181500
Q01959,D181500
P34969,D181500
P14784,D181500
P47712,D181500
P01589,D181500
P28221,D181500
P10276,D181500
Q9NYX4,D181500
P24298,D181500
P08235,D181500
P53985,D181500
P51787,D181500
Q13131,D181500
P04278,D181500
P10827,D181500
P07550,D181500
P01375,D181500
P25100,D181500
P30838,D181500
Q8N5Z0,D181500
Q99707,D181500
P09601,D181500
P30536,D181500
P09622,D181500
Q15822,D181500
P23416,D181500
P21802,D181500
P31645,D181500
P01178,D181500
P00439,D181500
P49448,D181500
P14416,D181500
Q12879,D181500
P16219,D181500
Q9UBK8,D181500
Q16445,D181500
P00533,D181500
P35372,D181500
P11473,D181500
P40261,D181500
Q92731,D181500
P04150,D181500
P14867,D181500
P28222,D181500
P09488,D181500
Q9Y2Q3,D181500
P09211,D181500
P78417,D181500
P07203,D181500
P30711,D181500
Q13255,D181500
O94925,D181500
Q13002,D181500
Q16099,D181500
Q16478,D181500
P42262,D181500
P48058,D181500
P42263,D181500
Q13003,D181500
Q14833,D181500
Q14831,D181500
O00222,D181500
P49019,D181500
P06241,D181500
P06239,D181500
P30559,D181500
Q01718,D181500
P43681,D181500
P17787,D181500
P01031,D181500
P43220,D181500
Q16568,D181500
Q02750,D181500
Q14289,D181500
P02741,D181500
P37840,D181500
Q9UKV0,D181500
P22102,D181500
P43004,D181500
Q06520,D181500
P16410,D181500
O60427,D181500
Q00535,D181500
P26358,D181500
O43526,D181500
P35558,D181500
P35270,D181500
P01023,D181500
P51681,D181500
P05451,D181500
Q99519,D181500
P08581,D181500
P62993,D181500
P05231,D181500
P61073,D181500
P28482,D181500
P29274,D181500
P01574,D181500
P25116,D181500
P27169,D181500
O75891,D181500
P98164,D181500
P07225,D181500
P01579,D181500
P50406,D181500
P01189,D181500
Q6W5P4,D181500
P20333,D181500
P34913,D181500
P49888,D181500
P01009,D181500
P01133,D181500
O75469,D181500
P16220,D181500
Q12882,D181500
P10145,D181500
Q04760,D181500
P52788,D181500
P10646,D181500
Q9Y5N1,D181500
P11387,D181500
Q14416,D181500
P29074,D181500
P29460,D181500
Q9BYF1,D181500
O14732,D181500
P01137,D181500
P35222,D181500
P56817,D181500
Q7L0J3,D181500
O60488,D181500
Q00987,D181500
P31930,D181500
P13945,D181500
P62937,D181500
P09038,D181500
P01042,D181500
Q16539,D181500
Q8NER1,D181500
P06850,D181500
P24385,D181500
P48549,D181500
P60568,D181500
P98160,D181500
P08183,D181500
P21980,D181500
P26951,D181500
P04629,D181500
P05412,D181500
P04275,D181500
Q96RJ0,D181500
P13500,D181500
P01584,D181500
P43005,D181500
P30793,D181500
P01019,D181500
P27361,D181500
P49841,D181500
Q9UNQ0,D181500
O60733,D181500
Q15111,D181500
P80188,D181500
P05362,D181500
P19838,D181500
P01374,D181500
P00750,D181500
P11413,D181500
Q9UM07,D181500
P01138,D181500
P11021,D181500
P11137,D181500
P15309,D181500
P04156,D181500
P19367,D181500
P63000,D181500
P19320,D181500
P43003,D181500
P08254,D181500
P02649,D181500
P07900,D181500
Q08345,D181500
P08697,D181500
P01100,D181500
P17252,D181500
P27815,D181500
P19438,D181500
P00450,D181500
P02774,D181500
P22061,D181500
P48061,D181500
P07204,D181500
P05106,D181500
P32239,D181500
P42574,D181500
O60603,D181500
O60760,D181500
P45844,D181500
P78559,D181500
Q9NR96,D181500
P31751,D181500
P63104,D181500
P04271,D181500
P30086,D181500
P02751,D181500
P14735,D181500
P15559,D181500
Q08257,D181500
P28161,D181500
P41594,D181500
P25942,D181500
P08842,D181500
P04040,D181500
P68400,D181500
Q9P2W7,D181500
P00568,D181500
P68363,D181500
Q08499,D181500
Q9NP99,D181500
P48736,D181500
P17931,D181500
P49773,D181500
P50579,D181500
P35030,D181500
Q13426,D181500
P51512,D181500
P14555,D181500
P04745,D181500
P49789,D181500
P00751,D181500
P09874,D181500
Q96RI1,D181500
Q16775,D181500
P14174,D181500
P37173,D181500
P24557,D181500
Q96AZ6,D181500
P32119,D181500
Q99250,D181500
P35499,D181500
O00408,D181500
P21964,D181500
P11511,D181500
P02745,D181500
P02746,D181500
P12318,D181500
P31785,D181500
P25391,D181500
P27797,D181500
Q07954,D181500
P05154,D181500
P32927,D181500
P01906,D181500
P02461,D181500
P11362,D181500
P22607,D181500
P23763,D181500
P63027,D181500
P02458,D181500
P09486,D181500
P35346,D181500
P48147,D181500
P20711,D181500
Q6YP21,D181500
P42898,D181500
P06276,D181500
O00519,D181500
P27338,D181500
O75936,D181500
P21397,D181500
P50750,D181500
P00813,D181500
P11802,D181500
Q00975,D181500
P30520,D181500
P15104,D181500
O95864,D181500
P48664,D181500
P08263,D181500
P10768,D181500
Q9NY59,D181500
P23434,D181500
Q9ULC6,D181500
Q9Y2J8,D181500
P67775,D181500
O43272,D181500
O75899,D181500
P36544,D181500
Q14832,D181500
P18505,D181500
P28472,D181500
P47870,D181500
Q16774,D181500
Q08289,D181500
Q13698,D181500
O00305,D181500
O60840,D181500
Q01668,D181500
P20815,D181500
P10635,D181500
Q13547,D181500
Q92769,D181500
O15379,D181500
P29371,D181500
Q16665,D181500
P43115,D181500
P41146,D181500
P42336,D181500
P42345,D181500
P00441,D181500
P09958,D181500
O43525,D181500
Q9NR82,D181500
P41231,D181500
P08865,D181500
O14672,D181500
O00329,D181500
P42338,D181500
Q13093,D181500
P01911,D181500
Q05655,D181500
P49146,D181500
P09467,D181500
P05177,D181500
P50135,D181500
O00206,D181500
O14746,D181500
P25929,D181500
P54760,D181500
P05155,D181500
P08729,D181500
Q96EB6,D181500
P07237,D181500
Q86US8,D181500
Q15185,D181500
P04141,D181500
P22301,D181500
P39905,D181500
P42768,D181500
P08684,D181500
Q9NQX3,D181500
Q92831,D181500
P31949,D181500
P11712,D181500
P02749,D181500
P08887,D181500
Q16698,D181500
O76083,D181500
O43617,D181500
P15289,D181500
Q9Y691,D181500
P18509,D181500
P12429,D181500
P16144,D181500
Q16769,D181500
Q9NXA8,D181500
P35625,D181500
Q86VB7,D181500
P48357,D181500
P21926,D181500
P04637,D181500
O14757,D181500
P00403,D181500
P41597,D181500
Q9NNW7,D181500
P51671,D181500
P05067,D181500
P23560,D181500
Q9BVA1,D181500
Q9NPF7,D181500
P43235,D181500
P05019,D181500
Q96AE4,D181500
P10644,D181500
P02647,D181500
P01024,D181500
P10636,D181500
P27816,D181500
P01303,D181500
P16615,D181500
Q99705,D181500
P04439,D181500
P01730,D181500
P01127,D181500
P15391,D181500
P15941,D181500
Q16706,D181500
P49674,D181500
P05112,D181500
P56524,D181500
P05181,D181500
P33261,D181500
P55263,D181500
P20813,D181500
Q8IZS8,D181500
P38606,D181500
P05556,D181500
Q9Y2I1,D181500
P32297,D181500
P30532,D181500
P18507,D181500
Q8N1C3,D181500
Q9UN88,D181500
O14764,D181500
Q16620,D181500
A8MPY1,D181500
Q96RD7,D181500
P11474,D181500
Q8NEB9,D181500
P63092,D181500
P20248,D181500
P48552,D181500
P78536,D181500
P63208,D181500
Q99933,D181500
P11142,D181500
P61769,D181500
P24666,D181500
P45983,D181500
Q13554,D181500
Q8IVS2,D181500
P84077,D181500
Q15078,D181500
P61927,D181500
P39023,D181500
P25705,D181500
P36542,D181500
P60174,D181500
P28072,D181500
P09466,D181500
Q494W8,D181500
Q9HB40,D181500
P20674,D181500
P10176,D181500
P04054,D181500
P98155,D181500
Q9UQM7,D181500
Q00536,D181500
P01889,D181500
P16112,D181500
O00141,D181500
P14920,D181500
Q969V6,D181500
P06396,D181500
P02689,D181500
P23528,D181500
Q08209,D181500
P15151,D181500
P61160,D181500
P61158,D181500
P11684,D181500
P78362,D181500
Q8IU85,D181500
P09848,D181500
P14550,D181500
Q92793,D181500
O43612,D181500
P15170,D181500
P04179,D181500
P00558,D181500
P01920,D181500
P08670,D181500
P20472,D181500
P07108,D181500
P19622,D181500
P04053,D181500
P17600,D181500
P35749,D181500
P09382,D181500
P31323,D181500
Q99798,D181500
O14594,D181500
P26572,D181500
P78352,D181500
P50897,D181500
P0CG29,D181500
P49913,D181500
P35398,D181500
P29323,D181500
P09104,D181500
P49368,D181500
P62166,D181500
P62258,D181500
Q92993,D181500
Q86VU5,D181500
P78330,D181500
Q96I15,D181500
P60953,D181500
Q9UL54,D181500
P41091,D181500
P36405,D181500
P30041,D181500
P02708,D181500
P31327,D181500
P54219,D181500
P0C0L4,D181500
P0C0L5,D181500
P47898,D181500
Q14721,D181500
P48066,D181500
P01583,D181500
P18510,D181500
P28065,D181500
Q15303,D181500
Q9NSD5,D181500
P48065,D181500
P01903,D181500
P79483,D181500
Q30154,D181500
Q9HAB3,D181500
O95264,D181500
Q70Z44,D181500
A5X5Y0,D181500
P08686,D181500
Q13315,D181500
P51812,D181500
Q15125,D181500
P05129,D181500
O00264,D181500
Q9Y698,D181500
Q9UBN1,D181500
Q9UF02,D181500
Q9BXT2,D181500
Q8WXS5,D181500
P78508,D181500
Q9H2S1,D181500
Q9UGI6,D181500
Q9NP56,D181500
P18847,D181500
P18848,D181500
Q96S86,D181500
Q86UW8,D181500
Q14520,D181500
P10599,D181500
P60709,D181500
P63261,D181500
Q9HBK9,D181500
P05090,D181500
P10412,D181500
O95259,D181500
Q9ULB1,D181500
P67870,D181500
P28907,D181500
P60484,D181500
P49908,D181500
P36956,D181500
Q04206,D181500
P54756,D181500
P09936,D181500
Q99571,D181500
Q9C0B1,D181500
Q16555,D181500
P29590,D181500
Q8TAB3,D181500
P31025,D181500
Q16552,D181500
O43613,D181500
P21453,D181500
P34998,D181500
Q96DB2,D181500
P07438,D181500
Q99653,D181500
P13693,D181500
O75838,D181500
P80303,D181500
P0DP24,D181500
P0DP25,D181500
P22676,D181500
Q86UW7,D181500
P10809,D181500
P31946,D181500
P43487,D181500
P43652,D181500
Q8TCG2,D181500
F7VJQ1,D181500
Q16595,D181500
P06702,D181500
P42858,D181500
Q92570,D181500
P32004,D181500
P38936,D181500
P00846,D181500
Q14457,D181500
O00303,D181500
P61978,D181500
P34932,D181500
P60903,D181500
Q04917,D181500
Q6V0L0,D181500
Q9NR63,D181500
P04217,D181500
P04003,D181500
P08603,D181500
P10909,D181500
P35858,D181500
P29622,D181500
P36955,D181500
O14791,D181500
P20851,D181500
P19827,D181500
Q06033,D181500
Q14624,D181500
P01011,D181500
Q14103,D181500
Q5SSJ5,D181500
P39019,D181500
Q07955,D181500
P35579,D181500
P31391,D181500
P55073,D181500
O75533,D181500
Q9NYP7,D181500
Q9Y6E0,D181500
Q9UKE5,D181500
O75385,D181500
Q8IYT8,D181500
Q8NFD2,D181500
O00238,D181500
Q96RR4,D181500
O14578,D181500
O15075,D181500
Q9BQI3,D181500
Q9P2K8,D181500
P54762,D181500
P07332,D181500
P49840,D181500
P14616,D181500
Q5S007,D181500
P31152,D181500
Q9P0L2,D181500
Q7KZI7,D181500
Q96PY6,D181500
P51957,D181500
Q16288,D181500
O95747,D181500
Q13177,D181500
O75914,D181500
Q9NQU5,D181500
Q8TBX8,D181500
Q15139,D181500
O43353,D181500
Q15910,D181500
Q92482,D181500
P32245,D181500
P33032,D181500
P35232,D181500
P11532,D181500
Q86YN6,D181500
P51575,D181500
Q9UBL9,D181500
P56373,D181500
Q93086,D181500
O15547,D181500
Q99572,D181500
P47900,D181500
Q9BQ31,D181500
Q92800,D181500
P41222,D181500
Q9Y6K1,D181500
P00738,D181500
P21860,D181500
P06307,D181500
Q86XP1,D181500
O75912,D181500
Q13574,D181500
P29350,D181500
P61421,D181500
Q96A05,D181500
P49662,D181500
Q01814,D181500
P23634,D181500
Q9H2H9,D181500
Q96QD8,D181500
P0CG30,D181500
Q9UBC3,D181500
Q02223,D181500
O15123,D181500
P10275,D182000
P10415,D182000
P14679,D182000
P04083,D182000
P31749,D182000
P15382,D182000
P04626,D182000
P01375,D182000
P00533,D182000
P60568,D182000
P04629,D182000
P11166,D182000
P02649,D182000
P48736,D182000
P17931,D182000
P41240,D182000
P22607,D182000
P42336,D182000
O00329,D182000
P42338,D182000
P04141,D182000
P04637,D182000
P05305,D182000
P05067,D182000
P02647,D182000
P40763,D182000
P01116,D182000
P19113,D182280
P23219,D182280
P17948,D182280
P04049,D182280
P14780,D182280
P11836,D182280
P12277,D182280
P14618,D182280
P35610,D182280
P21673,D182280
Q04828,D182280
P10275,D182280
O43175,D182280
P15692,D182280
P37288,D182280
Q8WTV0,D182280
P37088,D182280
O15374,D182280
P10826,D182280
P00747,D182280
Q9UBS5,D182280
P12821,D182280
P06858,D182280
P05121,D182280
P10415,D182280
Q9Y478,D182280
O76054,D182280
P35354,D182280
P00915,D182280
Q08828,D182280
P00797,D182280
P05089,D182280
P00480,D182280
P10828,D182280
P04818,D182280
P23921,D182280
P00395,D182280
O00555,D182280
Q9UM73,D182280
P35968,D182280
P48029,D182280
Q02127,D182280
P60880,D182280
P0DP23,D182280
P04083,D182280
P22303,D182280
P31749,D182280
P30988,D182280
P23415,D182280
Q96A70,D182280
O15427,D182280
P30872,D182280
P10721,D182280
Q03154,D182280
P23975,D182280
P04626,D182280
P02768,D182280
P00352,D182280
Q04609,D182280
P48163,D182280
P48507,D182280
P11586,D182280
P15056,D182280
P08253,D182280
P01589,D182280
P53985,D182280
P00966,D182280
Q13131,D182280
P10827,D182280
P05230,D182280
Q8NFJ5,D182280
P01375,D182280
Q03405,D182280
Q99707,D182280
P11388,D182280
P15121,D182280
P19634,D182280
Q9UBK8,D182280
P00533,D182280
P47901,D182280
P33527,D182280
P04150,D182280
P09488,D182280
P09211,D182280
P30711,D182280
O94925,D182280
Q13003,D182280
O00222,D182280
P12931,D182280
P06241,D182280
P29317,D182280
P30559,D182280
P43681,D182280
P16234,D182280
P07333,D182280
P08069,D182280
Q14289,D182280
P05771,D182280
P02741,D182280
P37840,D182280
P16410,D182280
P26358,D182280
P00749,D182280
P20810,D182280
P12724,D182280
P08581,D182280
P05231,D182280
P61073,D182280
P28482,D182280
P27169,D182280
P01579,D182280
P01189,D182280
P01133,D182280
P27986,D182280
P06730,D182280
P16220,D182280
P10145,D182280
P05120,D182280
P17936,D182280
P11387,D182280
P01137,D182280
P35222,D182280
O14965,D182280
P21462,D182280
Q00987,D182280
P62937,D182280
P09038,D182280
Q16539,D182280
P06850,D182280
P24385,D182280
P60568,D182280
P08183,D182280
P21980,D182280
P04629,D182280
P13500,D182280
P27361,D182280
Q9UNQ0,D182280
Q92887,D182280
Q06124,D182280
P24941,D182280
P05164,D182280
P01112,D182280
P15144,D182280
P05362,D182280
P01138,D182280
P06881,D182280
P35247,D182280
P63000,D182280
P16070,D182280
P07900,D182280
P14210,D182280
O75762,D182280
P16870,D182280
P17252,D182280
P16455,D182280
P48061,D182280
P07204,D182280
P98170,D182280
P32239,D182280
P42574,D182280
O60760,D182280
P07355,D182280
P31751,D182280
P04271,D182280
P13726,D182280
P02751,D182280
P15559,D182280
Q08257,D182280
O15439,D182280
P08842,D182280
Q9P2W7,D182280
O75874,D182280
P48736,D182280
P43405,D182280
P17931,D182280
P55055,D182280
P49789,D182280
P09874,D182280
P55210,D182280
P37173,D182280
P50613,D182280
Q96AZ6,D182280
P05787,D182280
P27797,D182280
Q07954,D182280
P05154,D182280
P06400,D182280
P29120,D182280
P11362,D182280
P22607,D182280
P35346,D182280
P20711,D182280
Q6ZQY3,D182280
P42898,D182280
P19971,D182280
P00813,D182280
P11802,D182280
Q99643,D182280
P20815,D182280
P10635,D182280
Q9UBN7,D182280
Q16665,D182280
P42336,D182280
P78527,D182280
P42345,D182280
P08865,D182280
O00329,D182280
P42338,D182280
O60674,D182280
P07949,D182280
Q06609,D182280
P43490,D182280
Q05655,D182280
Q02880,D182280
Q16790,D182280
Q8WXI7,D182280
P16422,D182280
O14746,D182280
Q9BUP3,D182280
P04141,D182280
P39905,D182280
O14717,D182280
P08684,D182280
P16152,D182280
P49763,D182280
P18509,D182280
P01270,D182280
P30291,D182280
P11509,D182280
P07384,D182280
P35625,D182280
P21926,D182280
P04637,D182280
O96017,D182280
O14757,D182280
P00403,D182280
P05067,D182280
P23560,D182280
P33151,D182280
Q96GD4,D182280
Q96IY4,D182280
O15392,D182280
P05019,D182280
Q92843,D182280
Q92934,D182280
O14763,D182280
O14793,D182280
Q15116,D182280
Q9NZQ7,D182280
P02647,D182280
Q13421,D182280
Q14790,D182280
P40763,D182280
Q07011,D182280
P04439,D182280
P40933,D182280
P15941,D182280
Q07817,D182280
Q07820,D182280
P05112,D182280
P56524,D182280
P30874,D182280
P05181,D182280
P22309,D182280
P04798,D182280
P25024,D182280
P05556,D182280
P30926,D182280
P30532,D182280
Q16620,D182280
O15440,D182280
P50281,D182280
P35869,D182280
P53350,D182280
P45984,D182280
P61769,D182280
P36897,D182280
P45983,D182280
Q16877,D182280
P09466,D182280
P01116,D182280
P01889,D182280
Q15375,D182280
P06731,D182280
P35243,D182280
Q08209,D182280
P15151,D182280
P11684,D182280
Q92793,D182280
P08670,D182280
P22570,D182280
Q8IWL2,D182280
P10600,D182280
Q9NTG7,D182280
P29323,D182280
P09104,D182280
Q99873,D182280
P01106,D182280
P28065,D182280
P28062,D182280
Q16832,D182280
Q13315,D182280
P54646,D182280
P10599,D182280
P50993,D182280
P60484,D182280
P09936,D182280
Q14978,D182280
Q9NY56,D182280
Q99828,D182280
P0DP24,D182280
P0DP25,D182280
Q96FQ6,D182280
P02656,D182280
P07288,D182280
P06702,D182280
O15350,D182280
Q92570,D182280
P32004,D182280
P53805,D182280
P38936,D182280
P39748,D182280
Q14457,D182280
Q9NR28,D182280
P34932,D182280
P06753,D182280
P12004,D182280
P08603,D182280
P00739,D182280
Q92945,D182280
Q16518,D182280
P22897,D182280
Q9BYT3,D182280
Q9UHD2,D182280
P30530,D182280
P51813,D182280
P29320,D182280
P54762,D182280
Q14680,D182280
Q04912,D182280
O00750,D182280
P08922,D182280
P01350,D182280
Q15910,D182280
P63252,D182280
Q99814,D182280
Q9UQ05,D182280
Q92800,D182280
P09758,D182280
O15393,D182280
P06307,D182280
P16278,D182280
Q9UBC3,D182280
O15123,D182280
Q9UI32,D182830
P35228,D182830
P17948,D182830
P06213,D182830
P14780,D182830
P21554,D182830
P30556,D182830
P29475,D182830
Q07869,D182830
P10912,D182830
P11229,D182830
O95477,D182830
P03372,D182830
P05091,D182830
Q99720,D182830
P20132,D182830
P48506,D182830
O75489,D182830
P37231,D182830
P12821,D182830
P06858,D182830
P05121,D182830
P10415,D182830
O76054,D182830
P35354,D182830
P29474,D182830
P08473,D182830
P00797,D182830
Q96GD0,D182830
P08908,D182830
Q00796,D182830
P02753,D182830
P35520,D182830
P04818,D182830
P28845,D182830
P02766,D182830
O95479,D182830
Q9UM73,D182830
P60880,D182830
P54802,D182830
Q13224,D182830
P04083,D182830
P22303,D182830
P31749,D182830
P17516,D182830
O15269,D182830
P29466,D182830
P28223,D182830
Q16739,D182830
Q03154,D182830
P07202,D182830
P28329,D182830
P02768,D182830
P04406,D182830
O14561,D182830
Q9NWM0,D182830
Q04609,D182830
P35462,D182830
P08253,D182830
Q01959,D182830
P19429,D182830
P04278,D182830
P01375,D182830
Q03405,D182830
Q99707,D182830
P09601,D182830
P30536,D182830
P09622,D182830
P12081,D182830
P23416,D182830
P15121,D182830
P31645,D182830
P01178,D182830
P14416,D182830
P00533,D182830
Q92731,D182830
P04150,D182830
Q9Y2Q3,D182830
P07203,D182830
O94925,D182830
P43681,D182830
P17787,D182830
P07333,D182830
P27487,D182830
P43220,D182830
P08069,D182830
Q14289,D182830
P05771,D182830
P02741,D182830
P37840,D182830
P43004,D182830
P26358,D182830
P30044,D182830
P51681,D182830
P05451,D182830
P05231,D182830
P61073,D182830
P10997,D182830
P28482,D182830
P50225,D182830
P27169,D182830
P02778,D182830
P07858,D182830
P07339,D182830
P98164,D182830
P01579,D182830
P50406,D182830
P34913,D182830
P01009,D182830
O75469,D182830
P16220,D182830
P10145,D182830
P10646,D182830
P17936,D182830
P17405,D182830
P35568,D182830
P04062,D182830
P29460,D182830
Q9BYF1,D182830
P01137,D182830
P56817,D182830
Q99497,D182830
Q00987,D182830
P01042,D182830
P03951,D182830
P98160,D182830
P08183,D182830
P04275,D182830
P13500,D182830
P01584,D182830
Q13231,D182830
P01019,D182830
P27361,D182830
P49841,D182830
P16581,D182830
O60733,D182830
P05362,D182830
P11413,D182830
Q9UM07,D182830
P01138,D182830
P11137,D182830
P04156,D182830
P19320,D182830
P43003,D182830
P08254,D182830
P02649,D182830
P14210,D182830
P16870,D182830
P36969,D182830
P00450,D182830
P48061,D182830
O14920,D182830
P16109,D182830
O60603,D182830
O60760,D182830
P45844,D182830
P04271,D182830
P30086,D182830
P02751,D182830
P14735,D182830
O75874,D182830
P48736,D182830
Q9UBX1,D182830
P55055,D182830
P06132,D182830
P21964,D182830
P11511,D182830
P05154,D182830
P48147,D182830
P42898,D182830
P06276,D182830
Q13393,D182830
P21397,D182830
P00813,D182830
P21912,D182830
Q5JTZ9,D182830
P36544,D182830
P10635,D182830
Q92769,D182830
P42336,D182830
P42345,D182830
P00441,D182830
P08865,D182830
O14672,D182830
O00329,D182830
P42338,D182830
Q13093,D182830
P35225,D182830
O00206,D182830
P05155,D182830
Q5T4S7,D182830
Q96EB6,D182830
P07237,D182830
P10147,D182830
P04141,D182830
P22301,D182830
P39905,D182830
P08887,D182830
Q05397,D182830
O76083,D182830
P49763,D182830
P15289,D182830
P01270,D182830
Q16769,D182830
P04637,D182830
P05305,D182830
P00403,D182830
P51671,D182830
P05067,D182830
P23560,D182830
P05019,D182830
P50052,D182830
P09429,D182830
Q9NZQ7,D182830
P02647,D182830
P10636,D182830
P40933,D182830
P01730,D182830
Q00613,D182830
P11597,D182830
P05112,D182830
Q16620,D182830
Q07864,D182830
Q9NRF9,D182830
O75493,D182830
P35869,D182830
Q13526,D182830
P42892,D182830
P60174,D182830
P09466,D182830
Q494W8,D182830
Q13627,D182830
P98155,D182830
P07737,D182830
P49862,D182830
P06731,D182830
Q08209,D182830
P04179,D182830
P22570,D182830
P78352,D182830
P48735,D182830
P0CG47,D182830
P62258,D182830
P55072,D182830
P78330,D182830
Q96QT4,D182830
O14964,D182830
Q9UL54,D182830
Q9Y6B6,D182830
P01583,D182830
P18510,D182830
P31639,D182830
P53667,D182830
Q13315,D182830
Q15125,D182830
P60709,D182830
P63261,D182830
P28907,D182830
P17676,D182830
Q96G91,D182830
P36956,D182830
P09936,D182830
Q9C0B1,D182830
O14618,D182830
Q16552,D182830
Q8NBP7,D182830
P28676,D182830
P02656,D182830
P23246,D182830
Q96RI0,D182830
F7VJQ1,D182830
P42858,D182830
P38936,D182830
P10909,D182830
P35858,D182830
Q14624,D182830
P01011,D182830
O75533,D182830
Q9UHD2,D182830
Q59H18,D182830
Q8NFD2,D182830
O14578,D182830
P14616,D182830
Q5S007,D182830
Q15746,D182830
O75716,D182830
Q8IXJ6,D182830
P04114,D182830
P00738,D182830
Q16720,D182830
P00488,D184700
P35228,D184700
P37059,D184700
P35916,D184700
Q9UBM7,D184700
P06213,D184700
P12259,D184700
P00734,D184700
P14060,D184700
P14780,D184700
P26439,D184700
P21554,D184700
P30556,D184700
Q07869,D184700
P10912,D184700
P51606,D184700
P07741,D184700
Q05940,D184700
O95477,D184700
P03372,D184700
Q04828,D184700
P80365,D184700
P10275,D184700
P22888,D184700
P09172,D184700
P15692,D184700
P23786,D184700
P56937,D184700
P37088,D184700
P14061,D184700
P30968,D184700
P00747,D184700
P37231,D184700
P12821,D184700
P06858,D184700
P05121,D184700
P10415,D184700
Q9Y478,D184700
P35354,D184700
P29474,D184700
Q04771,D184700
P00797,D184700
P01008,D184700
Q13258,D184700
P02753,D184700
P35520,D184700
P49286,D184700
P28845,D184700
P05093,D184700
P16471,D184700
O95479,D184700
P04070,D184700
P23945,D184700
P08246,D184700
P50416,D184700
P51659,D184700
P31749,D184700
P08514,D184700
P22413,D184700
P23975,D184700
P41252,D184700
P01130,D184700
P35348,D184700
P41180,D184700
P48039,D184700
P02768,D184700
P28335,D184700
P18405,D184700
P04406,D184700
P06401,D184700
P14778,D184700
P18089,D184700
P04035,D184700
P35368,D184700
P35462,D184700
P47895,D184700
P31213,D184700
P42330,D184700
P07101,D184700
P52895,D184700
Q13085,D184700
P08253,D184700
P01589,D184700
P24298,D184700
Q16671,D184700
Q13131,D184700
P04278,D184700
P07550,D184700
P01375,D184700
Q14654,D184700
P12314,D184700
P25100,D184700
Q03405,D184700
P02818,D184700
P15538,D184700
Q99707,D184700
P09601,D184700
P11388,D184700
P15121,D184700
P00533,D184700
P11473,D184700
P40261,D184700
Q92731,D184700
P04150,D184700
P09488,D184700
Q9Y2Q3,D184700
P07203,D184700
P30711,D184700
P22352,D184700
Q93088,D184700
P16234,D184700
P27487,D184700
P43220,D184700
Q16850,D184700
P02741,D184700
Q06520,D184700
P16410,D184700
O60427,D184700
P19440,D184700
P26358,D184700
P05231,D184700
P03956,D184700
P10997,D184700
P28482,D184700
P27169,D184700
P02778,D184700
P01579,D184700
P01189,D184700
P20333,D184700
P49888,D184700
P01133,D184700
P27986,D184700
P10145,D184700
P05120,D184700
P11387,D184700
P35568,D184700
P16860,D184700
P01137,D184700
P35222,D184700
P20594,D184700
Q00987,D184700
Q03181,D184700
P13945,D184700
P09038,D184700
Q13464,D184700
P01042,D184700
P60568,D184700
P05412,D184700
P13500,D184700
P01584,D184700
P35557,D184700
P11166,D184700
P01019,D184700
P27361,D184700
P49841,D184700
P24941,D184700
P05164,D184700
P01112,D184700
P80188,D184700
P05362,D184700
P00750,D184700
P23297,D184700
P01138,D184700
P11021,D184700
P06881,D184700
P63000,D184700
Q16678,D184700
P16070,D184700
P19320,D184700
P02649,D184700
P07900,D184700
P01100,D184700
P02776,D184700
P02774,D184700
P05106,D184700
P42574,D184700
O60603,D184700
O60760,D184700
P31751,D184700
P63104,D184700
P04271,D184700
P13726,D184700
P02751,D184700
P14735,D184700
P15559,D184700
P25815,D184700
O15530,D184700
P13569,D184700
P08842,D184700
P04040,D184700
Q13370,D184700
P48736,D184700
Q08881,D184700
P17931,D184700
P42126,D184700
P53355,D184700
P55210,D184700
Q96T66,D184700
P14174,D184700
Q96AZ6,D184700
P21964,D184700
P11511,D184700
P02679,D184700
P68133,D184700
P06400,D184700
P29120,D184700
P09486,D184700
P42898,D184700
O00519,D184700
P00813,D184700
O95864,D184700
Q14032,D184700
P18505,D184700
O15379,D184700
P29371,D184700
Q16665,D184700
P43115,D184700
P42336,D184700
O00459,D184700
P42345,D184700
P41231,D184700
O00329,D184700
P42338,D184700
O60674,D184700
Q13093,D184700
P43490,D184700
P27695,D184700
P01911,D184700
O00206,D184700
P31350,D184700
P48060,D184700
Q96EB6,D184700
P22301,D184700
P25311,D184700
P51687,D184700
P06703,D184700
Q6UWP2,D184700
Q16698,D184700
P53041,D184700
P01270,D184700
P35625,D184700
P48357,D184700
P04637,D184700
P05305,D184700
P00403,D184700
P23560,D184700
Q96IY4,D184700
Q9NPF7,D184700
P05019,D184700
P50052,D184700
P09429,D184700
P04792,D184700
O14763,D184700
O14793,D184700
P02647,D184700
P01024,D184700
P40763,D184700
Q969F8,D184700
P27037,D184700
P28908,D184700
P04439,D184700
P01308,D184700
P15941,D184700
P05108,D184700
P04798,D184700
P20813,D184700
P00709,D184700
P24462,D184700
Q9NRE1,D184700
O60658,D184700
P63092,D184700
P48552,D184700
P15085,D184700
Q13133,D184700
P36897,D184700
P45983,D184700
P33981,D184700
P39023,D184700
P06576,D184700
P08574,D184700
Q15118,D184700
P30301,D184700
P09466,D184700
P10176,D184700
P41235,D184700
P16112,D184700
Q13557,D184700
Q9P289,D184700
Q15375,D184700
P08758,D184700
O75116,D184700
P07948,D184700
P09848,D184700
P26447,D184700
Q92793,D184700
Q15796,D184700
P04179,D184700
P08670,D184700
Q9NPH2,D184700
P31323,D184700
P20823,D184700
P78352,D184700
P19883,D184700
P50897,D184700
P29323,D184700
P13611,D184700
Q92637,D184700
O75330,D184700
P01583,D184700
P18510,D184700
Q15303,D184700
P02786,D184700
P08686,D184700
Q13315,D184700
P04839,D184700
P14598,D184700
P54646,D184700
Q9UGI9,D184700
P18846,D184700
P18848,D184700
P18850,D184700
P60709,D184700
P60484,D184700
P49908,D184700
P36956,D184700
P25105,D184700
Q9C0B1,D184700
Q969S2,D184700
O95750,D184700
Q15750,D184700
Q06830,D184700
Q16552,D184700
Q8NBP7,D184700
Q99828,D184700
P13693,D184700
P80303,D184700
Q75N90,D184700
P29372,D184700
P43652,D184700
P07288,D184700
P31260,D184700
P12644,D184700
P38936,D184700
P34932,D184700
Q13219,D184700
P09493,D184700
P12004,D184700
Q9UHF0,D184700
P02765,D184700
P51884,D184700
P36955,D184700
P08779,D184700
Q6FHJ7,D184700
P21333,D184700
P36894,D184700
Q13873,D184700
P51451,D184700
P29376,D184700
Q6ZN16,D184700
Q9Y6R4,D184700
Q13164,D184700
O15146,D184700
P08922,D184700
Q96BR1,D184700
P32245,D184700
P41968,D184700
P35232,D184700
P11532,D184700
Q86YN6,D184700
P04114,D184700
P00738,D184700
P21860,D184700
P06307,D184700
P20702,D184700
P55211,D184700
Q9UBC3,D184700
P00519,D187950
P23219,D187950
P17948,D187950
P12259,D187950
P00734,D187950
P14780,D187950
P35610,D187950
P08700,D187950
P10275,D187950
P07864,D187950
P15692,D187950
P49916,D187950
P12821,D187950
P05121,D187950
P10415,D187950
P29474,D187950
P00797,D187950
P00395,D187950
P04070,D187950
P00338,D187950
P31749,D187950
P17516,D187950
P08514,D187950
P10721,D187950
P08253,D187950
P19235,D187950
P78540,D187950
P05546,D187950
Q99062,D187950
P04150,D187950
P16234,D187950
P02741,D187950
Q9UKV0,D187950
P19440,D187950
P51692,D187950
P05231,D187950
P61073,D187950
P07225,D187950
P01579,D187950
P10145,D187950
P10646,D187950
Q9BYF1,D187950
P01137,D187950
P35222,D187950
Q00987,D187950
P09038,D187950
P24385,D187950
P04629,D187950
Q13231,D187950
P16581,D187950
P80188,D187950
P11413,D187950
P48061,D187950
P05106,D187950
P16109,D187950
P13726,D187950
P80511,D187950
O75874,D187950
P17931,D187950
P12318,D187950
P27797,D187950
P42898,D187950
Q9UBN7,D187950
Q16665,D187950
O60674,D187950
O00206,D187950
O14746,D187950
P04141,D187950
P22301,D187950
P49763,D187950
P15289,D187950
P15086,D187950
P04637,D187950
O96017,D187950
P05305,D187950
P23560,D187950
P05019,D187950
Q92843,D187950
P40238,D187950
P02647,D187950
P01563,D187950
P40763,D187950
P01127,D187950
Q07817,D187950
P25024,D187950
P09466,D187950
P01889,D187950
P23458,D187950
P08758,D187950
P48735,D187950
P01106,D187950
Q9UQQ2,D187950
P11274,D187950
P49908,D187950
Q96DB2,D187950
P22676,D187950
P05109,D187950
P06702,D187950
P34932,D187950
P54578,D187950
P12004,D187950
Q02083,D187950
O75533,D187950
Q15910,D187950
P55211,D187950
P00488,D188050
P00451,D188050
P23219,D188050
Q9H4B7,D188050
P12259,D188050
P00734,D188050
Q9H244,D188050
P36888,D188050
P00742,D188050
P05121,D188050
P35354,D188050
P29474,D188050
P01008,D188050
P00740,D188050
P04070,D188050
Q14432,D188050
P08514,D188050
P02671,D188050
P01375,D188050
Q9BQB6,D188050
P06729,D188050
P09601,D188050
P21731,D188050
P02741,D188050
P00749,D188050
P05231,D188050
P08174,D188050
P07225,D188050
P10646,D188050
Q9BYF1,D188050
P29965,D188050
P03951,D188050
P07359,D188050
P04275,D188050
P01584,D188050
P01019,D188050
O60733,D188050
P00750,D188050
P14210,D188050
P02776,D188050
P07204,D188050
P05106,D188050
P16109,D188050
Q9UNN8,D188050
P13726,D188050
Q8WVQ1,D188050
P24557,D188050
P02675,D188050
P02679,D188050
P12318,D188050
P42898,D188050
P20815,D188050
P43115,D188050
P42338,D188050
O60674,D188050
P03952,D188050
Q96EB6,D188050
P02749,D188050
P48357,D188050
Q96IY4,D188050
P40238,D188050
P17813,D188050
P30411,D188050
P33261,D188050
P08758,D188050
Q12866,D188050
P0C0L4,D188050
P0C0L5,D188050
Q07021,D188050
Q06418,D188050
P51575,D188050
P47900,D188050
P17948,D188470
P14780,D188470
P10275,D188470
P36888,D188470
P15692,D188470
Q8WTV0,D188470
P00747,D188470
P37231,D188470
P12821,D188470
P05121,D188470
P35354,D188470
P10828,D188470
P00740,D188470
P35968,D188470
P00505,D188470
P31749,D188470
O15528,D188470
P16473,D188470
P04626,D188470
Q15274,D188470
Q04609,D188470
Q13085,D188470
P15056,D188470
P08253,D188470
P10276,D188470
P01375,D188470
P00533,D188470
P11473,D188470
P40261,D188470
Q92731,D188470
P27487,D188470
P08069,D188470
P05771,D188470
P05231,D188470
P03956,D188470
P01133,D188470
P10145,D188470
Q9BYF1,D188470
P01137,D188470
P35222,D188470
P09038,D188470
P08183,D188470
P04629,D188470
P01584,D188470
P11166,D188470
P27361,D188470
P01112,D188470
P15144,D188470
P05362,D188470
P16070,D188470
P07900,D188470
P14210,D188470
P17252,D188470
P16444,D188470
P48061,D188470
P98170,D188470
P07355,D188470
P22455,D188470
O75874,D188470
P48736,D188470
P17931,D188470
P49789,D188470
P36952,D188470
P16519,D188470
Q16270,D188470
P27708,D188470
Q07973,D188470
O14521,D188470
Q16665,D188470
P42336,D188470
P42345,D188470
O00329,D188470
P42338,D188470
P07949,D188470
Q14627,D188470
O14746,D188470
P31350,D188470
Q15185,D188470
Q05397,D188470
P15531,D188470
P04637,D188470
O96017,D188470
Q9NNW7,D188470
P05067,D188470
P10644,D188470
Q9NZQ7,D188470
Q99527,D188470
P01308,D188470
P25024,D188470
P06756,D188470
Q15078,D188470
P28072,D188470
P01116,D188470
P06731,D188470
Q6PHW0,D188470
P04179,D188470
P08670,D188470
P48735,D188470
P01583,D188470
Q13315,D188470
P60484,D188470
P13640,D188470
Q8N339,D188470
Q99828,D188470
P13693,D188470
P60903,D188470
P06753,D188470
Q06481,D188470
P46940,D188470
Q92911,D188470
P35590,D188470
Q9H2X6,D188470
P51617,D188470
Q15910,D188470
P35232,D188470
P09172,D189600
P21918,D189600
O00555,D189600
P11766,D189800
P23219,D189800
P17948,D189800
P06213,D189800
P12259,D189800
P00734,D189800
P14780,D189800
P30556,D189800
O95477,D189800
P03372,D189800
P80365,D189800
P22888,D189800
P15692,D189800
P37288,D189800
P16442,D189800
P00742,D189800
P12821,D189800
P06858,D189800
P05121,D189800
P29275,D189800
O76054,D189800
P35354,D189800
P29474,D189800
P00797,D189800
Q00796,D189800
P02753,D189800
P00395,D189800
P35968,D189800
P23945,D189800
P02768,D189800
P08253,D189800
P01589,D189800
P24298,D189800
P08235,D189800
P14902,D189800
P01375,D189800
P15260,D189800
P09488,D189800
P07333,D189800
P05771,D189800
P02741,D189800
P37840,D189800
P05231,D189800
P25116,D189800
P07225,D189800
P01579,D189800
P01133,D189800
P10145,D189800
P01137,D189800
P60568,D189800
P05412,D189800
P13500,D189800
P01584,D189800
P11166,D189800
P01019,D189800
P02649,D189800
P01100,D189800
P48061,D189800
P07204,D189800
P98170,D189800
O60603,D189800
P07355,D189800
P04271,D189800
P22455,D189800
Q96AZ6,D189800
P21964,D189800
P27797,D189800
P42898,D189800
P35754,D189800
P10635,D189800
Q16665,D189800
Q05655,D189800
O00206,D189800
P22301,D189800
P42768,D189800
P11712,D189800
Q16698,D189800
P49763,D189800
P04637,D189800
P05305,D189800
P00403,D189800
Q9NPF7,D189800
Q15116,D189800
Q969F8,D189800
P27037,D189800
P04439,D189800
P40933,D189800
P01308,D189800
P17813,D189800
O14788,D189800
P05112,D189800
P19099,D189800
P01889,D189800
P08758,D189800
O75116,D189800
P11226,D189800
P19883,D189800
P18510,D189800
P13498,D189800
P10599,D189800
P60709,D189800
Q04206,D189800
Q14872,D189800
P35556,D189800
P43652,D189800
Q15238,D189800
P34932,D189800
Q13219,D189800
Q9UHF0,D189800
Q96NY8,D189800
O75912,D189800
P35228,D190310
P00734,D190310
P15692,D190310
P16442,D190310
P05121,D190310
P10415,D190310
P35354,D190310
P20648,D190310
P47712,D190310
P01375,D190310
P09488,D190310
P30711,D190310
P05231,D190310
P28482,D190310
P01579,D190310
P01009,D190310
P01133,D190310
P10145,D190310
P05120,D190310
P01137,D190310
Q16539,D190310
P60568,D190310
P08183,D190310
P01584,D190310
P16581,D190310
P05164,D190310
P01374,D190310
P08254,D190310
O60603,D190310
Q9NR96,D190310
P13569,D190310
P23919,D190310
P14174,D190310
P01911,D190310
P50135,D190310
O00206,D190310
P07237,D190310
P22301,D190310
P04637,D190310
P40763,D190310
P04439,D190310
P15941,D190310
P33261,D190310
P09237,D190310
P78536,D190310
P01920,D190310
P01583,D190310
P18510,D190310
P02786,D190310
P49281,D190310
P05109,D190310
P10809,D190310
P54652,D190310
P34932,D190310
P01350,D190310
P20309,D190400
P14780,D190400
P03372,D190400
P10275,D190400
P05121,D190400
P14679,D190400
Q05586,D190400
P0DP23,D190400
Q96A70,D190400
P04626,D190400
P02768,D190400
P01375,D190400
P30536,D190400
P31645,D190400
P00533,D190400
Q00535,D190400
P05231,D190400
P28482,D190400
P52788,D190400
P35222,D190400
P09038,D190400
Q16539,D190400
P01584,D190400
P27361,D190400
P06881,D190400
P16870,D190400
P01100,D190400
P11309,D190400
P09874,D190400
P27797,D190400
Q6ZQY3,D190400
P27708,D190400
O60674,D190400
P08684,D190400
P15531,D190400
P58335,D190400
P35625,D190400
P04637,D190400
P23560,D190400
Q9NZQ7,D190400
P40763,D190400
P15941,D190400
P19652,D190400
Q96RD7,D190400
P45984,D190400
P45983,D190400
Q15078,D190400
P01889,D190400
P01106,D190400
P05129,D190400
P0DP24,D190400
P0DP25,D190400
P02533,D190400
Q9HBA0,D190400
P56373,D190400
Q99572,D190400
P53396,D190400
P35228,D191390
P23219,D191390
P02452,D191390
P12259,D191390
P00734,D191390
P14780,D191390
P21554,D191390
P11836,D191390
P29475,D191390
Q07869,D191390
P51843,D191390
P00492,D191390
P02792,D191390
P14618,D191390
P34972,D191390
P35610,D191390
O76082,D191390
P17752,D191390
P03372,D191390
P08700,D191390
P80365,D191390
P09172,D191390
Q9NYK1,D191390
O43175,D191390
P15692,D191390
P20132,D191390
Q9Y5Y9,D191390
Q9UI33,D191390
O15374,D191390
Q9Y619,D191390
P00747,D191390
P37231,D191390
P12821,D191390
P23381,D191390
P06858,D191390
P05121,D191390
P29275,D191390
P10415,D191390
P09917,D191390
Q9Y478,D191390
O76054,D191390
P40939,D191390
P35354,D191390
P29474,D191390
P00797,D191390
Q16773,D191390
P16050,D191390
P49915,D191390
P00918,D191390
P35520,D191390
P28845,D191390
P00395,D191390
Q9NR19,D191390
P19801,D191390
P0DMS8,D191390
P04070,D191390
P25103,D191390
P08246,D191390
P11926,D191390
P50416,D191390
O15554,D191390
P04083,D191390
Q9UN76,D191390
P22303,D191390
P31749,D191390
P30988,D191390
P08514,D191390
O15528,D191390
P29466,D191390
O15427,D191390
P38484,D191390
P23975,D191390
P41180,D191390
P04626,D191390
P20701,D191390
P02768,D191390
Q7Z2H8,D191390
P04406,D191390
P16066,D191390
P52569,D191390
P14778,D191390
Q9NWM0,D191390
Q04609,D191390
O43772,D191390
P13612,D191390
Q9UKU7,D191390
Q13085,D191390
P15509,D191390
P15056,D191390
Q8TDS4,D191390
P33121,D191390
P08253,D191390
P14784,D191390
P47712,D191390
P01589,D191390
P17181,D191390
P24298,D191390
P53985,D191390
Q13131,D191390
P04278,D191390
P14902,D191390
P11498,D191390
P01375,D191390
P12314,D191390
P15260,D191390
Q99707,D191390
P09601,D191390
P30536,D191390
P09622,D191390
P21802,D191390
P31645,D191390
P19634,D191390
P14416,D191390
Q9H015,D191390
P20839,D191390
P00533,D191390
P35372,D191390
P11473,D191390
Q92731,D191390
Q99062,D191390
P04150,D191390
P09488,D191390
Q9Y2Q3,D191390
P78417,D191390
P07203,D191390
P18283,D191390
P30711,D191390
P42081,D191390
P33681,D191390
P07333,D191390
P27487,D191390
P43220,D191390
P08069,D191390
Q14289,D191390
P05771,D191390
P02741,D191390
P37840,D191390
P16410,D191390
P19440,D191390
P51692,D191390
P26358,D191390
P00749,D191390
O43526,D191390
O75015,D191390
P20810,D191390
P12724,D191390
P51681,D191390
P05451,D191390
P05231,D191390
P61073,D191390
P03956,D191390
P10997,D191390
P28482,D191390
P01574,D191390
P25116,D191390
P08174,D191390
P27169,D191390
P02778,D191390
P01579,D191390
P01189,D191390
Q6W5P4,D191390
P20333,D191390
P34913,D191390
P49888,D191390
P01133,D191390
P24158,D191390
O75469,D191390
P49327,D191390
P10145,D191390
P52788,D191390
P45452,D191390
P17936,D191390
P13501,D191390
P29460,D191390
P01137,D191390
P35222,D191390
P51580,D191390
Q99497,D191390
Q9Y275,D191390
P29965,D191390
P08311,D191390
P62937,D191390
P09038,D191390
P01042,D191390
P46059,D191390
Q16539,D191390
Q8NER1,D191390
P06850,D191390
P24385,D191390
P60568,D191390
P08183,D191390
P23946,D191390
P04629,D191390
P04275,D191390
Q96RJ0,D191390
P13500,D191390
P01584,D191390
P01019,D191390
P27361,D191390
Q9UNQ0,D191390
Q06124,D191390
P16581,D191390
P05164,D191390
O60733,D191390
P80188,D191390
P05362,D191390
P19838,D191390
P01374,D191390
P00750,D191390
P23297,D191390
P06870,D191390
Q9UM07,D191390
P01138,D191390
P17302,D191390
P06881,D191390
P04156,D191390
P35247,D191390
P63000,D191390
P17213,D191390
P16070,D191390
P19320,D191390
P08254,D191390
P02649,D191390
P07900,D191390
P14210,D191390
P02776,D191390
P17252,D191390
P27815,D191390
P19438,D191390
P02774,D191390
P53609,D191390
P16455,D191390
P48061,D191390
O14920,D191390
P05106,D191390
P98170,D191390
P16109,D191390
P42574,D191390
O60603,D191390
P14625,D191390
O60760,D191390
P07355,D191390
Q9NR96,D191390
P07602,D191390
P14410,D191390
P04271,D191390
P13726,D191390
P02751,D191390
P22894,D191390
O15439,D191390
P28161,D191390
P13569,D191390
P25942,D191390
P08842,D191390
P39900,D191390
Q99808,D191390
P80511,D191390
P04040,D191390
P05113,D191390
Q9P2W7,D191390
O75874,D191390
P11309,D191390
Q9NP99,D191390
P10153,D191390
P48736,D191390
P43405,D191390
P17931,D191390
Q9Y5Y6,D191390
P09960,D191390
P49789,D191390
P00751,D191390
Q96RI1,D191390
P55210,D191390
P14174,D191390
P37173,D191390
Q96AZ6,D191390
P32119,D191390
P02675,D191390
P08637,D191390
P12318,D191390
P05787,D191390
P27797,D191390
P01906,D191390
P11362,D191390
P42898,D191390
Q96DP5,D191390
P47989,D191390
P50750,D191390
Q96KS0,D191390
P00813,D191390
Q9GZT9,D191390
Q9H6Z9,D191390
P21452,D191390
P27708,D191390
O95864,D191390
Q14330,D191390
Q6IB77,D191390
P10635,D191390
Q92769,D191390
O15379,D191390
Q9UBN7,D191390
Q16665,D191390
P42336,D191390
P42345,D191390
P00441,D191390
Q9Y6K9,D191390
P08865,D191390
O00329,D191390
P42338,D191390
O60674,D191390
P43490,D191390
P01911,D191390
P49146,D191390
P24394,D191390
Q14627,D191390
P17342,D191390
P35225,D191390
Q8WXI7,D191390
P03952,D191390
O00206,D191390
O14746,D191390
P54760,D191390
P08729,D191390
Q96EB6,D191390
P51686,D191390
P07237,D191390
P21796,D191390
P04141,D191390
P22301,D191390
P39905,D191390
P42768,D191390
P08684,D191390
Q92831,D191390
P23141,D191390
P08887,D191390
P16152,D191390
Q16698,D191390
P15289,D191390
P18509,D191390
P05162,D191390
O15169,D191390
P35625,D191390
Q86VB7,D191390
Q02763,D191390
P04637,D191390
Q92847,D191390
P05305,D191390
P00403,D191390
P41597,D191390
P51671,D191390
P23560,D191390
Q9NPF7,D191390
P05019,D191390
P09429,D191390
P04792,D191390
Q15116,D191390
Q9NZQ7,D191390
Q99527,D191390
P02647,D191390
P01024,D191390
P09693,D191390
Q14790,D191390
P40763,D191390
P06734,D191390
P25963,D191390
P01303,D191390
P28908,D191390
P04439,D191390
P40933,D191390
Q15722,D191390
P52333,D191390
P01127,D191390
P15391,D191390
P15941,D191390
P25092,D191390
Q16706,D191390
P30411,D191390
Q96QU6,D191390
O14788,D191390
Q9NR97,D191390
P05112,D191390
P35408,D191390
P56524,D191390
Q8WUI4,D191390
P22309,D191390
P25024,D191390
Q13332,D191390
P05556,D191390
P30532,D191390
P09238,D191390
P09237,D191390
P50281,D191390
Q99542,D191390
Q9H239,D191390
Q9UJT1,D191390
Q96RD7,D191390
P35869,D191390
Q8NEB9,D191390
P48552,D191390
P61626,D191390
P78536,D191390
P24666,D191390
P45983,D191390
Q8IVS2,D191390
O75460,D191390
Q14994,D191390
P30301,D191390
O14818,D191390
P09466,D191390
P20674,D191390
P10176,D191390
P04054,D191390
P41235,D191390
Q9Y6Y9,D191390
Q16566,D191390
P01116,D191390
Q9UQM7,D191390
P01889,D191390
P0CG48,D191390
O00141,D191390
P23458,D191390
P29597,D191390
Q969V6,D191390
O75116,D191390
P06731,D191390
O15144,D191390
Q96GR2,D191390
P05187,D191390
O00182,D191390
P26447,D191390
Q9BY32,D191390
Q16762,D191390
Q03403,D191390
P01920,D191390
P08670,D191390
Q8IWL2,D191390
P11226,D191390
P04053,D191390
P09382,D191390
P15813,D191390
Q9NPH2,D191390
P26572,D191390
P19883,D191390
P48735,D191390
P68104,D191390
P49411,D191390
P49913,D191390
P29323,D191390
P61457,D191390
P62258,D191390
Q92830,D191390
Q96I15,D191390
P13611,D191390
P60953,D191390
Q92637,D191390
P0C0L4,D191390
P0C0L5,D191390
P01106,D191390
Q14542,D191390
Q9UQQ2,D191390
P01583,D191390
P18510,D191390
Q15303,D191390
P01903,D191390
Q30154,D191390
P02786,D191390
O95644,D191390
P04839,D191390
P14598,D191390
P19878,D191390
Q15080,D191390
P15153,D191390
P54646,D191390
P18847,D191390
P18848,D191390
P18850,D191390
Q9BZV3,D191390
Q6UX15,D191390
Q9H1R3,D191390
P98066,D191390
P60709,D191390
O95718,D191390
P29973,D191390
P28907,D191390
P60484,D191390
P49908,D191390
Q04206,D191390
P25105,D191390
Q9HC97,D191390
Q8TDU6,D191390
Q9C0B1,D191390
Q9Y2T6,D191390
Q9Y5S8,D191390
P06733,D191390
Q16552,D191390
P21453,D191390
P49281,D191390
P35556,D191390
P29372,D191390
P05109,D191390
P10809,D191390
P63244,D191390
P04155,D191390
P07288,D191390
F7VJQ1,D191390
P06702,D191390
O15350,D191390
Q15238,D191390
P32004,D191390
P38936,D191390
P39748,D191390
P54652,D191390
P34932,D191390
Q13219,D191390
P60903,D191390
P02765,D191390
P19823,D191390
P04264,D191390
P02750,D191390
P19827,D191390
Q06033,D191390
Q07955,D191390
Q9HBA0,D191390
Q9HC29,D191390
P22897,D191390
O75533,D191390
Q9Y6E0,D191390
Q7L7X3,D191390
Q13470,D191390
P42681,D191390
O75385,D191390
O14578,D191390
P19525,D191390
P54762,D191390
P16591,D191390
P14616,D191390
Q9Y616,D191390
O95835,D191390
Q5S007,D191390
O15146,D191390
Q15746,D191390
Q32MK0,D191390
Q13153,D191390
Q86V86,D191390
Q13546,D191390
O43353,D191390
P08922,D191390
P01350,D191390
Q15910,D191390
Q92482,D191390
Q9BQB4,D191390
Q99814,D191390
P0DJD9,D191390
P48764,D191390
P35232,D191390
P11532,D191390
Q93086,D191390
Q99572,D191390
P41222,D191390
O95977,D191390
P00738,D191390
P06307,D191390
P20702,D191390
P55211,D191390
P16278,D191390
Q9UBC3,D191390
Q02223,D191390
O15123,D191390
P11498,D192000
P02751,D192000
P17948,D192200
P00734,D192200
P14780,D192200
P29475,D192200
Q05940,D192200
P03372,D192200
P09172,D192200
P15692,D192200
P00747,D192200
P37231,D192200
P35354,D192200
P55011,D192200
P35968,D192200
Q02928,D192200
P22303,D192200
P31749,D192200
P29466,D192200
P07101,D192200
P08253,D192200
Q01959,D192200
Q99707,D192200
P09622,D192200
P35372,D192200
Q13255,D192200
P43220,D192200
P05771,D192200
P37840,D192200
P03956,D192200
P45452,D192200
P01137,D192200
P05412,D192200
P15502,D192200
P13500,D192200
P16581,D192200
P05362,D192200
P01138,D192200
P17302,D192200
P15309,D192200
P06881,D192200
P08254,D192200
P01100,D192200
P17252,D192200
P07204,D192200
P05106,D192200
P02751,D192200
P61586,D192200
P08842,D192200
P80511,D192200
P11511,D192200
P27797,D192200
P42898,D192200
Q9H6Z9,D192200
Q16665,D192200
P35625,D192200
P00403,D192200
P01303,D192200
P04439,D192200
O14788,D192200
Q8WUI4,D192200
O75116,D192200
O60218,D192200
O43612,D192200
Q15796,D192200
P08670,D192200
Q9UGI6,D192200
P08493,D192200
P22676,D192200
P42858,D192200
P60903,D192200
P15924,D192200
P05160,D192200
Q9Y5S1,D192200
Q9HBA0,D192200
Q9C098,D192200
Q99814,D192200
P00519,D194070
P06213,D194070
P20309,D194070
P51843,D194070
P07741,D194070
P03372,D194070
P10275,D194070
P22888,D194070
P36888,D194070
P15692,D194070
P09619,D194070
P55157,D194070
P05121,D194070
P10415,D194070
P35354,D194070
P00797,D194070
P23921,D194070
P34896,D194070
Q9UM73,D194070
P35968,D194070
P31749,D194070
O15528,D194070
P10721,D194070
P04626,D194070
Q15274,D194070
P04406,D194070
P00352,D194070
P06401,D194070
P31213,D194070
P42330,D194070
P07101,D194070
P68871,D194070
P15056,D194070
P10276,D194070
P51787,D194070
P30536,D194070
P11388,D194070
P23416,D194070
P21731,D194070
P00533,D194070
P11473,D194070
P33527,D194070
Q99062,D194070
P29317,D194070
P33681,D194070
P08069,D194070
P02741,D194070
P08581,D194070
P05231,D194070
P61073,D194070
P01574,D194070
P27169,D194070
P01579,D194070
P02775,D194070
P24158,D194070
P27986,D194070
P01137,D194070
P35222,D194070
P32418,D194070
P29965,D194070
P24385,D194070
P60568,D194070
P08183,D194070
P11166,D194070
P27361,D194070
P01112,D194070
P01138,D194070
P06881,D194070
P16070,D194070
P07900,D194070
P14210,D194070
P17252,D194070
P48745,D194070
P07204,D194070
P42574,D194070
O60760,D194070
P02751,D194070
P04040,D194070
P48736,D194070
P09874,D194070
P11511,D194070
P27797,D194070
P06400,D194070
P42898,D194070
P11802,D194070
Q13547,D194070
O15379,D194070
Q9UBN7,D194070
Q16665,D194070
P42336,D194070
P00441,D194070
O00329,D194070
P42338,D194070
O60674,D194070
P07949,D194070
Q16790,D194070
Q8WXI7,D194070
O14746,D194070
P48060,D194070
P08729,D194070
P04141,D194070
P39905,D194070
P54278,D194070
P01270,D194070
Q13285,D194070
P04637,D194070
O96017,D194070
P23560,D194070
P05019,D194070
Q9NZQ7,D194070
Q13421,D194070
Q14790,D194070
P40763,D194070
P01303,D194070
P04439,D194070
P40933,D194070
P01308,D194070
P15941,D194070
P05112,D194070
P11717,D194070
P30153,D194070
Q9UQF2,D194070
P33981,D194070
P30301,D194070
P01116,D194070
P07737,D194070
P08758,D194070
P06731,D194070
P26447,D194070
Q15796,D194070
P08670,D194070
P35749,D194070
P20823,D194070
P29323,D194070
P09104,D194070
O15111,D194070
P11274,D194070
P18847,D194070
P28907,D194070
P60484,D194070
Q16552,D194070
O43613,D194070
Q8NBP7,D194070
Q9UQL6,D194070
O75838,D194070
P22676,D194070
P14866,D194070
P07288,D194070
Q96RI0,D194070
O15350,D194070
P39748,D194070
Q14457,D194070
P34932,D194070
P12004,D194070
P36955,D194070
P06748,D194070
P27635,D194070
Q07955,D194070
Q16518,D194070
P36894,D194070
P22897,D194070
Q92911,D194070
Q9Y6R4,D194070
Q9BUB5,D194070
Q15910,D194070
P35232,D194070
Q9Y6K1,D194070
P20702,D194070
Q96QD8,D194070
P07741,D194200
Q9Y478,D194200
P03915,D194200
Q13131,D194200
P12883,D194200
P54646,D194200
Q9UGJ0,D194200
Q9UGI9,D194200
P06213,D200170
P37231,D200170
P05121,D200170
P35968,D200170
P01375,D200170
P21802,D200170
P08069,D200170
P02741,D200170
P05231,D200170
P28482,D200170
P10145,D200170
Q16539,D200170
P04629,D200170
P11362,D200170
P22607,D200170
P01308,D200170
P12004,D200170
P36955,D200170
O95363,D203700
P42684,D203700
P49589,D203700
P04156,D203700
P19971,D203700
Q6PI48,D203700
Q7L3T8,D203700
Q96I59,D203700
P00441,D203700
F7VJQ1,D203700
P42858,D203700
P02765,D203700
P35858,D203700
P11836,D205700
P01375,D205700
P09601,D205700
O94925,D205700
P02741,D205700
P16410,D205700
O75015,D205700
P05231,D205700
P08174,D205700
P01137,D205700
P01374,D205700
P43405,D205700
P08637,D205700
P00813,D205700
P00441,D205700
P22301,D205700
Q9NZQ7,D205700
P08758,D205700
P11226,D205700
Q16552,D205700
P00738,D205700
P29350,D205700
P69905,D206200
P00915,D206200
P20648,D206200
Q9UM73,D206200
P02787,D206200
Q9UKU7,D206200
P15056,D206200
P01375,D206200
P02741,D206200
P05231,D206200
P27169,D206200
P20333,D206200
P01584,D206200
P80188,D206200
P19438,D206200
P04040,D206200
P68363,D206200
P00441,D206200
P07949,D206200
P23560,D206200
Q8IZS8,D206200
P00709,D206200
Q9UQQ2,D206200
P31639,D206200
P13762,D206200
P02786,D206200
Q9UP52,D206200
P49281,D206200
P60903,D206200
Q99814,D206200
P10275,D208085
Q14524,D208085
P14207,D208085
P30518,D208085
Q13936,D208085
P04626,D208085
P08559,D208085
P21817,D208085
P43681,D208085
P04062,D208085
P98160,D208085
P01112,D208085
Q9NY65,D208085
P37173,D208085
Q9UQD0,D208085
P34741,D208085
P07711,D208085
P02458,D208085
Q9NXE4,D208085
P09467,D208085
Q13885,D208085
P15328,D208085
Q96AE4,D208085
P50993,D208085
Q99571,D208085
P46939,D208085
P35556,D208085
Q75N90,D208085
P32004,D208085
Q99572,D208085
P21860,D208085
P00451,D208230
P23219,D208230
P02452,D208230
P17948,D208230
P14780,D208230
P28702,D208230
P03372,D208230
P15692,D208230
P37231,D208230
P35354,D208230
Q04771,D208230
P00395,D208230
P00740,D208230
P35968,D208230
P14778,D208230
Q9UKU7,D208230
P08253,D208230
P01589,D208230
P24298,D208230
P05230,D208230
P01375,D208230
P09601,D208230
P02741,D208230
P49747,D208230
P51681,D208230
P05231,D208230
P28482,D208230
P01579,D208230
P01189,D208230
P16220,D208230
P10145,D208230
P45452,D208230
P01137,D208230
P02788,D208230
P09038,D208230
Q16539,D208230
P63316,D208230
P06850,D208230
P13500,D208230
P01584,D208230
P01374,D208230
P23297,D208230
P06881,D208230
P35247,D208230
P08254,D208230
P04271,D208230
P80511,D208230
P17931,D208230
Q96AZ6,D208230
P12318,D208230
P02458,D208230
Q9Y2J8,D208230
P01911,D208230
O00206,D208230
P22301,D208230
P80075,D208230
P18509,D208230
P00403,D208230
Q9NPF7,D208230
P04439,D208230
P05112,D208230
P09238,D208230
Q99542,D208230
Q9UNA0,D208230
P63092,D208230
P61769,D208230
P45983,D208230
P10176,D208230
P01889,D208230
P16112,D208230
P08670,D208230
P11226,D208230
P19883,D208230
P29323,D208230
P01583,D208230
P18510,D208230
P28065,D208230
P18847,D208230
Q8TDU6,D208230
Q16552,D208230
P05109,D208230
P13647,D208230
Q9HBA0,D208230
P36894,D208230
Q9HC29,D208230
P14616,D208230
Q9BQB4,D208230
Q99572,D208230
O95819,D208300
P10275,D208700
Q9Y4W6,D208700
P35498,D208700
P49916,D208700
P49588,D208700
P02766,D208700
O00555,D208700
Q9UM73,D208700
P51659,D208700
P0DP23,D208700
P22303,D208700
P48169,D208700
O43497,D208700
P07202,D208700
P04626,D208700
P03905,D208700
Q12791,D208700
P08559,D208700
P49585,D208700
Q01959,D208700
P09622,D208700
P11388,D208700
P19634,D208700
P00439,D208700
P49448,D208700
Q12879,D208700
Q09470,D208700
P14867,D208700
Q13255,D208700
P43681,D208700
P10253,D208700
P22557,D208700
P62993,D208700
P28482,D208700
P01579,D208700
O95831,D208700
P11387,D208700
Q16539,D208700
P06850,D208700
P24385,D208700
P21980,D208700
P04629,D208700
P11166,D208700
O60733,D208700
P06493,D208700
P04156,D208700
P19367,D208700
P43003,D208700
O75762,D208700
P00450,D208700
P42574,D208700
P04271,D208700
P41594,D208700
P10153,D208700
P48736,D208700
P04350,D208700
P09874,D208700
Q9UQD0,D208700
P23763,D208700
Q6PI48,D208700
Q9GZR5,D208700
Q9UGM6,D208700
Q5JTZ9,D208700
O00305,D208700
P42336,D208700
P00441,D208700
Q9NY47,D208700
P08865,D208700
O00329,D208700
P42338,D208700
Q13363,D208700
P07384,D208700
P04637,D208700
O96017,D208700
P00403,D208700
P23560,D208700
Q13885,D208700
P04792,D208700
P01303,D208700
P35219,D208700
P10176,D208700
Q03426,D208700
P06396,D208700
Q15796,D208700
Q14643,D208700
P09104,D208700
Q01082,D208700
P16389,D208700
P22460,D208700
P17658,D208700
P48547,D208700
Q96PR1,D208700
Q14003,D208700
Q9HAB3,D208700
Q13315,D208700
P05129,D208700
P78508,D208700
Q9UGI6,D208700
P60709,D208700
P13637,D208700
Q9NYL2,D208700
P09936,D208700
P46939,D208700
Q99653,D208700
P28676,D208700
P0DP24,D208700
P0DP25,D208700
P10809,D208700
F7VJQ1,D208700
Q16595,D208700
P04080,D208700
P42858,D208700
P38936,D208700
P00846,D208700
P34932,D208700
P06753,D208700
P54578,D208700
P35858,D208700
Q8NI60,D208700
Q9UIK4,D208700
Q9UPZ9,D208700
Q16512,D208700
P04114,D208700
Q16720,D208700
P16278,D208700
P10275,D208750
Q9Y4W6,D208750
P35498,D208750
P49916,D208750
P49588,D208750
P02766,D208750
O00555,D208750
Q9UM73,D208750
P51659,D208750
P0DP23,D208750
P22303,D208750
P48169,D208750
O43497,D208750
P07202,D208750
P04626,D208750
P03905,D208750
Q12791,D208750
P08559,D208750
P49585,D208750
Q01959,D208750
P09622,D208750
P11388,D208750
P19634,D208750
P00439,D208750
P49448,D208750
Q12879,D208750
Q09470,D208750
P14867,D208750
Q13255,D208750
P43681,D208750
P10253,D208750
P22557,D208750
P62993,D208750
P28482,D208750
P01579,D208750
O95831,D208750
P11387,D208750
Q16539,D208750
P06850,D208750
P24385,D208750
P21980,D208750
P04629,D208750
P11166,D208750
O60733,D208750
P06493,D208750
P04156,D208750
P19367,D208750
P43003,D208750
O75762,D208750
P00450,D208750
P42574,D208750
P04271,D208750
P41594,D208750
P10153,D208750
P48736,D208750
P04350,D208750
P09874,D208750
Q9UQD0,D208750
P23763,D208750
Q6PI48,D208750
Q9GZR5,D208750
Q9UGM6,D208750
Q5JTZ9,D208750
O00305,D208750
P42336,D208750
P00441,D208750
Q9NY47,D208750
P08865,D208750
O00329,D208750
P42338,D208750
Q13363,D208750
P07384,D208750
P04637,D208750
O96017,D208750
P00403,D208750
P23560,D208750
Q13885,D208750
P04792,D208750
P01303,D208750
P35219,D208750
P10176,D208750
Q03426,D208750
P06396,D208750
Q15796,D208750
Q14643,D208750
P09104,D208750
Q01082,D208750
P16389,D208750
P22460,D208750
P17658,D208750
P48547,D208750
Q96PR1,D208750
Q14003,D208750
Q9HAB3,D208750
Q13315,D208750
P05129,D208750
P78508,D208750
Q9UGI6,D208750
P60709,D208750
P13637,D208750
Q9NYL2,D208750
P09936,D208750
P46939,D208750
Q99653,D208750
P28676,D208750
P0DP24,D208750
P0DP25,D208750
P10809,D208750
F7VJQ1,D208750
Q16595,D208750
P04080,D208750
P42858,D208750
P38936,D208750
P00846,D208750
P34932,D208750
P06753,D208750
P54578,D208750
P35858,D208750
Q8NI60,D208750
Q9UIK4,D208750
Q9UPZ9,D208750
Q16512,D208750
P04114,D208750
Q16720,D208750
P16278,D208750
P10275,D208920
Q9Y4W6,D208920
P35498,D208920
P49916,D208920
P49588,D208920
P02766,D208920
O00555,D208920
Q9UM73,D208920
P51659,D208920
P0DP23,D208920
P22303,D208920
P48169,D208920
O43497,D208920
P07202,D208920
P04626,D208920
P03905,D208920
Q12791,D208920
P08559,D208920
P49585,D208920
Q01959,D208920
P09622,D208920
P11388,D208920
P19634,D208920
P00439,D208920
P49448,D208920
Q12879,D208920
Q09470,D208920
P14867,D208920
Q13255,D208920
P43681,D208920
P10253,D208920
P22557,D208920
P62993,D208920
P28482,D208920
P01579,D208920
O95831,D208920
P11387,D208920
Q16539,D208920
P06850,D208920
P24385,D208920
P21980,D208920
P04629,D208920
P11166,D208920
O60733,D208920
P06493,D208920
P04156,D208920
P19367,D208920
P43003,D208920
O75762,D208920
P00450,D208920
P42574,D208920
P04271,D208920
P41594,D208920
P10153,D208920
P48736,D208920
P04350,D208920
P09874,D208920
Q9UQD0,D208920
P23763,D208920
Q6PI48,D208920
Q9GZR5,D208920
Q9UGM6,D208920
Q5JTZ9,D208920
O00305,D208920
P42336,D208920
P00441,D208920
Q9NY47,D208920
P08865,D208920
O00329,D208920
P42338,D208920
Q13363,D208920
P07384,D208920
P04637,D208920
O96017,D208920
P00403,D208920
P23560,D208920
Q13885,D208920
P04792,D208920
P01303,D208920
P35219,D208920
P10176,D208920
Q03426,D208920
P06396,D208920
Q15796,D208920
Q14643,D208920
P09104,D208920
Q01082,D208920
P16389,D208920
P22460,D208920
P17658,D208920
P48547,D208920
Q96PR1,D208920
Q14003,D208920
Q9HAB3,D208920
Q13315,D208920
P05129,D208920
P78508,D208920
Q9UGI6,D208920
P60709,D208920
P13637,D208920
Q9NYL2,D208920
P09936,D208920
P46939,D208920
Q99653,D208920
P28676,D208920
P0DP24,D208920
P0DP25,D208920
P10809,D208920
F7VJQ1,D208920
Q16595,D208920
P04080,D208920
P42858,D208920
P38936,D208920
P00846,D208920
P34932,D208920
P06753,D208920
P54578,D208920
P35858,D208920
Q8NI60,D208920
Q9UIK4,D208920
Q9UPZ9,D208920
Q16512,D208920
P04114,D208920
Q16720,D208920
P16278,D208920
P14598,D210050
P00488,D211980
P35228,D211980
P11766,D211980
P00519,D211980
P23219,D211980
P21728,D211980
P35916,D211980
P02452,D211980
P17948,D211980
Q9UPY5,D211980
P06213,D211980
P04049,D211980
O00217,D211980
P24530,D211980
P14780,D211980
P30556,D211980
P49591,D211980
P07195,D211980
P24752,D211980
O15496,D211980
Q07869,D211980
Q9HCC0,D211980
P10912,D211980
P00492,D211980
P42357,D211980
P14618,D211980
Q969P6,D211980
P35610,D211980
P51606,D211980
P21673,D211980
P06746,D211980
P07741,D211980
Q16647,D211980
Q05940,D211980
O95477,D211980
P03372,D211980
Q04828,D211980
P80365,D211980
P10275,D211980
P05091,D211980
P49419,D211980
P09172,D211980
P07437,D211980
P36888,D211980
O43175,D211980
P15692,D211980
P48506,D211980
P00367,D211980
O76074,D211980
P20273,D211980
P48637,D211980
P37088,D211980
P14061,D211980
Q15046,D211980
P18858,D211980
P09619,D211980
P10826,D211980
Q09428,D211980
P00747,D211980
P16442,D211980
P37231,D211980
P98194,D211980
P08243,D211980
P12821,D211980
P32322,D211980
Q15758,D211980
P20061,D211980
P06858,D211980
P05121,D211980
P10415,D211980
Q9Y478,D211980
O76054,D211980
P15291,D211980
P40939,D211980
P49902,D211980
P35354,D211980
P29474,D211980
P08473,D211980
Q08828,D211980
P00797,D211980
P14207,D211980
Q96GD0,D211980
P01008,D211980
P34897,D211980
P16050,D211980
O14727,D211980
Q9NRX3,D211980
P35520,D211980
P04818,D211980
P23921,D211980
P34896,D211980
P00395,D211980
P02766,D211980
Q9UDX4,D211980
P05093,D211980
P20648,D211980
P0DMS8,D211980
Q9UM73,D211980
P00740,D211980
P35968,D211980
Q9UKG9,D211980
P48029,D211980
Q99259,D211980
P21917,D211980
P08246,D211980
P00325,D211980
P11926,D211980
P19793,D211980
P0DP23,D211980
P04083,D211980
P04181,D211980
P00338,D211980
P31749,D211980
P30988,D211980
P10398,D211980
O15528,D211980
P29466,D211980
Q96A70,D211980
P30872,D211980
P10721,D211980
P32754,D211980
P22413,D211980
P00326,D211980
P23975,D211980
P28331,D211980
P01130,D211980
P35348,D211980
P07202,D211980
P41180,D211980
P02787,D211980
P04626,D211980
P48039,D211980
P54687,D211980
O75600,D211980
P28329,D211980
P04424,D211980
P25101,D211980
P34903,D211980
P02768,D211980
P02671,D211980
P04406,D211980
P15428,D211980
P00352,D211980
P16066,D211980
P06401,D211980
Q04609,D211980
P18089,D211980
Q14534,D211980
P47895,D211980
P42330,D211980
Q9Y617,D211980
P48163,D211980
Q9UKU7,D211980
P48507,D211980
P49585,D211980
P11586,D211980
P23378,D211980
P18031,D211980
Q13085,D211980
Q9Y233,D211980
P15056,D211980
P33121,D211980
P08253,D211980
O60701,D211980
Q01959,D211980
P14784,D211980
P19235,D211980
P47712,D211980
P01589,D211980
P17181,D211980
Q13630,D211980
P10276,D211980
P36896,D211980
P24298,D211980
P53985,D211980
P00966,D211980
P51787,D211980
P20138,D211980
Q13131,D211980
P05230,D211980
P17735,D211980
P14902,D211980
P07550,D211980
Q8NFJ5,D211980
P01375,D211980
Q9Y271,D211980
Q13946,D211980
Q14181,D211980
Q03405,D211980
P30838,D211980
O75306,D211980
P05023,D211980
Q99707,D211980
P09601,D211980
P30536,D211980
P09622,D211980
P21817,D211980
P11388,D211980
P15121,D211980
P21802,D211980
P00439,D211980
P14416,D211980
P78540,D211980
P21731,D211980
Q9UBK8,D211980
P00533,D211980
Q9P2J5,D211980
P35372,D211980
P22033,D211980
P11473,D211980
P33527,D211980
Q92731,D211980
P04150,D211980
P09488,D211980
Q9Y2Q3,D211980
P21266,D211980
O15217,D211980
Q03013,D211980
P09211,D211980
P07203,D211980
P18283,D211980
P30711,D211980
P22352,D211980
O94925,D211980
P42262,D211980
P12931,D211980
P06241,D211980
P07947,D211980
P29317,D211980
P30559,D211980
P42081,D211980
P33681,D211980
P43681,D211980
P16234,D211980
P07333,D211980
P27487,D211980
O60664,D211980
P08069,D211980
O60895,D211980
Q16568,D211980
Q02750,D211980
Q14289,D211980
P05771,D211980
P02741,D211980
P37840,D211980
P29972,D211980
Q9UKV0,D211980
Q99584,D211980
P16410,D211980
P19440,D211980
Q00535,D211980
P51692,D211980
P26358,D211980
P00749,D211980
P30044,D211980
P12724,D211980
P05451,D211980
Q99519,D211980
P08581,D211980
P62993,D211980
P05231,D211980
P61073,D211980
P03956,D211980
P10997,D211980
P28482,D211980
P02763,D211980
P01574,D211980
P50225,D211980
P25116,D211980
P08174,D211980
P27169,D211980
O75891,D211980
O60494,D211980
P07858,D211980
P07339,D211980
P07225,D211980
P01579,D211980
P02775,D211980
P01189,D211980
P20333,D211980
P34913,D211980
P49888,D211980
P01009,D211980
P01133,D211980
P24158,D211980
P27986,D211980
O75469,D211980
P06730,D211980
P16220,D211980
P49327,D211980
Q12882,D211980
P10145,D211980
P52788,D211980
O95831,D211980
P45452,D211980
P10646,D211980
P05120,D211980
P17936,D211980
P11387,D211980
P13501,D211980
P35568,D211980
P29460,D211980
Q9BYF1,D211980
P01137,D211980
P35222,D211980
P56817,D211980
O14965,D211980
Q99497,D211980
P02788,D211980
P21462,D211980
O60488,D211980
Q00987,D211980
Q9Y6L6,D211980
P29965,D211980
Q03181,D211980
P08311,D211980
P27824,D211980
P62937,D211980
P09038,D211980
Q13464,D211980
P01042,D211980
Q16539,D211980
Q8NER1,D211980
P24385,D211980
P60568,D211980
P98160,D211980
P08183,D211980
P21980,D211980
P23946,D211980
P04629,D211980
P05412,D211980
P04275,D211980
P15502,D211980
P13500,D211980
P01584,D211980
P35557,D211980
P11166,D211980
P01019,D211980
P27361,D211980
O60858,D211980
P49841,D211980
Q9UNQ0,D211980
Q92887,D211980
Q06124,D211980
P24941,D211980
P16581,D211980
P05164,D211980
P01112,D211980
O60733,D211980
P15144,D211980
P06493,D211980
P80188,D211980
P05362,D211980
P19838,D211980
P01374,D211980
P11413,D211980
P23297,D211980
P06870,D211980
Q9UM07,D211980
P01138,D211980
P17302,D211980
P21589,D211980
P11021,D211980
P06881,D211980
P04156,D211980
P35247,D211980
P19367,D211980
P63000,D211980
Q16678,D211980
P16070,D211980
P19320,D211980
P08254,D211980
P02649,D211980
P07900,D211980
P14210,D211980
O75762,D211980
Q08345,D211980
P01100,D211980
Q13126,D211980
P17252,D211980
P27815,D211980
P36969,D211980
P19438,D211980
P00450,D211980
P02774,D211980
P16455,D211980
P48061,D211980
P07204,D211980
P29218,D211980
O14920,D211980
P05106,D211980
P98170,D211980
P16109,D211980
Q9UNN8,D211980
P42574,D211980
O60603,D211980
P14625,D211980
O60760,D211980
P45844,D211980
P07355,D211980
Q9NR96,D211980
P31751,D211980
P63104,D211980
P04271,D211980
P13726,D211980
P30086,D211980
P02751,D211980
P22894,D211980
P15559,D211980
Q08257,D211980
Q7Z2W7,D211980
O15439,D211980
P28161,D211980
P61586,D211980
O15530,D211980
P13569,D211980
P25942,D211980
P08842,D211980
P39900,D211980
P06744,D211980
P08100,D211980
P22455,D211980
P33316,D211980
P80511,D211980
P04040,D211980
P05113,D211980
P68400,D211980
P02743,D211980
P23919,D211980
Q10588,D211980
Q9P2W7,D211980
O75874,D211980
P04183,D211980
P68363,D211980
P11309,D211980
Q08499,D211980
Q9NP99,D211980
P48736,D211980
P43405,D211980
P17931,D211980
P41240,D211980
P49137,D211980
Q9BQE3,D211980
P30405,D211980
Q13509,D211980
Q9BZX2,D211980
Q13426,D211980
P55055,D211980
P23677,D211980
P14555,D211980
P25774,D211980
O43570,D211980
Q9Y5Y6,D211980
P04075,D211980
P49789,D211980
P30305,D211980
P09874,D211980
P53355,D211980
P55210,D211980
P36952,D211980
P14174,D211980
P37173,D211980
P08238,D211980
P50613,D211980
Q96AZ6,D211980
P32119,D211980
Q16881,D211980
P21964,D211980
P11511,D211980
P05787,D211980
P27797,D211980
Q07954,D211980
P13727,D211980
P34741,D211980
P01906,D211980
P06400,D211980
Q16270,D211980
P11362,D211980
P22607,D211980
P07711,D211980
Q01362,D211980
P09486,D211980
P35346,D211980
Q6ZQY3,D211980
P42898,D211980
Q96DP5,D211980
P09210,D211980
O00469,D211980
P19971,D211980
O60568,D211980
P19021,D211980
P47989,D211980
Q8IVL6,D211980
Q96KS0,D211980
Q00534,D211980
Q96Q83,D211980
P00813,D211980
P11802,D211980
Q9GZT9,D211980
P48544,D211980
Q9H6Z9,D211980
P27708,D211980
Q7L266,D211980
Q8N142,D211980
Q07973,D211980
O15460,D211980
Q99643,D211980
Q9BXA5,D211980
O00341,D211980
P08263,D211980
Q9Y2J8,D211980
Q8N0U8,D211980
Q13427,D211980
P36544,D211980
Q9UGM1,D211980
P20815,D211980
P10635,D211980
P16435,D211980
Q13547,D211980
Q92769,D211980
O15379,D211980
Q9UBN7,D211980
Q16665,D211980
P42336,D211980
O00459,D211980
Q92569,D211980
P78527,D211980
P42345,D211980
Q00653,D211980
P00441,D211980
Q9NY47,D211980
P41231,D211980
P08865,D211980
O00329,D211980
P42338,D211980
O60674,D211980
P07949,D211980
Q06609,D211980
P27695,D211980
P01911,D211980
Q05655,D211980
P24394,D211980
Q14627,D211980
Q8NFA2,D211980
Q02880,D211980
P09467,D211980
P05177,D211980
Q16206,D211980
Q16790,D211980
P35225,D211980
Q8WXI7,D211980
P03952,D211980
O00206,D211980
P37268,D211980
P16422,D211980
O14746,D211980
P54760,D211980
P48060,D211980
P08729,D211980
Q96EB6,D211980
P21796,D211980
P45880,D211980
P10147,D211980
Q9BUP3,D211980
P04141,D211980
P22301,D211980
P39905,D211980
O14717,D211980
Q8WTS6,D211980
P08684,D211980
Q99418,D211980
Q92831,D211980
P31949,D211980
P53778,D211980
P11712,D211980
P27707,D211980
O00244,D211980
P54278,D211980
P25311,D211980
P08887,D211980
P06703,D211980
P16152,D211980
Q05397,D211980
P15531,D211980
Q16698,D211980
P49763,D211980
Q14541,D211980
P15289,D211980
P18509,D211980
P12429,D211980
P22392,D211980
P16144,D211980
P01270,D211980
O15169,D211980
P07998,D211980
P30291,D211980
P11509,D211980
Q13285,D211980
Q9NXA8,D211980
P35625,D211980
Q86VB7,D211980
P48357,D211980
P21926,D211980
Q02763,D211980
P04637,D211980
O96017,D211980
O14757,D211980
Q92847,D211980
P05305,D211980
P00403,D211980
P41597,D211980
Q9NNW7,D211980
P23560,D211980
P33151,D211980
Q96GD4,D211980
P15328,D211980
Q96IY4,D211980
O15392,D211980
Q13443,D211980
Q8NET8,D211980
P43235,D211980
P05019,D211980
P55786,D211980
Q92843,D211980
Q92934,D211980
P10644,D211980
P50052,D211980
P09429,D211980
Q13233,D211980
P04792,D211980
O14763,D211980
O14793,D211980
Q15116,D211980
P40238,D211980
Q9NZQ7,D211980
Q9H6X2,D211980
P02647,D211980
Q13421,D211980
Q14790,D211980
Q9Y6Q6,D211980
P40763,D211980
Q07011,D211980
P25963,D211980
P01303,D211980
P16615,D211980
P28908,D211980
O43174,D211980
P04439,D211980
P40933,D211980
P52333,D211980
P17813,D211980
P01127,D211980
P15391,D211980
P15941,D211980
Q12884,D211980
Q07817,D211980
Q07820,D211980
P49674,D211980
Q00613,D211980
O14788,D211980
P05112,D211980
P35408,D211980
P56524,D211980
Q8WUI4,D211980
P30874,D211980
P32745,D211980
P05181,D211980
P33261,D211980
P22309,D211980
P04798,D211980
P20813,D211980
P25024,D211980
P52209,D211980
P05556,D211980
P06756,D211980
Q9Y2I1,D211980
O14649,D211980
P30926,D211980
P32297,D211980
P30532,D211980
Q15825,D211980
Q05901,D211980
Q9UN88,D211980
P29034,D211980
Q16620,D211980
P33260,D211980
P24462,D211980
Q7LG56,D211980
Q07864,D211980
Q9NR33,D211980
P11717,D211980
P35219,D211980
O75493,D211980
O15440,D211980
Q9NPD5,D211980
P09238,D211980
P09237,D211980
P24347,D211980
P50281,D211980
P51511,D211980
Q99542,D211980
Q9NRE1,D211980
Q9H239,D211980
P35869,D211980
P11474,D211980
Q9UNA0,D211980
Q13526,D211980
Q15596,D211980
P53350,D211980
Q13362,D211980
P30153,D211980
P78536,D211980
P31151,D211980
P63208,D211980
P23467,D211980
P13051,D211980
P45984,D211980
Q99933,D211980
P11142,D211980
P61769,D211980
P36897,D211980
P24666,D211980
O43293,D211980
P45983,D211980
P33981,D211980
P42892,D211980
Q14914,D211980
P51955,D211980
P62136,D211980
Q8IVS2,D211980
Q15078,D211980
P84098,D211980
P55769,D211980
P60174,D211980
Q14994,D211980
P47985,D211980
Q15118,D211980
Q9UBT6,D211980
Q9UKQ2,D211980
P41743,D211980
P30301,D211980
P25789,D211980
P60900,D211980
P28072,D211980
P09466,D211980
P19784,D211980
P20674,D211980
P10176,D211980
P24310,D211980
P04054,D211980
Q13627,D211980
P41235,D211980
P01116,D211980
Q00536,D211980
P01889,D211980
Q15375,D211980
P04632,D211980
P23458,D211980
P08758,D211980
P49862,D211980
Q969V6,D211980
P06396,D211980
P60981,D211980
P23528,D211980
P06731,D211980
P62330,D211980
P15151,D211980
P61158,D211980
Q12866,D211980
Q96GR2,D211980
Q15418,D211980
P13639,D211980
Q16654,D211980
P11684,D211980
P19105,D211980
P35080,D211980
P05187,D211980
P07948,D211980
O00182,D211980
Q15119,D211980
P26447,D211980
P14550,D211980
O60218,D211980
Q92793,D211980
Q86WA6,D211980
Q15648,D211980
Q15796,D211980
P15170,D211980
P04179,D211980
P00558,D211980
P13929,D211980
P29508,D211980
Q03403,D211980
P02144,D211980
P08670,D211980
P11172,D211980
P54819,D211980
P22570,D211980
Q8IWL2,D211980
P11226,D211980
P51178,D211980
P09382,D211980
P15813,D211980
Q9NPH2,D211980
P35241,D211980
P19883,D211980
P48735,D211980
P68104,D211980
P20339,D211980
P49913,D211980
P35398,D211980
P29323,D211980
P09104,D211980
P61024,D211980
P62826,D211980
O75976,D211980
P14621,D211980
Q92993,D211980
P55789,D211980
P78330,D211980
Q99873,D211980
P61587,D211980
P13611,D211980
Q6WRI0,D211980
P60953,D211980
Q99661,D211980
Q96QT4,D211980
Q9Y646,D211980
P30041,D211980
O15111,D211980
Q99835,D211980
P02708,D211980
P54219,D211980
P01106,D211980
Q9UQQ2,D211980
P01583,D211980
P18510,D211980
P49765,D211980
P28065,D211980
Q16832,D211980
P42685,D211980
P11274,D211980
P36507,D211980
Q9Y2U5,D211980
Q5XXA6,D211980
P31639,D211980
Q14145,D211980
P57059,D211980
P53667,D211980
Q15303,D211980
P04731,D211980
P13762,D211980
Q9HAB3,D211980
P02786,D211980
P08686,D211980
Q13315,D211980
P51812,D211980
Q15125,D211980
O95644,D211980
Q05513,D211980
O00264,D211980
Q01118,D211980
P04839,D211980
P15153,D211980
P54646,D211980
P18846,D211980
P15336,D211980
P18847,D211980
P18848,D211980
Q07021,D211980
Q6UX15,D211980
P10599,D211980
P60709,D211980
Q9HBK9,D211980
P62736,D211980
O95259,D211980
Q15493,D211980
P67870,D211980
P28907,D211980
P17676,D211980
P60484,D211980
P49908,D211980
Q8N907,D211980
P09769,D211980
P36956,D211980
Q04206,D211980
P54756,D211980
Q9NYL2,D211980
P09936,D211980
P25713,D211980
Q99571,D211980
Q9C0B1,D211980
Q16555,D211980
P06733,D211980
P29590,D211980
O75340,D211980
Q969S2,D211980
O60502,D211980
Q9NY56,D211980
P46939,D211980
Q06830,D211980
Q16552,D211980
Q8NBP7,D211980
Q969S8,D211980
Q9UQL6,D211980
P07438,D211980
P04732,D211980
P04733,D211980
P13640,D211980
P80294,D211980
Q8N339,D211980
P80297,D211980
Q9Y4I5,D211980
Q99828,D211980
P35556,D211980
P13693,D211980
O75838,D211980
P80303,D211980
P0DP24,D211980
P0DP25,D211980
P22676,D211980
P02656,D211980
P29372,D211980
P05109,D211980
P10809,D211980
P22626,D211980
P63244,D211980
P09525,D211980
P31948,D211980
P56537,D211980
P51858,D211980
P07288,D211980
Q96RI0,D211980
P08648,D211980
F7VJQ1,D211980
P04080,D211980
P06702,D211980
O15350,D211980
Q92570,D211980
P32004,D211980
P12644,D211980
Q99829,D211980
Q8TCT9,D211980
Q99623,D211980
Q9UJU2,D211980
P38936,D211980
P39748,D211980
Q14457,D211980
P54652,D211980
Q9NR28,D211980
P61978,D211980
P34932,D211980
Q13219,D211980
Q969G3,D211980
P67936,D211980
P54578,D211980
P12004,D211980
P08603,D211980
P05156,D211980
P10909,D211980
P45973,D211980
P00739,D211980
P51884,D211980
P29622,D211980
P36955,D211980
P81605,D211980
P15924,D211980
P05160,D211980
P19827,D211980
P02533,D211980
P13647,D211980
Q6FHJ7,D211980
Q92945,D211980
P21333,D211980
P46940,D211980
P50914,D211980
Q15942,D211980
Q07955,D211980
Q16518,D211980
Q01995,D211980
P35579,D211980
P17844,D211980
P31391,D211980
Q9HC29,D211980
P55073,D211980
P22897,D211980
Q92911,D211980
P20393,D211980
Q14995,D211980
Q9BYT3,D211980
Q15208,D211980
Q9UHD2,D211980
P35590,D211980
Q06418,D211980
O75385,D211980
P30530,D211980
P51813,D211980
Q8N5S9,D211980
Q96RR4,D211980
Q9UIK4,D211980
O15075,D211980
Q9Y463,D211980
P21709,D211980
P29320,D211980
P54764,D211980
P54762,D211980
O15197,D211980
P16591,D211980
P07332,D211980
Q9H422,D211980
Q9UPZ9,D211980
P14616,D211980
Q9Y616,D211980
Q9Y2K2,D211980
O95835,D211980
P46734,D211980
P52564,D211980
Q12852,D211980
Q99759,D211980
Q8IVH8,D211980
Q8TD08,D211980
Q13164,D211980
Q7KZI7,D211980
Q96L34,D211980
Q9Y2H9,D211980
P42679,D211980
Q14680,D211980
Q04912,D211980
Q15746,D211980
P51957,D211980
Q16288,D211980
Q13153,D211980
O96013,D211980
Q9P286,D211980
Q9H4B4,D211980
O00444,D211980
Q9BRS2,D211980
Q13546,D211980
P08922,D211980
Q9H0K1,D211980
P01350,D211980
Q15910,D211980
Q92482,D211980
Q16659,D211980
Q99814,D211980
O14980,D211980
Q8IXJ6,D211980
P35232,D211980
P51679,D211980
P11532,D211980
Q96NY8,D211980
P51575,D211980
Q9UBL9,D211980
P56373,D211980
Q93086,D211980
O15547,D211980
Q99572,D211980
P47900,D211980
P53396,D211980
Q9Y6K1,D211980
Q99500,D211980
P04114,D211980
P04196,D211980
P00738,D211980
P21860,D211980
P09758,D211980
P06307,D211980
Q86XP1,D211980
P36543,D211980
P49662,D211980
P20702,D211980
Q9H2H9,D211980
Q969I6,D211980
P55211,D211980
P16278,D211980
Q9UBC3,D211980
Q9NRA0,D211980
O15123,D211980
P13688,D212050
P02768,D212050
P01375,D212050
P00533,D212050
Q16850,D212050
P00156,D212050
P01133,D212050
P13500,D212050
P01584,D212050
P05164,D212050
P15144,D212050
P23297,D212050
P07602,D212050
P04271,D212050
P02743,D212050
P43405,D212050
P17931,D212050
Q13427,D212050
O14672,D212050
P04141,D212050
P22301,D212050
Q16698,D212050
O14757,D212050
Q9NPF7,D212050
P40763,D212050
P40933,D212050
P05112,D212050
P78536,D212050
P11142,D212050
P11226,D212050
Q9NTG7,D212050
P11274,D212050
P31639,D212050
Q16552,D212050
Q92570,D212050
P34932,D212050
Q9HC29,D212050
P35228,D212110
P30542,D212110
P35626,D212110
P04049,D212110
P24530,D212110
P14780,D212110
P30556,D212110
P29475,D212110
Q07869,D212110
P00492,D212110
O76082,D212110
P51606,D212110
P25021,D212110
P03372,D212110
P10275,D212110
P05091,D212110
P22888,D212110
P35498,D212110
P07437,D212110
Q9NYK1,D212110
P15692,D212110
P08588,D212110
Q02338,D212110
Q14524,D212110
P37231,D212110
P12821,D212110
P06858,D212110
P05121,D212110
P10415,D212110
P40939,D212110
P29474,D212110
P08473,D212110
P00797,D212110
P00395,D212110
P25098,D212110
P18825,D212110
P35968,D212110
P00338,D212110
P31749,D212110
O60706,D212110
P30049,D212110
P23975,D212110
P41180,D212110
P04626,D212110
P25101,D212110
O14561,D212110
P08172,D212110
P40925,D212110
P12235,D212110
P49585,D212110
P19429,D212110
P01589,D212110
P08235,D212110
P04278,D212110
P07550,D212110
P01375,D212110
P05141,D212110
P00533,D212110
P07203,D212110
P16410,D212110
P49747,D212110
P05231,D212110
P61073,D212110
P03956,D212110
P01574,D212110
P07858,D212110
P20333,D212110
P49327,D212110
P16860,D212110
P01137,D212110
P35222,D212110
P32418,D212110
P29965,D212110
P63316,D212110
P08183,D212110
P21980,D212110
P13500,D212110
P30793,D212110
P01019,D212110
O60858,D212110
P19838,D212110
P23297,D212110
P17302,D212110
P63000,D212110
P08254,D212110
P07900,D212110
P14210,D212110
Q08345,D212110
P17252,D212110
P48061,D212110
P42574,D212110
P13726,D212110
P02751,D212110
P22894,D212110
P25942,D212110
P05113,D212110
P48736,D212110
P17931,D212110
Q96AZ6,D212110
P68133,D212110
P27797,D212110
P07711,D212110
P27708,D212110
P42336,D212110
O00329,D212110
P42338,D212110
Q13093,D212110
P43490,D212110
P01911,D212110
O00206,D212110
P22301,D212110
P18509,D212110
P04637,D212110
P05305,D212110
Q9NNW7,D212110
P05019,D212110
P10644,D212110
P50052,D212110
Q02156,D212110
Q14790,D212110
P40763,D212110
Q07817,D212110
P05112,D212110
P35408,D212110
P05181,D212110
P05556,D212110
P35219,D212110
P50281,D212110
P78536,D212110
Q14994,D212110
Q15118,D212110
Q7Z406,D212110
P06396,D212110
Q16654,D212110
P12883,D212110
Q15648,D212110
Q9BY32,D212110
P04179,D212110
P01920,D212110
P04053,D212110
P49411,D212110
P49913,D212110
Q99873,D212110
P61587,D212110
P57059,D212110
Q13315,D212110
Q9UGI6,D212110
P60709,D212110
O95718,D212110
Q92736,D212110
P46939,D212110
Q16552,D212110
P10809,D212110
Q16595,D212110
Q14457,D212110
P34932,D212110
P09493,D212110
P02765,D212110
P02750,D212110
P15924,D212110
Q9Y5S1,D212110
Q59H18,D212110
P30530,D212110
Q9UIK4,D212110
Q15746,D212110
P32245,D212110
P51679,D212110
P11532,D212110
O95670,D212110
P55211,D212110
P35228,D212112
Q13423,D212112
P02452,D212112
P04049,D212112
P24530,D212112
P14780,D212112
P21554,D212112
P30556,D212112
P29475,D212112
Q07869,D212112
Q12809,D212112
O75380,D212112
O76082,D212112
P07741,D212112
P05091,D212112
P19404,D212112
P15692,D212112
P20132,D212112
P37288,D212112
P08588,D212112
P31040,D212112
P23786,D212112
O76074,D212112
Q8WTV0,D212112
Q14524,D212112
Q15046,D212112
P37231,D212112
P12821,D212112
P55157,D212112
P06858,D212112
P05121,D212112
Q9Y478,D212112
P40939,D212112
P35354,D212112
P29474,D212112
P08473,D212112
P00797,D212112
P30518,D212112
P49588,D212112
Q00796,D212112
O75251,D212112
P00918,D212112
P00395,D212112
P02766,D212112
P25098,D212112
P35968,D212112
P48029,D212112
P25103,D212112
P50416,D212112
P04083,D212112
P00338,D212112
P31749,D212112
P30988,D212112
P42684,D212112
O15528,D212112
P29466,D212112
O60706,D212112
Q16718,D212112
P16473,D212112
P35348,D212112
P03886,D212112
P41180,D212112
P04626,D212112
P25101,D212112
P17174,D212112
P02671,D212112
P03905,D212112
Q12791,D212112
P16066,D212112
P12235,D212112
Q13085,D212112
Q9Y233,D212112
P19429,D212112
P01589,D212112
P08235,D212112
P51787,D212112
Q13131,D212112
P07550,D212112
P01375,D212112
P05141,D212112
P25100,D212112
O75306,D212112
P09601,D212112
P12081,D212112
P15121,D212112
P19634,D212112
P00439,D212112
P00533,D212112
P22033,D212112
P11473,D212112
Q9Y2Q3,D212112
P22352,D212112
O43451,D212112
P30559,D212112
P27487,D212112
P01031,D212112
P08069,D212112
Q02750,D212112
P05771,D212112
P10253,D212112
P02741,D212112
P22557,D212112
P49747,D212112
P51681,D212112
P05231,D212112
P61073,D212112
P03956,D212112
P28482,D212112
P29274,D212112
P27169,D212112
P02778,D212112
P00156,D212112
P07858,D212112
P07339,D212112
P01579,D212112
P01189,D212112
P49888,D212112
Q12882,D212112
P17405,D212112
P16860,D212112
P29460,D212112
Q9BYF1,D212112
P01137,D212112
P35222,D212112
P32418,D212112
Q9Y6L6,D212112
Q03181,D212112
P13945,D212112
P62937,D212112
Q13464,D212112
P01042,D212112
Q16539,D212112
P63316,D212112
P08183,D212112
P23946,D212112
P13500,D212112
P01584,D212112
P01019,D212112
P27361,D212112
Q9UNQ0,D212112
Q06124,D212112
P24941,D212112
P05164,D212112
P15144,D212112
P80188,D212112
P05362,D212112
P11413,D212112
P23297,D212112
P06870,D212112
P01138,D212112
P17302,D212112
P11021,D212112
P63000,D212112
P17213,D212112
P02649,D212112
P07900,D212112
P14210,D212112
P17252,D212112
P22061,D212112
P48745,D212112
P16109,D212112
P42574,D212112
O60603,D212112
O60760,D212112
Q9NR96,D212112
P31751,D212112
P14410,D212112
P04271,D212112
P13569,D212112
P22455,D212112
P04040,D212112
P02743,D212112
P68363,D212112
P11309,D212112
P48736,D212112
P17931,D212112
P30405,D212112
P09874,D212112
P14174,D212112
P34096,D212112
Q96AZ6,D212112
P32119,D212112
O00408,D212112
P11511,D212112
P27797,D212112
P05154,D212112
P02461,D212112
P07711,D212112
P09486,D212112
Q96EN8,D212112
Q96DP5,D212112
O00519,D212112
P47989,D212112
P50750,D212112
Q9H6Z9,D212112
P27708,D212112
O14521,D212112
P21912,D212112
Q5JTZ9,D212112
O43766,D212112
P10635,D212112
Q92769,D212112
Q9UBN7,D212112
Q16665,D212112
P42336,D212112
P42345,D212112
O14672,D212112
O00329,D212112
P42338,D212112
Q06609,D212112
P43490,D212112
P01911,D212112
P24394,D212112
P06280,D212112
P35225,D212112
O00206,D212112
Q96EB6,D212112
P22301,D212112
Q92831,D212112
P11712,D212112
P06703,D212112
P16152,D212112
Q16698,D212112
P18509,D212112
P01270,D212112
P35625,D212112
Q86VB7,D212112
P48357,D212112
P04637,D212112
P05305,D212112
P00403,D212112
P41597,D212112
Q15759,D212112
P05067,D212112
P23560,D212112
O15392,D212112
P05019,D212112
P09429,D212112
Q02156,D212112
P04792,D212112
Q15116,D212112
Q9NZQ7,D212112
P02647,D212112
P01024,D212112
P40763,D212112
P10636,D212112
P16615,D212112
P40933,D212112
Q12884,D212112
P30411,D212112
P05112,D212112
P05181,D212112
P33261,D212112
P04798,D212112
P05556,D212112
O15440,D212112
P50281,D212112
P11474,D212112
O95622,D212112
P11142,D212112
P45983,D212112
P33981,D212112
Q8IVS2,D212112
P06576,D212112
Q09013,D212112
Q7Z406,D212112
P19784,D212112
P14854,D212112
P01889,D212112
P29597,D212112
P23528,D212112
P61160,D212112
Q16654,D212112
P19105,D212112
P12883,D212112
Q15119,D212112
P04179,D212112
P00558,D212112
O75390,D212112
P36871,D212112
P11226,D212112
P46976,D212112
P30084,D212112
P26572,D212112
P48735,D212112
Q9NTG7,D212112
P29323,D212112
P62258,D212112
P55072,D212112
P55789,D212112
P61587,D212112
P17050,D212112
O14964,D212112
O00187,D212112
P01583,D212112
P18510,D212112
P49765,D212112
P31639,D212112
Q14145,D212112
Q8WXS5,D212112
P04839,D212112
Q9UGI6,D212112
P54646,D212112
Q9UGJ0,D212112
P18847,D212112
Q07021,D212112
P10599,D212112
P60709,D212112
O95718,D212112
P62736,D212112
Q92736,D212112
P60484,D212112
O75880,D212112
P46939,D212112
Q16552,D212112
Q9UQL6,D212112
P07438,D212112
P30626,D212112
O14958,D212112
Q96L12,D212112
P05109,D212112
P10809,D212112
Q16595,D212112
P06702,D212112
P42858,D212112
P00846,D212112
Q14457,D212112
P61604,D212112
P09493,D212112
Q04917,D212112
P15924,D212112
P14923,D212112
P39019,D212112
Q9Y5S1,D212112
Q9HC29,D212112
Q15208,D212112
Q59H18,D212112
Q9BXA7,D212112
Q9UIK4,D212112
P49840,D212112
P52564,D212112
Q13164,D212112
Q32MK0,D212112
P08922,D212112
Q9NRH2,D212112
P63252,D212112
Q8TD43,D212112
P11532,D212112
Q86YN6,D212112
P04114,D212112
P20702,D212112
P16278,D212112
O15123,D212112
P35228,D212130
Q13423,D212130
P02452,D212130
P04049,D212130
P24530,D212130
P14780,D212130
P21554,D212130
P30556,D212130
P29475,D212130
Q07869,D212130
Q12809,D212130
O75380,D212130
O76082,D212130
P07741,D212130
P05091,D212130
P19404,D212130
P15692,D212130
P20132,D212130
P37288,D212130
P08588,D212130
P31040,D212130
P23786,D212130
O76074,D212130
Q8WTV0,D212130
Q14524,D212130
Q15046,D212130
P37231,D212130
P12821,D212130
P55157,D212130
P06858,D212130
P05121,D212130
Q9Y478,D212130
P40939,D212130
P35354,D212130
P29474,D212130
P08473,D212130
P00797,D212130
P30518,D212130
P49588,D212130
Q00796,D212130
O75251,D212130
P00918,D212130
P00395,D212130
P02766,D212130
P25098,D212130
P35968,D212130
P48029,D212130
P25103,D212130
P50416,D212130
P04083,D212130
P00338,D212130
P31749,D212130
P30988,D212130
P42684,D212130
O15528,D212130
P29466,D212130
O60706,D212130
Q16718,D212130
P16473,D212130
P35348,D212130
P03886,D212130
P41180,D212130
P04626,D212130
P25101,D212130
P17174,D212130
P02671,D212130
P03905,D212130
Q12791,D212130
P16066,D212130
P12235,D212130
Q13085,D212130
Q9Y233,D212130
P19429,D212130
P01589,D212130
P08235,D212130
P51787,D212130
Q13131,D212130
P07550,D212130
P01375,D212130
P05141,D212130
P25100,D212130
O75306,D212130
P09601,D212130
P12081,D212130
P15121,D212130
P19634,D212130
P00439,D212130
P00533,D212130
P22033,D212130
P11473,D212130
Q9Y2Q3,D212130
P22352,D212130
O43451,D212130
P30559,D212130
P27487,D212130
P01031,D212130
P08069,D212130
Q02750,D212130
P05771,D212130
P10253,D212130
P02741,D212130
P22557,D212130
P49747,D212130
P51681,D212130
P05231,D212130
P61073,D212130
P03956,D212130
P28482,D212130
P29274,D212130
P27169,D212130
P02778,D212130
P00156,D212130
P07858,D212130
P07339,D212130
P01579,D212130
P01189,D212130
P49888,D212130
Q12882,D212130
P17405,D212130
P16860,D212130
P29460,D212130
Q9BYF1,D212130
P01137,D212130
P35222,D212130
P32418,D212130
Q9Y6L6,D212130
Q03181,D212130
P13945,D212130
P62937,D212130
Q13464,D212130
P01042,D212130
Q16539,D212130
P63316,D212130
P08183,D212130
P23946,D212130
P13500,D212130
P01584,D212130
P01019,D212130
P27361,D212130
Q9UNQ0,D212130
Q06124,D212130
P24941,D212130
P05164,D212130
P15144,D212130
P80188,D212130
P05362,D212130
P11413,D212130
P23297,D212130
P06870,D212130
P01138,D212130
P17302,D212130
P11021,D212130
P63000,D212130
P17213,D212130
P02649,D212130
P07900,D212130
P14210,D212130
P17252,D212130
P22061,D212130
P48745,D212130
P16109,D212130
P42574,D212130
O60603,D212130
O60760,D212130
Q9NR96,D212130
P31751,D212130
P14410,D212130
P04271,D212130
P13569,D212130
P22455,D212130
P04040,D212130
P02743,D212130
P68363,D212130
P11309,D212130
P48736,D212130
P17931,D212130
P30405,D212130
P09874,D212130
P14174,D212130
P34096,D212130
Q96AZ6,D212130
P32119,D212130
O00408,D212130
P11511,D212130
P27797,D212130
P05154,D212130
P02461,D212130
P07711,D212130
P09486,D212130
Q96EN8,D212130
Q96DP5,D212130
O00519,D212130
P47989,D212130
P50750,D212130
Q9H6Z9,D212130
P27708,D212130
O14521,D212130
P21912,D212130
Q5JTZ9,D212130
O43766,D212130
P10635,D212130
Q92769,D212130
Q9UBN7,D212130
Q16665,D212130
P42336,D212130
P42345,D212130
O14672,D212130
O00329,D212130
P42338,D212130
Q06609,D212130
P43490,D212130
P01911,D212130
P24394,D212130
P06280,D212130
P35225,D212130
O00206,D212130
Q96EB6,D212130
P22301,D212130
Q92831,D212130
P11712,D212130
P06703,D212130
P16152,D212130
Q16698,D212130
P18509,D212130
P01270,D212130
P35625,D212130
Q86VB7,D212130
P48357,D212130
P04637,D212130
P05305,D212130
P00403,D212130
P41597,D212130
Q15759,D212130
P05067,D212130
P23560,D212130
O15392,D212130
P05019,D212130
P09429,D212130
Q02156,D212130
P04792,D212130
Q15116,D212130
Q9NZQ7,D212130
P02647,D212130
P01024,D212130
P40763,D212130
P10636,D212130
P16615,D212130
P40933,D212130
Q12884,D212130
P30411,D212130
P05112,D212130
P05181,D212130
P33261,D212130
P04798,D212130
P05556,D212130
O15440,D212130
P50281,D212130
P11474,D212130
O95622,D212130
P11142,D212130
P45983,D212130
P33981,D212130
Q8IVS2,D212130
P06576,D212130
Q09013,D212130
Q7Z406,D212130
P19784,D212130
P14854,D212130
P01889,D212130
P29597,D212130
P23528,D212130
P61160,D212130
Q16654,D212130
P19105,D212130
P12883,D212130
Q15119,D212130
P04179,D212130
P00558,D212130
O75390,D212130
P36871,D212130
P11226,D212130
P46976,D212130
P30084,D212130
P26572,D212130
P48735,D212130
Q9NTG7,D212130
P29323,D212130
P62258,D212130
P55072,D212130
P55789,D212130
P61587,D212130
P17050,D212130
O14964,D212130
O00187,D212130
P01583,D212130
P18510,D212130
P49765,D212130
P31639,D212130
Q14145,D212130
Q8WXS5,D212130
P04839,D212130
Q9UGI6,D212130
P54646,D212130
Q9UGJ0,D212130
P18847,D212130
Q07021,D212130
P10599,D212130
P60709,D212130
O95718,D212130
P62736,D212130
Q92736,D212130
P60484,D212130
O75880,D212130
P46939,D212130
Q16552,D212130
Q9UQL6,D212130
P07438,D212130
P30626,D212130
O14958,D212130
Q96L12,D212130
P05109,D212130
P10809,D212130
Q16595,D212130
P06702,D212130
P42858,D212130
P00846,D212130
Q14457,D212130
P61604,D212130
P09493,D212130
Q04917,D212130
P15924,D212130
P14923,D212130
P39019,D212130
Q9Y5S1,D212130
Q9HC29,D212130
Q15208,D212130
Q59H18,D212130
Q9BXA7,D212130
Q9UIK4,D212130
P49840,D212130
P52564,D212130
Q13164,D212130
Q32MK0,D212130
P08922,D212130
Q9NRH2,D212130
P63252,D212130
Q8TD43,D212130
P11532,D212130
Q86YN6,D212130
P04114,D212130
P20702,D212130
P16278,D212130
O15123,D212130
P21554,D212140
O76082,D212140
P09172,D212140
P23786,D212140
P05121,D212140
P05089,D212140
P50416,D212140
Q13936,D212140
P04035,D212140
P68871,D212140
P24298,D212140
P21817,D212140
Q9H015,D212140
P08174,D212140
P01137,D212140
P35247,D212140
P29218,D212140
P11310,D212140
O00519,D212140
Q9NVH6,D212140
P04141,D212140
Q16134,D212140
Q16654,D212140
P11226,D212140
O00142,D212140
P04114,D212140
P35228,D212350
Q13423,D212350
P02452,D212350
P04049,D212350
P24530,D212350
P14780,D212350
P21554,D212350
P30556,D212350
P29475,D212350
Q07869,D212350
Q12809,D212350
O75380,D212350
O76082,D212350
P07741,D212350
P05091,D212350
P19404,D212350
P15692,D212350
P20132,D212350
P37288,D212350
P08588,D212350
P31040,D212350
P23786,D212350
O76074,D212350
Q8WTV0,D212350
Q14524,D212350
Q15046,D212350
P37231,D212350
P12821,D212350
P55157,D212350
P06858,D212350
P05121,D212350
Q9Y478,D212350
P40939,D212350
P35354,D212350
P29474,D212350
P08473,D212350
P00797,D212350
P30518,D212350
P49588,D212350
Q00796,D212350
O75251,D212350
P00918,D212350
P00395,D212350
P02766,D212350
P25098,D212350
P35968,D212350
P48029,D212350
P25103,D212350
P50416,D212350
P04083,D212350
P00338,D212350
P31749,D212350
P30988,D212350
P42684,D212350
O15528,D212350
P29466,D212350
O60706,D212350
Q16718,D212350
P16473,D212350
P35348,D212350
P03886,D212350
P41180,D212350
P04626,D212350
P25101,D212350
P17174,D212350
P02671,D212350
P03905,D212350
Q12791,D212350
P16066,D212350
P12235,D212350
Q13085,D212350
Q9Y233,D212350
P19429,D212350
P01589,D212350
P08235,D212350
P51787,D212350
Q13131,D212350
P07550,D212350
P01375,D212350
P05141,D212350
P25100,D212350
O75306,D212350
P09601,D212350
P12081,D212350
P15121,D212350
P19634,D212350
P00439,D212350
P00533,D212350
P22033,D212350
P11473,D212350
Q9Y2Q3,D212350
P22352,D212350
O43451,D212350
P30559,D212350
P27487,D212350
P01031,D212350
P08069,D212350
Q02750,D212350
P05771,D212350
P10253,D212350
P02741,D212350
P22557,D212350
P49747,D212350
P51681,D212350
P05231,D212350
P61073,D212350
P03956,D212350
P28482,D212350
P29274,D212350
P27169,D212350
P02778,D212350
P00156,D212350
P07858,D212350
P07339,D212350
P01579,D212350
P01189,D212350
P49888,D212350
Q12882,D212350
P17405,D212350
P16860,D212350
P29460,D212350
Q9BYF1,D212350
P01137,D212350
P35222,D212350
P32418,D212350
Q9Y6L6,D212350
Q03181,D212350
P13945,D212350
P62937,D212350
Q13464,D212350
P01042,D212350
Q16539,D212350
P63316,D212350
P08183,D212350
P23946,D212350
P13500,D212350
P01584,D212350
P01019,D212350
P27361,D212350
Q9UNQ0,D212350
Q06124,D212350
P24941,D212350
P05164,D212350
P15144,D212350
P80188,D212350
P05362,D212350
P11413,D212350
P23297,D212350
P06870,D212350
P01138,D212350
P17302,D212350
P11021,D212350
P63000,D212350
P17213,D212350
P02649,D212350
P07900,D212350
P14210,D212350
P17252,D212350
P22061,D212350
P48745,D212350
P16109,D212350
P42574,D212350
O60603,D212350
O60760,D212350
Q9NR96,D212350
P31751,D212350
P14410,D212350
P04271,D212350
P13569,D212350
P22455,D212350
P04040,D212350
P02743,D212350
P68363,D212350
P11309,D212350
P48736,D212350
P17931,D212350
P30405,D212350
P09874,D212350
P14174,D212350
P34096,D212350
Q96AZ6,D212350
P32119,D212350
O00408,D212350
P11511,D212350
P27797,D212350
P05154,D212350
P02461,D212350
P07711,D212350
P09486,D212350
Q96EN8,D212350
Q96DP5,D212350
O00519,D212350
P47989,D212350
P50750,D212350
Q9H6Z9,D212350
P27708,D212350
O14521,D212350
P21912,D212350
Q5JTZ9,D212350
O43766,D212350
P10635,D212350
Q92769,D212350
Q9UBN7,D212350
Q16665,D212350
P42336,D212350
P42345,D212350
O14672,D212350
O00329,D212350
P42338,D212350
Q06609,D212350
P43490,D212350
P01911,D212350
P24394,D212350
P06280,D212350
P35225,D212350
O00206,D212350
Q96EB6,D212350
P22301,D212350
Q92831,D212350
P11712,D212350
P06703,D212350
P16152,D212350
Q16698,D212350
P18509,D212350
P01270,D212350
P35625,D212350
Q86VB7,D212350
P48357,D212350
P04637,D212350
P05305,D212350
P00403,D212350
P41597,D212350
Q15759,D212350
P05067,D212350
P23560,D212350
O15392,D212350
P05019,D212350
P09429,D212350
Q02156,D212350
P04792,D212350
Q15116,D212350
Q9NZQ7,D212350
P02647,D212350
P01024,D212350
P40763,D212350
P10636,D212350
P16615,D212350
P40933,D212350
Q12884,D212350
P30411,D212350
P05112,D212350
P05181,D212350
P33261,D212350
P04798,D212350
P05556,D212350
O15440,D212350
P50281,D212350
P11474,D212350
O95622,D212350
P11142,D212350
P45983,D212350
P33981,D212350
Q8IVS2,D212350
P06576,D212350
Q09013,D212350
Q7Z406,D212350
P19784,D212350
P14854,D212350
P01889,D212350
P29597,D212350
P23528,D212350
P61160,D212350
Q16654,D212350
P19105,D212350
P12883,D212350
Q15119,D212350
P04179,D212350
P00558,D212350
O75390,D212350
P36871,D212350
P11226,D212350
P46976,D212350
P30084,D212350
P26572,D212350
P48735,D212350
Q9NTG7,D212350
P29323,D212350
P62258,D212350
P55072,D212350
P55789,D212350
P61587,D212350
P17050,D212350
O14964,D212350
O00187,D212350
P01583,D212350
P18510,D212350
P49765,D212350
P31639,D212350
Q14145,D212350
Q8WXS5,D212350
P04839,D212350
Q9UGI6,D212350
P54646,D212350
Q9UGJ0,D212350
P18847,D212350
Q07021,D212350
P10599,D212350
P60709,D212350
O95718,D212350
P62736,D212350
Q92736,D212350
P60484,D212350
O75880,D212350
P46939,D212350
Q16552,D212350
Q9UQL6,D212350
P07438,D212350
P30626,D212350
O14958,D212350
Q96L12,D212350
P05109,D212350
P10809,D212350
Q16595,D212350
P06702,D212350
P42858,D212350
P00846,D212350
Q14457,D212350
P61604,D212350
P09493,D212350
Q04917,D212350
P15924,D212350
P14923,D212350
P39019,D212350
Q9Y5S1,D212350
Q9HC29,D212350
Q15208,D212350
Q59H18,D212350
Q9BXA7,D212350
Q9UIK4,D212350
P49840,D212350
P52564,D212350
Q13164,D212350
Q32MK0,D212350
P08922,D212350
Q9NRH2,D212350
P63252,D212350
Q8TD43,D212350
P11532,D212350
Q86YN6,D212350
P04114,D212350
P20702,D212350
P16278,D212350
O15123,D212350
P04181,D215470
P10415,D217150
P01137,D217150
P15502,D217150
P24666,D217200
P00738,D217200
P14618,D218200
Q12809,D218200
P10275,D218200
Q9NYK1,D218200
P15692,D218200
P10415,D218200
P00797,D218200
P02766,D218200
O00555,D218200
Q9Y2Z4,D218200
P22303,D218200
P02768,D218200
P04035,D218200
P12235,D218200
P47712,D218200
P01589,D218200
P04278,D218200
P21817,D218200
O43451,D218200
P43681,D218200
P10253,D218200
P02741,D218200
P37840,D218200
P08581,D218200
P08174,D218200
Q9BYF1,D218200
P13500,D218200
P49841,D218200
O60733,D218200
P00750,D218200
P14410,D218200
P13569,D218200
P04040,D218200
P11310,D218200
Q96AZ6,D218200
Q9UQD0,D218200
P11511,D218200
P68133,D218200
P06276,D218200
Q8N142,D218200
Q92769,D218200
P00441,D218200
P01911,D218200
P04637,D218200
P05019,D218200
P04792,D218200
O14793,D218200
Q9NZQ7,D218200
P52209,D218200
Q8IVS2,D218200
Q16134,D218200
Q09013,D218200
P30301,D218200
P20674,D218200
P10176,D218200
Q9H2G2,D218200
P15151,D218200
Q16654,D218200
P12883,D218200
P02144,D218200
P51149,D218200
P46976,D218200
P55072,D218200
Q01082,D218200
P60709,D218200
Q92736,D218200
P25105,D218200
P46939,D218200
P35556,D218200
P12644,D218200
P00846,D218200
P09493,D218200
P06753,D218200
P35858,D218200
Q9H2K8,D218200
P07332,D218200
O15146,D218200
Q9BQB4,D218200
P11532,D218200
P08709,D218800
P02768,D218800
P06132,D218800
O60656,D218800
P22309,D218800
P20823,D218800
P19113,D223350
P35228,D223350
P00519,D223350
P12319,D223350
P00451,D223350
P23219,D223350
P35916,D223350
P17948,D223350
P04049,D223350
P24530,D223350
P20309,D223350
P14780,D223350
P10515,D223350
P11836,D223350
P29475,D223350
Q07869,D223350
P00492,D223350
P12277,D223350
P31358,D223350
P14618,D223350
Q12809,D223350
Q9Y289,D223350
P34972,D223350
P35610,D223350
P07741,D223350
P03372,D223350
P08700,D223350
P69905,D223350
P80365,D223350
P10275,D223350
P13631,D223350
P36888,D223350
P23368,D223350
Q9NYK1,D223350
O43175,D223350
P15692,D223350
P49916,D223350
P20273,D223350
P45381,D223350
P09619,D223350
P10826,D223350
Q09428,D223350
P00747,D223350
P16442,D223350
P37231,D223350
P08243,D223350
P12821,D223350
P55157,D223350
P10415,D223350
P09917,D223350
P14679,D223350
Q9Y478,D223350
P15291,D223350
P49902,D223350
P35354,D223350
P08473,D223350
P13995,D223350
P00797,D223350
P01008,D223350
P16050,D223350
O14727,D223350
P10828,D223350
P00918,D223350
P35520,D223350
P04818,D223350
P08620,D223350
P00374,D223350
P34896,D223350
P00395,D223350
Q9BXJ7,D223350
Q9UM73,D223350
P00740,D223350
P35968,D223350
P54368,D223350
P49069,D223350
Q02127,D223350
P25103,D223350
P60880,D223350
P08246,D223350
P11926,D223350
P19793,D223350
P0DP23,D223350
P00338,D223350
P22303,D223350
P31749,D223350
P42684,D223350
P17516,D223350
P08514,D223350
P10721,D223350
P37023,D223350
Q16739,D223350
P01130,D223350
P35348,D223350
P41180,D223350
P02787,D223350
P04626,D223350
P20701,D223350
P54687,D223350
P25101,D223350
P02768,D223350
P00352,D223350
P14778,D223350
Q04609,D223350
P18089,D223350
P04035,D223350
O43772,D223350
P42330,D223350
P06126,D223350
Q9Y617,D223350
P18031,D223350
Q13085,D223350
P41145,D223350
P15056,D223350
P30085,D223350
P08253,D223350
P14784,D223350
P49788,D223350
P19235,D223350
P01589,D223350
P17181,D223350
P10276,D223350
P24298,D223350
P08235,D223350
P00966,D223350
P20138,D223350
Q13131,D223350
P05230,D223350
P17735,D223350
Q8NFJ5,D223350
Q05932,D223350
P01375,D223350
P06729,D223350
Q99707,D223350
P09601,D223350
P09622,D223350
P11388,D223350
P15121,D223350
P21802,D223350
P19634,D223350
Q9H015,D223350
Q9UBK8,D223350
P00533,D223350
Q07912,D223350
P11473,D223350
P33527,D223350
Q99062,D223350
P04150,D223350
P09488,D223350
Q9Y2Q3,D223350
P09211,D223350
P78417,D223350
P30711,D223350
P22352,D223350
O94925,D223350
P42263,D223350
P12931,D223350
P06239,D223350
P42081,D223350
P33681,D223350
P43681,D223350
P16234,D223350
P07333,D223350
P27487,D223350
P08069,D223350
Q02750,D223350
Q14289,D223350
P05771,D223350
P02741,D223350
P37840,D223350
Q9UKV0,D223350
Q06520,D223350
P16410,D223350
P19440,D223350
Q00535,D223350
P51692,D223350
P26358,D223350
P00749,D223350
O75015,D223350
P12724,D223350
P51681,D223350
P05451,D223350
P08581,D223350
P62993,D223350
P05231,D223350
P61073,D223350
P03956,D223350
P10997,D223350
P28482,D223350
P01574,D223350
P25116,D223350
P27169,D223350
P02778,D223350
P00156,D223350
P07858,D223350
P07225,D223350
P01579,D223350
P02775,D223350
P01189,D223350
P01009,D223350
P01133,D223350
P24158,D223350
P27986,D223350
O75469,D223350
P06730,D223350
P16220,D223350
P49327,D223350
Q12882,D223350
P10145,D223350
P11387,D223350
P17405,D223350
P29074,D223350
P29460,D223350
Q9BYF1,D223350
P01137,D223350
P35222,D223350
P51580,D223350
O14965,D223350
Q99497,D223350
P02788,D223350
P21462,D223350
Q9Y275,D223350
Q00987,D223350
P29965,D223350
P08311,D223350
P09038,D223350
Q13464,D223350
Q16539,D223350
P24385,D223350
P60568,D223350
P08183,D223350
P26951,D223350
P04629,D223350
P05412,D223350
P04275,D223350
P13500,D223350
P01584,D223350
P27361,D223350
O60858,D223350
P49841,D223350
Q9UNQ0,D223350
Q06124,D223350
P24941,D223350
P16581,D223350
P05164,D223350
P01112,D223350
P15144,D223350
P06493,D223350
P80188,D223350
P05362,D223350
P19838,D223350
P01374,D223350
P00750,D223350
P11413,D223350
Q9UM07,D223350
P01138,D223350
P17302,D223350
P21589,D223350
P11021,D223350
P15309,D223350
P06881,D223350
P19367,D223350
P63000,D223350
Q16678,D223350
P16070,D223350
P19320,D223350
P02649,D223350
P07900,D223350
P14210,D223350
Q08345,D223350
P01100,D223350
P02776,D223350
P17252,D223350
P16455,D223350
P48061,D223350
P05106,D223350
P98170,D223350
P32239,D223350
P16109,D223350
P42574,D223350
O60603,D223350
O60760,D223350
P07355,D223350
Q9NR96,D223350
P31751,D223350
P63104,D223350
P04271,D223350
P13726,D223350
P02751,D223350
P15559,D223350
Q08257,D223350
O15439,D223350
P13569,D223350
P25942,D223350
P06744,D223350
Q99808,D223350
P05113,D223350
P68400,D223350
P02743,D223350
P31939,D223350
Q9P2W7,D223350
O75874,D223350
P04183,D223350
P11309,D223350
Q06187,D223350
P43403,D223350
P48736,D223350
P43405,D223350
P17931,D223350
Q13426,D223350
P55055,D223350
Q9Y286,D223350
P49789,D223350
P51151,D223350
P09874,D223350
P53355,D223350
P14174,D223350
P08238,D223350
P22749,D223350
Q96AZ6,D223350
P08637,D223350
P12318,D223350
P31994,D223350
P31995,D223350
P31785,D223350
P27797,D223350
Q07954,D223350
P32927,D223350
P06400,D223350
Q16270,D223350
P11362,D223350
P22607,D223350
P07711,D223350
P09486,D223350
Q6YP21,D223350
P42898,D223350
P06276,D223350
P50750,D223350
Q00534,D223350
P00813,D223350
P11802,D223350
Q9GZT9,D223350
P49336,D223350
Q7L266,D223350
Q07973,D223350
P08263,D223350
Q9NY59,D223350
P23743,D223350
P23284,D223350
Q14832,D223350
P20815,D223350
P10635,D223350
Q13547,D223350
Q92769,D223350
Q9UBN7,D223350
Q2M3G0,D223350
Q16665,D223350
P42336,D223350
O00459,D223350
P78527,D223350
P42345,D223350
P00441,D223350
Q9Y6K9,D223350
P08865,D223350
O14672,D223350
O00329,D223350
P42338,D223350
O60674,D223350
P07949,D223350
Q06609,D223350
P43490,D223350
P27695,D223350
P01911,D223350
Q05655,D223350
Q9H228,D223350
O00206,D223350
P32320,D223350
P16422,D223350
O14746,D223350
P08729,D223350
Q96EB6,D223350
P51686,D223350
P21796,D223350
P10147,D223350
Q96KG9,D223350
P04141,D223350
P22301,D223350
P08684,D223350
Q9NQX3,D223350
P23141,D223350
P31949,D223350
P27707,D223350
P16152,D223350
P15531,D223350
Q16698,D223350
P53041,D223350
Q9Y468,D223350
P18509,D223350
P22392,D223350
Q16769,D223350
P30291,D223350
Q13285,D223350
P48357,D223350
P21926,D223350
Q02763,D223350
P04637,D223350
O96017,D223350
O14757,D223350
P41597,D223350
Q15759,D223350
P05067,D223350
P23560,D223350
Q96GD4,D223350
P15328,D223350
O15392,D223350
Q9NPF7,D223350
P05019,D223350
P55786,D223350
Q92843,D223350
Q92934,D223350
Q96AE4,D223350
P10644,D223350
P09429,D223350
P04792,D223350
O14763,D223350
Q15116,D223350
P40238,D223350
Q9NZQ7,D223350
Q99527,D223350
P01024,D223350
P09693,D223350
P20963,D223350
Q13421,D223350
Q14790,D223350
Q9Y6Q6,D223350
P40763,D223350
Q07011,D223350
P06734,D223350
P01303,D223350
P28908,D223350
P04439,D223350
P40933,D223350
Q9NPC1,D223350
Q15722,D223350
P01308,D223350
P52333,D223350
P17813,D223350
P01127,D223350
P15391,D223350
P15941,D223350
Q07817,D223350
Q07820,D223350
Q00613,D223350
P05112,D223350
P35408,D223350
P56524,D223350
Q8WUI4,D223350
Q06278,D223350
P22309,D223350
P04798,D223350
P20813,D223350
P25024,D223350
P52209,D223350
P05556,D223350
Q9NR33,D223350
O95255,D223350
P09237,D223350
P35869,D223350
P20248,D223350
Q13526,D223350
Q15596,D223350
P53350,D223350
Q13362,D223350
P61626,D223350
P78536,D223350
P13051,D223350
P45984,D223350
Q99933,D223350
P61769,D223350
P24666,D223350
P45983,D223350
P61313,D223350
O75460,D223350
Q14994,D223350
P47985,D223350
P30301,D223350
O14818,D223350
P28072,D223350
P09466,D223350
P19784,D223350
P10176,D223350
P04054,D223350
P41235,D223350
Q16566,D223350
P01116,D223350
P01889,D223350
P23458,D223350
P29597,D223350
Q969V6,D223350
P06396,D223350
P23528,D223350
P15151,D223350
Q12866,D223350
P05187,D223350
P07948,D223350
P78362,D223350
P55196,D223350
P26447,D223350
Q92793,D223350
Q86WA6,D223350
Q15796,D223350
P04179,D223350
P01920,D223350
P08670,D223350
P20472,D223350
P22570,D223350
P11226,D223350
P04053,D223350
P35749,D223350
P09382,D223350
P15813,D223350
P20823,D223350
P51003,D223350
P19883,D223350
P48735,D223350
P49913,D223350
P29323,D223350
P09104,D223350
P11233,D223350
Q6UWN8,D223350
P55072,D223350
Q92993,D223350
O60264,D223350
Q92830,D223350
Q9BZZ2,D223350
Q99873,D223350
Q96I15,D223350
P60953,D223350
Q96QT4,D223350
P01106,D223350
O75330,D223350
Q14542,D223350
Q9UQQ2,D223350
P01583,D223350
P18510,D223350
P11274,D223350
P36507,D223350
P79483,D223350
Q9HAB3,D223350
P02786,D223350
Q9UP52,D223350
Q13315,D223350
P51812,D223350
Q15125,D223350
Q05513,D223350
P04839,D223350
P13498,D223350
P15153,D223350
P54646,D223350
P18848,D223350
P60709,D223350
P63261,D223350
O95259,D223350
P28907,D223350
P17676,D223350
P60484,D223350
Q04206,D223350
P25105,D223350
Q9NYL2,D223350
Q9C0B1,D223350
Q9Y5S8,D223350
P29590,D223350
P04279,D223350
Q16552,D223350
Q99828,D223350
P30626,D223350
Q99653,D223350
P13693,D223350
P0DP24,D223350
P0DP25,D223350
Q96FQ6,D223350
P05109,D223350
P56537,D223350
P60842,D223350
P07288,D223350
Q8TCG2,D223350
Q96RI0,D223350
P31260,D223350
Q16595,D223350
P06702,D223350
O15350,D223350
P42858,D223350
Q92570,D223350
P12644,D223350
Q99623,D223350
Q9UJU2,D223350
P38936,D223350
Q14457,D223350
Q9Y230,D223350
P34932,D223350
Q9Y266,D223350
P60903,D223350
P06753,D223350
P12004,D223350
P04003,D223350
P29622,D223350
P06748,D223350
P39019,D223350
P62753,D223350
Q15942,D223350
Q9Y5S1,D223350
P31391,D223350
Q9HC29,D223350
P22897,D223350
O75533,D223350
P35590,D223350
Q13470,D223350
Q06418,D223350
P30530,D223350
P51813,D223350
O15075,D223350
P19525,D223350
Q9P2K8,D223350
P21709,D223350
P29320,D223350
P07332,D223350
Q9H2X6,D223350
Q9UPZ9,D223350
Q14164,D223350
P51617,D223350
Q5S007,D223350
P29376,D223350
Q13163,D223350
Q13164,D223350
Q7KZI7,D223350
P42679,D223350
Q04912,D223350
O15146,D223350
Q13153,D223350
O75914,D223350
Q86V86,D223350
O00444,D223350
Q13546,D223350
P08922,D223350
Q96BR1,D223350
P01350,D223350
Q15910,D223350
Q99814,D223350
P40259,D223350
O14980,D223350
Q86U10,D223350
Q8IXJ6,D223350
P35232,D223350
Q93086,D223350
Q99572,D223350
P47900,D223350
Q86VZ1,D223350
Q9ULD8,D223350
Q92800,D223350
Q9Y6K1,D223350
P00738,D223350
P41238,D223350
P21860,D223350
Q13574,D223350
P29350,D223350
Q96ER9,D223350
P55211,D223350
P16278,D223350
Q9UBC3,D223350
Q02223,D223350
O15123,D223350
P35228,D225740
Q13423,D225740
P02452,D225740
P04049,D225740
P24530,D225740
P14780,D225740
P21554,D225740
P30556,D225740
P29475,D225740
Q07869,D225740
Q12809,D225740
O75380,D225740
O76082,D225740
P07741,D225740
P05091,D225740
P19404,D225740
P15692,D225740
P20132,D225740
P37288,D225740
P08588,D225740
P31040,D225740
P23786,D225740
O76074,D225740
Q8WTV0,D225740
Q14524,D225740
Q15046,D225740
P37231,D225740
P12821,D225740
P55157,D225740
P06858,D225740
P05121,D225740
Q9Y478,D225740
P40939,D225740
P35354,D225740
P29474,D225740
P08473,D225740
P00797,D225740
P30518,D225740
P49588,D225740
Q00796,D225740
O75251,D225740
P00918,D225740
P00395,D225740
P02766,D225740
P25098,D225740
P35968,D225740
P48029,D225740
P25103,D225740
P50416,D225740
P04083,D225740
P00338,D225740
P31749,D225740
P30988,D225740
P42684,D225740
O15528,D225740
P29466,D225740
O60706,D225740
Q16718,D225740
P16473,D225740
P35348,D225740
P03886,D225740
P41180,D225740
P04626,D225740
P25101,D225740
P17174,D225740
P02671,D225740
P03905,D225740
Q12791,D225740
P16066,D225740
P12235,D225740
Q13085,D225740
Q9Y233,D225740
P19429,D225740
P01589,D225740
P08235,D225740
P51787,D225740
Q13131,D225740
P07550,D225740
P01375,D225740
P05141,D225740
P25100,D225740
O75306,D225740
P09601,D225740
P12081,D225740
P15121,D225740
P19634,D225740
P00439,D225740
P00533,D225740
P22033,D225740
P11473,D225740
Q9Y2Q3,D225740
P22352,D225740
O43451,D225740
P30559,D225740
P27487,D225740
P01031,D225740
P08069,D225740
Q02750,D225740
P05771,D225740
P10253,D225740
P02741,D225740
P22557,D225740
P49747,D225740
P51681,D225740
P05231,D225740
P61073,D225740
P03956,D225740
P28482,D225740
P29274,D225740
P27169,D225740
P02778,D225740
P00156,D225740
P07858,D225740
P07339,D225740
P01579,D225740
P01189,D225740
P49888,D225740
Q12882,D225740
P17405,D225740
P16860,D225740
P29460,D225740
Q9BYF1,D225740
P01137,D225740
P35222,D225740
P32418,D225740
Q9Y6L6,D225740
Q03181,D225740
P13945,D225740
P62937,D225740
Q13464,D225740
P01042,D225740
Q16539,D225740
P63316,D225740
P08183,D225740
P23946,D225740
P13500,D225740
P01584,D225740
P01019,D225740
P27361,D225740
Q9UNQ0,D225740
Q06124,D225740
P24941,D225740
P05164,D225740
P15144,D225740
P80188,D225740
P05362,D225740
P11413,D225740
P23297,D225740
P06870,D225740
P01138,D225740
P17302,D225740
P11021,D225740
P63000,D225740
P17213,D225740
P02649,D225740
P07900,D225740
P14210,D225740
P17252,D225740
P22061,D225740
P48745,D225740
P16109,D225740
P42574,D225740
O60603,D225740
O60760,D225740
Q9NR96,D225740
P31751,D225740
P14410,D225740
P04271,D225740
P13569,D225740
P22455,D225740
P04040,D225740
P02743,D225740
P68363,D225740
P11309,D225740
P48736,D225740
P17931,D225740
P30405,D225740
P09874,D225740
P14174,D225740
P34096,D225740
Q96AZ6,D225740
P32119,D225740
O00408,D225740
P11511,D225740
P27797,D225740
P05154,D225740
P02461,D225740
P07711,D225740
P09486,D225740
Q96EN8,D225740
Q96DP5,D225740
O00519,D225740
P47989,D225740
P50750,D225740
Q9H6Z9,D225740
P27708,D225740
O14521,D225740
P21912,D225740
Q5JTZ9,D225740
O43766,D225740
P10635,D225740
Q92769,D225740
Q9UBN7,D225740
Q16665,D225740
P42336,D225740
P42345,D225740
O14672,D225740
O00329,D225740
P42338,D225740
Q06609,D225740
P43490,D225740
P01911,D225740
P24394,D225740
P06280,D225740
P35225,D225740
O00206,D225740
Q96EB6,D225740
P22301,D225740
Q92831,D225740
P11712,D225740
P06703,D225740
P16152,D225740
Q16698,D225740
P18509,D225740
P01270,D225740
P35625,D225740
Q86VB7,D225740
P48357,D225740
P04637,D225740
P05305,D225740
P00403,D225740
P41597,D225740
Q15759,D225740
P05067,D225740
P23560,D225740
O15392,D225740
P05019,D225740
P09429,D225740
Q02156,D225740
P04792,D225740
Q15116,D225740
Q9NZQ7,D225740
P02647,D225740
P01024,D225740
P40763,D225740
P10636,D225740
P16615,D225740
P40933,D225740
Q12884,D225740
P30411,D225740
P05112,D225740
P05181,D225740
P33261,D225740
P04798,D225740
P05556,D225740
O15440,D225740
P50281,D225740
P11474,D225740
O95622,D225740
P11142,D225740
P45983,D225740
P33981,D225740
Q8IVS2,D225740
P06576,D225740
Q09013,D225740
Q7Z406,D225740
P19784,D225740
P14854,D225740
P01889,D225740
P29597,D225740
P23528,D225740
P61160,D225740
Q16654,D225740
P19105,D225740
P12883,D225740
Q15119,D225740
P04179,D225740
P00558,D225740
O75390,D225740
P36871,D225740
P11226,D225740
P46976,D225740
P30084,D225740
P26572,D225740
P48735,D225740
Q9NTG7,D225740
P29323,D225740
P62258,D225740
P55072,D225740
P55789,D225740
P61587,D225740
P17050,D225740
O14964,D225740
O00187,D225740
P01583,D225740
P18510,D225740
P49765,D225740
P31639,D225740
Q14145,D225740
Q8WXS5,D225740
P04839,D225740
Q9UGI6,D225740
P54646,D225740
Q9UGJ0,D225740
P18847,D225740
Q07021,D225740
P10599,D225740
P60709,D225740
O95718,D225740
P62736,D225740
Q92736,D225740
P60484,D225740
O75880,D225740
P46939,D225740
Q16552,D225740
Q9UQL6,D225740
P07438,D225740
P30626,D225740
O14958,D225740
Q96L12,D225740
P05109,D225740
P10809,D225740
Q16595,D225740
P06702,D225740
P42858,D225740
P00846,D225740
Q14457,D225740
P61604,D225740
P09493,D225740
Q04917,D225740
P15924,D225740
P14923,D225740
P39019,D225740
Q9Y5S1,D225740
Q9HC29,D225740
Q15208,D225740
Q59H18,D225740
Q9BXA7,D225740
Q9UIK4,D225740
P49840,D225740
P52564,D225740
Q13164,D225740
Q32MK0,D225740
P08922,D225740
Q9NRH2,D225740
P63252,D225740
Q8TD43,D225740
P11532,D225740
Q86YN6,D225740
P04114,D225740
P20702,D225740
P16278,D225740
O15123,D225740
P50213,D225755
O95363,D225755
Q9UBM7,D225755
Q9Y234,D225755
P00734,D225755
Q07869,D225755
P19404,D225755
P35498,D225755
Q9H3S4,D225755
P00387,D225755
O43175,D225755
P15692,D225755
P31040,D225755
P23786,D225755
Q9Y619,D225755
P08243,D225755
P12821,D225755
P26640,D225755
P05121,D225755
P30531,D225755
Q9UJS0,D225755
P00480,D225755
P00918,D225755
P04818,D225755
P02766,D225755
O00555,D225755
Q9UM73,D225755
Q05586,D225755
P00505,D225755
Q00266,D225755
Q13224,D225755
P55017,D225755
P22303,D225755
P31644,D225755
P28331,D225755
O43181,D225755
P03886,D225755
P41180,D225755
P34903,D225755
P02768,D225755
O43772,D225755
P03915,D225755
P40925,D225755
Q9Y617,D225755
P07101,D225755
P15056,D225755
P24298,D225755
P00966,D225755
P01375,D225755
Q99707,D225755
Q12879,D225755
P11473,D225755
P14867,D225755
P09488,D225755
P07333,D225755
P37840,D225755
P43004,D225755
P16410,D225755
O43526,D225755
P01023,D225755
P05231,D225755
P29274,D225755
P01574,D225755
P01579,D225755
P01189,D225755
P01009,D225755
P10145,D225755
O95831,D225755
P01137,D225755
P08183,D225755
P13500,D225755
P01584,D225755
P43005,D225755
P30793,D225755
P11166,D225755
O60858,D225755
Q9UNQ0,D225755
P05164,D225755
P23297,D225755
P04156,D225755
P02649,D225755
P19438,D225755
P00450,D225755
P42574,D225755
O60760,D225755
P04271,D225755
P28161,D225755
P04350,D225755
P32119,D225755
Q99250,D225755
P35499,D225755
Q9UQD0,D225755
P02679,D225755
Q8TD30,D225755
Q9HD40,D225755
P06276,D225755
Q9BW92,D225755
Q5JTZ9,D225755
O43766,D225755
Q7L3T8,D225755
P28472,D225755
P42345,D225755
O43525,D225755
Q9NR82,D225755
Q06609,D225755
O00206,D225755
P04141,D225755
P22301,D225755
P11509,D225755
P41597,D225755
P05067,D225755
P15328,D225755
P10644,D225755
P09429,D225755
P15941,D225755
P49674,D225755
P05186,D225755
P20813,D225755
P38606,D225755
P18507,D225755
P78536,D225755
Q15078,D225755
Q14994,D225755
P01889,D225755
Q9BY32,D225755
P68104,D225755
P50897,D225755
P49411,D225755
O00142,D225755
P16389,D225755
Q14721,D225755
P48547,D225755
P01583,D225755
P04839,D225755
P50993,D225755
P13637,D225755
Q8TAB3,D225755
O75880,D225755
Q16552,D225755
P43652,D225755
F7VJQ1,D225755
Q16595,D225755
P04003,D225755
Q14624,D225755
Q8NI60,D225755
Q9Y6K1,D225755
O15123,D225755
P15502,D226000
P12883,D226000
P24530,D226150
P15692,D226150
P09917,D226150
Q9UKU7,D226150
Q9H015,D226150
P16410,D226150
P10145,D226150
P01137,D226150
P01584,D226150
P05362,D226150
P01911,D226150
P03952,D226150
P22301,D226150
P05019,D226150
Q6UWN8,D226150
P01583,D226150
P18848,D226150
Q16552,D226150
P63244,D226150
P29622,D226150
Q9HC29,D226150
P06307,D226150
P00451,D227300
P12259,D227300
P49257,D227300
Q8NI22,D227300
P10176,D227300
P30613,D230450
P00734,D230450
P69905,D230450
P48506,D230450
P48637,D230450
P16442,D230450
P35354,D230450
P14207,D230450
P49189,D230450
O95479,D230450
Q16739,D230450
P48507,D230450
P68871,D230450
Q01959,D230450
P00390,D230450
P09601,D230450
Q9Y2Q3,D230450
P22557,D230450
P01023,D230450
P08174,D230450
P29965,D230450
P04275,D230450
P11166,D230450
P11413,D230450
P19367,D230450
P00450,D230450
O60760,D230450
P13726,D230450
Q08257,D230450
P06744,D230450
P04075,D230450
P32119,D230450
P08637,D230450
P42898,D230450
P00813,D230450
P09467,D230450
Q16698,D230450
P00403,D230450
P15328,D230450
Q96AE4,D230450
P01563,D230450
P01024,D230450
P20963,D230450
P22309,D230450
P60174,D230450
P01116,D230450
Q9BY32,D230450
P00558,D230450
O60264,D230450
P02786,D230450
Q06830,D230450
P05109,D230450
P08603,D230450
P21333,D230450
P39019,D230450
Q9BQI3,D230450
P00738,D230450
Q02223,D230450
P30613,D230800
P15692,D230800
P45381,D230800
P12821,D230800
P00740,D230800
Q16739,D230800
P01589,D230800
P01375,D230800
P02818,D230800
P11473,D230800
O43451,D230800
P01031,D230800
P37840,D230800
Q9UKV0,D230800
O75015,D230800
P51681,D230800
P05231,D230800
P61073,D230800
P28482,D230800
P25116,D230800
P07858,D230800
P07339,D230800
O75469,D230800
P17405,D230800
P04062,D230800
P35222,D230800
Q16539,D230800
P13500,D230800
Q13231,D230800
P07900,D230800
P02774,D230800
P07602,D230800
P14410,D230800
P13569,D230800
P02743,D230800
P25774,D230800
Q96AZ6,D230800
P08637,D230800
P42898,D230800
P06280,D230800
P10147,D230800
P15289,D230800
P07998,D230800
P43235,D230800
P04792,D230800
Q14956,D230800
O60656,D230800
P22309,D230800
P33981,D230800
P15813,D230800
P50897,D230800
P49913,D230800
Q9HAB3,D230800
O60502,D230800
P34932,D230800
Q13546,D230800
P51679,D230800
P16278,D230800
P51843,D231090
P02792,D231090
P15692,D231090
P16442,D231090
P37231,D231090
P10415,D231090
P31749,D231090
P04626,D231090
P07101,D231090
P08253,D231090
P00533,D231090
P07333,D231090
P01133,D231090
P11021,D231090
P04183,D231090
P00813,D231090
Q6TGC4,D231090
P01911,D231090
O14746,D231090
P31350,D231090
P04141,D231090
P15531,D231090
P35625,D231090
P04637,D231090
P05305,D231090
P23560,D231090
P05019,D231090
Q13233,D231090
Q9NZQ7,D231090
P40763,D231090
P04439,D231090
Q07820,D231090
P05556,D231090
P09466,D231090
P09382,D231090
P13611,D231090
P28065,D231090
P60484,D231090
O75838,D231090
Q15238,D231090
P38936,D231090
Q16518,D231090
P22897,D231090
Q13153,D231090
P04114,D231090
P00734,D231200
P08514,D231200
P29466,D231200
P07202,D231200
P21817,D231200
P21802,D231200
P14770,D231200
P28482,D231200
Q16539,D231200
P03951,D231200
P07359,D231200
P04275,D231200
P01584,D231200
P04156,D231200
P02776,D231200
P05106,D231200
P02751,D231200
P32119,D231200
P24394,D231200
P01024,D231200
P05556,D231200
F7VJQ1,D231200
P04003,D231200
P35579,D231200
P30613,D231900
P00734,D231900
P69905,D231900
P48506,D231900
P48637,D231900
P16442,D231900
P35354,D231900
P14207,D231900
P49189,D231900
O95479,D231900
Q16739,D231900
P48507,D231900
P68871,D231900
Q01959,D231900
P00390,D231900
P09601,D231900
Q9Y2Q3,D231900
P22557,D231900
P01023,D231900
P08174,D231900
P29965,D231900
P04275,D231900
P11166,D231900
P11413,D231900
P19367,D231900
P00450,D231900
O60760,D231900
P13726,D231900
Q08257,D231900
P06744,D231900
P04075,D231900
P32119,D231900
P08637,D231900
P42898,D231900
P00813,D231900
P09467,D231900
Q16698,D231900
P00403,D231900
P15328,D231900
Q96AE4,D231900
P01563,D231900
P01024,D231900
P20963,D231900
P22309,D231900
P60174,D231900
P01116,D231900
Q9BY32,D231900
P00558,D231900
O60264,D231900
P02786,D231900
Q06830,D231900
P05109,D231900
P08603,D231900
P21333,D231900
P39019,D231900
Q9BQI3,D231900
P00738,D231900
Q02223,D231900
P35228,D233810
P12319,D233810
P35916,D233810
P30273,D233810
P14780,D233810
P11836,D233810
P29475,D233810
Q07869,D233810
P35610,D233810
P49419,D233810
Q9H3N8,D233810
O43175,D233810
P15692,D233810
P00747,D233810
P16442,D233810
P37231,D233810
P20061,D233810
P10415,D233810
P14679,D233810
O76054,D233810
P35354,D233810
P29474,D233810
P08473,D233810
Q13258,D233810
P16050,D233810
P21549,D233810
P00918,D233810
P28845,D233810
P00395,D233810
P25103,D233810
Q9GZT4,D233810
Q16719,D233810
P04083,D233810
P31749,D233810
O15528,D233810
P29466,D233810
P37023,D233810
Q07343,D233810
P04626,D233810
P02768,D233810
P00352,D233810
P42330,D233810
P06126,D233810
P14784,D233810
P01589,D233810
P24298,D233810
P14902,D233810
P01375,D233810
Q9Y271,D233810
Q13946,D233810
P15260,D233810
P31645,D233810
P21731,D233810
P00533,D233810
P35372,D233810
P11473,D233810
P04150,D233810
P09488,D233810
Q9Y2Q3,D233810
P09211,D233810
P30711,D233810
P42081,D233810
P33681,D233810
P43681,D233810
P27487,D233810
P02741,D233810
P16410,D233810
O60427,D233810
P51692,D233810
P26358,D233810
P12724,D233810
P05231,D233810
P61073,D233810
P28482,D233810
P02763,D233810
P08174,D233810
P02778,D233810
P01579,D233810
P02775,D233810
P01189,D233810
Q6W5P4,D233810
P20333,D233810
P01009,D233810
P01133,D233810
P27986,D233810
O75469,D233810
P10145,D233810
P13501,D233810
P29460,D233810
P01137,D233810
P02788,D233810
Q16539,D233810
Q8NER1,D233810
P06850,D233810
P60568,D233810
P08183,D233810
P23946,D233810
P04629,D233810
P05412,D233810
P11168,D233810
P13500,D233810
P01584,D233810
Q9UNQ0,D233810
P16581,D233810
P05164,D233810
Q15111,D233810
P80188,D233810
P05362,D233810
P19838,D233810
P01374,D233810
P23297,D233810
P06870,D233810
P01138,D233810
P19320,D233810
O75762,D233810
P01100,D233810
P02776,D233810
P27815,D233810
Q16348,D233810
P19438,D233810
P16109,D233810
O60603,D233810
O60760,D233810
Q9NR96,D233810
P63104,D233810
P04271,D233810
P13726,D233810
P02751,D233810
Q7Z2W7,D233810
P25942,D233810
P08842,D233810
P05113,D233810
Q08188,D233810
Q08499,D233810
Q9NP99,D233810
P10153,D233810
P43403,D233810
P43405,D233810
Q08881,D233810
P68371,D233810
P35030,D233810
Q92876,D233810
Q9Y286,D233810
P14174,D233810
O60911,D233810
Q96AZ6,D233810
Q01362,D233810
P42898,D233810
P27338,D233810
P00813,D233810
P30520,D233810
O95864,D233810
Q07973,D233810
P10635,D233810
P42345,D233810
P08865,D233810
O14672,D233810
O60674,D233810
P01911,D233810
P24394,D233810
Q14627,D233810
P50135,D233810
P35225,D233810
O00206,D233810
Q96EB6,D233810
P10147,D233810
Q86US8,D233810
P04141,D233810
P22301,D233810
P42768,D233810
P31949,D233810
P25311,D233810
P08887,D233810
P80075,D233810
Q96CD2,D233810
P01270,D233810
Q16769,D233810
Q86VB7,D233810
P04637,D233810
P05305,D233810
P00403,D233810
P41597,D233810
P51671,D233810
P23560,D233810
Q9NZ42,D233810
Q9NPF7,D233810
Q8NET8,D233810
P09429,D233810
P20963,D233810
Q14790,D233810
Q9Y6Q6,D233810
P40763,D233810
P06734,D233810
Q01344,D233810
P28908,D233810
P40933,D233810
Q15722,D233810
P52333,D233810
Q12884,D233810
P05112,D233810
O60656,D233810
P52209,D233810
Q9Y5Y4,D233810
P35869,D233810
P78536,D233810
P31151,D233810
Q9NZK7,D233810
P36897,D233810
P45983,D233810
P60174,D233810
P09466,D233810
P09668,D233810
P04054,D233810
P23458,D233810
P29597,D233810
P49862,D233810
P11684,D233810
P29508,D233810
P11226,D233810
P09382,D233810
P49913,D233810
P35398,D233810
P29323,D233810
Q6UWN8,D233810
P62258,D233810
P01106,D233810
P01583,D233810
P18510,D233810
P57059,D233810
Q14573,D233810
O95718,D233810
Q04206,D233810
P06733,D233810
O60502,D233810
Q16552,D233810
P34998,D233810
P13693,D233810
P05109,D233810
P06702,D233810
Q9UEW3,D233810
P34932,D233810
P04264,D233810
P13645,D233810
Q86YZ3,D233810
P01591,D233810
P02533,D233810
P08779,D233810
Q92945,D233810
P46940,D233810
P06748,D233810
Q16518,D233810
Q02083,D233810
Q9HC29,D233810
P22897,D233810
P51813,D233810
Q9Y616,D233810
O95835,D233810
O15146,D233810
P08922,D233810
Q92482,D233810
Q99814,D233810
P51679,D233810
P41222,D233810
Q9Y6K1,D233810
P29350,D233810
P16278,D233810
O15123,D233810
P00519,D236000
P35916,D236000
P14780,D236000
P21554,D236000
P11836,D236000
P35610,D236000
P51606,D236000
P08700,D236000
P10275,D236000
P15692,D236000
O76074,D236000
P12821,D236000
P06858,D236000
P05121,D236000
P10415,D236000
P09917,D236000
O76054,D236000
P35354,D236000
P13995,D236000
P00797,D236000
P16050,D236000
P49286,D236000
P02766,D236000
Q9UM73,D236000
P35968,D236000
P48029,D236000
P60880,D236000
P08246,D236000
P19793,D236000
Q14626,D236000
P04083,D236000
P31749,D236000
P30988,D236000
P08514,D236000
P10721,D236000
P37023,D236000
P01130,D236000
P41180,D236000
P04626,D236000
P48039,D236000
P20701,D236000
P02768,D236000
P04406,D236000
P35462,D236000
P18031,D236000
P68871,D236000
P15056,D236000
P08253,D236000
P14784,D236000
P19429,D236000
P01589,D236000
P24298,D236000
P04278,D236000
P14902,D236000
P11498,D236000
P01375,D236000
P02818,D236000
P09601,D236000
P12081,D236000
P11388,D236000
P21802,D236000
P11473,D236000
P33527,D236000
Q92731,D236000
P09488,D236000
Q9Y2Q3,D236000
P09211,D236000
P30711,D236000
Q13255,D236000
P42081,D236000
P33681,D236000
P16234,D236000
P27487,D236000
P43220,D236000
P02741,D236000
Q9UKV0,D236000
P16410,D236000
P51692,D236000
P00749,D236000
O75015,D236000
P30044,D236000
P51681,D236000
P08581,D236000
P05231,D236000
P61073,D236000
P28482,D236000
P27169,D236000
P02778,D236000
P07225,D236000
P01579,D236000
Q6W5P4,D236000
P20333,D236000
P27986,D236000
P06730,D236000
P16220,D236000
P10145,D236000
Q04760,D236000
P13501,D236000
P29460,D236000
Q9BYF1,D236000
P01137,D236000
P35222,D236000
Q9Y275,D236000
Q16853,D236000
Q00987,D236000
P29965,D236000
P09038,D236000
P24385,D236000
P60568,D236000
P08183,D236000
P26951,D236000
P05412,D236000
P04275,D236000
P13500,D236000
P01584,D236000
P27361,D236000
O60858,D236000
Q06124,D236000
P24941,D236000
P05362,D236000
P19838,D236000
P01374,D236000
P01138,D236000
P15309,D236000
P16070,D236000
P02649,D236000
P14210,D236000
Q08345,D236000
P01100,D236000
P02776,D236000
P19438,D236000
P02774,D236000
P16455,D236000
P48061,D236000
P05106,D236000
P98170,D236000
P42574,D236000
O60760,D236000
Q9NR96,D236000
P41594,D236000
P25942,D236000
P08842,D236000
Q99808,D236000
P80511,D236000
P05113,D236000
Q9P2W7,D236000
P11309,D236000
Q06187,D236000
P43403,D236000
P48736,D236000
P17931,D236000
P35030,D236000
Q9Y286,D236000
P49789,D236000
P37173,D236000
Q96AZ6,D236000
P32119,D236000
P08637,D236000
P27797,D236000
P05154,D236000
Q16270,D236000
P22607,D236000
P42898,D236000
P21397,D236000
P11802,D236000
P08263,D236000
Q13547,D236000
Q9UBN7,D236000
Q16665,D236000
P42336,D236000
O00459,D236000
Q92569,D236000
P42345,D236000
Q00653,D236000
O14672,D236000
O00329,D236000
P42338,D236000
O60674,D236000
P07949,D236000
P43490,D236000
P01911,D236000
P24394,D236000
Q14627,D236000
P35225,D236000
O00206,D236000
Q01726,D236000
O14746,D236000
P05155,D236000
Q96EB6,D236000
P07237,D236000
P10147,D236000
Q96KG9,D236000
P04141,D236000
P22301,D236000
P39905,D236000
P08684,D236000
P11712,D236000
P08887,D236000
P80075,D236000
P15531,D236000
Q16698,D236000
P01270,D236000
Q86VB7,D236000
P04637,D236000
O96017,D236000
O14757,D236000
P00403,D236000
P51671,D236000
P23560,D236000
O15392,D236000
Q96BI3,D236000
P05019,D236000
Q92843,D236000
Q92934,D236000
P10644,D236000
P09429,D236000
O14793,D236000
Q15116,D236000
Q9NZQ7,D236000
P01563,D236000
P20963,D236000
P40763,D236000
Q07011,D236000
P06734,D236000
P25963,D236000
P28908,D236000
P04439,D236000
P15391,D236000
P15941,D236000
Q07817,D236000
Q07820,D236000
P11597,D236000
P05112,D236000
P22309,D236000
O95255,D236000
Q9NPD5,D236000
P53350,D236000
P61769,D236000
Q13133,D236000
Q14994,D236000
P09466,D236000
Q9HCD5,D236000
P01116,D236000
P01889,D236000
Q15375,D236000
P23458,D236000
P08758,D236000
Q969V6,D236000
Q96GR2,D236000
O00182,D236000
P01920,D236000
P08670,D236000
P20472,D236000
O43169,D236000
P11226,D236000
P09382,D236000
Q9NPH2,D236000
P51003,D236000
P29323,D236000
P62258,D236000
P55789,D236000
O14964,D236000
P47898,D236000
P01106,D236000
P01583,D236000
P28065,D236000
P11274,D236000
P04731,D236000
P02795,D236000
P01903,D236000
P02786,D236000
Q13315,D236000
O95644,D236000
P18846,D236000
Q5JVS0,D236000
P60709,D236000
P28907,D236000
P60484,D236000
P09936,D236000
P29590,D236000
P08493,D236000
Q16552,D236000
Q969S8,D236000
Q96DB2,D236000
P07438,D236000
P04732,D236000
P04733,D236000
P13640,D236000
P80294,D236000
Q8N339,D236000
P80297,D236000
Q99828,D236000
P13693,D236000
P02656,D236000
P15880,D236000
P23246,D236000
O15350,D236000
P42858,D236000
P38936,D236000
Q9NR28,D236000
P34932,D236000
P12004,D236000
P02765,D236000
P10909,D236000
Q86YZ3,D236000
Q92945,D236000
P21333,D236000
P06748,D236000
P39019,D236000
Q02083,D236000
P22897,D236000
O75533,D236000
Q9UIK4,D236000
P29320,D236000
Q14164,D236000
Q13164,D236000
O75914,D236000
Q15910,D236000
Q9BQB4,D236000
P40259,D236000
O14980,D236000
P51679,D236000
P04114,D236000
P00738,D236000
Q02223,D236000
O15123,D236000
P33527,D237500
P27487,D237500
Q9UNQ0,D237500
Q92887,D237500
P80511,D237500
O95255,D237500
P35241,D237500
P06858,D238800
P54278,D238800
P22897,D238800
P13688,D239350
P37231,D239350
P00797,D239350
P34896,D239350
P00325,D239350
O15528,D239350
P02768,D239350
P02818,D239350
P11473,D239350
P02741,D239350
P05231,D239350
P01137,D239350
P11362,D239350
Q07973,D239350
Q9NY59,D239350
Q96EB6,D239350
P01270,D239350
P04637,D239350
P05305,D239350
Q03431,D239350
P19099,D239350
P63092,D239350
P78536,D239350
P42892,D239350
P60709,D239350
P09936,D239350
P12644,D239350
Q9BQB4,D239350
P48764,D239350
P01375,D240400
P00738,D240400
P51843,D241100
P10275,D241100
P22888,D241100
P29120,D241100
P48357,D241100
Q969F8,D241100
P55017,D243200
P29972,D243200
P04141,D243200
P09429,D243200
P25024,D243200
P09104,D243200
P60484,D243200
Q16552,D243200
P36955,D243200
P01011,D243200
P35228,D246300
P80365,D246300
P15692,D246300
P35968,D246300
P04083,D246300
P01130,D246300
P04626,D246300
Q9UKU7,D246300
Q13085,D246300
P01589,D246300
P01375,D246300
P11388,D246300
P11473,D246300
P09488,D246300
P16410,D246300
P35558,D246300
P51681,D246300
P05231,D246300
P25116,D246300
P02778,D246300
P01579,D246300
O75469,D246300
P29460,D246300
P01137,D246300
P29965,D246300
P60568,D246300
P01584,D246300
P01374,D246300
P23297,D246300
P01138,D246300
P02649,D246300
O60603,D246300
P07355,D246300
P04271,D246300
P25942,D246300
P17931,D246300
P37173,D246300
Q96AZ6,D246300
P11511,D246300
P48147,D246300
P06276,D246300
O14521,D246300
Q16665,D246300
P01911,D246300
P35225,D246300
O00206,D246300
P10147,D246300
P22301,D246300
P06703,D246300
P41597,D246300
P05019,D246300
Q9NZQ7,D246300
P02647,D246300
Q14790,D246300
P40763,D246300
Q01344,D246300
P04439,D246300
P40933,D246300
P05112,D246300
P05181,D246300
P36897,D246300
P09466,D246300
P13073,D246300
P01889,D246300
O60218,D246300
P04179,D246300
P01920,D246300
P11226,D246300
Q13838,D246300
O00187,D246300
P01583,D246300
P18510,D246300
P13762,D246300
Q9HAB3,D246300
P63261,D246300
Q16552,D246300
P10809,D246300
P61604,D246300
P08603,D246300
O75636,D246300
P01011,D246300
P21333,D246300
Q9HC29,D246300
P22897,D246300
Q5S007,D246300
O43353,D246300
P04181,D246400
P01127,D246400
P19113,D246470
Q9UI32,D246470
P35228,D246470
P00519,D246470
P23219,D246470
P35626,D246470
P35916,D246470
P02452,D246470
P17948,D246470
Q9UBM7,D246470
P04049,D246470
P29401,D246470
P20309,D246470
Q9H2X9,D246470
P14780,D246470
P21554,D246470
P49591,D246470
P11836,D246470
P29475,D246470
P07195,D246470
P24752,D246470
O15496,D246470
Q07869,D246470
P51843,D246470
P10912,D246470
P00492,D246470
P12277,D246470
P14618,D246470
Q12809,D246470
Q969P6,D246470
Q9NS75,D246470
P35610,D246470
O76082,D246470
P13688,D246470
P51606,D246470
Q9H244,D246470
P21673,D246470
P06746,D246470
P07741,D246470
Q16647,D246470
O95477,D246470
P03372,D246470
P80365,D246470
P10275,D246470
P05091,D246470
P49419,D246470
P15692,D246470
P48506,D246470
O95298,D246470
O76074,D246470
P56937,D246470
P48637,D246470
Q14524,D246470
Q15046,D246470
P30968,D246470
P09619,D246470
P10826,D246470
P00747,D246470
P30825,D246470
P37231,D246470
P98194,D246470
P12821,D246470
P05121,D246470
P29275,D246470
P10415,D246470
P09917,D246470
P00491,D246470
P14679,D246470
Q9Y478,D246470
O76054,D246470
P35354,D246470
P08473,D246470
P00797,D246470
P05089,D246470
P34897,D246470
Q02641,D246470
P31153,D246470
P16050,D246470
P02753,D246470
P35520,D246470
P04818,D246470
P23921,D246470
P08620,D246470
P00374,D246470
P34896,D246470
P08709,D246470
P00395,D246470
Q9NR19,D246470
P35968,D246470
P23945,D246470
P08246,D246470
P02794,D246470
P00325,D246470
P32238,D246470
P11926,D246470
P51659,D246470
P19793,D246470
P0DP23,D246470
P00338,D246470
P31749,D246470
P08514,D246470
O15528,D246470
P30872,D246470
P10721,D246470
P00326,D246470
P30837,D246470
Q07343,D246470
Q9Y5K3,D246470
P43155,D246470
P01130,D246470
P35348,D246470
P41180,D246470
P04626,D246470
P28329,D246470
P04424,D246470
P25101,D246470
P47871,D246470
Q12797,D246470
P02768,D246470
P22748,D246470
P04406,D246470
P15428,D246470
P00352,D246470
P14778,D246470
Q16878,D246470
P18089,D246470
P04035,D246470
P47895,D246470
P13612,D246470
P48163,D246470
Q9UKU7,D246470
P48507,D246470
P49585,D246470
P11586,D246470
P18031,D246470
Q13085,D246470
P15056,D246470
Q8TDS4,D246470
P30085,D246470
P33121,D246470
P08253,D246470
P49788,D246470
P47712,D246470
P08235,D246470
P51787,D246470
Q16671,D246470
Q13131,D246470
O14842,D246470
P05230,D246470
P14902,D246470
Q8NFJ5,D246470
Q05932,D246470
P01375,D246470
Q9Y271,D246470
P48443,D246470
P15260,D246470
Q03405,D246470
P30838,D246470
P02818,D246470
Q99707,D246470
P09601,D246470
P09622,D246470
P12081,D246470
P11388,D246470
P15121,D246470
P21802,D246470
Q9UBK8,D246470
P00533,D246470
P22033,D246470
O95470,D246470
P11473,D246470
P33527,D246470
P32929,D246470
Q92731,D246470
P04150,D246470
P14867,D246470
P09488,D246470
Q9Y2Q3,D246470
P09211,D246470
P78417,D246470
P07203,D246470
P18283,D246470
P30711,D246470
P22352,D246470
O94925,D246470
P12931,D246470
P07947,D246470
P29317,D246470
P06239,D246470
P33681,D246470
P43681,D246470
P16234,D246470
P27487,D246470
P43220,D246470
P08069,D246470
Q02750,D246470
Q14289,D246470
P05771,D246470
P02741,D246470
P29972,D246470
Q9UKV0,D246470
P43004,D246470
Q06520,D246470
P16410,D246470
O60427,D246470
Q00535,D246470
P51692,D246470
P26358,D246470
P00749,D246470
P10696,D246470
P49747,D246470
P30044,D246470
P12724,D246470
P01023,D246470
P51681,D246470
P05451,D246470
P08581,D246470
P05231,D246470
P61073,D246470
P03956,D246470
P28482,D246470
P01574,D246470
P50225,D246470
P25116,D246470
P52961,D246470
P02778,D246470
P07858,D246470
P07339,D246470
P01579,D246470
P02775,D246470
P01189,D246470
Q6W5P4,D246470
P20333,D246470
P49888,D246470
P01133,D246470
P27986,D246470
O75469,D246470
P06730,D246470
P16220,D246470
P49327,D246470
Q12882,D246470
P10145,D246470
Q04760,D246470
O95831,D246470
P45452,D246470
P10646,D246470
P05120,D246470
P17936,D246470
P11387,D246470
P17405,D246470
P13501,D246470
P35568,D246470
P01137,D246470
P35222,D246470
P51580,D246470
O14965,D246470
Q99497,D246470
P02788,D246470
O60488,D246470
Q00987,D246470
Q9Y6L6,D246470
P29965,D246470
Q03181,D246470
P47929,D246470
P09038,D246470
Q13464,D246470
Q16539,D246470
P06850,D246470
P24385,D246470
P60568,D246470
P98160,D246470
P08183,D246470
P22830,D246470
P21980,D246470
P04629,D246470
P05412,D246470
P04275,D246470
P11168,D246470
P13500,D246470
P01584,D246470
P11166,D246470
P01019,D246470
P27361,D246470
P49841,D246470
Q9UNQ0,D246470
Q92887,D246470
Q06124,D246470
P24941,D246470
P16581,D246470
P05164,D246470
P01112,D246470
P15144,D246470
P06493,D246470
P80188,D246470
P05362,D246470
P19838,D246470
P00750,D246470
P11413,D246470
P01138,D246470
P17302,D246470
P11021,D246470
P06881,D246470
P63000,D246470
P16070,D246470
P19320,D246470
P08254,D246470
P02649,D246470
P07900,D246470
P14210,D246470
Q08345,D246470
P01100,D246470
Q13126,D246470
P02776,D246470
P17252,D246470
P19438,D246470
P00450,D246470
P02774,D246470
P53609,D246470
P16455,D246470
P16444,D246470
P48061,D246470
P29218,D246470
P07686,D246470
O14920,D246470
P05106,D246470
P98170,D246470
P32239,D246470
P16109,D246470
P42574,D246470
O60603,D246470
P14625,D246470
O60760,D246470
Q9NR96,D246470
P31751,D246470
P63104,D246470
P04271,D246470
P13726,D246470
P02751,D246470
P15559,D246470
Q08257,D246470
P28161,D246470
P61586,D246470
P13569,D246470
P25942,D246470
P06744,D246470
P22455,D246470
Q99808,D246470
P04040,D246470
P68400,D246470
P23919,D246470
P31939,D246470
O75874,D246470
P68363,D246470
P11309,D246470
Q06187,D246470
P48736,D246470
P43405,D246470
P17931,D246470
P41240,D246470
P68371,D246470
P30405,D246470
Q13509,D246470
P08631,D246470
Q92876,D246470
P55055,D246470
P14555,D246470
Q9Y286,D246470
Q9Y5Y6,D246470
P23526,D246470
P49789,D246470
P09874,D246470
P07477,D246470
P53355,D246470
Q96RI1,D246470
P55210,D246470
P36952,D246470
Q9NZD2,D246470
P14174,D246470
P37173,D246470
P32119,D246470
Q16881,D246470
P21964,D246470
P11511,D246470
P08637,D246470
P31785,D246470
P05452,D246470
P05787,D246470
P27797,D246470
Q07954,D246470
P14543,D246470
P34741,D246470
P06400,D246470
Q16270,D246470
P22607,D246470
P02458,D246470
P09486,D246470
P48147,D246470
P42898,D246470
O14939,D246470
P06276,D246470
P19971,D246470
P19021,D246470
P47989,D246470
P50750,D246470
Q00534,D246470
P00813,D246470
P11802,D246470
Q9GZT9,D246470
Q9H6Z9,D246470
P49336,D246470
P27708,D246470
Q7L266,D246470
Q07973,D246470
Q14032,D246470
Q9ULW8,D246470
Q9Y2J8,D246470
Q9NSE4,D246470
O43272,D246470
P23284,D246470
Q14832,D246470
P10635,D246470
Q13547,D246470
Q92769,D246470
O15379,D246470
Q9UBN7,D246470
Q2M3G0,D246470
Q16665,D246470
P43115,D246470
P42336,D246470
O00459,D246470
P78527,D246470
P42345,D246470
Q00653,D246470
P00441,D246470
P09958,D246470
P08865,D246470
O14672,D246470
O00329,D246470
P42338,D246470
O60674,D246470
Q13093,D246470
P07949,D246470
Q06609,D246470
P43490,D246470
P27695,D246470
P24394,D246470
Q8NFA2,D246470
P09467,D246470
P05177,D246470
Q16790,D246470
Q8WXI7,D246470
O00206,D246470
P16422,D246470
O14746,D246470
P31350,D246470
P54760,D246470
Q96EB6,D246470
P07237,D246470
P21796,D246470
P45880,D246470
Q9Y277,D246470
P04141,D246470
P22301,D246470
P39905,D246470
P42768,D246470
P08684,D246470
O14936,D246470
Q92831,D246470
P53778,D246470
P27707,D246470
P54278,D246470
P25311,D246470
P06703,D246470
P16152,D246470
Q05397,D246470
P15531,D246470
Q16698,D246470
P49763,D246470
P15289,D246470
P18509,D246470
O60547,D246470
P22392,D246470
P16144,D246470
P01270,D246470
O15169,D246470
P11509,D246470
Q13285,D246470
P35625,D246470
P48357,D246470
P21926,D246470
Q02763,D246470
P04637,D246470
O96017,D246470
O14757,D246470
Q92847,D246470
P05305,D246470
P00403,D246470
Q9NNW7,D246470
P05067,D246470
P23560,D246470
Q96GD4,D246470
P15328,D246470
Q13443,D246470
Q9NPF7,D246470
P05019,D246470
Q92843,D246470
P10644,D246470
P09429,D246470
P04792,D246470
O14763,D246470
Q15116,D246470
Q9NZQ7,D246470
Q9H6X2,D246470
P02647,D246470
Q14790,D246470
P40763,D246470
Q07011,D246470
Q969F8,D246470
P25963,D246470
P27037,D246470
P10636,D246470
P16615,D246470
P28908,D246470
P04439,D246470
P40933,D246470
P01730,D246470
Q15722,D246470
P52333,D246470
P15941,D246470
P25092,D246470
Q12884,D246470
Q07817,D246470
Q07820,D246470
Q00613,D246470
Q96QU6,D246470
P05112,D246470
P35408,D246470
P05181,D246470
O60656,D246470
P22309,D246470
P04798,D246470
P25024,D246470
P11678,D246470
P05556,D246470
Q9UK17,D246470
Q16620,D246470
Q7LG56,D246470
Q07864,D246470
P11717,D246470
P35219,D246470
Q8N1Q1,D246470
O15440,D246470
Q12908,D246470
Q9NPD5,D246470
P09237,D246470
P24347,D246470
P50281,D246470
P35869,D246470
P11474,D246470
Q8NEB9,D246470
P63092,D246470
P20248,D246470
Q13526,D246470
P48552,D246470
P53350,D246470
P78536,D246470
P13051,D246470
P45984,D246470
Q99933,D246470
P11142,D246470
P61769,D246470
P36897,D246470
P45983,D246470
P33981,D246470
P61313,D246470
P61927,D246470
P39023,D246470
O75460,D246470
P47985,D246470
Q15118,D246470
P30301,D246470
O14818,D246470
P28072,D246470
P09466,D246470
P00414,D246470
P20674,D246470
P10176,D246470
P04054,D246470
P41235,D246470
Q9UNK4,D246470
Q9H2G2,D246470
Q01581,D246470
P01116,D246470
P01889,D246470
O00141,D246470
Q15375,D246470
P23458,D246470
P29597,D246470
P08758,D246470
P49862,D246470
Q969V6,D246470
P06396,D246470
P60981,D246470
P23528,D246470
O75116,D246470
P06731,D246470
P15151,D246470
O15144,D246470
Q96GR2,D246470
Q15418,D246470
Q16654,D246470
P05187,D246470
P78362,D246470
O00182,D246470
P55196,D246470
P26447,D246470
O60218,D246470
Q92793,D246470
Q86WA6,D246470
P80192,D246470
P49247,D246470
O43612,D246470
Q15796,D246470
P04179,D246470
P00558,D246470
P29508,D246470
Q03403,D246470
P02144,D246470
P08670,D246470
P22570,D246470
P11226,D246470
P09382,D246470
Q9NPH2,D246470
P10600,D246470
Q9UHQ9,D246470
P20823,D246470
P35241,D246470
P68104,D246470
P0CG29,D246470
P49913,D246470
Q9NTG7,D246470
P29323,D246470
P61024,D246470
P61457,D246470
P62491,D246470
P62826,D246470
Q96RQ9,D246470
Q92993,D246470
P55789,D246470
Q01082,D246470
Q99873,D246470
P13611,D246470
P60953,D246470
Q99661,D246470
Q96QT4,D246470
O14964,D246470
Q9Y646,D246470
P01106,D246470
O75330,D246470
Q14542,D246470
P22460,D246470
Q13882,D246470
P01583,D246470
P18510,D246470
P28062,D246470
Q16832,D246470
P36507,D246470
Q5XXA6,D246470
Q14145,D246470
P53667,D246470
Q15303,D246470
P02795,D246470
Q9HAB3,D246470
Q13315,D246470
P51812,D246470
Q15125,D246470
O95644,D246470
Q05513,D246470
P14598,D246470
P15153,D246470
P54646,D246470
Q9UGJ0,D246470
P18847,D246470
P18850,D246470
Q07021,D246470
P10915,D246470
P10599,D246470
P60709,D246470
P63261,D246470
Q15493,D246470
O00299,D246470
P60484,D246470
P49908,D246470
P36956,D246470
Q04206,D246470
Q9HC97,D246470
Q9NYL2,D246470
Q9C0B1,D246470
Q9Y2T6,D246470
Q9Y5S8,D246470
Q16555,D246470
P06733,D246470
P29590,D246470
O75340,D246470
O95750,D246470
O60502,D246470
Q9NY56,D246470
O15304,D246470
P46939,D246470
Q06830,D246470
Q16552,D246470
O43613,D246470
Q8NBP7,D246470
Q969S8,D246470
P04733,D246470
Q99653,D246470
P35556,D246470
P13693,D246470
P80303,D246470
P0DP24,D246470
P0DP25,D246470
P22676,D246470
P05109,D246470
P10809,D246470
P14866,D246470
P23246,D246470
P63244,D246470
P04155,D246470
Q96RI0,D246470
P08648,D246470
Q16595,D246470
P04080,D246470
P06702,D246470
O15350,D246470
P32004,D246470
P12644,D246470
Q8TCT9,D246470
Q9UJU2,D246470
P38936,D246470
P39748,D246470
Q14457,D246470
Q9NYV7,D246470
Q9Y230,D246470
Q9NR28,D246470
P52597,D246470
P61978,D246470
P34932,D246470
Q92598,D246470
P06753,D246470
P67936,D246470
P54578,D246470
P12004,D246470
P02765,D246470
P08603,D246470
P10909,D246470
P45973,D246470
P04264,D246470
P02750,D246470
P51884,D246470
P36955,D246470
P15924,D246470
P01011,D246470
Q6FHJ7,D246470
P21291,D246470
P46940,D246470
P06748,D246470
P62269,D246470
P39019,D246470
P62753,D246470
Q15942,D246470
Q07955,D246470
Q16518,D246470
Q6IQ20,D246470
Q9HBA0,D246470
Q01995,D246470
P17844,D246470
P36894,D246470
P31391,D246470
Q9HC29,D246470
Q13873,D246470
P22897,D246470
Q92911,D246470
Q9UK32,D246470
Q13188,D246470
Q9UKE5,D246470
Q06418,D246470
P30530,D246470
O14578,D246470
P48729,D246470
Q9UIK4,D246470
O15075,D246470
Q9Y463,D246470
P21709,D246470
P29320,D246470
P29322,D246470
P54762,D246470
O15197,D246470
Q9H2X6,D246470
Q9UPZ9,D246470
O95835,D246470
Q5S007,D246470
Q13163,D246470
P52564,D246470
Q02779,D246470
Q16584,D246470
Q92918,D246470
Q13164,D246470
Q7KZI7,D246470
Q9BUB5,D246470
Q04912,D246470
Q15746,D246470
P51957,D246470
O60285,D246470
Q13153,D246470
O96013,D246470
Q9NQU5,D246470
Q9P286,D246470
Q86V86,D246470
Q16513,D246470
O00444,D246470
Q15139,D246470
Q13237,D246470
Q13523,D246470
Q9BRS2,D246470
Q13546,D246470
P08922,D246470
Q96BR1,D246470
Q9NRH2,D246470
P01350,D246470
Q15910,D246470
Q16659,D246470
Q99814,D246470
P32245,D246470
O14980,D246470
Q9NPA2,D246470
Q8IXJ6,D246470
P51679,D246470
Q96NY8,D246470
Q86YN6,D246470
Q93086,D246470
P53396,D246470
P41222,D246470
P41238,D246470
P21860,D246470
P09758,D246470
P06307,D246470
Q9Y6T7,D246470
P52429,D246470
Q13574,D246470
Q05209,D246470
P29350,D246470
P20702,D246470
P23634,D246470
P55211,D246470
P16278,D246470
Q9UBC3,D246470
Q02223,D246470
Q9NRA0,D246470
O15123,D246470
P00519,D247200
P17948,D247200
P14780,D247200
P31358,D247200
P36888,D247200
P10415,D247200
O14727,D247200
P01589,D247200
P10276,D247200
P20138,D247200
P05230,D247200
P09488,D247200
P30711,D247200
P03956,D247200
P10145,D247200
P35222,D247200
Q99497,D247200
P24385,D247200
P60568,D247200
P08183,D247200
Q9UNQ0,D247200
P01112,D247200
O60603,D247200
P53355,D247200
Q96AZ6,D247200
P35499,D247200
Q16665,D247200
Q9Y6K9,D247200
O60674,D247200
Q06609,D247200
P04141,D247200
P27707,D247200
P16144,D247200
P04637,D247200
O96017,D247200
P40763,D247200
Q07820,D247200
P20813,D247200
P53350,D247200
P45983,D247200
P28072,D247200
P01116,D247200
P49913,D247200
P62258,D247200
O00142,D247200
P11274,D247200
Q13315,D247200
P28907,D247200
P60484,D247200
Q04206,D247200
P04732,D247200
Q99828,D247200
P38936,D247200
P06748,D247200
O75533,D247200
Q15910,D247200
P16442,D248190
P54710,D248190
P20648,D248190
Q05586,D248190
P55017,D248190
P35348,D248190
P41180,D248190
P25101,D248190
P02768,D248190
P18089,D248190
P05023,D248190
P00533,D248190
Q09470,D248190
P02741,D248190
P01133,D248190
P01270,D248190
Q9UK17,D248190
P01116,D248190
P20823,D248190
P61457,D248190
Q96QT4,D248190
P78508,D248190
P80303,D248190
P31391,D248190
P12259,D249100
P03372,D249100
P69905,D249100
P15692,D249100
P00747,D249100
P16442,D249100
P12821,D249100
P05121,D249100
P29466,D249100
P06126,D249100
P01375,D249100
P12314,D249100
P11473,D249100
P07203,D249100
P01031,D249100
P05771,D249100
P02741,D249100
P16410,D249100
P49747,D249100
P05231,D249100
P28482,D249100
P27169,D249100
P20333,D249100
P10145,D249100
Q04760,D249100
Q16539,D249100
P08183,D249100
P01584,D249100
Q13231,D249100
P23297,D249100
P04156,D249100
P63000,D249100
P01100,D249100
P17252,D249100
P19438,D249100
P07204,D249100
P98170,D249100
P42574,D249100
O60603,D249100
P04271,D249100
P08842,D249100
P80511,D249100
P02743,D249100
P48736,D249100
P17931,D249100
P14174,D249100
Q9UQD0,D249100
O60674,D249100
P06280,D249100
O00206,D249100
P05155,D249100
P22301,D249100
P08684,D249100
P08887,D249100
Q96IY4,D249100
P01563,D249100
Q14790,D249100
P05112,D249100
O95255,D249100
P61626,D249100
Q03426,D249100
P49913,D249100
P01583,D249100
P18510,D249100
O15304,D249100
F7VJQ1,D249100
P02765,D249100
Q9HC29,D249100
Q13164,D249100
Q16512,D249100
P07741,D250790
P69905,D250790
P00387,D250790
P68871,D250790
P09622,D250790
P11413,D250790
P05177,D250790
P30556,D252320
P09172,D252320
P12821,D252320
P00797,D252320
P02766,D252320
Q99259,D252320
P22303,D252320
O15269,D252320
P23975,D252320
P07202,D252320
Q05329,D252320
Q01959,D252320
P04278,D252320
P43220,D252320
O60894,D252320
P37840,D252320
P05451,D252320
P05231,D252320
O75469,D252320
P01019,D252320
P27361,D252320
P01138,D252320
Q15858,D252320
O60603,D252320
P48736,D252320
P20231,D252320
P21964,D252320
Q9NXG6,D252320
P42336,D252320
O00329,D252320
P42338,D252320
P06280,D252320
P04141,D252320
P23560,D252320
P05019,D252320
P10636,D252320
Q12884,D252320
P32297,D252320
Q15661,D252320
P78536,D252320
P78330,D252320
P54762,D252320
Q5S007,D252320
O15123,D252320
P04049,D254200
P11836,D254200
P07741,D254200
P03372,D254200
Q9NYK1,D254200
Q9UBS5,D254200
P10415,D254200
O76054,D254200
P04818,D254200
P22303,D254200
P30988,D254200
P29466,D254200
P10721,D254200
P01130,D254200
P02768,D254200
P14784,D254200
P01589,D254200
P07550,D254200
P01375,D254200
P15260,D254200
Q92731,D254200
P42262,D254200
P42081,D254200
P43681,D254200
P01031,D254200
P08069,D254200
P16410,D254200
P51681,D254200
P05231,D254200
P61073,D254200
P28482,D254200
P01574,D254200
P08174,D254200
P02778,D254200
P01579,D254200
P01189,D254200
Q14416,D254200
P13501,D254200
P29460,D254200
P01137,D254200
Q9Y275,D254200
P29965,D254200
Q16539,D254200
P60568,D254200
P08183,D254200
P04629,D254200
P05412,D254200
P01584,D254200
P27361,D254200
P01374,D254200
P11021,D254200
P06881,D254200
P02649,D254200
P01100,D254200
P48061,D254200
P42574,D254200
Q9NR96,D254200
P04271,D254200
P25942,D254200
Q9P2W7,D254200
P25774,D254200
P00751,D254200
Q05315,D254200
O60911,D254200
Q96AZ6,D254200
P35499,D254200
P12318,D254200
P01906,D254200
P22607,D254200
P06276,D254200
P19971,D254200
O14735,D254200
P19021,D254200
Q13698,D254200
P20815,D254200
P01911,D254200
P24394,D254200
P50135,D254200
O00206,D254200
P51686,D254200
P22301,D254200
P31949,D254200
P18509,D254200
P41597,D254200
P23560,D254200
Q9NPF7,D254200
P05019,D254200
P09429,D254200
Q15116,D254200
Q9NZQ7,D254200
P01563,D254200
Q9Y6Q6,D254200
P40763,D254200
P04439,D254200
P40933,D254200
P01308,D254200
P15391,D254200
P05112,D254200
P07451,D254200
O95255,D254200
P09238,D254200
P01889,D254200
P01920,D254200
P09382,D254200
P49913,D254200
Q13838,D254200
P02708,D254200
P0C0L4,D254200
P0C0L5,D254200
P01583,D254200
P18510,D254200
Q15303,D254200
P79483,D254200
P08686,D254200
O75880,D254200
P46939,D254200
Q16552,D254200
P05109,D254200
P13647,D254200
O15146,D254200
P51679,D254200
Q99572,D254200
Q9Y6K1,D254200
O95670,D254200
P20702,D254200
Q9UBC3,D254200
Q02223,D254200
P35228,D254400
P35916,D254400
P04049,D254400
P14780,D254400
P11836,D254400
P29475,D254400
P14618,D254400
Q9NYK1,D254400
P15692,D254400
P10415,D254400
P35354,D254400
P05089,D254400
Q9UM73,D254400
P31749,D254400
P10721,D254400
P37023,D254400
Q16878,D254400
P08253,D254400
P01375,D254400
P11473,D254400
P27487,D254400
P16410,D254400
P05231,D254400
P61073,D254400
P03956,D254400
P28482,D254400
P07858,D254400
P01579,D254400
P20333,D254400
P16220,D254400
P13501,D254400
P01137,D254400
P35222,D254400
P29965,D254400
P09038,D254400
Q16539,D254400
P24385,D254400
P60568,D254400
P01584,D254400
P01112,D254400
P15144,D254400
P01374,D254400
P16070,D254400
Q13126,D254400
P48061,D254400
O60603,D254400
Q9NR96,D254400
P25942,D254400
P05113,D254400
P48736,D254400
P09874,D254400
P11362,D254400
Q92769,D254400
P42336,D254400
P42345,D254400
O00329,D254400
P42338,D254400
O60674,D254400
P01911,D254400
P35225,D254400
O00206,D254400
P22301,D254400
P04637,D254400
P00403,D254400
Q9NPF7,D254400
Q15116,D254400
Q9NZQ7,D254400
Q14790,D254400
P40763,D254400
P28908,D254400
P04439,D254400
P40933,D254400
P52333,D254400
P05112,D254400
P63092,D254400
P61769,D254400
P28072,D254400
P01889,D254400
Q96GR2,D254400
P01920,D254400
P09382,D254400
P29323,D254400
P11274,D254400
P60484,D254400
P09936,D254400
Q16552,D254400
Q92570,D254400
Q8TCT9,D254400
Q9NR28,D254400
P61978,D254400
P54578,D254400
P04264,D254400
P06748,D254400
Q16518,D254400
Q13153,D254400
P51679,D254400
Q13488,D254400
P00519,D254450
P17948,D254450
P35610,D254450
P36888,D254450
P15692,D254450
P49916,D254450
P09619,D254450
P10826,D254450
P31749,D254450
P10721,D254450
P07202,D254450
P02768,D254450
P15428,D254450
P01589,D254450
P01375,D254450
P11473,D254450
Q99062,D254450
P04150,D254450
P16234,D254450
P02741,D254450
P51692,D254450
P61073,D254450
P10997,D254450
P01579,D254450
P20333,D254450
P10145,D254450
P01137,D254450
P35222,D254450
O14965,D254450
P09038,D254450
P08183,D254450
P15502,D254450
P01584,D254450
Q13231,D254450
P24941,D254450
P48061,D254450
P98170,D254450
P16109,D254450
P02751,D254450
P22894,D254450
P08842,D254450
O75874,D254450
P48736,D254450
P53355,D254450
P27797,D254450
P09486,D254450
P42336,D254450
O00329,D254450
P42338,D254450
O60674,D254450
O00206,D254450
P08729,D254450
P01270,D254450
P48357,D254450
P04637,D254450
P04792,D254450
P40238,D254450
P01563,D254450
P40763,D254450
P53350,D254450
P36897,D254450
P45983,D254450
P09466,D254450
P23458,D254450
P05187,D254450
P48735,D254450
Q96I15,D254450
P01583,D254450
P18510,D254450
P11274,D254450
O75533,D254450
Q9UHD2,D254450
P51617,D254450
Q15910,D254450
Q9Y6K1,D254450
P00738,D254450
P35228,D254500
P00519,D254500
P23219,D254500
P35916,D254500
P02452,D254500
P17948,D254500
P04049,D254500
P24530,D254500
P00734,D254500
O43246,D254500
P14780,D254500
P11836,D254500
P29475,D254500
P51843,D254500
P31358,D254500
P14618,D254500
P34972,D254500
P35610,D254500
P13688,D254500
P51606,D254500
P21673,D254500
P07741,D254500
P03372,D254500
P08700,D254500
P36888,D254500
P15692,D254500
P48506,D254500
P49916,D254500
P20273,D254500
O15374,D254500
P00747,D254500
P16442,D254500
P37231,D254500
P00742,D254500
P12821,D254500
P06858,D254500
P05121,D254500
P10415,D254500
P09917,D254500
Q9Y478,D254500
P35354,D254500
P29474,D254500
P08473,D254500
P14207,D254500
Q96GD0,D254500
P05089,D254500
O14727,D254500
P04818,D254500
P23921,D254500
P00374,D254500
P00395,D254500
Q9UM73,D254500
P00740,D254500
P35968,D254500
P00505,D254500
P54802,D254500
P11926,D254500
Q14626,D254500
P0DP23,D254500
P04083,D254500
P00338,D254500
P31749,D254500
P30988,D254500
O60669,D254500
Q96A70,D254500
O15427,D254500
P10721,D254500
P22413,D254500
P37023,D254500
Q16739,D254500
P16473,D254500
P35348,D254500
P07202,D254500
P41180,D254500
P04626,D254500
P20701,D254500
P25101,D254500
P02768,D254500
P05543,D254500
P02671,D254500
P04406,D254500
P00352,D254500
Q04609,D254500
P18089,D254500
P13612,D254500
P49585,D254500
P15056,D254500
P08253,D254500
P14784,D254500
P19235,D254500
P01589,D254500
P17181,D254500
P10276,D254500
P53985,D254500
P20138,D254500
Q13131,D254500
P05230,D254500
P14902,D254500
P01375,D254500
Q03405,D254500
P02818,D254500
Q99707,D254500
P09601,D254500
P09622,D254500
P21817,D254500
Q9UBK8,D254500
P00533,D254500
P14324,D254500
P11473,D254500
P33527,D254500
P04150,D254500
P09488,D254500
Q9Y2Q3,D254500
P09211,D254500
P30711,D254500
O94925,D254500
P42081,D254500
P33681,D254500
P07333,D254500
P27487,D254500
P08069,D254500
Q16568,D254500
Q02750,D254500
Q14289,D254500
P05771,D254500
P02741,D254500
P37840,D254500
Q9UKV0,D254500
P16410,D254500
Q00535,D254500
P51692,D254500
P26358,D254500
O75015,D254500
P30044,D254500
P12724,D254500
P51681,D254500
P05451,D254500
P08581,D254500
P62993,D254500
P05231,D254500
P61073,D254500
P03956,D254500
P10997,D254500
P28482,D254500
P01574,D254500
P50225,D254500
P27169,D254500
P02778,D254500
P01579,D254500
P20333,D254500
P01133,D254500
P27986,D254500
O75469,D254500
P06730,D254500
P16220,D254500
P49327,D254500
P10145,D254500
Q04760,D254500
P45452,D254500
P10646,D254500
P11387,D254500
P17405,D254500
P13501,D254500
P04062,D254500
P16860,D254500
P01137,D254500
P35222,D254500
O14965,D254500
P41250,D254500
Q9Y275,D254500
Q00987,D254500
P29965,D254500
P27824,D254500
P09038,D254500
Q16539,D254500
Q8NER1,D254500
P24385,D254500
P60568,D254500
P08183,D254500
P23946,D254500
P05412,D254500
P04275,D254500
P13500,D254500
P01584,D254500
P27361,D254500
O60858,D254500
Q9UNQ0,D254500
Q92887,D254500
Q06124,D254500
P24941,D254500
P16581,D254500
P05164,D254500
P01112,D254500
P06493,D254500
P80188,D254500
P05362,D254500
P19838,D254500
P01374,D254500
P00750,D254500
P11413,D254500
Q9UM07,D254500
P01138,D254500
P17302,D254500
P11021,D254500
P63000,D254500
Q16678,D254500
P16070,D254500
P19320,D254500
P07900,D254500
P14210,D254500
Q08345,D254500
P01100,D254500
P02776,D254500
P17252,D254500
P16455,D254500
P48061,D254500
P07204,D254500
O14920,D254500
P05106,D254500
P98170,D254500
P16109,D254500
P42574,D254500
P14625,D254500
O60760,D254500
P07355,D254500
P31751,D254500
P07602,D254500
P13726,D254500
P30086,D254500
P02751,D254500
P22894,D254500
P15559,D254500
Q08257,D254500
Q7Z2W7,D254500
O15530,D254500
P25942,D254500
P22455,D254500
P05113,D254500
Q9P2W7,D254500
O75874,D254500
P11309,D254500
Q06187,D254500
P10153,D254500
P43403,D254500
P48736,D254500
P43405,D254500
P17931,D254500
P49137,D254500
P08631,D254500
Q13426,D254500
P55055,D254500
P04745,D254500
P23526,D254500
P49789,D254500
P09874,D254500
P53355,D254500
P14174,D254500
P50613,D254500
P22749,D254500
Q96AZ6,D254500
Q16881,D254500
P08637,D254500
P12318,D254500
P31994,D254500
P31995,D254500
P31785,D254500
O15230,D254500
Q07954,D254500
P05154,D254500
P06400,D254500
Q16270,D254500
P11362,D254500
P22607,D254500
P09486,D254500
Q6ZQY3,D254500
P42898,D254500
P06276,D254500
P19971,D254500
P21397,D254500
P19021,D254500
P50750,D254500
Q00534,D254500
Q96Q83,D254500
P11802,D254500
Q9GZT9,D254500
Q9H6Z9,D254500
Q7L266,D254500
P10620,D254500
Q9ULC6,D254500
Q9Y2J8,D254500
Q14832,D254500
P20618,D254500
P28074,D254500
P10635,D254500
Q13547,D254500
Q92769,D254500
O15379,D254500
Q9UBN7,D254500
Q2M3G0,D254500
Q16665,D254500
P42336,D254500
O00459,D254500
P42345,D254500
Q00653,D254500
P00441,D254500
Q9Y6K9,D254500
P09958,D254500
P08865,D254500
O00329,D254500
P42338,D254500
O60674,D254500
P07949,D254500
Q06609,D254500
P43490,D254500
P27695,D254500
P01911,D254500
P35225,D254500
O00206,D254500
P16422,D254500
O14746,D254500
P31350,D254500
P48060,D254500
Q96EB6,D254500
P07237,D254500
P21796,D254500
P10147,D254500
P04141,D254500
P22301,D254500
P08684,D254500
P11712,D254500
P08887,D254500
P10632,D254500
P80075,D254500
Q05397,D254500
Q96FI4,D254500
P18509,D254500
P01270,D254500
P30291,D254500
P35625,D254500
Q86VB7,D254500
P48357,D254500
P21926,D254500
P04637,D254500
O14757,D254500
P05305,D254500
P00403,D254500
P41597,D254500
P23560,D254500
Q96GD4,D254500
P15328,D254500
O15392,D254500
P26010,D254500
Q9NPF7,D254500
P43235,D254500
P05019,D254500
P10644,D254500
P09429,D254500
P04792,D254500
O14763,D254500
Q15116,D254500
Q9NZQ7,D254500
P02647,D254500
P01563,D254500
P20963,D254500
Q14790,D254500
Q9Y6Q6,D254500
P40763,D254500
Q07011,D254500
P06734,D254500
P25963,D254500
P27037,D254500
P28908,D254500
P04439,D254500
P40933,D254500
Q9NQ25,D254500
P15391,D254500
P15941,D254500
Q07817,D254500
Q07820,D254500
Q00613,D254500
O14788,D254500
P05112,D254500
P56524,D254500
P33261,D254500
P55263,D254500
P04798,D254500
P20813,D254500
O95749,D254500
P05556,D254500
P06756,D254500
P11717,D254500
Q8N1Q1,D254500
O15440,D254500
P09237,D254500
P51511,D254500
Q9Y5R2,D254500
Q9H239,D254500
P35869,D254500
Q15788,D254500
P53350,D254500
P78536,D254500
P63208,D254500
P45984,D254500
P11142,D254500
P61769,D254500
P45983,D254500
P33981,D254500
P51955,D254500
Q8IVS2,D254500
P84077,D254500
O75460,D254500
Q14994,D254500
Q15118,D254500
P30301,D254500
P25788,D254500
P60900,D254500
P28070,D254500
P09466,D254500
Q9HB40,D254500
P20674,D254500
P10176,D254500
P41235,D254500
P01116,D254500
P01889,D254500
O00141,D254500
P07737,D254500
P23458,D254500
P08758,D254500
P23528,D254500
Q08209,D254500
P15151,D254500
O15511,D254500
Q96GR2,D254500
P05187,D254500
O00182,D254500
Q92793,D254500
P49247,D254500
Q15796,D254500
P04179,D254500
P01920,D254500
P08670,D254500
P11226,D254500
P09382,D254500
P15813,D254500
P20823,D254500
P48735,D254500
Q9NTG7,D254500
P29323,D254500
Q9GZU7,D254500
P61024,D254500
P62826,D254500
P62258,D254500
P55072,D254500
P22314,D254500
P55789,D254500
O60264,D254500
Q9BZZ2,D254500
P13611,D254500
P60953,D254500
O15111,D254500
Q99835,D254500
P01106,D254500
O75330,D254500
P01583,D254500
P18510,D254500
P28065,D254500
P40306,D254500
P28062,D254500
P11274,D254500
Q96SW2,D254500
Q9UHC3,D254500
Q30154,D254500
P02786,D254500
Q13315,D254500
P51812,D254500
Q01118,D254500
Q9UBN1,D254500
P54646,D254500
P18847,D254500
P18848,D254500
P18850,D254500
P10915,D254500
P10599,D254500
P60709,D254500
P28907,D254500
P60484,D254500
Q04206,D254500
P09936,D254500
P06733,D254500
P29590,D254500
O60502,D254500
P04279,D254500
Q06830,D254500
Q16552,D254500
P21453,D254500
Q99828,D254500
P30626,D254500
Q99653,D254500
P0DP24,D254500
P0DP25,D254500
P29372,D254500
P63244,D254500
P08648,D254500
P06702,D254500
O15350,D254500
P38936,D254500
Q14457,D254500
Q9NR28,D254500
P34932,D254500
P54578,D254500
P12004,D254500
P01591,D254500
P46940,D254500
P06748,D254500
Q9Y5S1,D254500
P17844,D254500
P36894,D254500
P31391,D254500
P55073,D254500
P22897,D254500
Q92911,D254500
O75533,D254500
Q9UKE5,D254500
Q06418,D254500
P30530,D254500
O14578,D254500
P48729,D254500
Q9UIK4,D254500
P29320,D254500
P54764,D254500
P51617,D254500
Q02779,D254500
Q13164,D254500
Q14680,D254500
Q9BUB5,D254500
O60285,D254500
O96013,D254500
Q9NYY3,D254500
Q13546,D254500
Q96BR1,D254500
Q15910,D254500
Q9BQB4,D254500
Q99814,D254500
P40259,D254500
O14980,D254500
Q9NPA2,D254500
P51679,D254500
P11532,D254500
Q99572,D254500
Q92800,D254500
Q9Y6K1,D254500
P04114,D254500
P00738,D254500
P21860,D254500
P06307,D254500
P29350,D254500
P20702,D254500
Q9H2H9,D254500
P55211,D254500
P16278,D254500
Q02223,D254500
Q9NRA0,D254500
O15123,D254500
Q9H2X9,D254770
P00734,D254770
Q9UHW9,D254770
P35498,D254770
P23368,D254770
P51649,D254770
Q9UBS5,D254770
O76054,D254770
P55011,D254770
P31644,D254770
P41180,D254770
P31645,D254770
P51788,D254770
P14867,D254770
Q14833,D254770
P43681,D254770
P26358,D254770
O43526,D254770
P48549,D254770
P48051,D254770
P08183,D254770
Q9UNQ0,D254770
Q9UM07,D254770
P36544,D254770
P28472,D254770
O00305,D254770
O43525,D254770
P01911,D254770
P18507,D254770
O14764,D254770
Q9UK17,D254770
Q494W8,D254770
Q9UL51,D254770
P49908,D254770
P04080,D254770
Q9UPZ9,D254770
P35498,D254800
P00367,D254800
O15239,D254800
P03923,D254800
O00555,D254800
P23415,D254800
P49821,D254800
P03915,D254800
P01189,D254800
P04062,D254800
P11166,D254800
P07686,D254800
Q99250,D254800
Q9UQD0,D254800
P48664,D254800
O00305,D254800
P15289,D254800
P00403,D254800
P15328,D254800
O00142,D254800
P16389,D254800
P48547,D254800
P67870,D254800
P04080,D254800
P16473,D255900
P07202,D255900
P02768,D256370
P02751,D256370
Q9UI32,D256700
P35228,D256700
P35916,D256700
P17948,D256700
P06213,D256700
P04049,D256700
P24530,D256700
P14780,D256700
P21554,D256700
P11836,D256700
P29475,D256700
P07195,D256700
P24752,D256700
Q07869,D256700
P51843,D256700
P00492,D256700
P28702,D256700
Q13639,D256700
Q12809,D256700
P34972,D256700
P35610,D256700
P51606,D256700
P07741,D256700
Q05940,D256700
O95477,D256700
P17752,D256700
P03372,D256700
P08700,D256700
P10275,D256700
P19404,D256700
P09172,D256700
P35498,D256700
P13631,D256700
P36888,D256700
P07864,D256700
O43175,D256700
Q02218,D256700
P15692,D256700
P20132,D256700
P48506,D256700
P49916,D256700
Q9UJ68,D256700
P31040,D256700
Q9Y5Y9,D256700
P45381,D256700
P37088,D256700
P18858,D256700
P09619,D256700
P10826,D256700
P37231,D256700
P00742,D256700
P16083,D256700
P07327,D256700
P23381,D256700
P54577,D256700
Q15758,D256700
P05121,D256700
P10415,D256700
P09917,D256700
P00491,D256700
P14679,D256700
Q9Y478,D256700
O76054,D256700
P49902,D256700
P35354,D256700
P08473,D256700
P00915,D256700
Q96GD0,D256700
P05089,D256700
P08913,D256700
P08908,D256700
P34897,D256700
Q13258,D256700
Q00796,D256700
P31153,D256700
P16050,D256700
O14727,D256700
Q9NRX3,D256700
P00918,D256700
P35520,D256700
P04818,D256700
P02766,D256700
Q9UDX4,D256700
P25098,D256700
P78348,D256700
P63098,D256700
Q9UM73,D256700
P00740,D256700
P43116,D256700
P35968,D256700
P54368,D256700
P48029,D256700
Q99259,D256700
P25103,D256700
P48551,D256700
O15375,D256700
P60880,D256700
P54802,D256700
P02794,D256700
P11926,D256700
Q00266,D256700
P19793,D256700
P0DP23,D256700
P55017,D256700
P04083,D256700
P00338,D256700
P22303,D256700
P31749,D256700
Q13936,D256700
P30988,D256700
P08514,D256700
O60669,D256700
P29466,D256700
Q9UIC8,D256700
P28223,D256700
P10721,D256700
P37023,D256700
Q03154,D256700
P23975,D256700
P41252,D256700
P01130,D256700
P41180,D256700
P04626,D256700
O94788,D256700
P28329,D256700
P25101,D256700
P40394,D256700
Q15274,D256700
Q12797,D256700
P02768,D256700
P28335,D256700
P02671,D256700
P04406,D256700
P00352,D256700
Q9NWM0,D256700
P47895,D256700
P13612,D256700
P06126,D256700
P48507,D256700
P07101,D256700
P23378,D256700
P18031,D256700
P68871,D256700
P41145,D256700
P15056,D256700
P30085,D256700
P08253,D256700
Q01959,D256700
P00390,D256700
P34969,D256700
P14784,D256700
P19235,D256700
P47712,D256700
P01589,D256700
P17181,D256700
P10276,D256700
P53985,D256700
Q13131,D256700
Q16515,D256700
P04278,D256700
P10827,D256700
O14842,D256700
P05230,D256700
P17735,D256700
P07550,D256700
P01375,D256700
P02818,D256700
Q99707,D256700
P09601,D256700
P30536,D256700
P09622,D256700
P11388,D256700
P15121,D256700
P21802,D256700
P31645,D256700
P01178,D256700
P00439,D256700
P49448,D256700
P14416,D256700
P78540,D256700
P21731,D256700
P00533,D256700
P35372,D256700
P22033,D256700
P11473,D256700
P40261,D256700
P33527,D256700
P32929,D256700
Q92731,D256700
Q99062,D256700
P04150,D256700
P28222,D256700
P09488,D256700
Q9Y2Q3,D256700
P09211,D256700
P78417,D256700
P07203,D256700
O43708,D256700
Q13255,D256700
O94925,D256700
P42262,D256700
O00222,D256700
P49019,D256700
P12931,D256700
P06241,D256700
P29317,D256700
P06239,D256700
P30559,D256700
P42081,D256700
P33681,D256700
P43681,D256700
P16234,D256700
P07333,D256700
P01031,D256700
P43220,D256700
P08069,D256700
O60894,D256700
P11086,D256700
Q02750,D256700
Q14289,D256700
P05771,D256700
P02741,D256700
P37840,D256700
Q9UKV0,D256700
P22102,D256700
P16410,D256700
Q00535,D256700
P51692,D256700
O75015,D256700
P20810,D256700
P30044,D256700
P35270,D256700
P51681,D256700
P08581,D256700
P62993,D256700
P05231,D256700
P61073,D256700
P10997,D256700
P28482,D256700
P01574,D256700
P25116,D256700
P08174,D256700
P02778,D256700
P07858,D256700
P07339,D256700
P01579,D256700
P01189,D256700
P20333,D256700
P01133,D256700
P27986,D256700
O75469,D256700
P16220,D256700
P10145,D256700
P52788,D256700
P17936,D256700
P11387,D256700
Q14416,D256700
P13501,D256700
P35568,D256700
P04062,D256700
P01137,D256700
P35222,D256700
P56817,D256700
O14965,D256700
Q99497,D256700
P21462,D256700
Q00987,D256700
P29965,D256700
Q03181,D256700
P47929,D256700
P13945,D256700
P09038,D256700
Q13464,D256700
P01042,D256700
Q16539,D256700
Q8NER1,D256700
P06850,D256700
P24385,D256700
P48549,D256700
P60568,D256700
P08183,D256700
P21980,D256700
P23946,D256700
P04629,D256700
P05412,D256700
P13500,D256700
P01584,D256700
P43005,D256700
P30793,D256700
P11166,D256700
P01019,D256700
P27361,D256700
O60858,D256700
P49841,D256700
Q9UNQ0,D256700
P04004,D256700
Q06124,D256700
P24941,D256700
P16581,D256700
P01112,D256700
O60733,D256700
P06493,D256700
P05362,D256700
P19838,D256700
P01374,D256700
P00750,D256700
P11413,D256700
P23297,D256700
Q9UM07,D256700
P01138,D256700
P17302,D256700
P21589,D256700
P53779,D256700
P11021,D256700
P11137,D256700
P06881,D256700
P04156,D256700
P63000,D256700
P16070,D256700
P19320,D256700
P02649,D256700
P07900,D256700
P14210,D256700
O75762,D256700
P01100,D256700
Q13126,D256700
P17252,D256700
P22061,D256700
P16455,D256700
P49366,D256700
P48061,D256700
P98170,D256700
P16109,D256700
P42574,D256700
O60603,D256700
P14625,D256700
O60760,D256700
P07355,D256700
Q9NR96,D256700
P31751,D256700
P63104,D256700
P04271,D256700
P13726,D256700
P30086,D256700
P02751,D256700
P14735,D256700
P15559,D256700
Q08257,D256700
Q7Z2W7,D256700
O15439,D256700
P41594,D256700
P25942,D256700
P08100,D256700
P22455,D256700
P80511,D256700
P04040,D256700
P23919,D256700
Q9P2W7,D256700
P11309,D256700
Q06187,D256700
P48736,D256700
P43405,D256700
P17931,D256700
P41240,D256700
P49137,D256700
P04350,D256700
Q13509,D256700
Q9BZX2,D256700
P50579,D256700
Q13426,D256700
Q9BY41,D256700
P14555,D256700
Q9Y286,D256700
P23526,D256700
P49789,D256700
P30305,D256700
P09874,D256700
P11310,D256700
P53355,D256700
P14174,D256700
P50613,D256700
P32119,D256700
Q16881,D256700
P21964,D256700
P11511,D256700
P08637,D256700
P12318,D256700
P27797,D256700
Q07954,D256700
P05154,D256700
P06400,D256700
P29120,D256700
Q16270,D256700
P11362,D256700
P22607,D256700
P07711,D256700
P09486,D256700
P48147,D256700
P20711,D256700
Q6ZQY3,D256700
P42898,D256700
P06276,D256700
P19971,D256700
P27338,D256700
P21397,D256700
P19021,D256700
P50750,D256700
Q00534,D256700
P11802,D256700
P48544,D256700
Q9H6Z9,D256700
O14521,D256700
P21912,D256700
Q99643,D256700
P10620,D256700
P35754,D256700
Q9UGM6,D256700
O75911,D256700
P67775,D256700
P36544,D256700
Q14832,D256700
P28472,D256700
P47870,D256700
P20815,D256700
P10635,D256700
Q13547,D256700
Q92769,D256700
O15379,D256700
Q9UBN7,D256700
Q16665,D256700
P41146,D256700
P42336,D256700
O00459,D256700
P78527,D256700
P42345,D256700
P00441,D256700
P56696,D256700
P41231,D256700
P08865,D256700
O14672,D256700
O00329,D256700
P42338,D256700
O60674,D256700
P07949,D256700
Q06609,D256700
P43490,D256700
P49146,D256700
Q02880,D256700
Q16790,D256700
P35225,D256700
O00206,D256700
P32320,D256700
P16422,D256700
O14746,D256700
P25929,D256700
Q15761,D256700
P05155,D256700
Q96EB6,D256700
P07237,D256700
P21796,D256700
P04141,D256700
P39905,D256700
P42768,D256700
P08684,D256700
Q92831,D256700
P27707,D256700
P08887,D256700
P06703,D256700
Q05397,D256700
P15531,D256700
Q12756,D256700
Q16698,D256700
P49763,D256700
P53041,D256700
P15289,D256700
P18509,D256700
P22392,D256700
Q16769,D256700
P30291,D256700
Q9NXA8,D256700
P35625,D256700
P48357,D256700
P21926,D256700
Q02763,D256700
P04637,D256700
O96017,D256700
O14757,D256700
P05305,D256700
P00403,D256700
P41597,D256700
P05067,D256700
P23560,D256700
Q9BVA1,D256700
P33151,D256700
Q96GD4,D256700
O15392,D256700
Q96BI3,D256700
Q9NZ42,D256700
P05019,D256700
Q92843,D256700
Q92934,D256700
Q96AE4,D256700
P10644,D256700
P09429,D256700
Q13233,D256700
Q02156,D256700
P04792,D256700
O14763,D256700
Q02224,D256700
Q15116,D256700
Q9NZQ7,D256700
P02647,D256700
P01563,D256700
Q14790,D256700
P40763,D256700
Q07011,D256700
Q9P2E9,D256700
P10636,D256700
P01303,D256700
Q99705,D256700
P28908,D256700
O43174,D256700
P04439,D256700
P40933,D256700
P01730,D256700
P15391,D256700
P15941,D256700
Q03431,D256700
Q07820,D256700
P49674,D256700
Q00613,D256700
O14788,D256700
P05112,D256700
P56524,D256700
P30874,D256700
P55263,D256700
P06756,D256700
P32297,D256700
Q16620,D256700
Q7LG56,D256700
P35219,D256700
O75493,D256700
P50281,D256700
O60882,D256700
P35869,D256700
P11474,D256700
P63092,D256700
Q08462,D256700
Q13526,D256700
P48552,D256700
P53350,D256700
P78536,D256700
P63208,D256700
P45984,D256700
P11142,D256700
P61769,D256700
P36897,D256700
P24666,D256700
Q9BVJ7,D256700
O43293,D256700
P45983,D256700
Q13554,D256700
P42892,D256700
Q9UGN5,D256700
Q9NQS7,D256700
Q8IVS2,D256700
Q15078,D256700
O75460,D256700
P60174,D256700
Q14994,D256700
P47985,D256700
Q15118,D256700
P28838,D256700
P41743,D256700
P09466,D256700
P10176,D256700
P04054,D256700
Q9H169,D256700
P41235,D256700
Q16566,D256700
Q9Y6F1,D256700
P01116,D256700
P01889,D256700
O00141,D256700
P08758,D256700
Q14494,D256700
P23528,D256700
O75116,D256700
P06731,D256700
P15151,D256700
P13639,D256700
P05187,D256700
P07948,D256700
P26447,D256700
Q92793,D256700
Q13555,D256700
Q15796,D256700
P04179,D256700
P00558,D256700
O75390,D256700
P02144,D256700
P08670,D256700
P20472,D256700
P22570,D256700
P51149,D256700
P17600,D256700
P09382,D256700
P15813,D256700
P46459,D256700
O14594,D256700
Q14643,D256700
P78352,D256700
P19883,D256700
P50897,D256700
P49913,D256700
P35398,D256700
P29323,D256700
P09104,D256700
P62166,D256700
P62826,D256700
P0CG47,D256700
O75976,D256700
Q01082,D256700
Q99873,D256700
P13611,D256700
P60953,D256700
Q96QT4,D256700
O14964,D256700
Q9Y646,D256700
Q99835,D256700
P54219,D256700
P01106,D256700
P01583,D256700
P11274,D256700
Q96SW2,D256700
Q9UHC3,D256700
Q15303,D256700
Q9HAB3,D256700
P02786,D256700
Q13315,D256700
P51812,D256700
Q15125,D256700
Q05513,D256700
O00264,D256700
Q01118,D256700
P04839,D256700
P54646,D256700
Q14571,D256700
Q14573,D256700
P18846,D256700
P15336,D256700
P18847,D256700
P18848,D256700
Q9Y2D1,D256700
Q07021,D256700
P10599,D256700
P60709,D256700
P63261,D256700
P05090,D256700
Q92736,D256700
P28907,D256700
P60484,D256700
P36956,D256700
Q04206,D256700
P09936,D256700
P25713,D256700
Q99571,D256700
Q9C0B1,D256700
Q16555,D256700
P06733,D256700
P29590,D256700
P46939,D256700
Q06830,D256700
O43613,D256700
P21453,D256700
P34998,D256700
Q969S8,D256700
Q96DB2,D256700
Q9UQL6,D256700
P49281,D256700
Q99828,D256700
Q99653,D256700
P13693,D256700
P80303,D256700
P28676,D256700
P0DP24,D256700
P0DP25,D256700
P10809,D256700
P23246,D256700
P63244,D256700
P56537,D256700
P30101,D256700
P07288,D256700
Q96RI0,D256700
P08648,D256700
F7VJQ1,D256700
Q16595,D256700
O15350,D256700
P42858,D256700
Q92570,D256700
P32004,D256700
P12644,D256700
P53805,D256700
Q9UJU2,D256700
P38936,D256700
Q14457,D256700
Q9NYV7,D256700
P54652,D256700
Q9NR28,D256700
P61978,D256700
P34932,D256700
P61604,D256700
P60903,D256700
P06753,D256700
P54578,D256700
Q9NR63,D256700
P12004,D256700
P10909,D256700
P00739,D256700
P04264,D256700
P02750,D256700
Q14624,D256700
P02538,D256700
P51693,D256700
Q06481,D256700
Q92945,D256700
P46940,D256700
P06748,D256700
Q07955,D256700
Q16518,D256700
P36894,D256700
Q13873,D256700
P55073,D256700
P22897,D256700
Q92911,D256700
Q86UE8,D256700
O75385,D256700
P30530,D256700
P51451,D256700
Q96RR4,D256700
Q00532,D256700
Q9UIK4,D256700
O15075,D256700
Q9C098,D256700
P19525,D256700
P29320,D256700
P54762,D256700
O15197,D256700
Q9H2X6,D256700
P14616,D256700
P51617,D256700
P53671,D256700
Q5S007,D256700
Q12852,D256700
Q13164,D256700
P42679,D256700
Q14680,D256700
Q16288,D256700
O96013,D256700
Q9P286,D256700
O00750,D256700
O75747,D256700
Q99640,D256700
O00444,D256700
Q13546,D256700
P08922,D256700
Q15910,D256700
P63252,D256700
Q99814,D256700
P35232,D256700
P51575,D256700
Q9UBL9,D256700
P56373,D256700
Q93086,D256700
O15547,D256700
Q99572,D256700
P47900,D256700
P51582,D256700
Q9UQ05,D256700
Q96L42,D256700
P00738,D256700
P21860,D256700
P06307,D256700
P29350,D256700
P49662,D256700
P23634,D256700
P55211,D256700
P16278,D256700
Q9UBC3,D256700
Q9NRA0,D256700
O15123,D256700
P35626,D258360
P00734,D258360
P14780,D258360
P11836,D258360
P03372,D258360
P36888,D258360
P16442,D258360
P12821,D258360
P10415,D258360
P04818,D258360
P23921,D258360
P00374,D258360
P20648,D258360
P19801,D258360
Q9UM73,D258360
P08246,D258360
P10721,D258360
Q07343,D258360
P41180,D258360
P04626,D258360
P02768,D258360
P15056,D258360
P08253,D258360
P17181,D258360
P24298,D258360
P04278,D258360
P01375,D258360
P12314,D258360
P12268,D258360
Q99707,D258360
P09601,D258360
P00533,D258360
P33527,D258360
Q99062,D258360
P09488,D258360
P09211,D258360
P30711,D258360
P01031,D258360
P02741,D258360
P16410,D258360
P51692,D258360
O75015,D258360
P08581,D258360
P05231,D258360
P61073,D258360
P01574,D258360
P01579,D258360
O75469,D258360
Q12882,D258360
P11387,D258360
P01137,D258360
P35222,D258360
P51580,D258360
Q00987,D258360
Q9Y6L6,D258360
P29965,D258360
P08183,D258360
P13500,D258360
P01584,D258360
O60858,D258360
Q9UNQ0,D258360
Q92887,D258360
P16581,D258360
P05362,D258360
Q16678,D258360
P48061,D258360
P16109,D258360
P42574,D258360
O60603,D258360
P45844,D258360
P13726,D258360
P15559,D258360
O15439,D258360
Q99808,D258360
Q9P2W7,D258360
Q06187,D258360
P48736,D258360
P09874,D258360
P53355,D258360
P08637,D258360
P31994,D258360
P42898,D258360
P06276,D258360
P11802,D258360
P20815,D258360
P42336,D258360
Q9Y6K9,D258360
O00329,D258360
P42338,D258360
O60674,D258360
P27695,D258360
P01911,D258360
O00206,D258360
P32320,D258360
P04141,D258360
P22301,D258360
P42768,D258360
P08684,D258360
P23141,D258360
P11712,D258360
P08887,D258360
P10632,D258360
Q05397,D258360
P15086,D258360
P11509,D258360
P04637,D258360
P10644,D258360
Q15116,D258360
P01563,D258360
P01024,D258360
Q14790,D258360
P40763,D258360
P15391,D258360
Q07820,D258360
P33261,D258360
O60656,D258360
P55263,D258360
P22309,D258360
P20813,D258360
O15440,D258360
O95255,D258360
Q9NPD5,D258360
P53350,D258360
Q14994,D258360
P09466,D258360
P41235,D258360
Q9HCD5,D258360
P01116,D258360
P01889,D258360
P23458,D258360
Q12866,D258360
Q9BY32,D258360
P01920,D258360
P11172,D258360
P11226,D258360
P49913,D258360
P60953,D258360
O75330,D258360
P60709,D258360
P25105,D258360
P29590,D258360
P04732,D258360
P56537,D258360
P04155,D258360
Q9UJU2,D258360
P05156,D258360
Q9HC29,D258360
O75914,D258360
P40259,D258360
P35498,D259050
P51649,D259050
P54802,D259050
Q13224,D259050
O43497,D259050
Q14353,D259050
P18089,D259050
P07101,D259050
P21802,D259050
P31645,D259050
P49327,D259050
P11166,D259050
P06881,D259050
Q9UKM7,D259050
P09874,D259050
Q9UQD0,D259050
P25391,D259050
P52848,D259050
Q9BY49,D259050
P23560,D259050
P15328,D259050
P56524,D259050
P55263,D259050
P35219,D259050
P63092,D259050
P20248,D259050
P16389,D259050
Q9H8P0,D259050
P05129,D259050
Q9ULB1,D259050
P60484,D259050
P32004,D259050
Q9Y6K1,D259050
P35228,D259500
Q13423,D259500
P00451,D259500
P35916,D259500
P02452,D259500
P17948,D259500
Q9UPY5,D259500
P04049,D259500
P24530,D259500
P14780,D259500
P30556,D259500
P34995,D259500
P11836,D259500
P29475,D259500
P10912,D259500
P02792,D259500
P42357,D259500
P14618,D259500
P35610,D259500
P51606,D259500
P07741,D259500
Q05940,D259500
O95477,D259500
P03372,D259500
P08700,D259500
Q04828,D259500
P80365,D259500
P10275,D259500
P15692,D259500
P31040,D259500
O15374,D259500
P09619,D259500
P00747,D259500
P37231,D259500
P06858,D259500
P05121,D259500
P10415,D259500
P09917,D259500
Q9Y478,D259500
P49902,D259500
P35354,D259500
P08473,D259500
P00797,D259500
P14207,D259500
Q96GD0,D259500
O14727,D259500
Q99714,D259500
P04818,D259500
P28845,D259500
P00374,D259500
P02766,D259500
P16471,D259500
P0DMS8,D259500
Q9UM73,D259500
P35968,D259500
P25103,D259500
Q9GZT4,D259500
Q16719,D259500
P11926,D259500
Q14626,D259500
P04083,D259500
P00338,D259500
P31749,D259500
P30988,D259500
O15528,D259500
P29466,D259500
O15427,D259500
P28223,D259500
P10721,D259500
P30837,D259500
P16473,D259500
Q13621,D259500
P03886,D259500
P41180,D259500
P04626,D259500
P48039,D259500
P25101,D259500
Q9P0J0,D259500
P02768,D259500
P04406,D259500
P09884,D259500
Q12791,D259500
P00352,D259500
P14778,D259500
Q04609,D259500
P04035,D259500
P13612,D259500
Q9Y617,D259500
P07101,D259500
P49585,D259500
P23378,D259500
Q02643,D259500
P15056,D259500
P08253,D259500
P47712,D259500
P01589,D259500
P10276,D259500
P53985,D259500
P00966,D259500
P51787,D259500
Q13131,D259500
O14842,D259500
P05230,D259500
P17735,D259500
P07550,D259500
Q05932,D259500
P01375,D259500
Q03405,D259500
P12268,D259500
P02818,D259500
P09601,D259500
P21802,D259500
P01178,D259500
P78540,D259500
P00533,D259500
Q07912,D259500
P14324,D259500
P22033,D259500
P11473,D259500
P33527,D259500
Q92731,D259500
P04150,D259500
P09488,D259500
Q9Y2Q3,D259500
P21266,D259500
P09211,D259500
P30711,D259500
Q13255,D259500
O94925,D259500
Q14833,D259500
P12931,D259500
P29317,D259500
P30559,D259500
P42081,D259500
P16234,D259500
P07333,D259500
P27487,D259500
P08069,D259500
O60895,D259500
Q02750,D259500
P05771,D259500
P02741,D259500
P37840,D259500
P29972,D259500
Q9UKV0,D259500
P16410,D259500
O60427,D259500
Q00535,D259500
P26358,D259500
P00749,D259500
P49747,D259500
P12724,D259500
P51681,D259500
P05451,D259500
Q99519,D259500
P08581,D259500
P05231,D259500
P61073,D259500
P03956,D259500
P10997,D259500
P28482,D259500
P25116,D259500
P27169,D259500
P02778,D259500
P07858,D259500
P07339,D259500
P07225,D259500
P01579,D259500
P01189,D259500
P49888,D259500
P01133,D259500
O75469,D259500
P06730,D259500
P16220,D259500
P49327,D259500
Q12882,D259500
P10145,D259500
P45452,D259500
P17936,D259500
P11387,D259500
P13501,D259500
P35568,D259500
P16860,D259500
P29460,D259500
P01137,D259500
P35222,D259500
O14965,D259500
Q9Y275,D259500
Q00987,D259500
Q9Y6L6,D259500
P31930,D259500
P27824,D259500
P09038,D259500
Q13464,D259500
Q16539,D259500
Q8NER1,D259500
P63316,D259500
P24385,D259500
P60568,D259500
P08183,D259500
P21980,D259500
P23946,D259500
P04629,D259500
P05412,D259500
P04275,D259500
P13500,D259500
P01584,D259500
P43005,D259500
P11166,D259500
P01019,D259500
P27361,D259500
O60858,D259500
P49841,D259500
Q9UNQ0,D259500
P24941,D259500
P05164,D259500
P01112,D259500
P15144,D259500
Q15111,D259500
P06493,D259500
P05362,D259500
P19838,D259500
P01374,D259500
P00750,D259500
P23297,D259500
P17302,D259500
P11021,D259500
P06881,D259500
P04156,D259500
P63000,D259500
P16070,D259500
P19320,D259500
P43003,D259500
P08254,D259500
P07900,D259500
P14210,D259500
Q08345,D259500
P01100,D259500
Q13126,D259500
P02776,D259500
P17252,D259500
P27815,D259500
P19438,D259500
P02774,D259500
P16455,D259500
P48745,D259500
P16444,D259500
P48061,D259500
P05106,D259500
P98170,D259500
P42574,D259500
P14625,D259500
O60760,D259500
P45844,D259500
P07355,D259500
Q9NR96,D259500
P31751,D259500
P63104,D259500
P04271,D259500
P13726,D259500
P02751,D259500
P22894,D259500
Q7Z2W7,D259500
O15439,D259500
P61586,D259500
P41594,D259500
P25942,D259500
P08842,D259500
P39900,D259500
P06744,D259500
P22455,D259500
Q99808,D259500
P80511,D259500
P04040,D259500
P23919,D259500
P31939,D259500
O75874,D259500
P68363,D259500
P11309,D259500
Q06187,D259500
P48736,D259500
P43405,D259500
P17931,D259500
P48449,D259500
P55055,D259500
P51512,D259500
P04075,D259500
P49789,D259500
P09874,D259500
P53355,D259500
P52732,D259500
P14174,D259500
Q96AZ6,D259500
P32119,D259500
Q16881,D259500
Q9UQD0,D259500
P11511,D259500
P25391,D259500
P27797,D259500
Q07954,D259500
P34741,D259500
P06400,D259500
Q16270,D259500
P02461,D259500
P11362,D259500
P22607,D259500
P07711,D259500
P63027,D259500
P35237,D259500
P09486,D259500
Q96EN8,D259500
P42898,D259500
P06276,D259500
Q13393,D259500
P50750,D259500
Q00534,D259500
P11802,D259500
Q9H6Z9,D259500
Q9NXG6,D259500
P49336,D259500
Q7L266,D259500
P15104,D259500
Q99643,D259500
P10768,D259500
Q13427,D259500
Q13547,D259500
Q92769,D259500
Q9UBN7,D259500
Q16665,D259500
P42336,D259500
P20292,D259500
Q92569,D259500
P78527,D259500
P42345,D259500
P00441,D259500
P41231,D259500
O00329,D259500
P42338,D259500
O60674,D259500
Q5T601,D259500
P07949,D259500
Q06609,D259500
P27695,D259500
P01911,D259500
P09467,D259500
Q16790,D259500
O00206,D259500
O14746,D259500
P48060,D259500
Q96EB6,D259500
P07237,D259500
P10147,D259500
Q15185,D259500
P04141,D259500
P22301,D259500
Q13363,D259500
P08684,D259500
Q92831,D259500
P31949,D259500
P53778,D259500
P08887,D259500
P06703,D259500
Q05397,D259500
P15531,D259500
P49763,D259500
P12429,D259500
P22392,D259500
P01270,D259500
O15169,D259500
Q16769,D259500
P78368,D259500
P30291,D259500
P35625,D259500
Q86VB7,D259500
P04637,D259500
O96017,D259500
O14757,D259500
P05305,D259500
P00403,D259500
P41597,D259500
Q9NNW7,D259500
P23560,D259500
Q5NUL3,D259500
P33151,D259500
Q96GD4,D259500
P15328,D259500
O15392,D259500
Q13443,D259500
P43235,D259500
P05019,D259500
P55786,D259500
Q92843,D259500
P10644,D259500
P09429,D259500
P04792,D259500
O14763,D259500
Q15116,D259500
Q9NZQ7,D259500
P20963,D259500
Q14790,D259500
Q9Y6Q6,D259500
P40763,D259500
Q07011,D259500
Q14956,D259500
P01303,D259500
P04439,D259500
P40933,D259500
P17813,D259500
P01127,D259500
Q03431,D259500
Q07820,D259500
Q00613,D259500
O14788,D259500
P56524,D259500
P05186,D259500
P20813,D259500
P25024,D259500
P62745,D259500
P05556,D259500
P06756,D259500
P29034,D259500
Q9NR33,D259500
P11717,D259500
P35219,D259500
O15440,D259500
P09237,D259500
P24347,D259500
P50281,D259500
P35869,D259500
P11474,D259500
P63092,D259500
P20248,D259500
Q15596,D259500
P53350,D259500
P78536,D259500
Q99933,D259500
P61769,D259500
Q13133,D259500
P36897,D259500
Q9UQF2,D259500
P45983,D259500
P63151,D259500
Q8IVS2,D259500
Q15078,D259500
Q14994,D259500
P08574,D259500
Q15118,D259500
P60900,D259500
P09466,D259500
Q9HB40,D259500
P41235,D259500
Q9HCD5,D259500
P01116,D259500
Q9UQM7,D259500
P0CG48,D259500
Q15375,D259500
P23458,D259500
P08758,D259500
P06396,D259500
P23528,D259500
O75116,D259500
P15151,D259500
P61160,D259500
Q16654,D259500
P19105,D259500
P35080,D259500
P05187,D259500
P26447,D259500
P14550,D259500
Q92793,D259500
Q86WA6,D259500
Q15648,D259500
P80192,D259500
Q15796,D259500
P01920,D259500
P08670,D259500
P09382,D259500
P20823,D259500
P35241,D259500
P48735,D259500
P29323,D259500
P14621,D259500
P62258,D259500
P55072,D259500
Q92993,D259500
P55789,D259500
Q99873,D259500
P13611,D259500
P60953,D259500
Q9Y646,D259500
Q99835,D259500
P01106,D259500
P01583,D259500
P11274,D259500
Q5XXA6,D259500
P53667,D259500
Q15303,D259500
P02795,D259500
P13762,D259500
P02786,D259500
Q13315,D259500
P51812,D259500
P05129,D259500
P04839,D259500
P15153,D259500
Q86W47,D259500
P54646,D259500
P15336,D259500
P18847,D259500
P18848,D259500
P18850,D259500
P60709,D259500
P05090,D259500
P62736,D259500
O95259,D259500
P17676,D259500
P60484,D259500
P09769,D259500
P36956,D259500
Q04206,D259500
Q9NYL2,D259500
P09936,D259500
P29590,D259500
Q9NY56,D259500
O15304,D259500
Q06830,D259500
Q16552,D259500
Q9UQL6,D259500
Q99828,D259500
P13693,D259500
P10589,D259500
P05109,D259500
P51858,D259500
P18669,D259500
P43487,D259500
P07288,D259500
Q96RI0,D259500
P08648,D259500
F7VJQ1,D259500
P06702,D259500
O15350,D259500
P32004,D259500
P12644,D259500
Q99829,D259500
Q9UJU2,D259500
P38936,D259500
P39748,D259500
P00846,D259500
Q14457,D259500
Q9NR28,D259500
P34932,D259500
P09493,D259500
P12004,D259500
P10909,D259500
P51884,D259500
P36955,D259500
Q92945,D259500
Q14103,D259500
P06748,D259500
P27635,D259500
P39019,D259500
P46781,D259500
Q07955,D259500
Q16518,D259500
Q01995,D259500
P17844,D259500
Q13873,D259500
O75533,D259500
Q8TDR2,D259500
Q9UEW8,D259500
Q9UHD2,D259500
O75385,D259500
P30530,D259500
P07498,D259500
Q9Y463,D259500
P19525,D259500
O14976,D259500
Q9H422,D259500
O95835,D259500
P53671,D259500
P46734,D259500
Q02779,D259500
Q13164,D259500
Q14680,D259500
Q04912,D259500
Q9P286,D259500
Q9NYY3,D259500
O00444,D259500
Q13237,D259500
Q13546,D259500
P08922,D259500
Q96BR1,D259500
Q15910,D259500
P36404,D259500
Q92482,D259500
Q9BQB4,D259500
Q99814,D259500
O14980,D259500
P11532,D259500
Q93086,D259500
Q99572,D259500
P53396,D259500
Q99500,D259500
P21860,D259500
P09758,D259500
P06307,D259500
Q13574,D259500
P29350,D259500
Q8NEY4,D259500
Q9H2H9,D259500
P55211,D259500
Q9UBC3,D259500
Q9NRA0,D259500
O15123,D259500
Q9NSD9,D259660
P35228,D260480
P38484,D260480
P20701,D260480
P14778,D260480
Q9UKU7,D260480
P01589,D260480
P24298,D260480
P05771,D260480
P00749,D260480
P51681,D260480
P13501,D260480
P35222,D260480
Q99497,D260480
P60568,D260480
P05362,D260480
P19838,D260480
P19438,D260480
P13569,D260480
P25942,D260480
P08842,D260480
Q04759,D260480
P20711,D260480
Q6IB77,D260480
Q16665,D260480
P01911,D260480
O00206,D260480
P22301,D260480
P08887,D260480
P58335,D260480
P41597,D260480
P55786,D260480
P40763,D260480
Q8WUI4,D260480
P35869,D260480
O75460,D260480
Q9UDW1,D260480
P29597,D260480
P01920,D260480
P35241,D260480
Q9UQQ2,D260480
Q14145,D260480
O95644,D260480
P62736,D260480
Q9HC97,D260480
Q8TDU6,D260480
Q9HC29,D260480
Q5S007,D260480
Q9H0K1,D260480
Q9Y6K1,D260480
P00734,D260570
P03372,D260570
Q14524,D260570
P06858,D260570
P35354,D260570
P20648,D260570
O00555,D260570
P04626,D260570
Q9UKU7,D260570
P24298,D260570
P01375,D260570
P30536,D260570
P31645,D260570
P35372,D260570
P04150,D260570
P27487,D260570
P43220,D260570
P02741,D260570
P05231,D260570
P61073,D260570
Q8NER1,D260570
P08183,D260570
P05164,D260570
P00750,D260570
P01138,D260570
O75762,D260570
P19438,D260570
P13569,D260570
P80511,D260570
Q9NP99,D260570
P07477,D260570
O00519,D260570
Q7L266,D260570
P41231,D260570
P05155,D260570
P22301,D260570
P23560,D260570
P01563,D260570
P25092,D260570
P22309,D260570
P07478,D260570
P31639,D260570
P57059,D260570
P04732,D260570
P02750,D260570
Q86U10,D260570
P47900,D260570
P06307,D260570
P10275,D260970
Q9Y4W6,D260970
P35498,D260970
P49916,D260970
P49588,D260970
P02766,D260970
O00555,D260970
Q9UM73,D260970
P51659,D260970
P0DP23,D260970
P22303,D260970
P48169,D260970
O43497,D260970
P07202,D260970
P04626,D260970
P03905,D260970
Q12791,D260970
P08559,D260970
P49585,D260970
Q01959,D260970
P09622,D260970
P11388,D260970
P19634,D260970
P00439,D260970
P49448,D260970
Q12879,D260970
Q09470,D260970
P14867,D260970
Q13255,D260970
P43681,D260970
P10253,D260970
P22557,D260970
P62993,D260970
P28482,D260970
P01579,D260970
O95831,D260970
P11387,D260970
Q16539,D260970
P06850,D260970
P24385,D260970
P21980,D260970
P04629,D260970
P11166,D260970
O60733,D260970
P06493,D260970
P04156,D260970
P19367,D260970
P43003,D260970
O75762,D260970
P00450,D260970
P42574,D260970
P04271,D260970
P41594,D260970
P10153,D260970
P48736,D260970
P04350,D260970
P09874,D260970
Q9UQD0,D260970
P23763,D260970
Q6PI48,D260970
Q9GZR5,D260970
Q9UGM6,D260970
Q5JTZ9,D260970
O00305,D260970
P42336,D260970
P00441,D260970
Q9NY47,D260970
P08865,D260970
O00329,D260970
P42338,D260970
Q13363,D260970
P07384,D260970
P04637,D260970
O96017,D260970
P00403,D260970
P23560,D260970
Q13885,D260970
P04792,D260970
P01303,D260970
P35219,D260970
P10176,D260970
Q03426,D260970
P06396,D260970
Q15796,D260970
Q14643,D260970
P09104,D260970
Q01082,D260970
P16389,D260970
P22460,D260970
P17658,D260970
P48547,D260970
Q96PR1,D260970
Q14003,D260970
Q9HAB3,D260970
Q13315,D260970
P05129,D260970
P78508,D260970
Q9UGI6,D260970
P60709,D260970
P13637,D260970
Q9NYL2,D260970
P09936,D260970
P46939,D260970
Q99653,D260970
P28676,D260970
P0DP24,D260970
P0DP25,D260970
P10809,D260970
F7VJQ1,D260970
Q16595,D260970
P04080,D260970
P42858,D260970
P38936,D260970
P00846,D260970
P34932,D260970
P06753,D260970
P54578,D260970
P35858,D260970
Q8NI60,D260970
Q9UIK4,D260970
Q9UPZ9,D260970
Q16512,D260970
P04114,D260970
Q16720,D260970
P16278,D260970
P00451,D261515
P06213,D261515
P12259,D261515
P00734,D261515
P30556,D261515
P00387,D261515
Q8WTV0,D261515
P00797,D261515
O14727,D261515
P00740,D261515
Q16836,D261515
P01130,D261515
P02768,D261515
P00352,D261515
Q08426,D261515
P15056,D261515
P00390,D261515
P00966,D261515
P22033,D261515
P00156,D261515
P07225,D261515
P01579,D261515
P35222,D261515
P11166,D261515
Q13126,D261515
P04040,D261515
Q08881,D261515
P42898,D261515
P42336,D261515
P00441,D261515
P22301,D261515
P54278,D261515
P15289,D261515
P04637,D261515
P05067,D261515
Q9NZQ7,D261515
P40763,D261515
P20807,D261515
Q07864,D261515
P63092,D261515
O75460,D261515
P10176,D261515
O75976,D261515
P55072,D261515
P55789,D261515
P0C0L4,D261515
P0C0L5,D261515
Q13315,D261515
Q86UW8,D261515
P28907,D261515
P17676,D261515
P60484,D261515
O60502,D261515
O14958,D261515
Q16595,D261515
P08603,D261515
P22897,D261515
Q59H18,D261515
P11532,D261515
P00519,D263300
P17948,D263300
P12259,D263300
P00734,D263300
P13716,D263300
P14780,D263300
P35610,D263300
P08700,D263300
P69905,D263300
P10275,D263300
P36888,D263300
P15692,D263300
P49916,D263300
P09619,D263300
P37231,D263300
P12821,D263300
P05121,D263300
P10415,D263300
P09917,D263300
P00797,D263300
P01008,D263300
P25103,D263300
P08246,D263300
P31749,D263300
P17516,D263300
P08514,D263300
P10721,D263300
P22413,D263300
P06126,D263300
P68871,D263300
P08253,D263300
P19235,D263300
P20138,D263300
P01375,D263300
Q03405,D263300
P78540,D263300
P00533,D263300
P04150,D263300
P09488,D263300
Q9Y2Q3,D263300
P30711,D263300
P16234,D263300
P08069,D263300
P02741,D263300
P51692,D263300
P05451,D263300
P08581,D263300
P05231,D263300
P28482,D263300
P01579,D263300
P10145,D263300
Q9BYF1,D263300
P35222,D263300
Q00987,D263300
P04275,D263300
P15502,D263300
Q13231,D263300
P01019,D263300
P27361,D263300
P80188,D263300
P19838,D263300
P11413,D263300
P23297,D263300
P14210,D263300
P02776,D263300
P05106,D263300
P16109,D263300
O60603,D263300
O60760,D263300
P04271,D263300
P25942,D263300
P80511,D263300
O75874,D263300
P48736,D263300
P17931,D263300
P37173,D263300
O15230,D263300
P27797,D263300
P11362,D263300
P42898,D263300
P42336,D263300
O00329,D263300
P42338,D263300
O60674,D263300
P01911,D263300
O00206,D263300
O14746,D263300
P04141,D263300
P22301,D263300
P49763,D263300
Q9Y468,D263300
P04637,D263300
Q9NPF7,D263300
P05019,D263300
Q92843,D263300
P40238,D263300
P02647,D263300
P01563,D263300
P40763,D263300
P04439,D263300
P52333,D263300
Q07817,D263300
Q07820,D263300
P04798,D263300
P20813,D263300
P09466,D263300
P10176,D263300
P23458,D263300
P29597,D263300
P15151,D263300
P09382,D263300
Q9NPH2,D263300
P48735,D263300
P29323,D263300
P01106,D263300
Q9UQQ2,D263300
P11274,D263300
P49908,D263300
P05109,D263300
P06702,D263300
O75533,D263300
O75385,D263300
Q15910,D263300
Q9Y6K1,D263300
P29350,D263300
P55211,D263300
Q14524,D263800
P35354,D263800
P29474,D263800
P00797,D263800
P55017,D263800
Q13621,D263800
P41180,D263800
P48048,D263800
P01019,D263800
P01270,D263800
P20472,D263800
P60709,D263800
Q9UEW8,D263800
P11532,D263800
Q9UI32,D264120
P00488,D264120
P35228,D264120
Q13423,D264120
P30542,D264120
P23219,D264120
P21728,D264120
P02452,D264120
O95363,D264120
P17948,D264120
P06213,D264120
P12259,D264120
O00764,D264120
P24530,D264120
P00734,D264120
P14780,D264120
P21554,D264120
P30556,D264120
P11836,D264120
P29475,D264120
Q07869,D264120
P51843,D264120
P10912,D264120
Q8IWU9,D264120
P02792,D264120
P14618,D264120
Q15800,D264120
P17707,D264120
P35610,D264120
P13688,D264120
P51606,D264120
Q9H244,D264120
P21673,D264120
P07741,D264120
O95477,D264120
P17752,D264120
P03372,D264120
P80365,D264120
P10275,D264120
P05091,D264120
P21918,D264120
P36888,D264120
P15692,D264120
P20132,D264120
P37288,D264120
Q9UJ68,D264120
P08588,D264120
Q9Y5Y9,D264120
P23786,D264120
O76074,D264120
P45381,D264120
Q8WTV0,D264120
P14061,D264120
P30968,D264120
Q09428,D264120
P21695,D264120
P08185,D264120
P00747,D264120
P16442,D264120
P37231,D264120
P00742,D264120
P12821,D264120
Q02252,D264120
P55157,D264120
P06858,D264120
P05121,D264120
P29275,D264120
P10415,D264120
P09917,D264120
Q9Y478,D264120
O76054,D264120
P40939,D264120
P49902,D264120
P35354,D264120
P29474,D264120
P08473,D264120
P00797,D264120
P05089,D264120
P08913,D264120
Q13258,D264120
P00480,D264120
P16050,D264120
P46098,D264120
P02753,D264120
P10828,D264120
P35520,D264120
P49286,D264120
P28845,D264120
P02766,D264120
P25098,D264120
P05093,D264120
Q9NR19,D264120
P0DMS8,D264120
Q96I99,D264120
O95479,D264120
P00740,D264120
Q05586,D264120
P48029,D264120
O95139,D264120
Q16836,D264120
P04070,D264120
P47869,D264120
P00505,D264120
P23945,D264120
P21917,D264120
P60880,D264120
P41595,D264120
P08246,D264120
P00325,D264120
P32238,D264120
P50416,D264120
O75311,D264120
P55017,D264120
P41143,D264120
P04083,D264120
Q9UN76,D264120
P22303,D264120
P31749,D264120
P30988,D264120
Q14432,D264120
O60669,D264120
O15528,D264120
P29466,D264120
P28223,D264120
P22413,D264120
P30049,D264120
P23975,D264120
Q07343,D264120
P16473,D264120
P41252,D264120
P01130,D264120
P35348,D264120
P03886,D264120
P41180,D264120
P02787,D264120
P04626,D264120
P54687,D264120
P25101,D264120
P47871,D264120
P02768,D264120
P28335,D264120
P18405,D264120
P04406,D264120
O14561,D264120
Q12791,D264120
P00352,D264120
P16066,D264120
P06401,D264120
P08172,D264120
P14778,D264120
P18089,D264120
P42330,D264120
Q05329,D264120
Q9Y617,D264120
P48163,D264120
Q9UKU7,D264120
O95865,D264120
P07101,D264120
P11586,D264120
P23378,D264120
P51164,D264120
P52895,D264120
P18031,D264120
Q13085,D264120
Q8TDS4,D264120
P33121,D264120
P08253,D264120
Q01959,D264120
P00390,D264120
P14784,D264120
P19429,D264120
P47712,D264120
P28221,D264120
P24298,D264120
P08235,D264120
P53985,D264120
P51787,D264120
P20138,D264120
Q13131,D264120
P16233,D264120
P04278,D264120
P10827,D264120
O14842,D264120
P05230,D264120
P17735,D264120
P14902,D264120
P07550,D264120
P11498,D264120
O00763,D264120
P01375,D264120
Q14654,D264120
P12314,D264120
P15260,D264120
Q9BQB6,D264120
O15382,D264120
P02818,D264120
Q99707,D264120
P09601,D264120
P30536,D264120
Q15822,D264120
P53004,D264120
P15121,D264120
P31645,D264120
P14416,D264120
P78540,D264120
P21731,D264120
Q9UBK8,D264120
Q16445,D264120
P00533,D264120
P35372,D264120
P47901,D264120
P14324,D264120
P22033,D264120
P11473,D264120
P40261,D264120
Q92731,D264120
P04150,D264120
P28222,D264120
Q9UHC9,D264120
P09488,D264120
Q9Y2Q3,D264120
O15217,D264120
P09211,D264120
P78417,D264120
P07203,D264120
P30711,D264120
P22352,D264120
P49019,D264120
O43451,D264120
P12931,D264120
P06241,D264120
P30559,D264120
Q93088,D264120
Q01718,D264120
P43681,D264120
P07333,D264120
P27487,D264120
O60664,D264120
P43220,D264120
P08069,D264120
O60895,D264120
O60896,D264120
Q16568,D264120
Q7Z4W1,D264120
Q14289,D264120
P05771,D264120
P02741,D264120
P37840,D264120
Q06520,D264120
P16410,D264120
O60427,D264120
P19440,D264120
Q00535,D264120
P51692,D264120
P26358,D264120
P00749,D264120
P49747,D264120
O75015,D264120
P20810,D264120
P35558,D264120
P30044,D264120
P01023,D264120
P51681,D264120
P05451,D264120
P05231,D264120
P61073,D264120
P03956,D264120
P10997,D264120
P02652,D264120
P28482,D264120
P29274,D264120
P02763,D264120
P01574,D264120
P50225,D264120
P25116,D264120
P27169,D264120
O75891,D264120
P02778,D264120
P00156,D264120
P07858,D264120
P98164,D264120
P07225,D264120
P01579,D264120
P50406,D264120
P01189,D264120
P20333,D264120
P49888,D264120
P01009,D264120
P01133,D264120
P27986,D264120
O75469,D264120
P06730,D264120
P16220,D264120
P49327,D264120
Q12882,D264120
P10145,D264120
Q04760,D264120
Q9Y5N1,D264120
P05120,D264120
P17936,D264120
P17405,D264120
P13501,D264120
P35568,D264120
P16860,D264120
Q9BYF1,D264120
P01137,D264120
P35222,D264120
P32418,D264120
P56817,D264120
Q9Y275,D264120
Q16853,D264120
Q00987,D264120
Q03181,D264120
P99999,D264120
P13945,D264120
P62937,D264120
P09038,D264120
Q13464,D264120
P01042,D264120
P46059,D264120
Q16539,D264120
P03951,D264120
Q8NER1,D264120
P06850,D264120
P24385,D264120
P60568,D264120
P98160,D264120
P08183,D264120
P23946,D264120
P04275,D264120
Q96RJ0,D264120
P11168,D264120
P15502,D264120
P13500,D264120
P01584,D264120
P30793,D264120
P35557,D264120
P11166,D264120
Q13231,D264120
P01019,D264120
P27361,D264120
O60858,D264120
P49841,D264120
Q4U2R8,D264120
Q9UNQ0,D264120
Q06124,D264120
P16581,D264120
P05164,D264120
O60733,D264120
P15144,D264120
P06493,D264120
P80188,D264120
P05362,D264120
P19838,D264120
P01374,D264120
P00750,D264120
P11413,D264120
Q9UM07,D264120
P01138,D264120
P17302,D264120
P53779,D264120
P11021,D264120
P15309,D264120
P06881,D264120
P04156,D264120
P35247,D264120
P19367,D264120
P63000,D264120
Q16678,D264120
P16070,D264120
P19320,D264120
P08254,D264120
P02649,D264120
P07900,D264120
P14210,D264120
P16870,D264120
P01100,D264120
P17252,D264120
P36969,D264120
P19438,D264120
P00450,D264120
P02774,D264120
P48745,D264120
P48061,D264120
P07204,D264120
O14920,D264120
P32239,D264120
P16109,D264120
P42574,D264120
O60603,D264120
O60760,D264120
P45844,D264120
P07355,D264120
P31751,D264120
P00167,D264120
P63104,D264120
P14410,D264120
P04271,D264120
P13726,D264120
P02751,D264120
P14735,D264120
P15559,D264120
Q7Z2W7,D264120
P61586,D264120
P13569,D264120
P25942,D264120
P08842,D264120
P39900,D264120
P80511,D264120
P04040,D264120
P05113,D264120
Q13370,D264120
P31939,D264120
P11309,D264120
Q9NP99,D264120
P10153,D264120
P48736,D264120
Q9BWD1,D264120
P17931,D264120
P41240,D264120
P30405,D264120
Q14376,D264120
P50579,D264120
P55055,D264120
P06132,D264120
P14555,D264120
P25774,D264120
P04745,D264120
P00751,D264120
P09874,D264120
P11310,D264120
Q96RI1,D264120
P00746,D264120
P14174,D264120
P37173,D264120
P62508,D264120
P21964,D264120
P11511,D264120
P02675,D264120
P02679,D264120
P08637,D264120
P31994,D264120
P27797,D264120
Q07954,D264120
P05154,D264120
P34741,D264120
P29120,D264120
Q16270,D264120
P11362,D264120
P22607,D264120
P07711,D264120
P09486,D264120
P48147,D264120
P42898,D264120
P06276,D264120
Q13393,D264120
O00469,D264120
O00519,D264120
P27338,D264120
P21397,D264120
P19021,D264120
P47989,D264120
Q00534,D264120
P00813,D264120
P11802,D264120
Q9GZT9,D264120
P48544,D264120
P49336,D264120
P27708,D264120
Q7L266,D264120
P15104,D264120
O95864,D264120
Q07973,D264120
P55809,D264120
Q9BXA5,D264120
Q07075,D264120
P35754,D264120
Q9H4Y5,D264120
P49619,D264120
Q14032,D264120
O75911,D264120
Q8N0U8,D264120
P23284,D264120
Q13427,D264120
P10635,D264120
Q92769,D264120
O15379,D264120
Q9UBN7,D264120
Q16665,D264120
P42336,D264120
P20292,D264120
P78527,D264120
P42345,D264120
P00441,D264120
P41231,D264120
O00329,D264120
P42338,D264120
O60674,D264120
Q13093,D264120
P43490,D264120
P01911,D264120
Q05655,D264120
P50391,D264120
P49146,D264120
P05177,D264120
P35225,D264120
O00206,D264120
P37268,D264120
Q01726,D264120
P25929,D264120
Q15761,D264120
P08729,D264120
Q96EB6,D264120
P51686,D264120
P07237,D264120
P10147,D264120
P04141,D264120
P22301,D264120
Q9NWT6,D264120
P42768,D264120
P08684,D264120
P04746,D264120
Q92831,D264120
P23141,D264120
P11712,D264120
P25311,D264120
P08887,D264120
P80075,D264120
P06703,D264120
P16152,D264120
Q16698,D264120
P49763,D264120
Q96FI4,D264120
P15289,D264120
P18509,D264120
P58335,D264120
P01270,D264120
P11509,D264120
P07384,D264120
Q13285,D264120
Q9NXA8,D264120
P35625,D264120
Q86VB7,D264120
P48357,D264120
Q8TDV5,D264120
Q02763,D264120
P04637,D264120
O14757,D264120
Q92847,D264120
P05305,D264120
P00403,D264120
P41597,D264120
Q9NNW7,D264120
P51671,D264120
P05067,D264120
P23560,D264120
Q5NUL3,D264120
Q96GD4,D264120
Q96IY4,D264120
Q96BI3,D264120
Q9NZ42,D264120
Q9NPF7,D264120
P43235,D264120
P05019,D264120
P55786,D264120
Q92934,D264120
P10644,D264120
P09429,D264120
P04792,D264120
O14793,D264120
Q15116,D264120
Q9NZQ7,D264120
Q99527,D264120
P02647,D264120
P01024,D264120
Q14790,D264120
P40763,D264120
Q07011,D264120
Q969F8,D264120
P20807,D264120
P10636,D264120
P01303,D264120
P16615,D264120
Q99705,D264120
P40933,D264120
P01308,D264120
P52333,D264120
P15941,D264120
P25092,D264120
P15169,D264120
P22792,D264120
Q07820,D264120
P30411,D264120
Q00613,D264120
Q96QU6,D264120
P11597,D264120
O14788,D264120
Q9NR97,D264120
P05112,D264120
P56524,D264120
P30874,D264120
P05181,D264120
P05108,D264120
O60656,D264120
P22309,D264120
P04798,D264120
P05186,D264120
P20813,D264120
Q9HCR9,D264120
Q13332,D264120
P23469,D264120
Q9Y2I1,D264120
O14649,D264120
Q9NPC2,D264120
P30926,D264120
P32297,D264120
P30532,D264120
P12104,D264120
P00709,D264120
Q16620,D264120
Q9NRF9,D264120
P07451,D264120
P35218,D264120
O15440,D264120
O95255,D264120
Q8TCC7,D264120
P50281,D264120
P51511,D264120
Q99542,D264120
Q96RD7,D264120
P35869,D264120
P11474,D264120
Q15788,D264120
Q9UNA0,D264120
P63092,D264120
O95622,D264120
Q13526,D264120
Q15596,D264120
P48552,D264120
P53350,D264120
Q13362,D264120
P78536,D264120
P31151,D264120
Q9NZK7,D264120
P23467,D264120
P45984,D264120
Q13133,D264120
P24666,D264120
O43293,D264120
P45983,D264120
Q9UGN5,D264120
P63151,D264120
Q8IVS2,D264120
P62913,D264120
O75460,D264120
P25705,D264120
P06576,D264120
Q14994,D264120
P22695,D264120
Q15118,D264120
Q9UKQ2,D264120
Q16134,D264120
P30301,D264120
P28072,D264120
P09466,D264120
P13073,D264120
P15954,D264120
P10176,D264120
P04054,D264120
P41235,D264120
P98155,D264120
Q9Y6Y9,D264120
Q01581,D264120
P01116,D264120
Q9UQM7,D264120
P01889,D264120
P16112,D264120
O00141,D264120
P04632,D264120
P29597,D264120
P49862,D264120
Q14494,D264120
P06731,D264120
Q16654,D264120
P12883,D264120
P09848,D264120
Q15119,D264120
P26447,D264120
P14550,D264120
Q92793,D264120
O43612,D264120
Q15796,D264120
P04179,D264120
Q16762,D264120
P19961,D264120
O75390,D264120
Q03403,D264120
P08670,D264120
P20472,D264120
P07108,D264120
P22570,D264120
Q8IWL2,D264120
P11226,D264120
P09382,D264120
P15813,D264120
P31323,D264120
P30084,D264120
P10600,D264120
P20823,D264120
P51003,D264120
P26572,D264120
P19883,D264120
P49411,D264120
P49913,D264120
P50607,D264120
Q9NTG7,D264120
P29323,D264120
P09104,D264120
P62166,D264120
Q8NFW8,D264120
P05062,D264120
Q92993,D264120
P55789,D264120
Q01082,D264120
P61587,D264120
Q96I15,D264120
P60953,D264120
P41091,D264120
Q99835,D264120
P31327,D264120
P01106,D264120
P01583,D264120
P18510,D264120
P31639,D264120
Q14145,D264120
Q15303,D264120
P48065,D264120
P02795,D264120
Q96S37,D264120
P79483,D264120
P02786,D264120
P08686,D264120
Q13315,D264120
Q15125,D264120
Q05513,D264120
P04839,D264120
P13498,D264120
P14598,D264120
P19878,D264120
P54646,D264120
Q9UGJ0,D264120
Q14571,D264120
Q14573,D264120
P18847,D264120
P18848,D264120
P18850,D264120
Q07021,D264120
P60709,D264120
O95718,D264120
Q9HBK9,D264120
P05090,D264120
Q92736,D264120
P28907,D264120
P17676,D264120
P60484,D264120
P49908,D264120
P36956,D264120
Q9HC97,D264120
Q8TDU6,D264120
Q9C0B1,D264120
Q9Y2T6,D264120
Q9Y5S8,D264120
O95750,D264120
O60502,D264120
P46939,D264120
Q0VD83,D264120
Q16552,D264120
Q8NBP7,D264120
Q96DB2,D264120
P07438,D264120
P80303,D264120
P28676,D264120
Q96FQ6,D264120
Q96PD7,D264120
P02656,D264120
P05109,D264120
P10809,D264120
P31943,D264120
P23246,D264120
P56537,D264120
P07288,D264120
F7VJQ1,D264120
P06702,D264120
O15350,D264120
Q15238,D264120
Q92570,D264120
P12644,D264120
P53805,D264120
Q16602,D264120
P38936,D264120
P00846,D264120
Q14457,D264120
P54652,D264120
P34932,D264120
Q9NR63,D264120
P12004,D264120
Q9UHF0,D264120
P02765,D264120
P08603,D264120
P10909,D264120
P00739,D264120
P35858,D264120
P02750,D264120
P51884,D264120
P29622,D264120
P36955,D264120
O14791,D264120
P08779,D264120
Q06481,D264120
Q6FHJ7,D264120
P21333,D264120
P27635,D264120
P39019,D264120
P37802,D264120
Q07955,D264120
P47775,D264120
Q02083,D264120
Q9HBA0,D264120
P36894,D264120
P31391,D264120
Q9HC29,D264120
Q13873,D264120
P22897,D264120
Q92911,D264120
P20393,D264120
Q9NYP7,D264120
Q9BYT3,D264120
Q9UEW8,D264120
Q9H2K8,D264120
Q9UHD2,D264120
P35590,D264120
Q59H18,D264120
Q06418,D264120
O75385,D264120
Q8NFD2,D264120
P51451,D264120
Q9NSY1,D264120
Q96RR4,D264120
P49760,D264120
Q9UIK4,D264120
P19525,D264120
Q9P2K8,D264120
P07332,D264120
P49840,D264120
Q14164,D264120
P14616,D264120
Q9Y616,D264120
Q9Y2K2,D264120
P46734,D264120
Q13163,D264120
P52564,D264120
Q99759,D264120
O95819,D264120
Q9Y4K4,D264120
Q13164,D264120
Q8IW41,D264120
Q9P0L2,D264120
P27448,D264120
Q96L34,D264120
Q14680,D264120
Q04912,D264120
O15146,D264120
O75914,D264120
Q15139,D264120
P08922,D264120
Q9H0K1,D264120
Q15910,D264120
Q9BQB4,D264120
Q99814,D264120
P32245,D264120
P41968,D264120
P33032,D264120
Q86U10,D264120
P48764,D264120
Q8IXJ6,D264120
P35232,D264120
P11532,D264120
Q86YN6,D264120
Q99677,D264120
Q99572,D264120
Q9Y6J6,D264120
P53396,D264120
P41222,D264120
P04114,D264120
P00738,D264120
P41238,D264120
O15393,D264120
P06307,D264120
P52429,D264120
P29350,D264120
P20702,D264120
Q9H2H9,D264120
Q96QD8,D264120
P16278,D264120
Q02223,D264120
Q9NRA0,D264120
O15123,D264120
P30613,D266120
P00734,D266120
P69905,D266120
P48506,D266120
P48637,D266120
P16442,D266120
P35354,D266120
P14207,D266120
P49189,D266120
O95479,D266120
Q16739,D266120
P48507,D266120
P68871,D266120
Q01959,D266120
P00390,D266120
P09601,D266120
Q9Y2Q3,D266120
P22557,D266120
P01023,D266120
P08174,D266120
P29965,D266120
P04275,D266120
P11166,D266120
P11413,D266120
P19367,D266120
P00450,D266120
O60760,D266120
P13726,D266120
Q08257,D266120
P06744,D266120
P04075,D266120
P32119,D266120
P08637,D266120
P42898,D266120
P00813,D266120
P09467,D266120
Q16698,D266120
P00403,D266120
P15328,D266120
Q96AE4,D266120
P01563,D266120
P01024,D266120
P20963,D266120
P22309,D266120
P60174,D266120
P01116,D266120
Q9BY32,D266120
P00558,D266120
O60264,D266120
P02786,D266120
Q06830,D266120
P05109,D266120
P08603,D266120
P21333,D266120
P39019,D266120
Q9BQI3,D266120
P00738,D266120
Q02223,D266120
Q07869,D266600
P37231,D266600
P01589,D266600
P01375,D266600
P02741,D266600
P05231,D266600
P01579,D266600
P29460,D266600
P13500,D266600
P04004,D266600
Q9NR96,D266600
P02751,D266600
Q96RI1,D266600
P42898,D266600
P01911,D266600
O00206,D266600
P22301,D266600
P05019,D266600
P29597,D266600
Q15080,D266600
Q8TDU6,D266600
Q9HC29,D266600
Q9Y6K1,D266600
P00747,D267730
P10415,D267730
P35520,D267730
P04818,D267730
P34896,D267730
Q9UM73,D267730
P15056,D267730
P10276,D267730
Q05932,D267730
P01375,D267730
P04150,D267730
Q93088,D267730
Q9UKV0,D267730
P01574,D267730
P10145,D267730
P05120,D267730
P01584,D267730
P42574,D267730
Q06187,D267730
P42898,D267730
P00813,D267730
P01911,D267730
P50135,D267730
P04141,D267730
P22301,D267730
P27707,D267730
P21926,D267730
P04637,D267730
O96017,D267730
P01563,D267730
P40763,D267730
P28908,D267730
P05112,D267730
P05181,D267730
P11142,D267730
P04179,D267730
P08670,D267730
P01106,D267730
P02786,D267730
Q99653,D267730
P34932,D267730
Q15910,D267730
P48728,D267740
P30542,D267740
P23219,D267740
P02452,D267740
O95363,D267740
Q9UPY5,D267740
P06213,D267740
P20309,D267740
Q9H2X9,D267740
P00734,D267740
P48167,D267740
P14780,D267740
P21554,D267740
P30556,D267740
Q07869,D267740
Q12809,D267740
P11229,D267740
Q9Y289,D267740
P34972,D267740
Q9H244,D267740
P07741,D267740
Q05940,D267740
O95477,D267740
P03372,D267740
P10275,D267740
P49419,D267740
Q8WY07,D267740
P09172,D267740
Q9UHW9,D267740
P35498,D267740
P23368,D267740
P51649,D267740
Q9NYK1,D267740
O43175,D267740
P15692,D267740
P00367,D267740
Q9NVS9,D267740
P07814,D267740
Q14524,D267740
O95069,D267740
P37231,D267740
Q9UBS5,D267740
P12821,D267740
P26640,D267740
Q02252,D267740
P06858,D267740
P10415,D267740
P30531,D267740
P80404,D267740
P35354,D267740
P29474,D267740
P00797,D267740
Q96GD0,D267740
P55011,D267740
P08913,D267740
P08908,D267740
P16050,D267740
P34896,D267740
P00395,D267740
P39086,D267740
P03923,D267740
O00555,D267740
P00740,D267740
Q05586,D267740
P48029,D267740
Q99259,D267740
P47869,D267740
P25103,D267740
P21917,D267740
P60880,D267740
O15399,D267740
P11926,D267740
P50416,D267740
O75311,D267740
Q13224,D267740
P55017,D267740
P41143,D267740
P04083,D267740
P22303,D267740
P31749,D267740
Q13936,D267740
P23415,D267740
O60669,D267740
P28223,D267740
P30872,D267740
Q14957,D267740
O60706,D267740
P31644,D267740
P48169,D267740
O43497,D267740
P16473,D267740
P51172,D267740
Q13621,D267740
P07202,D267740
P34903,D267740
Q9P0J0,D267740
P02768,D267740
O60391,D267740
P04406,D267740
Q12791,D267740
P08172,D267740
Q9NWM0,D267740
P08559,D267740
P18089,D267740
P42330,D267740
Q05329,D267740
P07101,D267740
P11586,D267740
P41145,D267740
P15056,D267740
P42261,D267740
P08253,D267740
Q01959,D267740
P14784,D267740
P47712,D267740
P53985,D267740
P51787,D267740
Q16515,D267740
P04278,D267740
O14842,D267740
P54289,D267740
P17735,D267740
P14902,D267740
Q9NS40,D267740
P01375,D267740
Q14654,D267740
P25100,D267740
Q99707,D267740
P30536,D267740
Q15822,D267740
P23416,D267740
P31645,D267740
P19634,D267740
P49448,D267740
P14416,D267740
Q12879,D267740
P16219,D267740
Q9UBK8,D267740
Q16445,D267740
P51788,D267740
P00533,D267740
P35372,D267740
Q07912,D267740
P11473,D267740
Q09470,D267740
P40261,D267740
P33527,D267740
Q92731,D267740
P04150,D267740
P14867,D267740
P09488,D267740
P07203,D267740
P30711,D267740
Q13255,D267740
Q13002,D267740
Q16099,D267740
P42262,D267740
P48058,D267740
P42263,D267740
Q14833,D267740
Q14831,D267740
O00222,D267740
P06241,D267740
P43681,D267740
P17787,D267740
P07333,D267740
P27487,D267740
P43220,D267740
O95180,D267740
Q14289,D267740
P05771,D267740
P02741,D267740
P37840,D267740
P29972,D267740
Q9UKV0,D267740
P43004,D267740
Q00535,D267740
P00749,D267740
O43526,D267740
P30044,D267740
P05231,D267740
P28482,D267740
P29274,D267740
P25116,D267740
P00156,D267740
P07339,D267740
P98164,D267740
P07225,D267740
P01579,D267740
P01189,D267740
P20333,D267740
O75469,D267740
P16220,D267740
Q04760,D267740
P52788,D267740
O95831,D267740
P10646,D267740
Q14416,D267740
P29074,D267740
P01137,D267740
P35222,D267740
P32418,D267740
P56817,D267740
Q99497,D267740
Q7L0J3,D267740
Q9Y275,D267740
P62937,D267740
P01042,D267740
Q8NER1,D267740
P60568,D267740
P48051,D267740
P98160,D267740
P08183,D267740
P23946,D267740
P04629,D267740
P05412,D267740
O94956,D267740
P15502,D267740
P13500,D267740
P01584,D267740
P43005,D267740
P11166,D267740
P49841,D267740
Q9UNQ0,D267740
Q92887,D267740
P05164,D267740
O60733,D267740
P06493,D267740
P05362,D267740
P19838,D267740
P00750,D267740
P01138,D267740
P17302,D267740
P21589,D267740
P53779,D267740
P06881,D267740
P04156,D267740
P19367,D267740
P19320,D267740
P43003,D267740
P08254,D267740
P02649,D267740
P07900,D267740
P01100,D267740
P17252,D267740
P00450,D267740
P02774,D267740
Q15858,D267740
P22061,D267740
P48745,D267740
P42574,D267740
O60760,D267740
P45844,D267740
P04271,D267740
P02751,D267740
Q7Z2W7,D267740
P28161,D267740
P41594,D267740
O15530,D267740
P04040,D267740
O75874,D267740
P68363,D267740
P48736,D267740
Q71U36,D267740
Q13509,D267740
P55055,D267740
P06132,D267740
Q9Y286,D267740
P09874,D267740
P53355,D267740
P14174,D267740
Q05315,D267740
P08238,D267740
Q16881,D267740
Q99250,D267740
Q9NY46,D267740
P35499,D267740
Q9UQD0,D267740
P21964,D267740
P11511,D267740
P07942,D267740
P11362,D267740
P22607,D267740
P63027,D267740
Q8N9I0,D267740
P02458,D267740
P35237,D267740
O94903,D267740
P42898,D267740
P06276,D267740
P19021,D267740
P00813,D267740
Q00975,D267740
P15104,D267740
Q5JPH6,D267740
Q9BW92,D267740
O43766,D267740
O43272,D267740
Q13427,D267740
Q7L3T8,D267740
Q96I59,D267740
P36544,D267740
Q14832,D267740
P28472,D267740
P47870,D267740
Q13698,D267740
O00305,D267740
Q01668,D267740
P20815,D267740
P10635,D267740
Q92769,D267740
Q16665,D267740
P41146,D267740
P42336,D267740
P42345,D267740
P00441,D267740
Q9NY47,D267740
O43525,D267740
P56696,D267740
Q9NR82,D267740
O14672,D267740
O00329,D267740
P42338,D267740
P07949,D267740
Q05655,D267740
P49146,D267740
P05177,D267740
P35225,D267740
O00206,D267740
O14746,D267740
Q96EB6,D267740
P07237,D267740
P21796,D267740
P45880,D267740
Q86US8,D267740
P04141,D267740
P22301,D267740
P39905,D267740
P42768,D267740
P08684,D267740
Q9NQX3,D267740
P11712,D267740
P25311,D267740
Q16698,D267740
P15289,D267740
P18509,D267740
P01270,D267740
P07384,D267740
P48357,D267740
P04637,D267740
P00403,D267740
P41597,D267740
P05067,D267740
P23560,D267740
Q13885,D267740
P15328,D267740
P05019,D267740
Q92843,D267740
Q92934,D267740
P50052,D267740
P09429,D267740
P04792,D267740
Q14790,D267740
P40763,D267740
P10636,D267740
P01303,D267740
P04439,D267740
P01308,D267740
P01127,D267740
P49674,D267740
P30411,D267740
O14788,D267740
P05112,D267740
P56524,D267740
P33261,D267740
O60656,D267740
P55263,D267740
P04798,D267740
P05186,D267740
P20813,D267740
P38606,D267740
O14649,D267740
Q9NPC2,D267740
P18507,D267740
P28476,D267740
O14764,D267740
Q9NZV8,D267740
Q9UK17,D267740
Q16620,D267740
P33260,D267740
Q07699,D267740
O60939,D267740
Q9NY72,D267740
O15440,D267740
P23258,D267740
Q96RD7,D267740
P15085,D267740
P24666,D267740
P45983,D267740
Q8IVS2,D267740
P21281,D267740
O75460,D267740
Q494W8,D267740
P00414,D267740
P10176,D267740
P04054,D267740
Q13627,D267740
P41235,D267740
Q16566,D267740
P01116,D267740
P01889,D267740
P0CG48,D267740
O00141,D267740
Q13557,D267740
Q08209,D267740
O15144,D267740
P13639,D267740
Q92793,D267740
Q15648,D267740
O43612,D267740
P04179,D267740
P08670,D267740
P20472,D267740
P17600,D267740
Q9NPH2,D267740
P46459,D267740
P26572,D267740
P78352,D267740
P19883,D267740
P48735,D267740
P35398,D267740
Q9NTG7,D267740
P29323,D267740
P09104,D267740
P62826,D267740
O14874,D267740
P55072,D267740
P55789,D267740
Q9UL51,D267740
P41091,D267740
O00142,D267740
P16389,D267740
Q14721,D267740
P48547,D267740
P48066,D267740
P01583,D267740
P18510,D267740
P31639,D267740
Q14145,D267740
P57059,D267740
Q15303,D267740
Q9NSD5,D267740
P48065,D267740
Q9HAB3,D267740
Q13315,D267740
Q01118,D267740
Q9Y698,D267740
Q15878,D267740
P04839,D267740
P78508,D267740
P18847,D267740
P60709,D267740
P63261,D267740
P50993,D267740
P13637,D267740
O95259,D267740
Q9ULB1,D267740
Q92736,D267740
P67870,D267740
P28907,D267740
P60484,D267740
Q04206,D267740
P09936,D267740
Q99571,D267740
Q9C0B1,D267740
Q16555,D267740
Q8TAB3,D267740
O60502,D267740
P46663,D267740
Q16552,D267740
P30626,D267740
P22676,D267740
Q86UW7,D267740
P63244,D267740
P43652,D267740
P08648,D267740
F7VJQ1,D267740
P04080,D267740
O15350,D267740
P12644,D267740
Q14457,D267740
P34932,D267740
P60903,D267740
P04217,D267740
P10909,D267740
P35858,D267740
P13645,D267740
P13647,D267740
P51693,D267740
Q92945,D267740
P21333,D267740
P27635,D267740
P39019,D267740
Q9HBA0,D267740
Q8NI60,D267740
Q96RR4,D267740
P29320,D267740
P54762,D267740
O15146,D267740
O75914,D267740
Q9H4B4,D267740
Q13237,D267740
P11532,D267740
Q9UBL9,D267740
Q99572,D267740
Q8NCM2,D267740
Q8TDN2,D267740
Q14722,D267740
Q13303,D267740
Q9Y6K1,D267740
P41238,D267740
P52429,D267740
Q9Y487,D267740
P55211,D267740
P35228,D268220
P21554,D268220
P29475,D268220
P51843,D268220
P15692,D268220
Q9UM73,D268220
P35968,D268220
P50416,D268220
P31749,D268220
P04626,D268220
P08253,D268220
P00533,D268220
P16234,D268220
P08069,D268220
P08581,D268220
P28482,D268220
P17936,D268220
Q00987,D268220
P24385,D268220
P08183,D268220
P27361,D268220
P63000,D268220
P14210,D268220
P16455,D268220
P22455,D268220
P37173,D268220
P06400,D268220
P11362,D268220
P11802,D268220
P42336,D268220
P27695,D268220
P04637,D268220
Q9NZQ7,D268220
Q96RD7,D268220
Q15788,D268220
Q15596,D268220
P53350,D268220
P45983,D268220
P41743,D268220
P01106,D268220
Q9H2S1,D268220
Q9UQL6,D268220
O15350,D268220
P21860,D268220
P11836,D268320
P29475,D268320
P17707,D268320
P35498,D268320
P15692,D268320
P14679,D268320
P00797,D268320
P02753,D268320
P02766,D268320
P03923,D268320
P04181,D268320
Q13936,D268320
O43181,D268320
P00352,D268320
Q96NR8,D268320
P78540,D268320
P20839,D268320
P33681,D268320
P10696,D268320
O95237,D268320
P05231,D268320
P29274,D268320
P34913,D268320
P49327,D268320
P10646,D268320
P01137,D268320
P09038,D268320
Q9UNQ0,D268320
P80188,D268320
Q16678,D268320
P45844,D268320
P08100,D268320
P31939,D268320
Q9HAN9,D268320
Q05315,D268320
P02458,D268320
Q7L266,D268320
Q9GZR5,D268320
Q9BXA5,D268320
Q9UBN7,D268320
Q16665,D268320
P08865,D268320
P04141,D268320
P22301,D268320
P23141,D268320
P35625,D268320
P23560,D268320
P40763,D268320
P10636,D268320
P01308,D268320
P35869,D268320
P33981,D268320
O75116,D268320
P43080,D268320
Q16762,D268320
P55072,D268320
P18850,D268320
P28676,D268320
P02765,D268320
P08603,D268320
P10909,D268320
P36955,D268320
Q16518,D268320
Q9UHD2,D268320
P51617,D268320
P08922,D268320
Q9UI12,D268320
P49662,D268320
P17948,D273300
P10275,D273300
P22888,D273300
P15692,D273300
P09619,D273300
P09917,D273300
P35968,D273300
P31749,D273300
P04626,D273300
P21802,D273300
P09488,D273300
P09211,D273300
P08069,D273300
P35222,D273300
P01584,D273300
P01112,D273300
P16455,D273300
O60760,D273300
Q9BZX2,D273300
P11511,D273300
P22607,D273300
P11802,D273300
P05177,D273300
P39905,D273300
P49763,D273300
P04637,D273300
Q92847,D273300
P10644,D273300
P04792,D273300
Q02224,D273300
P04798,D273300
Q9HCR9,D273300
P36897,D273300
Q9UQF2,D273300
P09848,D273300
P01583,D273300
P22676,D273300
P39748,D273300
P10909,D273300
P06748,D273300
P00519,D275000
P00451,D275000
P17948,D275000
P06213,D275000
P20309,D275000
P14780,D275000
P06746,D275000
P07741,D275000
P03372,D275000
P08700,D275000
P22888,D275000
Q9NYK1,D275000
P15692,D275000
P20132,D275000
P08588,D275000
P16442,D275000
P37231,D275000
P23381,D275000
P05121,D275000
P10415,D275000
O76054,D275000
P29474,D275000
P10828,D275000
P49286,D275000
P02766,D275000
P00740,D275000
Q99259,D275000
P08246,D275000
P55017,D275000
O95178,D275000
P31749,D275000
O15528,D275000
P16473,D275000
P41252,D275000
P35348,D275000
P07202,D275000
P41180,D275000
P48039,D275000
P25101,D275000
P05543,D275000
P18089,D275000
Q05329,D275000
P49585,D275000
Q13085,D275000
P08253,D275000
O60701,D275000
P19429,D275000
P01589,D275000
P07550,D275000
P62942,D275000
P01375,D275000
P30536,D275000
Q9H015,D275000
P11473,D275000
Q92731,D275000
P09488,D275000
Q9Y2Q3,D275000
P42081,D275000
P33681,D275000
P08069,D275000
P37840,D275000
P16410,D275000
P26358,D275000
O75015,D275000
P30044,D275000
P51681,D275000
P62993,D275000
P05231,D275000
P61073,D275000
P02778,D275000
P01579,D275000
P01189,D275000
P20333,D275000
P10145,D275000
Q04760,D275000
P13501,D275000
P29460,D275000
P01137,D275000
Q9Y275,D275000
Q9Y6L6,D275000
P29965,D275000
P60568,D275000
P08183,D275000
P21980,D275000
P01584,D275000
P16581,D275000
O60733,D275000
P05362,D275000
P19838,D275000
P01374,D275000
P23297,D275000
P17302,D275000
P11021,D275000
P19320,D275000
P02774,D275000
O60603,D275000
Q9NR96,D275000
P04271,D275000
P13726,D275000
P25942,D275000
P80511,D275000
P04040,D275000
P05113,D275000
P48736,D275000
P14555,D275000
P09874,D275000
P14174,D275000
Q96AZ6,D275000
P11511,D275000
P08637,D275000
P12318,D275000
P31994,D275000
P31995,D275000
P27797,D275000
P01906,D275000
P42898,D275000
P15104,D275000
Q5JPH6,D275000
Q9UGM6,D275000
Q13427,D275000
Q92769,D275000
Q16665,D275000
P42336,D275000
P42345,D275000
Q00653,D275000
O00329,D275000
P42338,D275000
P07949,D275000
P43490,D275000
P27695,D275000
P01911,D275000
P24394,D275000
P35225,D275000
O00206,D275000
Q96EB6,D275000
P22301,D275000
P25311,D275000
P53041,D275000
P12429,D275000
P01270,D275000
Q16769,D275000
P04637,D275000
P05305,D275000
P41597,D275000
Q9NPF7,D275000
P05019,D275000
Q15116,D275000
Q9NZQ7,D275000
P01563,D275000
Q14790,D275000
P40763,D275000
P06734,D275000
P28908,D275000
P04439,D275000
P40933,D275000
P01308,D275000
P15391,D275000
Q9NR97,D275000
P05112,D275000
P30874,D275000
P22309,D275000
P04798,D275000
P05556,D275000
O95255,D275000
O60882,D275000
P63092,D275000
P61626,D275000
P60900,D275000
P04054,D275000
P01889,D275000
Q9P289,D275000
O00182,D275000
Q92793,D275000
Q6PHW0,D275000
P01920,D275000
P11226,D275000
P04053,D275000
P50897,D275000
P49913,D275000
Q9BZZ2,D275000
Q13838,D275000
P0C0L4,D275000
P0C0L5,D275000
P01106,D275000
Q9UQQ2,D275000
P01583,D275000
P18510,D275000
P28065,D275000
P28062,D275000
P04731,D275000
P79483,D275000
P13762,D275000
P08686,D275000
P04839,D275000
P15153,D275000
Q14573,D275000
P60709,D275000
Q16555,D275000
Q16552,D275000
P07438,D275000
P04732,D275000
P04733,D275000
P13640,D275000
P80294,D275000
Q8N339,D275000
P80297,D275000
P35556,D275000
P10809,D275000
P07288,D275000
P06702,D275000
P54652,D275000
P34932,D275000
P12004,D275000
P08603,D275000
P21333,D275000
P31391,D275000
Q13873,D275000
Q92911,D275000
P51451,D275000
P01350,D275000
P63252,D275000
Q9BQB4,D275000
P11532,D275000
P41222,D275000
Q05209,D275000
P55211,D275000
Q9UBC3,D275000
P19113,D276300
Q9UI32,D276300
P00488,D276300
P35228,D276300
P37059,D276300
Q13423,D276300
P11766,D276300
P48728,D276300
Q9P0X4,D276300
P00519,D276300
P00451,D276300
P23219,D276300
P35626,D276300
P35916,D276300
P51168,D276300
P02452,D276300
P17948,D276300
Q9UPY5,D276300
P06213,D276300
P04049,D276300
O00217,D276300
P29401,D276300
P12259,D276300
O00764,D276300
P24530,D276300
P20309,D276300
P00734,D276300
P13716,D276300
O43246,D276300
P14780,D276300
P13674,D276300
P21554,D276300
P30556,D276300
P49591,D276300
P11836,D276300
P29475,D276300
P07195,D276300
P24752,D276300
O15496,D276300
Q07869,D276300
P51843,D276300
P10912,D276300
P00492,D276300
P28702,D276300
Q9Y600,D276300
P12277,D276300
P31358,D276300
Q13639,D276300
P42357,D276300
Q02809,D276300
P14618,D276300
Q12809,D276300
P11229,D276300
P34972,D276300
Q15800,D276300
Q8N8R3,D276300
P17707,D276300
Q14894,D276300
P35610,D276300
O76082,D276300
P13688,D276300
P51606,D276300
Q9H244,D276300
P21673,D276300
P06746,D276300
P07741,D276300
Q05940,D276300
O95477,D276300
P03372,D276300
P08700,D276300
Q04828,D276300
P80365,D276300
P10275,D276300
P05091,D276300
P22888,D276300
P49419,D276300
Q8WY07,D276300
P09172,D276300
P35498,D276300
P07437,D276300
P13631,D276300
P21918,D276300
Q9H3N8,D276300
P36888,D276300
P23368,D276300
P07864,D276300
Q9NYK1,D276300
Q99720,D276300
Q9H3S4,D276300
P00387,D276300
O43175,D276300
Q02218,D276300
P15692,D276300
P20132,D276300
P48506,D276300
P49916,D276300
Q9UJ68,D276300
P12532,D276300
P08588,D276300
Q02338,D276300
P31040,D276300
Q9Y5Y9,D276300
P23786,D276300
P00367,D276300
Q9NVS9,D276300
O76074,D276300
P20273,D276300
P56937,D276300
P45381,D276300
Q8WTV0,D276300
P14061,D276300
O15374,D276300
Q15046,D276300
P18858,D276300
Q13564,D276300
P30968,D276300
P09619,D276300
P10826,D276300
Q09428,D276300
P21695,D276300
O95069,D276300
P00747,D276300
P30825,D276300
P16442,D276300
P37231,D276300
P00742,D276300
P98194,D276300
P16083,D276300
P12821,D276300
P32322,D276300
P07327,D276300
P23381,D276300
P55157,D276300
Q15758,D276300
P20061,D276300
P06858,D276300
P05121,D276300
P29275,D276300
P10415,D276300
P09917,D276300
P00491,D276300
P14679,D276300
P80404,D276300
Q9Y478,D276300
O76054,D276300
P15291,D276300
P49902,D276300
P35354,D276300
P29474,D276300
Q04771,D276300
P08473,D276300
P13995,D276300
Q08828,D276300
P00797,D276300
P14207,D276300
Q16773,D276300
Q96GD0,D276300
P01008,D276300
P55011,D276300
P05089,D276300
P49189,D276300
P08908,D276300
P34897,D276300
P30518,D276300
Q13258,D276300
Q00796,D276300
P09455,D276300
P31153,D276300
P00480,D276300
O75251,D276300
P16050,D276300
O14727,D276300
P46098,D276300
P02753,D276300
P10828,D276300
P47872,D276300
Q9NRX3,D276300
P00918,D276300
P35520,D276300
P04818,D276300
P23921,D276300
P08620,D276300
P49286,D276300
Q16798,D276300
P28845,D276300
P00374,D276300
P34896,D276300
P00395,D276300
P02766,D276300
P25098,D276300
P18825,D276300
P05093,D276300
P16471,D276300
P20648,D276300
Q9NR19,D276300
P19801,D276300
P0DMS8,D276300
O95479,D276300
P63098,D276300
Q9UM73,D276300
P08319,D276300
P00740,D276300
Q05586,D276300
P43116,D276300
P35968,D276300
P54368,D276300
Q14749,D276300
P48029,D276300
Q16836,D276300
Q99259,D276300
P04070,D276300
Q02127,D276300
P00505,D276300
P25103,D276300
P48551,D276300
P23945,D276300
P60880,D276300
P54802,D276300
Q16719,D276300
P41595,D276300
P08246,D276300
O15399,D276300
P26440,D276300
P02794,D276300
P00325,D276300
P32238,D276300
P11926,D276300
P50416,D276300
Q00266,D276300
P17540,D276300
P19793,D276300
O15554,D276300
Q14626,D276300
P0DP23,D276300
P55017,D276300
P41143,D276300
Q02928,D276300
P04083,D276300
Q9UN76,D276300
P04181,D276300
P00338,D276300
P22303,D276300
P31749,D276300
P30988,D276300
P10398,D276300
P42684,D276300
Q14432,D276300
Q96Q40,D276300
P17516,D276300
P08514,D276300
O60669,D276300
O15269,D276300
P35367,D276300
O15528,D276300
P29466,D276300
Q96A70,D276300
O15427,D276300
P30872,D276300
P10721,D276300
P32754,D276300
P22413,D276300
P37023,D276300
O95665,D276300
P00326,D276300
Q16739,D276300
P43007,D276300
Q03154,D276300
O43497,D276300
P23975,D276300
Q07343,D276300
P15382,D276300
P16473,D276300
P41252,D276300
P28331,D276300
Q9Y5K3,D276300
P43155,D276300
P01130,D276300
P35348,D276300
P03886,D276300
P07202,D276300
P41180,D276300
P02787,D276300
P04626,D276300
O94788,D276300
P48039,D276300
P20701,D276300
P54687,D276300
O75600,D276300
P04424,D276300
P25101,D276300
P40394,D276300
P34903,D276300
Q9P0J0,D276300
P47871,D276300
Q12797,D276300
P17174,D276300
P02768,D276300
P28335,D276300
P05543,D276300
P18405,D276300
P04406,D276300
O14561,D276300
P09884,D276300
P15428,D276300
Q12791,D276300
P00352,D276300
P16066,D276300
P06401,D276300
P52569,D276300
P14778,D276300
Q9NWM0,D276300
Q04609,D276300
Q16878,D276300
P08559,D276300
P18089,D276300
P04035,D276300
Q14534,D276300
O43772,D276300
P47895,D276300
P31213,D276300
P30519,D276300
P40925,D276300
P13612,D276300
P42330,D276300
P30043,D276300
P06126,D276300
P12235,D276300
Q9UP95,D276300
Q05329,D276300
Q9Y617,D276300
P48163,D276300
Q9UKU7,D276300
P48507,D276300
P43088,D276300
P07101,D276300
P49585,D276300
P11586,D276300
P23378,D276300
P52895,D276300
P18031,D276300
Q02643,D276300
Q13085,D276300
P68871,D276300
Q9Y233,D276300
P15056,D276300
Q8TDS4,D276300
P30085,D276300
P42261,D276300
P08253,D276300
P48048,D276300
P00390,D276300
P14784,D276300
P49788,D276300
P19235,D276300
P19429,D276300
P47712,D276300
P01589,D276300
P28221,D276300
P17181,D276300
P10276,D276300
P24298,D276300
P08235,D276300
P53985,D276300
P00966,D276300
P51787,D276300
Q9UG56,D276300
P20138,D276300
Q16671,D276300
Q13131,D276300
Q16515,D276300
P04278,D276300
P10827,D276300
O14842,D276300
P05230,D276300
P54289,D276300
P17735,D276300
P14902,D276300
P07550,D276300
P62942,D276300
Q8NFJ5,D276300
P11498,D276300
Q05932,D276300
O00763,D276300
O95342,D276300
P01375,D276300
Q13946,D276300
P48443,D276300
Q14654,D276300
P05141,D276300
P12314,D276300
P15260,D276300
Q9BQB6,D276300
Q03405,D276300
P30838,D276300
P06729,D276300
O14556,D276300
P12268,D276300
P02818,D276300
O75306,D276300
P05023,D276300
Q99707,D276300
P09601,D276300
P30536,D276300
P09622,D276300
P21817,D276300
P12081,D276300
P11388,D276300
Q9NUB1,D276300
P15121,D276300
P21802,D276300
P31645,D276300
P19634,D276300
P00439,D276300
P49448,D276300
P14416,D276300
P21731,D276300
Q12879,D276300
P16219,D276300
Q9UBK8,D276300
O94760,D276300
P00533,D276300
P35372,D276300
Q07912,D276300
P05546,D276300
P14324,D276300
P22033,D276300
O95470,D276300
P11473,D276300
P40926,D276300
P40261,D276300
P33527,D276300
P32929,D276300
Q92731,D276300
Q99062,D276300
P04150,D276300
Q9UHC9,D276300
P09488,D276300
Q9Y2Q3,D276300
P21266,D276300
Q03013,D276300
P09211,D276300
P78417,D276300
P07203,D276300
P18283,D276300
P30711,D276300
P22352,D276300
Q13255,D276300
O94925,D276300
P48058,D276300
Q13003,D276300
O00222,D276300
P49019,D276300
O43451,D276300
P12931,D276300
P06241,D276300
P07947,D276300
P29317,D276300
P06239,D276300
P30559,D276300
P42081,D276300
P33681,D276300
Q01718,D276300
P43681,D276300
P16234,D276300
P07333,D276300
P27487,D276300
P01031,D276300
P43220,D276300
P08069,D276300
O95180,D276300
Q16568,D276300
Q02750,D276300
Q14289,D276300
P05771,D276300
P17812,D276300
Q16850,D276300
P02741,D276300
P37840,D276300
P29972,D276300
Q9UKV0,D276300
P16410,D276300
O60427,D276300
P19440,D276300
Q00535,D276300
P51692,D276300
P26358,D276300
P00749,D276300
P49747,D276300
O75015,D276300
P20810,D276300
P35558,D276300
P30044,D276300
P12724,D276300
P35270,D276300
P01023,D276300
P51681,D276300
P05451,D276300
Q99519,D276300
P08581,D276300
P62993,D276300
P05231,D276300
P61073,D276300
P03956,D276300
P10997,D276300
P28482,D276300
P29274,D276300
P02763,D276300
P01574,D276300
P50225,D276300
P25116,D276300
P08174,D276300
P27169,D276300
P52961,D276300
O75891,D276300
P02778,D276300
O60494,D276300
P00156,D276300
P07858,D276300
P07339,D276300
P98164,D276300
P07225,D276300
P01579,D276300
P02775,D276300
P01189,D276300
P20333,D276300
P34913,D276300
P49888,D276300
P01009,D276300
P01133,D276300
P24158,D276300
P27986,D276300
O75469,D276300
P06730,D276300
P16220,D276300
P49327,D276300
Q12882,D276300
P10145,D276300
Q04760,D276300
P52788,D276300
P45452,D276300
P10646,D276300
Q9Y5N1,D276300
P05120,D276300
P17936,D276300
P11387,D276300
P17405,D276300
P13501,D276300
P35568,D276300
P04062,D276300
P16860,D276300
P29074,D276300
P29460,D276300
Q9BYF1,D276300
O14732,D276300
P01137,D276300
P35222,D276300
P32418,D276300
P51580,D276300
P56817,D276300
O14965,D276300
Q99497,D276300
P02788,D276300
P21462,D276300
O60488,D276300
P20594,D276300
Q9Y275,D276300
Q16853,D276300
Q00987,D276300
P31930,D276300
P29965,D276300
Q03181,D276300
P47929,D276300
P99999,D276300
P27824,D276300
P13945,D276300
P62937,D276300
P09038,D276300
Q13464,D276300
P01042,D276300
P46059,D276300
Q16539,D276300
P03951,D276300
Q8NER1,D276300
P63316,D276300
P07359,D276300
P06850,D276300
P24385,D276300
P48549,D276300
P60568,D276300
P98160,D276300
P08183,D276300
P21980,D276300
P26951,D276300
P23946,D276300
P04629,D276300
P05412,D276300
P04275,D276300
Q96RJ0,D276300
P11168,D276300
P15502,D276300
P13500,D276300
P01584,D276300
P30793,D276300
P35557,D276300
P11166,D276300
Q13231,D276300
P01019,D276300
P27361,D276300
O60858,D276300
P49841,D276300
Q9UNQ0,D276300
P04004,D276300
Q92887,D276300
Q06124,D276300
P24941,D276300
P16581,D276300
P05164,D276300
P01112,D276300
O60733,D276300
P15144,D276300
P59768,D276300
Q15111,D276300
P06493,D276300
P80188,D276300
P05362,D276300
P19838,D276300
P01374,D276300
P00750,D276300
P11413,D276300
P23297,D276300
P06870,D276300
Q9UM07,D276300
P01138,D276300
P17302,D276300
P21589,D276300
P11021,D276300
P15309,D276300
P06881,D276300
P04156,D276300
P35247,D276300
P19367,D276300
P63000,D276300
Q16678,D276300
P17213,D276300
P16070,D276300
P19320,D276300
P43003,D276300
P08254,D276300
P02649,D276300
P07900,D276300
P14210,D276300
O75762,D276300
P16870,D276300
Q08345,D276300
P01100,D276300
Q13126,D276300
P02776,D276300
P17252,D276300
P27815,D276300
P36969,D276300
P19438,D276300
P00450,D276300
P02774,D276300
Q15858,D276300
P22061,D276300
P16455,D276300
P48745,D276300
P16444,D276300
P49366,D276300
P48061,D276300
P07204,D276300
P29218,D276300
O14920,D276300
P05106,D276300
P98170,D276300
P32239,D276300
P16109,D276300
Q9UNN8,D276300
P42574,D276300
O60603,D276300
P14625,D276300
O60760,D276300
P45844,D276300
P07355,D276300
Q9NR96,D276300
P31751,D276300
P63104,D276300
P07602,D276300
P14410,D276300
P04271,D276300
P13726,D276300
P30086,D276300
P02751,D276300
P22894,D276300
P15559,D276300
Q08257,D276300
Q7Z2W7,D276300
O15439,D276300
P28161,D276300
P61586,D276300
P41594,D276300
O15530,D276300
P13569,D276300
P25942,D276300
P08842,D276300
P39900,D276300
P06744,D276300
P08100,D276300
P22455,D276300
Q99808,D276300
P33316,D276300
P80511,D276300
P04040,D276300
P05113,D276300
P68400,D276300
P02743,D276300
Q96C86,D276300
P23919,D276300
P31939,D276300
Q10588,D276300
Q9P2W7,D276300
O75874,D276300
P04183,D276300
Q08188,D276300
P68363,D276300
P11309,D276300
Q06187,D276300
Q08499,D276300
Q9NP99,D276300
P10153,D276300
P43403,D276300
P48736,D276300
P43405,D276300
Q08881,D276300
P17931,D276300
P41240,D276300
P68371,D276300
P49137,D276300
Q04759,D276300
P30405,D276300
Q9UKM7,D276300
Q13509,D276300
P08631,D276300
P17900,D276300
P36873,D276300
P48449,D276300
Q9BZX2,D276300
Q9UBX1,D276300
P50579,D276300
P35030,D276300
Q13426,D276300
Q92876,D276300
P55055,D276300
Q9BY41,D276300
P23677,D276300
P06132,D276300
P51512,D276300
P14555,D276300
P25774,D276300
Q9Y286,D276300
O43570,D276300
Q9Y5Y6,D276300
P04745,D276300
P09960,D276300
P04075,D276300
P23526,D276300
P49789,D276300
P00751,D276300
P30305,D276300
P09874,D276300
P07477,D276300
Q8WVQ1,D276300
P53355,D276300
Q96RI1,D276300
Q15075,D276300
P49759,D276300
P55210,D276300
P00746,D276300
P36952,D276300
P52732,D276300
P14174,D276300
P37173,D276300
Q05315,D276300
P08238,D276300
P50613,D276300
P34096,D276300
P22749,D276300
Q96AZ6,D276300
P51161,D276300
P32119,D276300
Q16881,D276300
Q99250,D276300
P62508,D276300
P21964,D276300
P11511,D276300
P02679,D276300
P02745,D276300
P08637,D276300
P12318,D276300
P31994,D276300
P31785,D276300
O15230,D276300
P05452,D276300
P05787,D276300
P07942,D276300
P11047,D276300
P25391,D276300
P27797,D276300
Q07954,D276300
P05154,D276300
P14543,D276300
P13727,D276300
P34741,D276300
Q8NI22,D276300
P06400,D276300
P29120,D276300
Q16270,D276300
P05981,D276300
P02461,D276300
P11362,D276300
P22607,D276300
P07711,D276300
Q01362,D276300
P02458,D276300
P35237,D276300
P09486,D276300
P35346,D276300
P48147,D276300
P11216,D276300
P20711,D276300
Q6YP21,D276300
Q6ZQY3,D276300
Q8TD30,D276300
Q96EN8,D276300
P42898,D276300
Q96DP5,D276300
O14939,D276300
P06276,D276300
Q13393,D276300
O00469,D276300
P19971,D276300
O00519,D276300
O60568,D276300
P27338,D276300
P21397,D276300
P19021,D276300
P47989,D276300
Q6NS38,D276300
P50750,D276300
Q96KS0,D276300
Q00534,D276300
Q96Q83,D276300
P00813,D276300
P11802,D276300
Q9GZT9,D276300
Q9H6Z9,D276300
Q9NXG6,D276300
P49336,D276300
P22234,D276300
P27708,D276300
Q7L266,D276300
P15104,D276300
O95864,D276300
Q07973,D276300
O14521,D276300
O15460,D276300
P21912,D276300
P55809,D276300
Q99643,D276300
Q9BXA5,D276300
Q07075,D276300
P08263,D276300
P35754,D276300
Q96SL4,D276300
Q9H4Y5,D276300
P49619,D276300
Q16760,D276300
Q9NY59,D276300
P23434,D276300
Q14032,D276300
Q14330,D276300
Q6IB77,D276300
Q969I3,D276300
Q9P0Z9,D276300
Q9ULC6,D276300
Q9Y2J8,D276300
O75911,D276300
Q9HBH5,D276300
P23743,D276300
P67775,D276300
Q9NSE4,D276300
O43272,D276300
P23284,D276300
Q13427,D276300
O75899,D276300
Q9UGM1,D276300
P20618,D276300
P28074,D276300
Q16774,D276300
O60840,D276300
Q01668,D276300
P20815,D276300
P10635,D276300
Q13547,D276300
Q92769,D276300
O15379,D276300
Q9UBN7,D276300
Q2M3G0,D276300
P49354,D276300
Q16665,D276300
P43115,D276300
P41146,D276300
P42336,D276300
O00459,D276300
Q92569,D276300
P78527,D276300
P42345,D276300
Q00653,D276300
P00441,D276300
Q9Y6K9,D276300
Q9NY47,D276300
P09958,D276300
P41231,D276300
P08865,D276300
O14672,D276300
O00329,D276300
P42338,D276300
O60674,D276300
Q13093,D276300
Q5T601,D276300
P07949,D276300
Q06609,D276300
P43490,D276300
P27695,D276300
P01911,D276300
Q05655,D276300
P50391,D276300
P49146,D276300
P24394,D276300
Q14627,D276300
Q02880,D276300
P17342,D276300
P09467,D276300
Q9H228,D276300
P05177,D276300
Q16206,D276300
P50135,D276300
Q16790,D276300
P35225,D276300
Q8WXI7,D276300
O00206,D276300
P32320,D276300
P37268,D276300
P16422,D276300
Q01726,D276300
O14746,D276300
P31350,D276300
Q15761,D276300
P54760,D276300
P48060,D276300
Q16831,D276300
P05155,D276300
P08729,D276300
Q96EB6,D276300
P51686,D276300
P07237,D276300
P21796,D276300
P10147,D276300
Q9BUP3,D276300
Q96KG9,D276300
Q15185,D276300
P04141,D276300
P22301,D276300
P39905,D276300
P26196,D276300
Q9NWT6,D276300
P42768,D276300
O14717,D276300
Q8WTS6,D276300
P52848,D276300
Q13363,D276300
P08684,D276300
Q9NQX3,D276300
Q92831,D276300
P23141,D276300
P31949,D276300
P53778,D276300
P11712,D276300
P27707,D276300
O00244,D276300
P08048,D276300
P54278,D276300
P25311,D276300
P08887,D276300
P10632,D276300
P80075,D276300
P06703,D276300
Q6UWP2,D276300
P16152,D276300
Q05397,D276300
O43252,D276300
P15531,D276300
Q12756,D276300
Q16698,D276300
P49763,D276300
P53041,D276300
Q96FI4,D276300
Q9Y468,D276300
P15289,D276300
P18509,D276300
P12429,D276300
P58335,D276300
O60547,D276300
P22392,D276300
P16144,D276300
P01270,D276300
O15169,D276300
P07998,D276300
Q16769,D276300
P78368,D276300
P30291,D276300
P11509,D276300
P07384,D276300
Q13285,D276300
Q9NXA8,D276300
P35625,D276300
Q7L5Y9,D276300
Q86VB7,D276300
P48357,D276300
P21926,D276300
Q02763,D276300
P04637,D276300
O96017,D276300
O14757,D276300
Q92847,D276300
P05305,D276300
P00403,D276300
P41597,D276300
Q9NNW7,D276300
P51671,D276300
O15264,D276300
P05067,D276300
P23560,D276300
Q5NUL3,D276300
P33151,D276300
Q96GD4,D276300
P15328,D276300
Q96IY4,D276300
O15392,D276300
Q96BI3,D276300
Q9GZP0,D276300
Q13443,D276300
Q9NPF7,D276300
P43235,D276300
P05019,D276300
P55786,D276300
Q92843,D276300
Q92934,D276300
Q96AE4,D276300
P10644,D276300
P50052,D276300
P09429,D276300
Q13233,D276300
Q02156,D276300
P04792,D276300
O14763,D276300
Q02224,D276300
O14793,D276300
Q15116,D276300
P40238,D276300
Q9NZQ7,D276300
Q99527,D276300
Q9H6X2,D276300
P02647,D276300
P01563,D276300
P01024,D276300
P04234,D276300
P20963,D276300
Q13421,D276300
Q14790,D276300
Q9Y6Q6,D276300
P40763,D276300
Q07011,D276300
Q9P2E9,D276300
Q969F8,D276300
P25963,D276300
P20807,D276300
P27037,D276300
Q14956,D276300
P10636,D276300
P27816,D276300
P01303,D276300
P16615,D276300
Q99705,D276300
P28908,D276300
O43174,D276300
P04439,D276300
P40933,D276300
Q9NPC1,D276300
Q15722,D276300
P01308,D276300
Q9NQ25,D276300
P52333,D276300
P17813,D276300
P01127,D276300
P15391,D276300
P15941,D276300
P25092,D276300
Q16706,D276300
Q12884,D276300
Q07817,D276300
Q07820,D276300
P49674,D276300
Q00613,D276300
Q96QU6,D276300
O14788,D276300
Q9NR97,D276300
P05112,D276300
P35408,D276300
P56524,D276300
Q8WUI4,D276300
P30874,D276300
P32745,D276300
P05181,D276300
P33261,D276300
O60656,D276300
Q06278,D276300
P55263,D276300
P22309,D276300
P19099,D276300
P04798,D276300
P05186,D276300
P20813,D276300
P25024,D276300
P11678,D276300
P52209,D276300
Q9Y5Y4,D276300
Q8IZS8,D276300
O95749,D276300
P62745,D276300
P05556,D276300
P06756,D276300
Q9Y2I1,D276300
O14649,D276300
Q9NPC2,D276300
P30926,D276300
P32297,D276300
P30532,D276300
Q05901,D276300
P78334,D276300
O00591,D276300
P00709,D276300
P29034,D276300
Q16620,D276300
P33260,D276300
P24462,D276300
Q7LG56,D276300
Q07864,D276300
Q9NR33,D276300
Q9NRF9,D276300
P11717,D276300
P35218,D276300
P35219,D276300
O75493,D276300
Q9ULX7,D276300
Q8IWT1,D276300
O15440,D276300
Q9NPD5,D276300
P09238,D276300
P09237,D276300
P24347,D276300
P50281,D276300
P51511,D276300
Q9ULZ9,D276300
Q99542,D276300
O60882,D276300
Q8N119,D276300
O75900,D276300
Q9NRE1,D276300
Q9H239,D276300
Q96RD7,D276300
P35869,D276300
P11474,D276300
Q15788,D276300
Q8NEB9,D276300
Q9UNA0,D276300
P63092,D276300
Q08462,D276300
P20248,D276300
Q13526,D276300
Q15596,D276300
P48552,D276300
P53350,D276300
Q16651,D276300
Q13362,D276300
P30153,D276300
P78536,D276300
P31151,D276300
Q9UNI1,D276300
P17612,D276300
P63208,D276300
P13051,D276300
P45984,D276300
Q99933,D276300
P11142,D276300
P61769,D276300
P36897,D276300
P24666,D276300
Q9BVJ7,D276300
O43293,D276300
Q9UQF2,D276300
P45983,D276300
P33981,D276300
Q13554,D276300
P42892,D276300
Q14914,D276300
P51955,D276300
Q9UGN5,D276300
Q9NQS7,D276300
P62136,D276300
P63151,D276300
Q8IVS2,D276300
P84077,D276300
Q15078,D276300
P62829,D276300
P39023,D276300
P62913,D276300
O75460,D276300
P25705,D276300
P06576,D276300
P60174,D276300
Q14994,D276300
P22695,D276300
P07919,D276300
P47985,D276300
P14927,D276300
Q15118,D276300
Q9UBT6,D276300
Q9UKQ2,D276300
P28838,D276300
P41743,D276300
Q09013,D276300
Q7Z406,D276300
P30301,D276300
P25786,D276300
P25787,D276300
P25789,D276300
P60900,D276300
O14818,D276300
P28070,D276300
P28072,D276300
Q16877,D276300
P09466,D276300
Q9Y6M4,D276300
P09668,D276300
P19784,D276300
P00414,D276300
P20674,D276300
P10606,D276300
P24311,D276300
P10176,D276300
P04054,D276300
Q13627,D276300
P41235,D276300
P98155,D276300
Q9UNK4,D276300
Q9H2G2,D276300
Q16566,D276300
Q9Y6F1,D276300
Q9HCD5,D276300
P01116,D276300
Q00536,D276300
P01889,D276300
P0CG48,D276300
O00141,D276300
Q9P289,D276300
P07737,D276300
Q15375,D276300
P14920,D276300
P04632,D276300
P23458,D276300
P29597,D276300
P08758,D276300
P49862,D276300
Q969V6,D276300
P06396,D276300
P60981,D276300
P02689,D276300
P23528,D276300
O75116,D276300
P06731,D276300
P35243,D276300
P62330,D276300
P15151,D276300
P61160,D276300
O15144,D276300
O15511,D276300
Q12866,D276300
Q96GR2,D276300
Q15418,D276300
P13639,D276300
Q460N3,D276300
Q16654,D276300
P11684,D276300
P35080,D276300
P05187,D276300
P07948,D276300
P78362,D276300
Q8IU85,D276300
P30419,D276300
Q15120,D276300
O00182,D276300
P09848,D276300
P55196,D276300
Q9NWZ3,D276300
Q15119,D276300
P26447,D276300
P14550,D276300
O60218,D276300
Q92793,D276300
Q86WA6,D276300
Q15648,D276300
Q13555,D276300
O14792,D276300
O43612,D276300
Q15796,D276300
P15170,D276300
Q9Y6I3,D276300
P04179,D276300
P00558,D276300
Q16762,D276300
O75390,D276300
P36871,D276300
P29508,D276300
Q03403,D276300
P01920,D276300
P02144,D276300
P08670,D276300
Q96BH3,D276300
P11172,D276300
P22570,D276300
Q8IWL2,D276300
P11226,D276300
P19622,D276300
P51149,D276300
P17600,D276300
P35749,D276300
P51178,D276300
P63096,D276300
P09382,D276300
P20645,D276300
P15813,D276300
Q9NPH2,D276300
P30084,D276300
P22459,D276300
Q99798,D276300
P10600,D276300
O14594,D276300
P20823,D276300
P51003,D276300
P35241,D276300
P26572,D276300
Q14643,D276300
P21283,D276300
P19883,D276300
P48735,D276300
P68104,D276300
P07478,D276300
P62837,D276300
P16930,D276300
P20339,D276300
P50897,D276300
P49913,D276300
P50607,D276300
P35398,D276300
Q9NTG7,D276300
P29323,D276300
P09104,D276300
Q9GZU7,D276300
P61024,D276300
P49368,D276300
P61457,D276300
P62491,D276300
P62826,D276300
P0CG47,D276300
P11233,D276300
Q8NFW8,D276300
Q96RQ9,D276300
O75976,D276300
P14621,D276300
P62258,D276300
P55072,D276300
Q9NYQ3,D276300
Q92993,D276300
P55789,D276300
O60264,D276300
Q92830,D276300
Q16613,D276300
P78330,D276300
Q9BZZ2,D276300
Q01082,D276300
Q15382,D276300
Q99873,D276300
Q13838,D276300
Q9UQB9,D276300
P61587,D276300
Q96I15,D276300
P13611,D276300
Q96PD5,D276300
P60953,D276300
P17050,D276300
Q99661,D276300
Q96QT4,D276300
O14964,D276300
O00187,D276300
Q9UL54,D276300
P41091,D276300
P36405,D276300
O00142,D276300
Q9Y646,D276300
P30041,D276300
O15111,D276300
Q99835,D276300
P31327,D276300
P00748,D276300
P54219,D276300
Q92637,D276300
P01106,D276300
O75330,D276300
Q9UQQ2,D276300
P22460,D276300
Q13882,D276300
P01583,D276300
P18510,D276300
P49765,D276300
P28065,D276300
P40306,D276300
P28062,D276300
Q16832,D276300
P42685,D276300
P11274,D276300
P36507,D276300
Q9Y2U5,D276300
Q5XXA6,D276300
P31639,D276300
Q96SW2,D276300
Q14145,D276300
P57059,D276300
Q8NG66,D276300
P53667,D276300
Q9UHC3,D276300
Q9UM01,D276300
Q15303,D276300
P48065,D276300
P04731,D276300
P02795,D276300
P01903,D276300
P13762,D276300
Q30154,D276300
Q9HAB3,D276300
P02786,D276300
Q9UP52,D276300
Q8WXA8,D276300
Q13315,D276300
P51812,D276300
Q15125,D276300
O95644,D276300
Q05513,D276300
O00264,D276300
Q9Y698,D276300
P04839,D276300
P14598,D276300
Q15080,D276300
P15153,D276300
Q9UGI6,D276300
P54646,D276300
O43741,D276300
Q9UGJ0,D276300
Q14573,D276300
P35913,D276300
P18846,D276300
P15336,D276300
P18847,D276300
P18848,D276300
Q9Y2D1,D276300
P18850,D276300
Q8WYK2,D276300
Q07021,D276300
Q14520,D276300
Q6UX15,D276300
Q9H1R3,D276300
Q8WWQ8,D276300
P10599,D276300
P60709,D276300
O95718,D276300
P63261,D276300
Q9HBK9,D276300
P05090,D276300
P62736,D276300
P48050,D276300
O95259,D276300
Q15493,D276300
O00299,D276300
P67870,D276300
P28907,D276300
P17676,D276300
Q86T13,D276300
Q96G91,D276300
P60484,D276300
P49908,D276300
P09769,D276300
P36956,D276300
Q04206,D276300
P25105,D276300
Q9HC97,D276300
P54756,D276300
P09936,D276300
P25713,D276300
Q8TDU6,D276300
Q99571,D276300
Q9C0B1,D276300
Q9Y2T6,D276300
Q9Y5S8,D276300
Q16555,D276300
P06733,D276300
P29590,D276300
O75340,D276300
P08493,D276300
Q8TAB3,D276300
O14618,D276300
Q969S2,D276300
Q14978,D276300
O95750,D276300
O60502,D276300
P31025,D276300
Q9NY56,D276300
P04279,D276300
O15304,D276300
P46939,D276300
Q06830,D276300
Q16552,D276300
Q8NBP7,D276300
P21453,D276300
P34998,D276300
Q969S8,D276300
Q9UQL6,D276300
P07438,D276300
P04732,D276300
P04733,D276300
P13640,D276300
P80294,D276300
Q8N339,D276300
P80297,D276300
Q9Y4I5,D276300
Q99828,D276300
P30626,D276300
Q99653,D276300
P35556,D276300
P13693,D276300
O75838,D276300
P80303,D276300
P28676,D276300
P0DP24,D276300
P0DP25,D276300
Q96FQ6,D276300
P22676,D276300
P02656,D276300
P10589,D276300
P29372,D276300
P05109,D276300
P10809,D276300
P15880,D276300
P22626,D276300
P31943,D276300
P14866,D276300
P23246,D276300
P63244,D276300
P09525,D276300
P31948,D276300
P56537,D276300
P60842,D276300
P51858,D276300
P18669,D276300
P43652,D276300
P30101,D276300
P04155,D276300
P07288,D276300
Q96RI0,D276300
P31260,D276300
P08648,D276300
F7VJQ1,D276300
Q16595,D276300
P04080,D276300
P06702,D276300
O15350,D276300
P42858,D276300
Q92570,D276300
P32004,D276300
P12644,D276300
Q8TCT9,D276300
Q99623,D276300
P53805,D276300
Q9UJU2,D276300
P38936,D276300
P39748,D276300
Q14457,D276300
O00303,D276300
P54652,D276300
Q9Y230,D276300
Q15393,D276300
Q9NR28,D276300
P61978,D276300
P34932,D276300
P61604,D276300
Q92598,D276300
Q13219,D276300
P60903,D276300
Q969G3,D276300
O43399,D276300
P09493,D276300
P06753,D276300
P67936,D276300
P54578,D276300
P12004,D276300
P02765,D276300
P04003,D276300
P08603,D276300
P05156,D276300
P10909,D276300
P45973,D276300
P00739,D276300
P35858,D276300
P04264,D276300
P02750,D276300
P51884,D276300
P36955,D276300
O14791,D276300
P20851,D276300
P81605,D276300
P15924,D276300
O75636,D276300
P19827,D276300
Q14624,D276300
P14923,D276300
P02533,D276300
P08779,D276300
P13647,D276300
P01011,D276300
Q06481,D276300
Q6FHJ7,D276300
Q92945,D276300
P21291,D276300
P21333,D276300
Q14103,D276300
Q5SSJ5,D276300
P46940,D276300
P06748,D276300
P27635,D276300
Q07020,D276300
P39019,D276300
P62753,D276300
P37802,D276300
Q15942,D276300
Q07955,D276300
Q16518,D276300
P47775,D276300
Q02083,D276300
Q9Y5S1,D276300
Q9HBA0,D276300
Q01995,D276300
P35579,D276300
P17844,D276300
P36894,D276300
P31391,D276300
Q9HC29,D276300
Q13873,D276300
P55073,D276300
P22897,D276300
Q92911,D276300
P20393,D276300
Q14995,D276300
O75533,D276300
Q9NYP7,D276300
Q9UK32,D276300
Q9Y6E0,D276300
Q13188,D276300
Q9BYT3,D276300
Q9NRP7,D276300
Q15208,D276300
Q9Y2H1,D276300
Q9UEW8,D276300
Q7L7X3,D276300
Q9H2K8,D276300
Q9UHD2,D276300
P35590,D276300
Q9UKI8,D276300
Q86UE8,D276300
Q9UKE5,D276300
Q06418,D276300
O75385,D276300
Q8IYT8,D276300
Q6PHR2,D276300
Q8NFD2,D276300
P30530,D276300
P51451,D276300
O00238,D276300
P51813,D276300
Q96RR4,D276300
Q00532,D276300
O14578,D276300
P48729,D276300
Q9UIK4,D276300
O15075,D276300
Q9C098,D276300
Q9Y463,D276300
Q9BQI3,D276300
P19525,D276300
Q9P2K8,D276300
P21709,D276300
P29320,D276300
P54764,D276300
Q9UF33,D276300
P29322,D276300
P54762,D276300
O15197,D276300
P16591,D276300
P07332,D276300
P49840,D276300
Q9H2X6,D276300
Q9H422,D276300
Q9UPZ9,D276300
Q14164,D276300
P14616,D276300
P51617,D276300
Q9Y616,D276300
Q9Y2K2,D276300
O95835,D276300
P53671,D276300
Q5S007,D276300
P29376,D276300
P46734,D276300
Q13163,D276300
P52564,D276300
Q02779,D276300
Q16584,D276300
O43283,D276300
Q99759,D276300
Q92918,D276300
Q8IVH8,D276300
O95819,D276300
Q8TD08,D276300
P31152,D276300
Q13164,D276300
Q9P0L2,D276300
Q7KZI7,D276300
Q96L34,D276300
Q9Y2H9,D276300
P42679,D276300
Q14680,D276300
Q8N4C8,D276300
Q9BUB5,D276300
Q9HBH9,D276300
Q04912,D276300
Q15746,D276300
Q96PY6,D276300
P51956,D276300
Q6P3R8,D276300
Q8TD19,D276300
Q16288,D276300
O60285,D276300
Q9H093,D276300
Q13153,D276300
Q13177,D276300
O75914,D276300
O96013,D276300
Q9NQU5,D276300
Q9P286,D276300
O75747,D276300
Q86V86,D276300
P78356,D276300
Q8TBX8,D276300
Q99640,D276300
Q16512,D276300
Q9NYY3,D276300
Q9H4B4,D276300
O00444,D276300
Q15139,D276300
Q13523,D276300
Q9BRS2,D276300
O14730,D276300
Q13546,D276300
O43353,D276300
P08922,D276300
Q52WX2,D276300
Q96BR1,D276300
Q9H0K1,D276300
Q9H3Y6,D276300
O75716,D276300
Q9UEE5,D276300
P01350,D276300
Q15910,D276300
P36404,D276300
P63252,D276300
Q92482,D276300
Q9BQB4,D276300
Q16659,D276300
Q99814,D276300
P40259,D276300
O14980,D276300
Q9NPA2,D276300
Q86U10,D276300
Q8TD43,D276300
Q8IXJ6,D276300
P35232,D276300
P51679,D276300
P11532,D276300
Q96NY8,D276300
Q86YN6,D276300
P43657,D276300
P51575,D276300
Q9UBL9,D276300
P56373,D276300
Q93086,D276300
O15547,D276300
Q99572,D276300
P47900,D276300
Q9BPV8,D276300
P51582,D276300
Q86VZ1,D276300
Q9Y6J6,D276300
Q92800,D276300
P53396,D276300
P41222,D276300
Q9Y6K1,D276300
Q99500,D276300
P04114,D276300
P02790,D276300
P04196,D276300
P00738,D276300
P41238,D276300
P21860,D276300
P09758,D276300
O15393,D276300
P06307,D276300
Q9Y6T7,D276300
P52429,D276300
Q13574,D276300
Q05209,D276300
P29350,D276300
Q93050,D276300
Q13488,D276300
P27449,D276300
Q8N8Y2,D276300
P36543,D276300
Q96ER9,D276300
P20020,D276300
Q01814,D276300
P23634,D276300
Q9H2H9,D276300
Q96QD8,D276300
P55211,D276300
P16278,D276300
P0CG30,D276300
Q9UBC3,D276300
Q02223,D276300
Q9NRA0,D276300
O15123,D276300
O15528,D277440
P11473,D277440
P52788,D277440
P08684,D277440
P29474,D277460
Q9GZT4,D277460
P01375,D277460
P05231,D277460
P42898,D277460
P02647,D277460
Q16595,D277460
Q8NI60,D277460
P04114,D277460
P35228,D300125
P06213,D300125
P12259,D300125
P24530,D300125
P00734,D300125
P14780,D300125
P21554,D300125
P30556,D300125
P29475,D300125
Q9Y600,D300125
Q8IWU9,D300125
Q9H244,D300125
P17752,D300125
P03372,D300125
P24046,D300125
P09172,D300125
P35498,D300125
P21918,D300125
P15692,D300125
O95069,D300125
P12821,D300125
P35354,D300125
P29474,D300125
P00797,D300125
P08908,D300125
P04818,D300125
P19801,D300125
P78348,D300125
O00555,D300125
P00740,D300125
Q99259,D300125
P23945,D300125
P21917,D300125
P00325,D300125
Q13224,D300125
P22303,D300125
P31749,D300125
Q13936,D300125
P30988,D300125
P28223,D300125
P30939,D300125
P01130,D300125
P41180,D300125
P25101,D300125
P34903,D300125
P02768,D300125
P28335,D300125
P06401,D300125
P18089,D300125
P35462,D300125
Q9Y617,D300125
Q9UKU7,D300125
P07101,D300125
P11586,D300125
Q13085,D300125
P41145,D300125
P42261,D300125
P08253,D300125
Q01959,D300125
P34969,D300125
P28221,D300125
P01375,D300125
Q9Y271,D300125
Q99707,D300125
P31645,D300125
P14416,D300125
Q9UBK8,D300125
P35372,D300125
P11473,D300125
P40261,D300125
Q92731,D300125
P28222,D300125
P09488,D300125
P42262,D300125
P48058,D300125
P42263,D300125
O60894,D300125
P02741,D300125
P43004,D300125
P16410,D300125
P05231,D300125
P10997,D300125
P28482,D300125
P27169,D300125
P07225,D300125
P01579,D300125
P01189,D300125
P20333,D300125
P10145,D300125
Q9Y5N1,D300125
Q9BYF1,D300125
P01137,D300125
P56817,D300125
P29965,D300125
P03951,D300125
Q8NER1,D300125
P08183,D300125
P04275,D300125
P13500,D300125
P01584,D300125
P30793,D300125
P01019,D300125
O60858,D300125
P05362,D300125
P01374,D300125
P01138,D300125
P21589,D300125
P06881,D300125
P04156,D300125
P43003,D300125
P08254,D300125
P02649,D300125
O75762,D300125
P01100,D300125
P02774,D300125
P04271,D300125
Q7Z2W7,D300125
P28161,D300125
P25942,D300125
P08842,D300125
P06744,D300125
P80511,D300125
P04040,D300125
P10153,D300125
P48736,D300125
P17931,D300125
P51512,D300125
P37173,D300125
P21964,D300125
P11511,D300125
Q07954,D300125
Q96EN8,D300125
P42898,D300125
O00519,D300125
P27338,D300125
P21397,D300125
P10768,D300125
P10635,D300125
P42336,D300125
P00441,D300125
O00329,D300125
P42338,D300125
P27695,D300125
P01911,D300125
P50135,D300125
P22301,D300125
P42768,D300125
P23141,D300125
P18509,D300125
P05305,D300125
P00403,D300125
P41597,D300125
P23560,D300125
Q8NET8,D300125
P05019,D300125
P55786,D300125
P10644,D300125
Q9NZQ7,D300125
P01024,D300125
P01303,D300125
P15941,D300125
P04798,D300125
P18507,D300125
Q9UN88,D300125
P28476,D300125
A8MPY1,D300125
Q9ULX7,D300125
Q9ULZ9,D300125
Q96RD7,D300125
P63092,D300125
Q14994,D300125
P14920,D300125
O75116,D300125
P14550,D300125
O43612,D300125
P04179,D300125
P01920,D300125
Q9NPH2,D300125
P29323,D300125
P47898,D300125
P01583,D300125
P18510,D300125
Q9UHC3,D300125
Q15878,D300125
Q9UGI6,D300125
P50993,D300125
P13637,D300125
Q92736,D300125
P60484,D300125
Q99571,D300125
Q06830,D300125
O43613,D300125
O43614,D300125
P35556,D300125
P07288,D300125
F7VJQ1,D300125
Q92570,D300125
Q16602,D300125
P21333,D300125
Q8NFD2,D300125
Q9C098,D300125
P56373,D300125
Q99572,D300125
P17948,D300232
P06213,D300232
P14780,D300232
Q07869,D300232
P10912,D300232
P35610,D300232
P51606,D300232
P03372,D300232
P05091,D300232
P35498,D300232
P15692,D300232
O15374,D300232
P37231,D300232
P16083,D300232
P12821,D300232
P06858,D300232
P10415,D300232
P00491,D300232
P14679,D300232
P35354,D300232
P29474,D300232
P00797,D300232
P16050,D300232
P02753,D300232
P35520,D300232
P28845,D300232
P02766,D300232
P25098,D300232
Q96I99,D300232
O00555,D300232
P60880,D300232
P54802,D300232
P04083,D300232
P22303,D300232
P31749,D300232
Q13936,D300232
P17516,D300232
O15427,D300232
P48169,D300232
P07202,D300232
P28329,D300232
P02768,D300232
P42261,D300232
Q01959,D300232
P20138,D300232
P04278,D300232
P01375,D300232
Q99707,D300232
P09601,D300232
P11473,D300232
P43681,D300232
P07333,D300232
P27487,D300232
P43220,D300232
P02741,D300232
P37840,D300232
Q9UKV0,D300232
P43004,D300232
O43526,D300232
P01023,D300232
P05451,D300232
P05231,D300232
P10997,D300232
P28482,D300232
P01574,D300232
P02778,D300232
P98164,D300232
P01579,D300232
P01133,D300232
P16220,D300232
P45452,D300232
P10646,D300232
P35568,D300232
P04062,D300232
P01137,D300232
P35222,D300232
P56817,D300232
Q99497,D300232
P01042,D300232
Q16539,D300232
Q8NER1,D300232
P04629,D300232
P13500,D300232
P01584,D300232
P49841,D300232
P05164,D300232
O60733,D300232
P80188,D300232
P05362,D300232
P01138,D300232
P17302,D300232
P06881,D300232
P04156,D300232
P02649,D300232
P19438,D300232
P16109,D300232
O60603,D300232
P63104,D300232
P04271,D300232
P14735,D300232
P41594,D300232
P04040,D300232
Q9NP99,D300232
P48736,D300232
P14174,D300232
P21964,D300232
P11511,D300232
P27797,D300232
P42898,D300232
P06276,D300232
Q13393,D300232
Q5JTZ9,D300232
P10635,D300232
Q92769,D300232
O15379,D300232
Q9UBN7,D300232
P42336,D300232
P42345,D300232
P00441,D300232
O14672,D300232
O00329,D300232
P42338,D300232
P43490,D300232
O00206,D300232
Q96EB6,D300232
P07237,D300232
P04141,D300232
P22301,D300232
P39905,D300232
P08887,D300232
P15289,D300232
P18509,D300232
P01270,D300232
Q16769,D300232
Q02763,D300232
P00403,D300232
P51671,D300232
P05067,D300232
P23560,D300232
P05019,D300232
P09429,D300232
O14793,D300232
P02647,D300232
P01024,D300232
P10636,D300232
P11597,D300232
Q9Y5R2,D300232
P61769,D300232
P08574,D300232
P09466,D300232
P04054,D300232
P78362,D300232
O43612,D300232
P11226,D300232
P26572,D300232
P68104,D300232
Q9NTG7,D300232
P09104,D300232
P78330,D300232
Q96QT4,D300232
P01583,D300232
P04839,D300232
P60709,D300232
P63261,D300232
Q969S2,D300232
O60502,D300232
P46939,D300232
P02656,D300232
P07288,D300232
F7VJQ1,D300232
P04080,D300232
P42858,D300232
Q15238,D300232
P34932,D300232
P10909,D300232
P35858,D300232
P02750,D300232
P01011,D300232
Q9UHD2,D300232
Q9UIK4,D300232
P19525,D300232
Q5S007,D300232
O15146,D300232
Q9Y6K1,D300232
P04114,D300232
O15123,D300232
P48728,D300491
P30542,D300491
P23219,D300491
P02452,D300491
O95363,D300491
Q9UPY5,D300491
P06213,D300491
P20309,D300491
Q9H2X9,D300491
P00734,D300491
P48167,D300491
P14780,D300491
P21554,D300491
P30556,D300491
Q07869,D300491
Q12809,D300491
P11229,D300491
Q9Y289,D300491
P34972,D300491
Q9H244,D300491
P07741,D300491
Q05940,D300491
O95477,D300491
P03372,D300491
P10275,D300491
P49419,D300491
Q8WY07,D300491
P09172,D300491
Q9UHW9,D300491
P35498,D300491
P23368,D300491
P51649,D300491
Q9NYK1,D300491
O43175,D300491
P15692,D300491
P00367,D300491
Q9NVS9,D300491
P07814,D300491
Q14524,D300491
O95069,D300491
P37231,D300491
Q9UBS5,D300491
P12821,D300491
P26640,D300491
Q02252,D300491
P06858,D300491
P10415,D300491
P30531,D300491
P80404,D300491
P35354,D300491
P29474,D300491
P00797,D300491
Q96GD0,D300491
P55011,D300491
P08913,D300491
P08908,D300491
P16050,D300491
P34896,D300491
P00395,D300491
P39086,D300491
P03923,D300491
O00555,D300491
P00740,D300491
Q05586,D300491
P48029,D300491
Q99259,D300491
P47869,D300491
P25103,D300491
P21917,D300491
P60880,D300491
O15399,D300491
P11926,D300491
P50416,D300491
O75311,D300491
Q13224,D300491
P55017,D300491
P41143,D300491
P04083,D300491
P22303,D300491
P31749,D300491
Q13936,D300491
P23415,D300491
O60669,D300491
P28223,D300491
P30872,D300491
Q14957,D300491
O60706,D300491
P31644,D300491
P48169,D300491
O43497,D300491
P16473,D300491
P51172,D300491
Q13621,D300491
P07202,D300491
P34903,D300491
Q9P0J0,D300491
P02768,D300491
O60391,D300491
P04406,D300491
Q12791,D300491
P08172,D300491
Q9NWM0,D300491
P08559,D300491
P18089,D300491
P42330,D300491
Q05329,D300491
P07101,D300491
P11586,D300491
P41145,D300491
P15056,D300491
P42261,D300491
P08253,D300491
Q01959,D300491
P14784,D300491
P47712,D300491
P53985,D300491
P51787,D300491
Q16515,D300491
P04278,D300491
O14842,D300491
P54289,D300491
P17735,D300491
P14902,D300491
Q9NS40,D300491
P01375,D300491
Q14654,D300491
P25100,D300491
Q99707,D300491
P30536,D300491
Q15822,D300491
P23416,D300491
P31645,D300491
P19634,D300491
P49448,D300491
P14416,D300491
Q12879,D300491
P16219,D300491
Q9UBK8,D300491
Q16445,D300491
P51788,D300491
P00533,D300491
P35372,D300491
Q07912,D300491
P11473,D300491
Q09470,D300491
P40261,D300491
P33527,D300491
Q92731,D300491
P04150,D300491
P14867,D300491
P09488,D300491
P07203,D300491
P30711,D300491
Q13255,D300491
Q13002,D300491
Q16099,D300491
P42262,D300491
P48058,D300491
P42263,D300491
Q14833,D300491
Q14831,D300491
O00222,D300491
P06241,D300491
P43681,D300491
P17787,D300491
P07333,D300491
P27487,D300491
P43220,D300491
O95180,D300491
Q14289,D300491
P05771,D300491
P02741,D300491
P37840,D300491
P29972,D300491
Q9UKV0,D300491
P43004,D300491
Q00535,D300491
P00749,D300491
O43526,D300491
P30044,D300491
P05231,D300491
P28482,D300491
P29274,D300491
P25116,D300491
P00156,D300491
P07339,D300491
P98164,D300491
P07225,D300491
P01579,D300491
P01189,D300491
P20333,D300491
O75469,D300491
P16220,D300491
Q04760,D300491
P52788,D300491
O95831,D300491
P10646,D300491
Q14416,D300491
P29074,D300491
P01137,D300491
P35222,D300491
P32418,D300491
P56817,D300491
Q99497,D300491
Q7L0J3,D300491
Q9Y275,D300491
P62937,D300491
P01042,D300491
Q8NER1,D300491
P60568,D300491
P48051,D300491
P98160,D300491
P08183,D300491
P23946,D300491
P04629,D300491
P05412,D300491
O94956,D300491
P15502,D300491
P13500,D300491
P01584,D300491
P43005,D300491
P11166,D300491
P49841,D300491
Q9UNQ0,D300491
Q92887,D300491
P05164,D300491
O60733,D300491
P06493,D300491
P05362,D300491
P19838,D300491
P00750,D300491
P01138,D300491
P17302,D300491
P21589,D300491
P53779,D300491
P06881,D300491
P04156,D300491
P19367,D300491
P19320,D300491
P43003,D300491
P08254,D300491
P02649,D300491
P07900,D300491
P01100,D300491
P17252,D300491
P00450,D300491
P02774,D300491
Q15858,D300491
P22061,D300491
P48745,D300491
P42574,D300491
O60760,D300491
P45844,D300491
P04271,D300491
P02751,D300491
Q7Z2W7,D300491
P28161,D300491
P41594,D300491
O15530,D300491
P04040,D300491
O75874,D300491
P68363,D300491
P48736,D300491
Q71U36,D300491
Q13509,D300491
P55055,D300491
P06132,D300491
Q9Y286,D300491
P09874,D300491
P53355,D300491
P14174,D300491
Q05315,D300491
P08238,D300491
Q16881,D300491
Q99250,D300491
Q9NY46,D300491
P35499,D300491
Q9UQD0,D300491
P21964,D300491
P11511,D300491
P07942,D300491
P11362,D300491
P22607,D300491
P63027,D300491
Q8N9I0,D300491
P02458,D300491
P35237,D300491
O94903,D300491
P42898,D300491
P06276,D300491
P19021,D300491
P00813,D300491
Q00975,D300491
P15104,D300491
Q5JPH6,D300491
Q9BW92,D300491
O43766,D300491
O43272,D300491
Q13427,D300491
Q7L3T8,D300491
Q96I59,D300491
P36544,D300491
Q14832,D300491
P28472,D300491
P47870,D300491
Q13698,D300491
O00305,D300491
Q01668,D300491
P20815,D300491
P10635,D300491
Q92769,D300491
Q16665,D300491
P41146,D300491
P42336,D300491
P42345,D300491
P00441,D300491
Q9NY47,D300491
O43525,D300491
P56696,D300491
Q9NR82,D300491
O14672,D300491
O00329,D300491
P42338,D300491
P07949,D300491
Q05655,D300491
P49146,D300491
P05177,D300491
P35225,D300491
O00206,D300491
O14746,D300491
Q96EB6,D300491
P07237,D300491
P21796,D300491
P45880,D300491
Q86US8,D300491
P04141,D300491
P22301,D300491
P39905,D300491
P42768,D300491
P08684,D300491
Q9NQX3,D300491
P11712,D300491
P25311,D300491
Q16698,D300491
P15289,D300491
P18509,D300491
P01270,D300491
P07384,D300491
P48357,D300491
P04637,D300491
P00403,D300491
P41597,D300491
P05067,D300491
P23560,D300491
Q13885,D300491
P15328,D300491
P05019,D300491
Q92843,D300491
Q92934,D300491
P50052,D300491
P09429,D300491
P04792,D300491
Q14790,D300491
P40763,D300491
P10636,D300491
P01303,D300491
P04439,D300491
P01308,D300491
P01127,D300491
P49674,D300491
P30411,D300491
O14788,D300491
P05112,D300491
P56524,D300491
P33261,D300491
O60656,D300491
P55263,D300491
P04798,D300491
P05186,D300491
P20813,D300491
P38606,D300491
O14649,D300491
Q9NPC2,D300491
P18507,D300491
P28476,D300491
O14764,D300491
Q9NZV8,D300491
Q9UK17,D300491
Q16620,D300491
P33260,D300491
Q07699,D300491
O60939,D300491
Q9NY72,D300491
O15440,D300491
P23258,D300491
Q96RD7,D300491
P15085,D300491
P24666,D300491
P45983,D300491
Q8IVS2,D300491
P21281,D300491
O75460,D300491
Q494W8,D300491
P00414,D300491
P10176,D300491
P04054,D300491
Q13627,D300491
P41235,D300491
Q16566,D300491
P01116,D300491
P01889,D300491
P0CG48,D300491
O00141,D300491
Q13557,D300491
Q08209,D300491
O15144,D300491
P13639,D300491
Q92793,D300491
Q15648,D300491
O43612,D300491
P04179,D300491
P08670,D300491
P20472,D300491
P17600,D300491
Q9NPH2,D300491
P46459,D300491
P26572,D300491
P78352,D300491
P19883,D300491
P48735,D300491
P35398,D300491
Q9NTG7,D300491
P29323,D300491
P09104,D300491
P62826,D300491
O14874,D300491
P55072,D300491
P55789,D300491
Q9UL51,D300491
P41091,D300491
O00142,D300491
P16389,D300491
Q14721,D300491
P48547,D300491
P48066,D300491
P01583,D300491
P18510,D300491
P31639,D300491
Q14145,D300491
P57059,D300491
Q15303,D300491
Q9NSD5,D300491
P48065,D300491
Q9HAB3,D300491
Q13315,D300491
Q01118,D300491
Q9Y698,D300491
Q15878,D300491
P04839,D300491
P78508,D300491
P18847,D300491
P60709,D300491
P63261,D300491
P50993,D300491
P13637,D300491
O95259,D300491
Q9ULB1,D300491
Q92736,D300491
P67870,D300491
P28907,D300491
P60484,D300491
Q04206,D300491
P09936,D300491
Q99571,D300491
Q9C0B1,D300491
Q16555,D300491
Q8TAB3,D300491
O60502,D300491
P46663,D300491
Q16552,D300491
P30626,D300491
P22676,D300491
Q86UW7,D300491
P63244,D300491
P43652,D300491
P08648,D300491
F7VJQ1,D300491
P04080,D300491
O15350,D300491
P12644,D300491
Q14457,D300491
P34932,D300491
P60903,D300491
P04217,D300491
P10909,D300491
P35858,D300491
P13645,D300491
P13647,D300491
P51693,D300491
Q92945,D300491
P21333,D300491
P27635,D300491
P39019,D300491
Q9HBA0,D300491
Q8NI60,D300491
Q96RR4,D300491
P29320,D300491
P54762,D300491
O15146,D300491
O75914,D300491
Q9H4B4,D300491
Q13237,D300491
P11532,D300491
Q9UBL9,D300491
Q99572,D300491
Q8NCM2,D300491
Q8TDN2,D300491
Q14722,D300491
Q13303,D300491
Q9Y6K1,D300491
P41238,D300491
P52429,D300491
Q9Y487,D300491
P55211,D300491
P35228,D300494
P29475,D300494
P31645,D300494
P30559,D300494
P07711,D300494
P42898,D300494
P28472,D300494
P23560,D300494
Q9ULB1,D300494
P00740,D303110
P00533,D303110
P08100,D303110
P07949,D303110
P51149,D303110
P60709,D303110
Q16518,D303110
P35228,D304790
P23219,D304790
Q07869,D304790
O15374,D304790
P00747,D304790
P12821,D304790
P05121,D304790
P10415,D304790
P35354,D304790
P00395,D304790
Q9UM73,D304790
P04083,D304790
P29466,D304790
O15427,D304790
O94788,D304790
Q9UKU7,D304790
P41145,D304790
O95342,D304790
P01375,D304790
P09601,D304790
P15121,D304790
P31645,D304790
P35372,D304790
P27487,D304790
P43220,D304790
P16410,D304790
P51692,D304790
P05231,D304790
P03956,D304790
P01579,D304790
Q6W5P4,D304790
P20333,D304790
P01009,D304790
P24158,D304790
O75469,D304790
P29460,D304790
P01137,D304790
P02788,D304790
Q8NER1,D304790
P60568,D304790
P08183,D304790
P21980,D304790
P01584,D304790
P01019,D304790
P05164,D304790
P80188,D304790
P01374,D304790
P16070,D304790
P14210,D304790
P19438,D304790
P42574,D304790
P14625,D304790
O60760,D304790
P14410,D304790
P15559,D304790
P13569,D304790
P08842,D304790
P04040,D304790
P05113,D304790
P30405,D304790
Q9Y5Y6,D304790
P14174,D304790
P32119,D304790
P00441,D304790
P41231,D304790
P35225,D304790
O00206,D304790
P16422,D304790
P22301,D304790
P39905,D304790
P16144,D304790
Q86VB7,D304790
P04637,D304790
P00403,D304790
P05019,D304790
P40763,D304790
P28908,D304790
P40933,D304790
P15941,D304790
P05112,D304790
Q12908,D304790
P35869,D304790
P61626,D304790
P78536,D304790
P61769,D304790
O43293,D304790
P09848,D304790
Q15796,D304790
P04179,D304790
P22570,D304790
P62491,D304790
Q5XXA6,D304790
P62736,D304790
P49908,D304790
P25713,D304790
Q8TDU6,D304790
Q99571,D304790
O60502,D304790
Q16552,D304790
P34998,D304790
P10809,D304790
P04264,D304790
Q9HC29,D304790
Q5S007,D304790
P42679,D304790
Q13546,D304790
P48764,D304790
P35232,D304790
P51575,D304790
Q9UBL9,D304790
P56373,D304790
Q93086,D304790
O15547,D304790
Q99572,D304790
P47900,D304790
P06307,D304790
P15692,D304900
P00367,D304900
P45381,D304900
P30518,D304900
P20648,D304900
Q9NR19,D304900
O95479,D304900
P31749,D304900
Q12797,D304900
P02768,D304900
Q9UKU7,D304900
O60701,D304900
P01375,D304900
P06241,D304900
P02741,D304900
P28482,D304900
P02778,D304900
P01189,D304900
P10145,D304900
P45452,D304900
P60568,D304900
P01584,D304900
P06881,D304900
P48736,D304900
P06132,D304900
P29120,D304900
Q96DP5,D304900
P42336,D304900
Q00653,D304900
O00329,D304900
P42338,D304900
Q05655,D304900
P10147,D304900
P48357,D304900
Q9NPF7,D304900
Q9NZQ7,D304900
P01024,D304900
P40933,D304900
Q96QU6,D304900
P05112,D304900
P05181,D304900
P35869,D304900
P11226,D304900
P29323,D304900
Q16552,D304900
P35556,D304900
P14616,D304900
P48764,D304900
P15502,D305300
P12883,D305300
P48728,D308350
P35498,D308350
O43526,D308350
P57059,D308350
Q15303,D308350
P00734,D310468
P14780,D310468
P07741,D310468
P10275,D310468
Q9Y5Y9,D310468
P37231,D310468
P29474,D310468
P21549,D310468
P20648,D310468
P30988,D310468
P35348,D310468
Q13621,D310468
P41180,D310468
P48039,D310468
P25101,D310468
P02768,D310468
Q7Z2H8,D310468
P18089,D310468
P01375,D310468
P02818,D310468
P11473,D310468
P09488,D310468
P07203,D310468
P30711,D310468
P05771,D310468
P29972,D310468
P05231,D310468
P98164,D310468
P01137,D310468
Q9Y6L6,D310468
P13500,D310468
P01584,D310468
Q9UNQ0,D310468
P80188,D310468
P07900,D310468
P14210,D310468
P17252,D310468
O60760,D310468
P02751,D310468
Q08257,D310468
P48736,D310468
P20231,D310468
Q05315,D310468
P47989,D310468
P27708,D310468
Q07973,D310468
Q16760,D310468
P20815,D310468
P42336,D310468
P42345,D310468
O00329,D310468
P42338,D310468
Q96EB6,D310468
P01270,D310468
P07384,D310468
P09429,D310468
P22309,D310468
P05186,D310468
P54750,D310468
Q15661,D310468
Q9UJM8,D310468
P45983,D310468
Q03403,D310468
P08670,D310468
P68104,D310468
Q9NTG7,D310468
P01583,D310468
P18510,D310468
P31639,D310468
Q96S37,D310468
P14598,D310468
Q9UGJ0,D310468
P06733,D310468
P08493,D310468
P07288,D310468
P34932,D310468
P02765,D310468
P00739,D310468
P21333,D310468
P31391,D310468
Q9H2X6,D310468
P11532,D310468
Q86YN6,D310468
Q86XP1,D310468
Q9HBG4,D310468
P15313,D310468
Q01814,D310468
P20309,D311360
P14780,D311360
P30556,D311360
Q13639,D311360
P03372,D311360
P10275,D311360
P09172,D311360
P15692,D311360
P12821,D311360
P05121,D311360
P10415,D311360
P29474,D311360
P00797,D311360
P04818,D311360
P00395,D311360
P05093,D311360
P16471,D311360
P00740,D311360
P35968,D311360
P23945,D311360
P51659,D311360
P31749,D311360
P10721,D311360
P07202,D311360
P02768,D311360
Q13085,D311360
P08253,D311360
P47712,D311360
Q16671,D311360
P04278,D311360
P01375,D311360
P09601,D311360
P30536,D311360
Q9UBK8,D311360
Q92731,D311360
P07333,D311360
P02741,D311360
Q06520,D311360
P05231,D311360
P61073,D311360
P50225,D311360
P01189,D311360
P06730,D311360
P60568,D311360
P01584,D311360
P01019,D311360
P27361,D311360
P05164,D311360
P06493,D311360
P19438,D311360
P22061,D311360
P48061,D311360
P42574,D311360
P00167,D311360
P48736,D311360
P37173,D311360
P32119,D311360
P62508,D311360
P21964,D311360
P11511,D311360
P68133,D311360
P11047,D311360
P29120,D311360
P42898,D311360
Q5JTZ9,D311360
P42336,D311360
P42345,D311360
O00329,D311360
P42338,D311360
O60674,D311360
P07949,D311360
P01911,D311360
O00206,D311360
O14746,D311360
Q96EB6,D311360
P22301,D311360
Q13285,D311360
P23560,D311360
P50052,D311360
P04439,D311360
P15391,D311360
P05112,D311360
P33261,D311360
P04798,D311360
P20813,D311360
P11717,D311360
P35869,D311360
O75460,D311360
Q14565,D311360
P09382,D311360
P19883,D311360
P62826,D311360
P01583,D311360
O00264,D311360
P60709,D311360
P63261,D311360
P28907,D311360
P60484,D311360
Q9C0B1,D311360
P43652,D311360
P07288,D311360
P12644,D311360
P00846,D311360
P01011,D311360
P27635,D311360
Q01995,D311360
P36894,D311360
Q13873,D311360
Q9UKI8,D311360
O00238,D311360
Q6ZN16,D311360
O00180,D312910
Q9Y666,D312910
P51787,D312910
Q9UG56,D312910
Q06124,D312910
Q01668,D312910
P56696,D312910
P07949,D312910
P23560,D312910
O14649,D312910
P54819,D312910
P35579,D312910
P23219,D540000
Q9Y234,D540000
P49419,D540000
Q15046,D540000
P40939,D540000
P00918,D540000
P00395,D540000
P02766,D540000
Q16718,D540000
O43181,D540000
P03886,D540000
P02768,D540000
P03905,D540000
P08559,D540000
P11498,D540000
P01375,D540000
P09622,D540000
O43708,D540000
O43451,D540000
P08581,D540000
P05231,D540000
P00156,D540000
P00750,D540000
P11021,D540000
P14410,D540000
Q5JPH6,D540000
Q9UGM6,D540000
P09467,D540000
P22301,D540000
Q7LG56,D540000
O14949,D540000
P14927,D540000
P02144,D540000
P30084,D540000
P49411,D540000
P31639,D540000
P51812,D540000
P18848,D540000
P35228,D600082
P37059,D600082
P21728,D600082
P35916,D600082
P17948,D600082
P06213,D600082
P24530,D600082
P20309,D600082
P14780,D600082
P21554,D600082
P30556,D600082
Q07869,D600082
P02792,D600082
P51606,D600082
O95477,D600082
P03372,D600082
P10275,D600082
P49419,D600082
P15692,D600082
P48506,D600082
O76074,D600082
P56937,D600082
P14061,D600082
P30968,D600082
P10826,D600082
O95069,D600082
P30825,D600082
P37231,D600082
P12821,D600082
P32322,D600082
P06858,D600082
P10415,D600082
P09917,D600082
P35354,D600082
P29474,D600082
P00797,D600082
P05089,D600082
P16050,D600082
P10828,D600082
P37058,D600082
P05093,D600082
Q9NR19,D600082
P35968,D600082
P02794,D600082
P11926,D600082
P00338,D600082
P31749,D600082
P42684,D600082
Q96A70,D600082
P30872,D600082
P10721,D600082
P22413,D600082
P43155,D600082
P35348,D600082
P04626,D600082
P25101,D600082
P18405,D600082
Q12791,D600082
P00352,D600082
P06401,D600082
P08172,D600082
Q04609,D600082
Q16878,D600082
P18089,D600082
P35368,D600082
P31213,D600082
P13612,D600082
Q9Y617,D600082
P08253,D600082
P00390,D600082
P49788,D600082
P19235,D600082
P04278,D600082
P14902,D600082
Q8NFJ5,D600082
P01375,D600082
P12314,D600082
P25100,D600082
P30536,D600082
P11388,D600082
P21802,D600082
P14416,D600082
P00533,D600082
P11473,D600082
Q92731,D600082
P09488,D600082
Q9Y2Q3,D600082
P21266,D600082
P09211,D600082
P30711,D600082
P12931,D600082
P06241,D600082
P30559,D600082
P27487,D600082
P08069,D600082
Q14289,D600082
P02741,D600082
P19440,D600082
P26358,D600082
P00749,D600082
P01023,D600082
P51681,D600082
P08581,D600082
P05231,D600082
P28482,D600082
P25116,D600082
P27169,D600082
P07858,D600082
P07225,D600082
P01579,D600082
P49888,D600082
P01133,D600082
O75469,D600082
P10145,D600082
P17936,D600082
P13501,D600082
Q9BYF1,D600082
P01137,D600082
P35222,D600082
Q03181,D600082
P27824,D600082
P09038,D600082
Q13464,D600082
Q16539,D600082
Q8NER1,D600082
P24385,D600082
P60568,D600082
P08183,D600082
P23946,D600082
P05412,D600082
P15502,D600082
P13500,D600082
P05164,D600082
Q15111,D600082
P19838,D600082
P01138,D600082
P15309,D600082
P06881,D600082
Q16678,D600082
P17213,D600082
P16070,D600082
P08254,D600082
P16455,D600082
P48745,D600082
P42574,D600082
O60760,D600082
P07355,D600082
Q9NR96,D600082
P31751,D600082
P02751,D600082
P15559,D600082
Q08257,D600082
P61586,D600082
P08842,D600082
P22455,D600082
P33316,D600082
P04040,D600082
P11309,D600082
P48736,D600082
P53355,D600082
P00746,D600082
P36952,D600082
P21964,D600082
P11511,D600082
P13727,D600082
Q16270,D600082
P05981,D600082
P11362,D600082
P22607,D600082
Q6ZQY3,D600082
P42898,D600082
Q13393,D600082
P19021,D600082
Q96Q83,D600082
P11802,D600082
P20815,D600082
Q13547,D600082
Q16665,D600082
P42336,D600082
Q92569,D600082
P42345,D600082
P00441,D600082
O00329,D600082
P42338,D600082
O60674,D600082
Q16790,D600082
P35225,D600082
O00206,D600082
P10147,D600082
P04141,D600082
P22301,D600082
P39905,D600082
P08684,D600082
P31949,D600082
P08887,D600082
P06703,D600082
P15531,D600082
P49763,D600082
P18509,D600082
O15169,D600082
P35625,D600082
P04637,D600082
P05305,D600082
P00403,D600082
P41597,D600082
Q9NNW7,D600082
Q96GD4,D600082
P05019,D600082
P55786,D600082
Q9NZQ7,D600082
Q99527,D600082
P40763,D600082
P04439,D600082
P40933,D600082
Q96QU6,D600082
P05112,D600082
P30874,D600082
P05108,D600082
P22309,D600082
P04798,D600082
P20813,D600082
P25024,D600082
P29034,D600082
P09237,D600082
P50281,D600082
P35869,D600082
Q15788,D600082
P53350,D600082
P61626,D600082
P20674,D600082
P10176,D600082
P01116,D600082
O00141,D600082
P49862,D600082
P62330,D600082
O60218,D600082
Q15796,D600082
P08670,D600082
Q9NPH2,D600082
P10600,D600082
P19883,D600082
P35398,D600082
P29323,D600082
P09104,D600082
Q92993,D600082
P13611,D600082
Q96QT4,D600082
P54219,D600082
Q92637,D600082
P01106,D600082
O75330,D600082
P18510,D600082
P49765,D600082
Q5XXA6,D600082
Q9HAB3,D600082
P02786,D600082
Q9HB55,D600082
Q13315,D600082
P18847,D600082
P10599,D600082
P60709,D600082
P60484,D600082
Q16552,D600082
P05109,D600082
P04155,D600082
P07288,D600082
P06702,D600082
O15350,D600082
P09493,D600082
P12004,D600082
P05156,D600082
P10909,D600082
P36955,D600082
Q6FHJ7,D600082
P27635,D600082
P31391,D600082
P22897,D600082
O15075,D600082
Q9UF33,D600082
Q99759,D600082
O95819,D600082
Q13164,D600082
Q7KZI7,D600082
Q13153,D600082
Q13546,D600082
Q15910,D600082
P51575,D600082
P04114,D600082
P00738,D600082
O15393,D600082
P55211,D600082
O15123,D600082
P35228,D600263
P23219,D600263
P20309,D600263
P14780,D600263
P35610,D600263
P25021,D600263
P05091,D600263
P15692,D600263
P00747,D600263
P16442,D600263
P37231,D600263
P20061,D600263
P10415,D600263
P35354,D600263
P20648,D600263
P04070,D600263
P31749,D600263
P29466,D600263
P04626,D600263
Q9UKU7,D600263
P01589,D600263
Q13131,D600263
P01375,D600263
P15260,D600263
P30536,D600263
Q16445,D600263
P00533,D600263
P22033,D600263
P09488,D600263
P09211,D600263
P30711,D600263
P43220,D600263
P02741,D600263
P26358,D600263
P05231,D600263
P03956,D600263
O60494,D600263
P01579,D600263
P01133,D600263
P10145,D600263
P45452,D600263
P13501,D600263
P01137,D600263
P35222,D600263
Q00987,D600263
Q8NER1,D600263
P24385,D600263
P60568,D600263
P08183,D600263
P21980,D600263
P13500,D600263
P01584,D600263
Q13231,D600263
P01019,D600263
P16581,D600263
P05164,D600263
P05362,D600263
P19838,D600263
P01374,D600263
P11413,D600263
P35247,D600263
P63000,D600263
P16070,D600263
P14210,D600263
P01100,D600263
P16455,D600263
P07204,D600263
O60603,D600263
Q9NR96,D600263
P25942,D600263
P06744,D600263
Q9NP99,D600263
P17931,D600263
Q13426,D600263
P49789,D600263
P09874,D600263
P53355,D600263
P14174,D600263
Q96AZ6,D600263
P27797,D600263
P42898,D600263
Q9UBN7,D600263
P00441,D600263
O14672,D600263
Q06609,D600263
P27695,D600263
P01911,D600263
P05177,D600263
O00206,D600263
P32320,D600263
P16422,D600263
O14746,D600263
Q96EB6,D600263
P10147,D600263
P22301,D600263
Q16698,D600263
P15289,D600263
P22392,D600263
P04637,D600263
P00403,D600263
P41597,D600263
P40238,D600263
Q9NZQ7,D600263
P40763,D600263
P15941,D600263
P05112,D600263
P32745,D600263
P05181,D600263
P33261,D600263
P09237,D600263
P78536,D600263
P01116,D600263
O00141,D600263
O00182,D600263
Q03403,D600263
P01920,D600263
P11226,D600263
P60953,D600263
P01106,D600263
P01583,D600263
P18510,D600263
P10599,D600263
P60709,D600263
Q04206,D600263
Q9Y5S8,D600263
P06733,D600263
Q16552,D600263
Q99828,D600263
O75838,D600263
P05109,D600263
P10809,D600263
P63244,D600263
P09525,D600263
P51858,D600263
P08648,D600263
P06702,D600263
O15350,D600263
P12644,D600263
P34932,D600263
P12004,D600263
Q92945,D600263
Q9HC29,D600263
P51617,D600263
Q99759,D600263
P08922,D600263
P01350,D600263
Q92482,D600263
Q8IXJ6,D600263
Q9Y6K1,D600263
P35228,D600351
P14780,D600351
P15692,D600351
P35354,D600351
Q9BXJ7,D600351
P08246,D600351
P00390,D600351
P01375,D600351
P01178,D600351
P19634,D600351
P04150,D600351
P05231,D600351
P01189,D600351
P10145,D600351
P01042,D600351
P06881,D600351
P42574,D600351
P04040,D600351
P02458,D600351
P43115,D600351
P00441,D600351
P02647,D600351
Q14790,D600351
P01308,D600351
P18510,D600351
P46663,D600351
P52564,D600351
P48764,D600351
P55211,D600351
P06213,D600496
Q07869,D600496
P07741,D600496
Q09428,D600496
P21695,D600496
P54710,D600496
P14207,D600496
P49286,D600496
Q99259,D600496
P02768,D600496
P05543,D600496
P15056,D600496
P48048,D600496
Q14654,D600496
P43220,D600496
P02741,D600496
P19440,D600496
P35558,D600496
P10997,D600496
P01133,D600496
P21980,D600496
P11168,D600496
P35557,D600496
P11166,D600496
P19367,D600496
P31751,D600496
P00813,D600496
P09467,D600496
P08887,D600496
Q03721,D600496
P48357,D600496
P15328,D600496
Q92934,D600496
Q96AE4,D600496
P01308,D600496
P41235,D600496
Q92793,D600496
P20823,D600496
P61457,D600496
Q13315,D600496
P35556,D600496
P02656,D600496
P51451,D600496
Q12851,D600496
P04114,D600496
P29475,D600631
P30518,D600631
P21917,D600631
P28223,D600631
P49888,D600631
P06850,D600631
P01138,D600631
P08842,D600631
P04745,D600631
P08729,D600631
P23560,D600631
Q96I15,D600631
P14780,D600634
Q07869,D600634
P03372,D600634
P15692,D600634
P31040,D600634
P56937,D600634
P37231,D600634
P35354,D600634
P00915,D600634
P08620,D600634
P16471,D600634
P60880,D600634
P31749,D600634
P30872,D600634
P04626,D600634
P04406,D600634
P15428,D600634
P00352,D600634
P07101,D600634
Q02643,D600634
P08253,D600634
P48443,D600634
P14416,D600634
P00533,D600634
P09488,D600634
O43451,D600634
Q06520,D600634
P51692,D600634
P05231,D600634
P28482,D600634
P01189,D600634
P01137,D600634
Q00987,D600634
P09038,D600634
P24385,D600634
P21980,D600634
P04629,D600634
P06870,D600634
Q9UM07,D600634
P01138,D600634
P01100,D600634
P16455,D600634
P14410,D600634
P02743,D600634
P48736,D600634
P17931,D600634
P37173,D600634
P11511,D600634
P11362,D600634
P35346,D600634
Q96EN8,D600634
P21912,D600634
P42336,D600634
P42345,D600634
O00329,D600634
P42338,D600634
Q15761,D600634
P39905,D600634
P04637,D600634
P05019,D600634
P10644,D600634
P01303,D600634
O14788,D600634
P30874,D600634
Q95460,D600634
P63092,D600634
P10600,D600634
P29323,D600634
P01106,D600634
Q15303,D600634
P34981,D600634
Q99828,D600634
P13693,D600634
P56537,D600634
P12644,D600634
P38936,D600634
P54578,D600634
P12004,D600634
P21333,D600634
P21860,D600634
P03372,D600803
P15692,D600803
P24298,D600803
P43220,D600803
P16410,D600803
P19440,D600803
P08183,D600803
O95838,D600803
Q8WXI7,D600803
P04637,D600803
P78536,D600803
P05109,D600803
P00488,D600807
P35228,D600807
P11766,D600807
P30542,D600807
P12319,D600807
P23219,D600807
P02452,D600807
P17948,D600807
P04049,D600807
P24530,D600807
P20309,D600807
P30273,D600807
P14780,D600807
P30556,D600807
P34995,D600807
P11836,D600807
P29475,D600807
O15496,D600807
Q07869,D600807
Q13639,D600807
P11229,D600807
P34972,D600807
Q9NS75,D600807
P35610,D600807
O76082,D600807
Q9H244,D600807
P21673,D600807
P07741,D600807
O95477,D600807
P03372,D600807
P08700,D600807
P80365,D600807
P10275,D600807
P05091,D600807
P49419,D600807
Q9H3N8,D600807
Q9NYK1,D600807
P15692,D600807
P48506,D600807
Q9Y5Y9,D600807
P09619,D600807
P00747,D600807
P16442,D600807
P37231,D600807
P00742,D600807
P12821,D600807
P54577,D600807
P55157,D600807
P05121,D600807
P10415,D600807
P09917,D600807
P35354,D600807
P29474,D600807
Q04771,D600807
P00797,D600807
P55011,D600807
P05089,D600807
Q13258,D600807
P16050,D600807
P02753,D600807
P21549,D600807
P00918,D600807
P08709,D600807
P00395,D600807
Q9UDX4,D600807
P25098,D600807
P20648,D600807
P19801,D600807
Q9UM73,D600807
P43116,D600807
P35968,D600807
P04070,D600807
P25103,D600807
P48551,D600807
Q9GZT4,D600807
P08246,D600807
P00325,D600807
P11926,D600807
P04083,D600807
P22303,D600807
P31749,D600807
P30988,D600807
O60669,D600807
P35367,D600807
O15528,D600807
P29466,D600807
P10721,D600807
P22413,D600807
P38484,D600807
O60706,D600807
P43119,D600807
Q07343,D600807
P01130,D600807
P35348,D600807
P04626,D600807
P48039,D600807
P20701,D600807
P28329,D600807
P25101,D600807
P17174,D600807
P02671,D600807
P04406,D600807
P06401,D600807
P08172,D600807
P52569,D600807
P14778,D600807
Q9NWM0,D600807
P18089,D600807
P04035,D600807
P35368,D600807
O43772,D600807
P13612,D600807
P51648,D600807
Q9UKU7,D600807
P48507,D600807
P07101,D600807
P23378,D600807
P15509,D600807
P41145,D600807
P08253,D600807
P00390,D600807
P14784,D600807
P19429,D600807
P47712,D600807
P01589,D600807
P10276,D600807
P36896,D600807
P20138,D600807
P04278,D600807
P05230,D600807
P14902,D600807
P07550,D600807
P01375,D600807
Q9Y271,D600807
Q13946,D600807
Q03405,D600807
P30838,D600807
P06729,D600807
Q99884,D600807
P02818,D600807
P09601,D600807
P30536,D600807
Q15822,D600807
P15121,D600807
P31645,D600807
Q9H015,D600807
P78540,D600807
P21731,D600807
P00533,D600807
P11473,D600807
P33527,D600807
Q92731,D600807
P04150,D600807
P09488,D600807
Q9Y2Q3,D600807
P09211,D600807
P78417,D600807
P07203,D600807
P30711,D600807
P22352,D600807
Q13255,D600807
P06241,D600807
P30559,D600807
P42081,D600807
P33681,D600807
P16234,D600807
P07333,D600807
P27487,D600807
P01031,D600807
P43220,D600807
P08069,D600807
O60894,D600807
Q14289,D600807
P05771,D600807
P02741,D600807
Q9UKV0,D600807
P16410,D600807
O60427,D600807
P19440,D600807
P26358,D600807
P00749,D600807
P49747,D600807
O75015,D600807
P12724,D600807
P01023,D600807
P51681,D600807
P08581,D600807
P05231,D600807
P61073,D600807
P03956,D600807
P28482,D600807
P29274,D600807
P02763,D600807
P01574,D600807
P25116,D600807
P27169,D600807
P02778,D600807
P07339,D600807
P01579,D600807
P02775,D600807
P01189,D600807
Q6W5P4,D600807
P01009,D600807
P01133,D600807
P27986,D600807
O75469,D600807
P06730,D600807
P16220,D600807
P10145,D600807
O95831,D600807
P45452,D600807
P05120,D600807
P17936,D600807
P17405,D600807
P13501,D600807
P29460,D600807
Q9BYF1,D600807
P01137,D600807
P35222,D600807
P32418,D600807
O14965,D600807
Q9Y275,D600807
P47929,D600807
P08311,D600807
P62937,D600807
P09038,D600807
P01042,D600807
Q16539,D600807
Q8NER1,D600807
P06850,D600807
P24385,D600807
P60568,D600807
P08183,D600807
P21980,D600807
P23946,D600807
P04629,D600807
P05412,D600807
O94956,D600807
P15502,D600807
P13500,D600807
P01584,D600807
P11166,D600807
Q13231,D600807
P01019,D600807
P27361,D600807
P04004,D600807
Q92887,D600807
Q06124,D600807
P24941,D600807
P16581,D600807
P05164,D600807
O60733,D600807
P15144,D600807
P05362,D600807
P19838,D600807
P01374,D600807
P11413,D600807
P23297,D600807
P06870,D600807
P01138,D600807
P17302,D600807
P21589,D600807
P11021,D600807
P06881,D600807
P04156,D600807
P35247,D600807
P63000,D600807
Q16678,D600807
P16070,D600807
P19320,D600807
Q16873,D600807
P02649,D600807
P07900,D600807
O75762,D600807
Q08345,D600807
P08697,D600807
P01100,D600807
P02776,D600807
P17252,D600807
P27815,D600807
P19438,D600807
P02774,D600807
P48061,D600807
P07204,D600807
P07686,D600807
P05106,D600807
P98170,D600807
P16109,D600807
Q9UNN8,D600807
O60603,D600807
O60760,D600807
P07355,D600807
Q9NR96,D600807
P31751,D600807
P04271,D600807
P13726,D600807
P30086,D600807
P02751,D600807
P22894,D600807
P15559,D600807
Q08257,D600807
Q7Z2W7,D600807
O15439,D600807
P28161,D600807
P61586,D600807
P13569,D600807
P25942,D600807
P08842,D600807
P39900,D600807
P08100,D600807
P80511,D600807
P04040,D600807
P05113,D600807
Q10588,D600807
Q9P2W7,D600807
P68363,D600807
Q06187,D600807
Q08499,D600807
Q9NP99,D600807
P10153,D600807
P48736,D600807
P43405,D600807
Q08881,D600807
P17931,D600807
P68371,D600807
P49137,D600807
Q04759,D600807
P20231,D600807
P23677,D600807
P14555,D600807
P25774,D600807
P09960,D600807
P09874,D600807
P52732,D600807
P14174,D600807
P37173,D600807
Q05315,D600807
P24557,D600807
P08238,D600807
Q96AZ6,D600807
Q9UQD0,D600807
P08637,D600807
P12318,D600807
P31994,D600807
P31995,D600807
P68133,D600807
O15230,D600807
P25391,D600807
Q07954,D600807
P13727,D600807
P32927,D600807
P01906,D600807
Q01362,D600807
P35237,D600807
P09486,D600807
P42898,D600807
Q96DP5,D600807
Q13393,D600807
P47989,D600807
P50750,D600807
P00813,D600807
Q9H6Z9,D600807
P21452,D600807
Q6IA69,D600807
O95864,D600807
Q07973,D600807
P08263,D600807
Q9H4Y5,D600807
P49619,D600807
P67775,D600807
Q13427,D600807
P20815,D600807
P16435,D600807
Q13547,D600807
Q92769,D600807
Q9UBN7,D600807
Q16665,D600807
P43115,D600807
P41146,D600807
P42336,D600807
P20292,D600807
P42345,D600807
P00441,D600807
Q9NR82,D600807
P08865,D600807
O14672,D600807
O00329,D600807
P42338,D600807
Q13093,D600807
P01911,D600807
P24394,D600807
Q14627,D600807
P06280,D600807
P05177,D600807
P50135,D600807
P35225,D600807
P03952,D600807
O00206,D600807
O14746,D600807
P05155,D600807
P08729,D600807
Q96EB6,D600807
P51686,D600807
P10147,D600807
Q96KG9,D600807
P04141,D600807
P22301,D600807
P08684,D600807
P08887,D600807
P10632,D600807
P80075,D600807
Q05397,D600807
Q16698,D600807
P49763,D600807
P15289,D600807
P16144,D600807
P01270,D600807
Q13285,D600807
P35625,D600807
Q86VB7,D600807
P48357,D600807
Q02763,D600807
P04637,D600807
O14757,D600807
P05305,D600807
P00403,D600807
P41597,D600807
P51671,D600807
P05067,D600807
P23560,D600807
Q96GD4,D600807
Q96IY4,D600807
O15392,D600807
Q9GZP0,D600807
P26010,D600807
Q9NPF7,D600807
P43235,D600807
P05019,D600807
P50052,D600807
P09429,D600807
Q13233,D600807
Q02156,D600807
P04792,D600807
Q15116,D600807
Q9NZQ7,D600807
P02647,D600807
P01024,D600807
P20963,D600807
Q14790,D600807
Q9Y6Q6,D600807
P40763,D600807
Q07011,D600807
P06734,D600807
Q9P2E9,D600807
P25963,D600807
Q01344,D600807
P27037,D600807
P01303,D600807
P16615,D600807
P28908,D600807
P04439,D600807
P40933,D600807
Q9NPC1,D600807
Q15722,D600807
P52333,D600807
P01127,D600807
P15391,D600807
P15941,D600807
Q07817,D600807
P30411,D600807
Q00613,D600807
P11597,D600807
Q9NR97,D600807
P05112,D600807
P35408,D600807
P56524,D600807
Q8WUI4,D600807
P05181,D600807
P33261,D600807
P05108,D600807
P22309,D600807
P04798,D600807
P05186,D600807
P20813,D600807
P25024,D600807
P11678,D600807
Q9HCR9,D600807
P52209,D600807
Q9Y5Y4,D600807
P23469,D600807
P32297,D600807
P30532,D600807
Q9UN88,D600807
P24462,D600807
Q9NS85,D600807
Q9ULX7,D600807
P09238,D600807
P09237,D600807
Q99542,D600807
P35869,D600807
Q08462,D600807
Q15661,D600807
Q13526,D600807
P78536,D600807
P63208,D600807
P45984,D600807
P36897,D600807
P24666,D600807
P45983,D600807
P25705,D600807
P06576,D600807
P60174,D600807
P25788,D600807
P28072,D600807
P20674,D600807
P10176,D600807
P04054,D600807
P98155,D600807
Q9Y6Y9,D600807
Q16566,D600807
P01889,D600807
P23458,D600807
P08758,D600807
P06396,D600807
P23528,D600807
P06731,D600807
P11684,D600807
O00182,D600807
P09848,D600807
Q9NWZ3,D600807
P26447,D600807
Q92793,D600807
Q15648,D600807
Q99470,D600807
Q15796,D600807
O60678,D600807
P15170,D600807
P04179,D600807
P29508,D600807
Q03403,D600807
P01920,D600807
P22570,D600807
Q8IWL2,D600807
P11226,D600807
P04053,D600807
P35749,D600807
P63096,D600807
P09382,D600807
P15813,D600807
Q9NPH2,D600807
P20823,D600807
Q03393,D600807
P09110,D600807
Q14643,D600807
P19883,D600807
P20339,D600807
P49411,D600807
P49913,D600807
P35398,D600807
P29323,D600807
P61457,D600807
Q86YB8,D600807
Q92993,D600807
Q16613,D600807
Q9BZZ2,D600807
Q99873,D600807
Q13838,D600807
Q96I15,D600807
P60953,D600807
Q9BVM4,D600807
Q96QT4,D600807
P0C0L4,D600807
P01106,D600807
P01583,D600807
P18510,D600807
Q5XXA6,D600807
Q14145,D600807
Q15303,D600807
P48065,D600807
P01903,D600807
P79483,D600807
P13762,D600807
Q30154,D600807
Q9HAB3,D600807
P02786,D600807
Q13315,D600807
Q15125,D600807
O95644,D600807
O00264,D600807
Q9BXT2,D600807
P04839,D600807
P13498,D600807
Q16558,D600807
Q14573,D600807
P18847,D600807
P18848,D600807
P18850,D600807
P60709,D600807
O95718,D600807
P63261,D600807
Q92736,D600807
P28907,D600807
P60484,D600807
Q04206,D600807
P25105,D600807
Q9HC97,D600807
P54756,D600807
Q9C0B1,D600807
P06733,D600807
Q15750,D600807
P46663,D600807
Q0VD83,D600807
Q16552,D600807
P21453,D600807
P34998,D600807
Q99828,D600807
P13693,D600807
O75838,D600807
P22676,D600807
P05109,D600807
P10809,D600807
P63244,D600807
P09525,D600807
P31948,D600807
P43652,D600807
P30101,D600807
P04155,D600807
P07288,D600807
F7VJQ1,D600807
P06702,D600807
Q92570,D600807
P38936,D600807
Q14457,D600807
P34932,D600807
P12004,D600807
Q9UHF0,D600807
P02765,D600807
P10909,D600807
P01011,D600807
Q6FHJ7,D600807
Q9ULY5,D600807
P37802,D600807
Q15942,D600807
Q16518,D600807
Q9HBA0,D600807
Q01995,D600807
P31391,D600807
Q9HC29,D600807
Q13873,D600807
P22897,D600807
Q9UHD2,D600807
Q06418,D600807
P30530,D600807
P51451,D600807
O00238,D600807
Q9C098,D600807
P19525,D600807
P29320,D600807
P16591,D600807
P14616,D600807
P51617,D600807
Q9Y616,D600807
Q5S007,D600807
P46734,D600807
O95819,D600807
Q7KZI7,D600807
Q9BUB5,D600807
O15146,D600807
Q15746,D600807
Q13153,D600807
O43353,D600807
P08922,D600807
Q9H0K1,D600807
O94804,D600807
P32245,D600807
Q8IXJ6,D600807
P51679,D600807
P11532,D600807
Q86YN6,D600807
Q99572,D600807
Q8WWG9,D600807
Q9BQ31,D600807
P41222,D600807
Q99500,D600807
P02790,D600807
P00738,D600807
P21860,D600807
Q9Y6T7,D600807
P52429,D600807
Q86XP1,D600807
P29350,D600807
P20702,D600807
Q9H2H9,D600807
Q96QD8,D600807
P55211,D600807
P16278,D600807
P0CG30,D600807
P11166,D601042
P00488,D601367
P35228,D601367
P00451,D601367
P23219,D601367
P12259,D601367
P24530,D601367
P00734,D601367
P14780,D601367
P30556,D601367
P29475,D601367
Q07869,D601367
P14618,D601367
Q9BYV1,D601367
P13688,D601367
P51606,D601367
Q9H244,D601367
Q16647,D601367
O95477,D601367
P03372,D601367
P10275,D601367
P05091,D601367
O00180,D601367
Q9NYK1,D601367
Q99720,D601367
P15692,D601367
P48506,D601367
P08588,D601367
O95298,D601367
O76074,D601367
P09619,D601367
Q09428,D601367
P00747,D601367
P16442,D601367
P37231,D601367
P12821,D601367
P06858,D601367
P05121,D601367
P10415,D601367
P09917,D601367
P40939,D601367
P35354,D601367
P29474,D601367
P00797,D601367
Q96GD0,D601367
P01008,D601367
P55011,D601367
P05089,D601367
P08913,D601367
P08908,D601367
Q13258,D601367
P16050,D601367
P02753,D601367
P35520,D601367
P34896,D601367
P08709,D601367
P00395,D601367
P02766,D601367
P18825,D601367
Q9NR19,D601367
O00555,D601367
P00740,D601367
Q05586,D601367
P43116,D601367
P35968,D601367
P04070,D601367
P00505,D601367
Q9GZT4,D601367
P38435,D601367
Q13224,D601367
P0DP23,D601367
P55017,D601367
Q02928,D601367
P04083,D601367
P22303,D601367
Q13936,D601367
Q14432,D601367
P08514,D601367
P29466,D601367
P28223,D601367
Q14957,D601367
P43119,D601367
Q16739,D601367
P01130,D601367
P35348,D601367
O94788,D601367
P25101,D601367
P02768,D601367
P02671,D601367
Q04609,D601367
P18089,D601367
P49585,D601367
Q13085,D601367
P41145,D601367
P08253,D601367
P19429,D601367
P24298,D601367
P08235,D601367
P51787,D601367
P05230,D601367
P07550,D601367
P11498,D601367
P01375,D601367
Q9BQB6,D601367
Q99707,D601367
P09601,D601367
P30536,D601367
P09622,D601367
P31645,D601367
P19634,D601367
Q12879,D601367
Q9UBK8,D601367
P35372,D601367
P22033,D601367
P11473,D601367
P40261,D601367
P33527,D601367
Q92731,D601367
P04150,D601367
P09488,D601367
P78417,D601367
P07203,D601367
P30711,D601367
P22352,D601367
Q13255,D601367
Q13002,D601367
P42262,D601367
Q93088,D601367
P43681,D601367
P27487,D601367
P01031,D601367
P43220,D601367
P08069,D601367
Q16568,D601367
P02741,D601367
P37840,D601367
P29972,D601367
Q9UKV0,D601367
P43004,D601367
P16410,D601367
O60427,D601367
Q00535,D601367
P51692,D601367
P00749,D601367
O75015,D601367
P30044,D601367
P12724,D601367
P01023,D601367
P51681,D601367
P05231,D601367
P61073,D601367
P03956,D601367
P28482,D601367
P01574,D601367
P25116,D601367
P27169,D601367
O75891,D601367
P00156,D601367
P07225,D601367
P01579,D601367
P02775,D601367
P34913,D601367
P49888,D601367
P27986,D601367
O75469,D601367
P10145,D601367
P10646,D601367
P05120,D601367
P17936,D601367
Q14416,D601367
P13501,D601367
P35568,D601367
P16860,D601367
Q9BYF1,D601367
O14732,D601367
P01137,D601367
P35222,D601367
Q99497,D601367
Q00987,D601367
Q9Y6L6,D601367
P29965,D601367
Q03181,D601367
P62937,D601367
P09038,D601367
P01042,D601367
Q16539,D601367
P03951,D601367
Q8NER1,D601367
P60568,D601367
P98160,D601367
P08183,D601367
P21980,D601367
P05412,D601367
P04275,D601367
P13500,D601367
P01584,D601367
P30793,D601367
Q13231,D601367
P01019,D601367
P27361,D601367
P49841,D601367
Q9UNQ0,D601367
P04004,D601367
P16581,D601367
P05164,D601367
O60733,D601367
P15144,D601367
P80188,D601367
P05362,D601367
P19838,D601367
P01374,D601367
P00750,D601367
P11413,D601367
P06870,D601367
Q9UM07,D601367
P01138,D601367
P17302,D601367
P63000,D601367
P19320,D601367
P08254,D601367
Q16873,D601367
P02649,D601367
P14210,D601367
P08697,D601367
P01100,D601367
Q13126,D601367
P17252,D601367
P27815,D601367
P19438,D601367
P48061,D601367
P07204,D601367
O14920,D601367
P05106,D601367
P16109,D601367
Q9UNN8,D601367
P42574,D601367
O60603,D601367
P45844,D601367
P04271,D601367
P13726,D601367
P22894,D601367
P15559,D601367
Q08257,D601367
P25942,D601367
P39900,D601367
P06744,D601367
P22455,D601367
P04040,D601367
P05113,D601367
Q08499,D601367
P48736,D601367
P43405,D601367
P17931,D601367
P30405,D601367
P14555,D601367
P09960,D601367
P09874,D601367
Q9HAN9,D601367
P55210,D601367
P14174,D601367
P37173,D601367
P24557,D601367
P22749,D601367
P21964,D601367
P02675,D601367
P02679,D601367
P08637,D601367
P12318,D601367
O15230,D601367
P27797,D601367
Q07954,D601367
P05154,D601367
P29120,D601367
P02461,D601367
P11362,D601367
P42898,D601367
Q00534,D601367
Q9GZT9,D601367
P27708,D601367
O95864,D601367
Q07973,D601367
Q13427,D601367
P20815,D601367
P10635,D601367
P16435,D601367
Q92769,D601367
Q9UBN7,D601367
Q16665,D601367
P42336,D601367
P20292,D601367
P42345,D601367
P41231,D601367
P08865,D601367
O00329,D601367
P42338,D601367
O60674,D601367
Q13093,D601367
P43490,D601367
P01911,D601367
Q05655,D601367
P24394,D601367
P06280,D601367
P17342,D601367
P35225,D601367
Q8WXI7,D601367
O00206,D601367
O14746,D601367
P05155,D601367
Q96EB6,D601367
P04141,D601367
P22301,D601367
P08684,D601367
P31949,D601367
P11712,D601367
P02749,D601367
P08887,D601367
P10632,D601367
Q16698,D601367
Q96FI4,D601367
P15289,D601367
P18509,D601367
P05162,D601367
Q86VB7,D601367
P48357,D601367
Q02763,D601367
P04637,D601367
P05305,D601367
P00403,D601367
P41597,D601367
P51671,D601367
P05067,D601367
P23560,D601367
Q5NUL3,D601367
Q96IY4,D601367
O15392,D601367
Q9GZP0,D601367
P05019,D601367
P10644,D601367
P50052,D601367
P09429,D601367
P04792,D601367
Q99527,D601367
P02647,D601367
Q14790,D601367
Q9Y6Q6,D601367
P40763,D601367
Q07011,D601367
P10636,D601367
P01303,D601367
P40933,D601367
P52333,D601367
Q96QU6,D601367
P11597,D601367
O14788,D601367
Q9NR97,D601367
P05112,D601367
P56524,D601367
P05181,D601367
P33261,D601367
P22309,D601367
P19099,D601367
P04798,D601367
P20813,D601367
Q9HCR9,D601367
O14649,D601367
O95255,D601367
P09238,D601367
P09237,D601367
Q9NRE1,D601367
Q96RD7,D601367
P63092,D601367
Q13526,D601367
P78536,D601367
P61769,D601367
Q13133,D601367
P45983,D601367
P42892,D601367
P30301,D601367
P60900,D601367
P09466,D601367
P20674,D601367
P10176,D601367
P04054,D601367
P01889,D601367
Q03426,D601367
O00141,D601367
Q9P289,D601367
O75116,D601367
O00182,D601367
Q9NWZ3,D601367
O43612,D601367
P04179,D601367
P01920,D601367
P11226,D601367
P09382,D601367
P20823,D601367
P68104,D601367
Q9NTG7,D601367
P29323,D601367
P09104,D601367
P62166,D601367
P14621,D601367
P60953,D601367
Q96QT4,D601367
O00187,D601367
P00748,D601367
Q9UQQ2,D601367
P48066,D601367
P01583,D601367
P18510,D601367
P49765,D601367
P28065,D601367
Q5XXA6,D601367
P31639,D601367
P53667,D601367
Q9UHC3,D601367
Q9NSD5,D601367
Q13315,D601367
P13498,D601367
P18847,D601367
P18848,D601367
P18850,D601367
Q14520,D601367
P10599,D601367
P60709,D601367
P63261,D601367
P05090,D601367
P62736,D601367
P60484,D601367
Q04206,D601367
P09936,D601367
Q99571,D601367
O14618,D601367
P46939,D601367
Q16552,D601367
Q8NBP7,D601367
P34998,D601367
P0DP24,D601367
P0DP25,D601367
P02656,D601367
P31948,D601367
P06702,D601367
Q92570,D601367
P38936,D601367
Q14457,D601367
Q9Y230,D601367
P34932,D601367
Q13219,D601367
P54578,D601367
P02765,D601367
P08603,D601367
P02750,D601367
P36955,D601367
O14791,D601367
P01011,D601367
Q02083,D601367
Q9HBA0,D601367
P31391,D601367
P22897,D601367
Q9UEW8,D601367
Q7L7X3,D601367
O75385,D601367
Q96RR4,D601367
Q9UIK4,D601367
P54764,D601367
P14616,D601367
P51617,D601367
O15146,D601367
Q9NYY3,D601367
Q15139,D601367
Q13546,D601367
Q15910,D601367
Q99814,D601367
Q8IXJ6,D601367
Q99572,D601367
P47900,D601367
P04114,D601367
P00738,D601367
Q9NRA0,D601367
O15123,D601367
P31040,D601518
Q96GD0,D601518
P04626,D601518
P15056,D601518
Q00987,D601518
P09874,D601518
P11802,D601518
P07949,D601518
Q06609,D601518
P54278,D601518
P04637,D601518
O96017,D601518
P05019,D601518
P15941,D601518
P36897,D601518
P01106,D601518
Q13315,D601518
P60484,D601518
P22897,D601518
Q16584,D601518
P11836,D601608
P01589,D601608
P01137,D601608
Q96AZ6,D601608
P22301,D601608
P02749,D601608
P19113,D601626
P35228,D601626
P00519,D601626
P23219,D601626
P35916,D601626
O95363,D601626
P17948,D601626
P06213,D601626
P04049,D601626
P20309,D601626
P00734,D601626
P14780,D601626
P30556,D601626
P10515,D601626
P11836,D601626
P29475,D601626
P00492,D601626
P31358,D601626
P02792,D601626
P14618,D601626
Q12809,D601626
P34972,D601626
P35610,D601626
P07741,D601626
P03372,D601626
P08700,D601626
P10275,D601626
P09172,D601626
P13631,D601626
P36888,D601626
Q9NYK1,D601626
O43175,D601626
P15692,D601626
P20132,D601626
P48506,D601626
P49916,D601626
P12532,D601626
Q9Y5Y9,D601626
O76074,D601626
P20273,D601626
P09619,D601626
Q09428,D601626
P00747,D601626
P16442,D601626
P37231,D601626
P08243,D601626
P12821,D601626
P55157,D601626
Q15758,D601626
P10415,D601626
P09917,D601626
P14679,D601626
Q9Y478,D601626
P49902,D601626
P35354,D601626
P29474,D601626
P08473,D601626
P13995,D601626
P00797,D601626
P14207,D601626
P05089,D601626
P09455,D601626
Q02641,D601626
O14727,D601626
P35520,D601626
P04818,D601626
P23921,D601626
P08620,D601626
Q16798,D601626
P00374,D601626
P34896,D601626
P00395,D601626
P02766,D601626
Q96I99,D601626
Q9UM73,D601626
P08319,D601626
P00740,D601626
P35968,D601626
Q14749,D601626
O95139,D601626
P49069,D601626
Q02127,D601626
Q9GZT4,D601626
P08246,D601626
P02794,D601626
P11926,D601626
P50416,D601626
P17540,D601626
P19793,D601626
Q13224,D601626
P0DP23,D601626
P55017,D601626
P22303,D601626
P31749,D601626
P42684,D601626
P17516,D601626
P08514,D601626
P29466,D601626
Q96A70,D601626
P10721,D601626
Q16718,D601626
Q16739,D601626
P43007,D601626
O43497,D601626
Q07343,D601626
P01130,D601626
P35348,D601626
P41180,D601626
P02787,D601626
P04626,D601626
P20701,D601626
P54687,D601626
P25101,D601626
Q15274,D601626
P02768,D601626
P04406,D601626
O43678,D601626
P03905,D601626
P00352,D601626
P14778,D601626
P18089,D601626
P13612,D601626
P42330,D601626
P30043,D601626
P06126,D601626
P48507,D601626
P49585,D601626
P18031,D601626
Q02643,D601626
Q13085,D601626
P15509,D601626
P41145,D601626
P15056,D601626
P30085,D601626
P08253,D601626
P14784,D601626
P47712,D601626
P01589,D601626
P17181,D601626
P10276,D601626
P53985,D601626
P00966,D601626
P51787,D601626
P20138,D601626
Q13131,D601626
Q16515,D601626
P16233,D601626
P10827,D601626
P05230,D601626
P54289,D601626
P17735,D601626
P14902,D601626
P01375,D601626
P12314,D601626
Q03405,D601626
P06729,D601626
Q99707,D601626
P09601,D601626
P11388,D601626
P15121,D601626
P21802,D601626
P19634,D601626
P14416,D601626
Q9H015,D601626
O94760,D601626
P00533,D601626
Q9P2J5,D601626
P11473,D601626
P33527,D601626
Q92731,D601626
Q99062,D601626
P04150,D601626
P28222,D601626
P09488,D601626
Q9Y2Q3,D601626
P09211,D601626
P30711,D601626
P22352,D601626
O94925,D601626
Q16478,D601626
P48058,D601626
P12931,D601626
P06241,D601626
P06239,D601626
P42081,D601626
P33681,D601626
P43681,D601626
P16234,D601626
P07333,D601626
P08069,D601626
Q16568,D601626
Q02750,D601626
Q14289,D601626
P05771,D601626
Q9UKV0,D601626
P16410,D601626
P19440,D601626
Q00535,D601626
P51692,D601626
P26358,D601626
P00749,D601626
O75015,D601626
P30044,D601626
P12724,D601626
P51681,D601626
P05451,D601626
P08581,D601626
P05231,D601626
P61073,D601626
P03956,D601626
P10997,D601626
P28482,D601626
P01574,D601626
P50225,D601626
P25116,D601626
P08174,D601626
P07858,D601626
P01579,D601626
P20333,D601626
P01133,D601626
P24158,D601626
P27986,D601626
O75469,D601626
P06730,D601626
P16220,D601626
P10145,D601626
O95831,D601626
P17936,D601626
P11387,D601626
P17405,D601626
P13501,D601626
P01137,D601626
P35222,D601626
P51580,D601626
O14965,D601626
Q00987,D601626
Q9Y6L6,D601626
P29965,D601626
P08311,D601626
P62937,D601626
P09038,D601626
Q13464,D601626
Q16539,D601626
P24385,D601626
P60568,D601626
P08183,D601626
P26951,D601626
P23946,D601626
P04629,D601626
P05412,D601626
P04275,D601626
P15502,D601626
P13500,D601626
P01584,D601626
P11166,D601626
Q13231,D601626
P27361,D601626
O60858,D601626
P49841,D601626
Q9UNQ0,D601626
Q92887,D601626
Q06124,D601626
P24941,D601626
P16581,D601626
P05164,D601626
P01112,D601626
P15144,D601626
P06493,D601626
P80188,D601626
P05362,D601626
P19838,D601626
P01374,D601626
P11413,D601626
P23297,D601626
P01138,D601626
P17302,D601626
P21589,D601626
P53779,D601626
P15309,D601626
P06881,D601626
P63000,D601626
Q16678,D601626
P16070,D601626
P19320,D601626
P08254,D601626
P02649,D601626
P07900,D601626
P14210,D601626
Q08345,D601626
P01100,D601626
P02776,D601626
P17252,D601626
P19438,D601626
P00450,D601626
P02774,D601626
P16455,D601626
P48745,D601626
P48061,D601626
P07204,D601626
P98170,D601626
P42574,D601626
O60603,D601626
O60760,D601626
P07355,D601626
Q9NR96,D601626
P31751,D601626
P63104,D601626
P04271,D601626
P13726,D601626
P30086,D601626
P02751,D601626
P15559,D601626
Q08257,D601626
O15439,D601626
P28161,D601626
P25942,D601626
P08842,D601626
P06744,D601626
P22455,D601626
Q99808,D601626
P80511,D601626
P04040,D601626
P05113,D601626
Q96C86,D601626
Q10588,D601626
O75874,D601626
P04183,D601626
P11309,D601626
Q06187,D601626
Q08499,D601626
P43403,D601626
P48736,D601626
P43405,D601626
P17931,D601626
Q04759,D601626
P08631,D601626
P50579,D601626
P55055,D601626
Q9BY41,D601626
P06132,D601626
Q9Y286,D601626
P23526,D601626
P49789,D601626
P30305,D601626
P09874,D601626
P53355,D601626
P55210,D601626
P14174,D601626
P37173,D601626
Q05315,D601626
P08238,D601626
P50613,D601626
Q96AZ6,D601626
P32119,D601626
Q16881,D601626
P35499,D601626
P08637,D601626
P12318,D601626
P31994,D601626
P31995,D601626
P27797,D601626
Q07954,D601626
P06400,D601626
Q16270,D601626
P11362,D601626
P22607,D601626
P07711,D601626
Q8N9I0,D601626
P09486,D601626
P48147,D601626
Q6ZQY3,D601626
Q8IUZ5,D601626
P42898,D601626
P06276,D601626
P19021,D601626
P50750,D601626
Q00534,D601626
P11802,D601626
P48544,D601626
Q9H6Z9,D601626
P49336,D601626
Q00975,D601626
Q7L266,D601626
P15104,D601626
P48664,D601626
P10620,D601626
Q9NY59,D601626
Q14032,D601626
Q9NSE4,D601626
Q13427,D601626
P36544,D601626
P10635,D601626
Q13547,D601626
Q92769,D601626
O15379,D601626
Q9UBN7,D601626
Q2M3G0,D601626
Q16665,D601626
P42336,D601626
Q92569,D601626
P78527,D601626
P42345,D601626
Q00653,D601626
Q9Y6K9,D601626
P08865,D601626
O00329,D601626
P42338,D601626
O60674,D601626
P07949,D601626
Q06609,D601626
P43490,D601626
P27695,D601626
P01911,D601626
Q05655,D601626
Q02880,D601626
P05177,D601626
P35225,D601626
O00206,D601626
P32320,D601626
P16422,D601626
O14746,D601626
P31350,D601626
P54760,D601626
P48060,D601626
P08729,D601626
Q96EB6,D601626
P07237,D601626
P10147,D601626
Q15185,D601626
P04141,D601626
P22301,D601626
P39905,D601626
P42768,D601626
Q8WTS6,D601626
P08684,D601626
P23141,D601626
P53778,D601626
P27707,D601626
P54278,D601626
P06703,D601626
P16152,D601626
P15531,D601626
Q16698,D601626
Q9Y468,D601626
P12429,D601626
P22392,D601626
P01270,D601626
P30291,D601626
P07384,D601626
P35625,D601626
Q86VB7,D601626
P48357,D601626
P21926,D601626
Q02763,D601626
P04637,D601626
O96017,D601626
O14757,D601626
P00403,D601626
P41597,D601626
P51671,D601626
P05067,D601626
Q13885,D601626
Q96GD4,D601626
P15328,D601626
O15392,D601626
Q9GZP0,D601626
Q9NPF7,D601626
P43235,D601626
P05019,D601626
Q92934,D601626
Q96AE4,D601626
P10644,D601626
P09429,D601626
P04792,D601626
O14763,D601626
Q15116,D601626
P40238,D601626
Q9NZQ7,D601626
Q99527,D601626
P02647,D601626
Q13421,D601626
Q14790,D601626
Q9Y6Q6,D601626
P40763,D601626
Q07011,D601626
P06734,D601626
P25963,D601626
P28908,D601626
P04439,D601626
P40933,D601626
P01308,D601626
P52333,D601626
P17813,D601626
P01127,D601626
P15391,D601626
P15941,D601626
Q07817,D601626
Q07820,D601626
Q00613,D601626
P05112,D601626
P56524,D601626
P05181,D601626
P33261,D601626
P22309,D601626
P04798,D601626
P20813,D601626
Q8IZS8,D601626
P23469,D601626
P05556,D601626
P06756,D601626
Q7LG56,D601626
Q9NR33,D601626
O15440,D601626
O95255,D601626
P09237,D601626
P50281,D601626
P51511,D601626
P35869,D601626
Q13526,D601626
Q15596,D601626
P53350,D601626
P61626,D601626
P78536,D601626
P13051,D601626
Q99933,D601626
P61769,D601626
Q13133,D601626
P36897,D601626
P45983,D601626
P63151,D601626
Q8IVS2,D601626
Q15078,D601626
O75460,D601626
Q14994,D601626
P47985,D601626
Q15118,D601626
Q9UKQ2,D601626
P28838,D601626
P30301,D601626
O14818,D601626
P28072,D601626
P09466,D601626
Q9HB40,D601626
P09668,D601626
P10176,D601626
Q13627,D601626
P41235,D601626
Q16566,D601626
P01116,D601626
P01889,D601626
O00141,D601626
P23458,D601626
Q96NX5,D601626
P08758,D601626
Q969V6,D601626
P06396,D601626
P15151,D601626
Q12866,D601626
Q15418,D601626
Q460N3,D601626
P05187,D601626
P07948,D601626
Q8IU85,D601626
Q15120,D601626
O00182,D601626
P55196,D601626
Q9NWZ3,D601626
Q15119,D601626
P26447,D601626
Q92793,D601626
Q15648,D601626
P15170,D601626
P04179,D601626
P01920,D601626
P08670,D601626
P22694,D601626
P22570,D601626
P11226,D601626
P04053,D601626
P35749,D601626
P09382,D601626
Q14643,D601626
P48735,D601626
P68104,D601626
P49913,D601626
Q9NTG7,D601626
P29323,D601626
P09104,D601626
Q9GZU7,D601626
P62258,D601626
Q92993,D601626
O60264,D601626
Q92830,D601626
Q01082,D601626
Q99873,D601626
Q96I15,D601626
P13611,D601626
P60953,D601626
Q9UL54,D601626
P41091,D601626
Q9Y646,D601626
Q99835,D601626
P02708,D601626
P00748,D601626
P01106,D601626
O75330,D601626
Q92953,D601626
P01583,D601626
P18510,D601626
P28065,D601626
P42685,D601626
P11274,D601626
Q14145,D601626
P57059,D601626
Q15303,D601626
P13762,D601626
Q9HAB3,D601626
P02786,D601626
Q9UP52,D601626
Q13315,D601626
P51812,D601626
Q15125,D601626
O95644,D601626
Q15878,D601626
P04839,D601626
P14598,D601626
P15153,D601626
Q99712,D601626
Q92952,D601626
P54646,D601626
O95263,D601626
P18846,D601626
P15336,D601626
P18848,D601626
Q9Y2D1,D601626
Q8WYK2,D601626
P10599,D601626
P60709,D601626
O95718,D601626
O95259,D601626
P28907,D601626
P17676,D601626
P60484,D601626
P09769,D601626
Q04206,D601626
P25105,D601626
Q9NYL2,D601626
P25713,D601626
Q9C0B1,D601626
P29590,D601626
O14618,D601626
O95750,D601626
P04279,D601626
Q16552,D601626
Q969S8,D601626
P04732,D601626
Q99828,D601626
P30626,D601626
P13693,D601626
P0DP24,D601626
P0DP25,D601626
P05109,D601626
P31943,D601626
P63244,D601626
P09525,D601626
P30101,D601626
P31260,D601626
P08648,D601626
P06702,D601626
O15350,D601626
Q92570,D601626
P12644,D601626
Q15155,D601626
Q16602,D601626
Q9UJU2,D601626
P38936,D601626
Q14457,D601626
Q9Y230,D601626
Q9NR28,D601626
P61978,D601626
P34932,D601626
Q9Y266,D601626
P60903,D601626
O43399,D601626
P06753,D601626
P12004,D601626
P02748,D601626
P00739,D601626
P02750,D601626
Q9P2N6,D601626
Q92945,D601626
P21333,D601626
P06748,D601626
P39019,D601626
P62753,D601626
Q07955,D601626
Q9Y5S1,D601626
P35579,D601626
P36894,D601626
P31391,D601626
Q9HC29,D601626
Q13873,D601626
Q92911,D601626
O75533,D601626
Q13188,D601626
Q9UHD2,D601626
P35590,D601626
Q06418,D601626
O75385,D601626
Q56UN5,D601626
P30530,D601626
P51813,D601626
Q14012,D601626
Q00532,D601626
P48729,D601626
Q9UIK4,D601626
O15075,D601626
P19525,D601626
P21709,D601626
P29320,D601626
P54764,D601626
Q9UF33,D601626
P16591,D601626
P07332,D601626
P49840,D601626
Q9H2X6,D601626
Q9UPZ9,D601626
Q14164,D601626
P51617,D601626
Q9Y2K2,D601626
Q02779,D601626
Q92918,D601626
Q13164,D601626
Q9P0L2,D601626
Q7KZI7,D601626
P42679,D601626
Q14680,D601626
Q9BUB5,D601626
Q9HBH9,D601626
Q16288,D601626
Q13153,D601626
O75914,D601626
O96013,D601626
Q86V86,D601626
P78356,D601626
Q8TBX8,D601626
Q9NYY3,D601626
Q13546,D601626
P08922,D601626
Q52WX2,D601626
Q96BR1,D601626
Q9H0K1,D601626
Q15910,D601626
Q99814,D601626
O14980,D601626
Q86U10,D601626
Q8IXJ6,D601626
Q93086,D601626
Q15391,D601626
Q9UQ05,D601626
Q96L42,D601626
Q14722,D601626
Q92800,D601626
P53396,D601626
Q9Y6K1,D601626
Q99500,D601626
P06307,D601626
Q9Y6T7,D601626
Q13574,D601626
P29350,D601626
P20702,D601626
Q9H2H9,D601626
P55211,D601626
O75185,D601626
Q9UBC3,D601626
O15123,D601626
Q9UI32,D601665
P00488,D601665
P35228,D601665
Q13423,D601665
P30542,D601665
P23219,D601665
P21728,D601665
P02452,D601665
O95363,D601665
P17948,D601665
P06213,D601665
P12259,D601665
O00764,D601665
P24530,D601665
P00734,D601665
P14780,D601665
P21554,D601665
P30556,D601665
P11836,D601665
P29475,D601665
Q07869,D601665
P51843,D601665
P10912,D601665
Q8IWU9,D601665
P02792,D601665
P14618,D601665
Q15800,D601665
P17707,D601665
P35610,D601665
P13688,D601665
P51606,D601665
Q9H244,D601665
P21673,D601665
P07741,D601665
O95477,D601665
P17752,D601665
P03372,D601665
P80365,D601665
P10275,D601665
P05091,D601665
P21918,D601665
P36888,D601665
P15692,D601665
P20132,D601665
P37288,D601665
Q9UJ68,D601665
P08588,D601665
Q9Y5Y9,D601665
P23786,D601665
O76074,D601665
P45381,D601665
Q8WTV0,D601665
P14061,D601665
P30968,D601665
Q09428,D601665
P21695,D601665
P08185,D601665
P00747,D601665
P16442,D601665
P37231,D601665
P00742,D601665
P12821,D601665
Q02252,D601665
P55157,D601665
P06858,D601665
P05121,D601665
P29275,D601665
P10415,D601665
P09917,D601665
Q9Y478,D601665
O76054,D601665
P40939,D601665
P49902,D601665
P35354,D601665
P29474,D601665
P08473,D601665
P00797,D601665
P05089,D601665
P08913,D601665
Q13258,D601665
P00480,D601665
P16050,D601665
P46098,D601665
P02753,D601665
P10828,D601665
P35520,D601665
P49286,D601665
P28845,D601665
P02766,D601665
P25098,D601665
P05093,D601665
Q9NR19,D601665
P0DMS8,D601665
Q96I99,D601665
O95479,D601665
P00740,D601665
Q05586,D601665
P48029,D601665
O95139,D601665
Q16836,D601665
P04070,D601665
P47869,D601665
P00505,D601665
P23945,D601665
P21917,D601665
P60880,D601665
P41595,D601665
P08246,D601665
P00325,D601665
P32238,D601665
P50416,D601665
O75311,D601665
P55017,D601665
P41143,D601665
P04083,D601665
Q9UN76,D601665
P22303,D601665
P31749,D601665
P30988,D601665
Q14432,D601665
O60669,D601665
O15528,D601665
P29466,D601665
P28223,D601665
P22413,D601665
P30049,D601665
P23975,D601665
Q07343,D601665
P16473,D601665
P41252,D601665
P01130,D601665
P35348,D601665
P03886,D601665
P41180,D601665
P02787,D601665
P04626,D601665
P54687,D601665
P25101,D601665
P47871,D601665
P02768,D601665
P28335,D601665
P18405,D601665
P04406,D601665
O14561,D601665
Q12791,D601665
P00352,D601665
P16066,D601665
P06401,D601665
P08172,D601665
P14778,D601665
P18089,D601665
P42330,D601665
Q05329,D601665
Q9Y617,D601665
P48163,D601665
Q9UKU7,D601665
O95865,D601665
P07101,D601665
P11586,D601665
P23378,D601665
P51164,D601665
P52895,D601665
P18031,D601665
Q13085,D601665
Q8TDS4,D601665
P33121,D601665
P08253,D601665
Q01959,D601665
P00390,D601665
P14784,D601665
P19429,D601665
P47712,D601665
P28221,D601665
P24298,D601665
P08235,D601665
P53985,D601665
P51787,D601665
P20138,D601665
Q13131,D601665
P16233,D601665
P04278,D601665
P10827,D601665
O14842,D601665
P05230,D601665
P17735,D601665
P14902,D601665
P07550,D601665
P11498,D601665
O00763,D601665
P01375,D601665
Q14654,D601665
P12314,D601665
P15260,D601665
Q9BQB6,D601665
O15382,D601665
P02818,D601665
Q99707,D601665
P09601,D601665
P30536,D601665
Q15822,D601665
P53004,D601665
P15121,D601665
P31645,D601665
P14416,D601665
P78540,D601665
P21731,D601665
Q9UBK8,D601665
Q16445,D601665
P00533,D601665
P35372,D601665
P47901,D601665
P14324,D601665
P22033,D601665
P11473,D601665
P40261,D601665
Q92731,D601665
P04150,D601665
P28222,D601665
Q9UHC9,D601665
P09488,D601665
Q9Y2Q3,D601665
O15217,D601665
P09211,D601665
P78417,D601665
P07203,D601665
P30711,D601665
P22352,D601665
P49019,D601665
O43451,D601665
P12931,D601665
P06241,D601665
P30559,D601665
Q93088,D601665
Q01718,D601665
P43681,D601665
P07333,D601665
P27487,D601665
O60664,D601665
P43220,D601665
P08069,D601665
O60895,D601665
O60896,D601665
Q16568,D601665
Q7Z4W1,D601665
Q14289,D601665
P05771,D601665
P02741,D601665
P37840,D601665
Q06520,D601665
P16410,D601665
O60427,D601665
P19440,D601665
Q00535,D601665
P51692,D601665
P26358,D601665
P00749,D601665
P49747,D601665
O75015,D601665
P20810,D601665
P35558,D601665
P30044,D601665
P01023,D601665
P51681,D601665
P05451,D601665
P05231,D601665
P61073,D601665
P03956,D601665
P10997,D601665
P02652,D601665
P28482,D601665
P29274,D601665
P02763,D601665
P01574,D601665
P50225,D601665
P25116,D601665
P27169,D601665
O75891,D601665
P02778,D601665
P00156,D601665
P07858,D601665
P98164,D601665
P07225,D601665
P01579,D601665
P50406,D601665
P01189,D601665
P20333,D601665
P49888,D601665
P01009,D601665
P01133,D601665
P27986,D601665
O75469,D601665
P06730,D601665
P16220,D601665
P49327,D601665
Q12882,D601665
P10145,D601665
Q04760,D601665
Q9Y5N1,D601665
P05120,D601665
P17936,D601665
P17405,D601665
P13501,D601665
P35568,D601665
P16860,D601665
Q9BYF1,D601665
P01137,D601665
P35222,D601665
P32418,D601665
P56817,D601665
Q9Y275,D601665
Q16853,D601665
Q00987,D601665
Q03181,D601665
P99999,D601665
P13945,D601665
P62937,D601665
P09038,D601665
Q13464,D601665
P01042,D601665
P46059,D601665
Q16539,D601665
P03951,D601665
Q8NER1,D601665
P06850,D601665
P24385,D601665
P60568,D601665
P98160,D601665
P08183,D601665
P23946,D601665
P04275,D601665
Q96RJ0,D601665
P11168,D601665
P15502,D601665
P13500,D601665
P01584,D601665
P30793,D601665
P35557,D601665
P11166,D601665
Q13231,D601665
P01019,D601665
P27361,D601665
O60858,D601665
P49841,D601665
Q4U2R8,D601665
Q9UNQ0,D601665
Q06124,D601665
P16581,D601665
P05164,D601665
O60733,D601665
P15144,D601665
P06493,D601665
P80188,D601665
P05362,D601665
P19838,D601665
P01374,D601665
P00750,D601665
P11413,D601665
Q9UM07,D601665
P01138,D601665
P17302,D601665
P53779,D601665
P11021,D601665
P15309,D601665
P06881,D601665
P04156,D601665
P35247,D601665
P19367,D601665
P63000,D601665
Q16678,D601665
P16070,D601665
P19320,D601665
P08254,D601665
P02649,D601665
P07900,D601665
P14210,D601665
P16870,D601665
P01100,D601665
P17252,D601665
P36969,D601665
P19438,D601665
P00450,D601665
P02774,D601665
P48745,D601665
P48061,D601665
P07204,D601665
O14920,D601665
P32239,D601665
P16109,D601665
P42574,D601665
O60603,D601665
O60760,D601665
P45844,D601665
P07355,D601665
P31751,D601665
P00167,D601665
P63104,D601665
P14410,D601665
P04271,D601665
P13726,D601665
P02751,D601665
P14735,D601665
P15559,D601665
Q7Z2W7,D601665
P61586,D601665
P13569,D601665
P25942,D601665
P08842,D601665
P39900,D601665
P80511,D601665
P04040,D601665
P05113,D601665
Q13370,D601665
P31939,D601665
P11309,D601665
Q9NP99,D601665
P10153,D601665
P48736,D601665
Q9BWD1,D601665
P17931,D601665
P41240,D601665
P30405,D601665
Q14376,D601665
P50579,D601665
P55055,D601665
P06132,D601665
P14555,D601665
P25774,D601665
P04745,D601665
P00751,D601665
P09874,D601665
P11310,D601665
Q96RI1,D601665
P00746,D601665
P14174,D601665
P37173,D601665
P62508,D601665
P21964,D601665
P11511,D601665
P02675,D601665
P02679,D601665
P08637,D601665
P31994,D601665
P27797,D601665
Q07954,D601665
P05154,D601665
P34741,D601665
P29120,D601665
Q16270,D601665
P11362,D601665
P22607,D601665
P07711,D601665
P09486,D601665
P48147,D601665
P42898,D601665
P06276,D601665
Q13393,D601665
O00469,D601665
O00519,D601665
P27338,D601665
P21397,D601665
P19021,D601665
P47989,D601665
Q00534,D601665
P00813,D601665
P11802,D601665
Q9GZT9,D601665
P48544,D601665
P49336,D601665
P27708,D601665
Q7L266,D601665
P15104,D601665
O95864,D601665
Q07973,D601665
P55809,D601665
Q9BXA5,D601665
Q07075,D601665
P35754,D601665
Q9H4Y5,D601665
P49619,D601665
Q14032,D601665
O75911,D601665
Q8N0U8,D601665
P23284,D601665
Q13427,D601665
P10635,D601665
Q92769,D601665
O15379,D601665
Q9UBN7,D601665
Q16665,D601665
P42336,D601665
P20292,D601665
P78527,D601665
P42345,D601665
P00441,D601665
P41231,D601665
O00329,D601665
P42338,D601665
O60674,D601665
Q13093,D601665
P43490,D601665
P01911,D601665
Q05655,D601665
P50391,D601665
P49146,D601665
P05177,D601665
P35225,D601665
O00206,D601665
P37268,D601665
Q01726,D601665
P25929,D601665
Q15761,D601665
P08729,D601665
Q96EB6,D601665
P51686,D601665
P07237,D601665
P10147,D601665
P04141,D601665
P22301,D601665
Q9NWT6,D601665
P42768,D601665
P08684,D601665
P04746,D601665
Q92831,D601665
P23141,D601665
P11712,D601665
P25311,D601665
P08887,D601665
P80075,D601665
P06703,D601665
P16152,D601665
Q16698,D601665
P49763,D601665
Q96FI4,D601665
P15289,D601665
P18509,D601665
P58335,D601665
P01270,D601665
P11509,D601665
P07384,D601665
Q13285,D601665
Q9NXA8,D601665
P35625,D601665
Q86VB7,D601665
P48357,D601665
Q8TDV5,D601665
Q02763,D601665
P04637,D601665
O14757,D601665
Q92847,D601665
P05305,D601665
P00403,D601665
P41597,D601665
Q9NNW7,D601665
P51671,D601665
P05067,D601665
P23560,D601665
Q5NUL3,D601665
Q96GD4,D601665
Q96IY4,D601665
Q96BI3,D601665
Q9NZ42,D601665
Q9NPF7,D601665
P43235,D601665
P05019,D601665
P55786,D601665
Q92934,D601665
P10644,D601665
P09429,D601665
P04792,D601665
O14793,D601665
Q15116,D601665
Q9NZQ7,D601665
Q99527,D601665
P02647,D601665
P01024,D601665
Q14790,D601665
P40763,D601665
Q07011,D601665
Q969F8,D601665
P20807,D601665
P10636,D601665
P01303,D601665
P16615,D601665
Q99705,D601665
P40933,D601665
P01308,D601665
P52333,D601665
P15941,D601665
P25092,D601665
P15169,D601665
P22792,D601665
Q07820,D601665
P30411,D601665
Q00613,D601665
Q96QU6,D601665
P11597,D601665
O14788,D601665
Q9NR97,D601665
P05112,D601665
P56524,D601665
P30874,D601665
P05181,D601665
P05108,D601665
O60656,D601665
P22309,D601665
P04798,D601665
P05186,D601665
P20813,D601665
Q9HCR9,D601665
Q13332,D601665
P23469,D601665
Q9Y2I1,D601665
O14649,D601665
Q9NPC2,D601665
P30926,D601665
P32297,D601665
P30532,D601665
P12104,D601665
P00709,D601665
Q16620,D601665
Q9NRF9,D601665
P07451,D601665
P35218,D601665
O15440,D601665
O95255,D601665
Q8TCC7,D601665
P50281,D601665
P51511,D601665
Q99542,D601665
Q96RD7,D601665
P35869,D601665
P11474,D601665
Q15788,D601665
Q9UNA0,D601665
P63092,D601665
O95622,D601665
Q13526,D601665
Q15596,D601665
P48552,D601665
P53350,D601665
Q13362,D601665
P78536,D601665
P31151,D601665
Q9NZK7,D601665
P23467,D601665
P45984,D601665
Q13133,D601665
P24666,D601665
O43293,D601665
P45983,D601665
Q9UGN5,D601665
P63151,D601665
Q8IVS2,D601665
P62913,D601665
O75460,D601665
P25705,D601665
P06576,D601665
Q14994,D601665
P22695,D601665
Q15118,D601665
Q9UKQ2,D601665
Q16134,D601665
P30301,D601665
P28072,D601665
P09466,D601665
P13073,D601665
P15954,D601665
P10176,D601665
P04054,D601665
P41235,D601665
P98155,D601665
Q9Y6Y9,D601665
Q01581,D601665
P01116,D601665
Q9UQM7,D601665
P01889,D601665
P16112,D601665
O00141,D601665
P04632,D601665
P29597,D601665
P49862,D601665
Q14494,D601665
P06731,D601665
Q16654,D601665
P12883,D601665
P09848,D601665
Q15119,D601665
P26447,D601665
P14550,D601665
Q92793,D601665
O43612,D601665
Q15796,D601665
P04179,D601665
Q16762,D601665
P19961,D601665
O75390,D601665
Q03403,D601665
P08670,D601665
P20472,D601665
P07108,D601665
P22570,D601665
Q8IWL2,D601665
P11226,D601665
P09382,D601665
P15813,D601665
P31323,D601665
P30084,D601665
P10600,D601665
P20823,D601665
P51003,D601665
P26572,D601665
P19883,D601665
P49411,D601665
P49913,D601665
P50607,D601665
Q9NTG7,D601665
P29323,D601665
P09104,D601665
P62166,D601665
Q8NFW8,D601665
P05062,D601665
Q92993,D601665
P55789,D601665
Q01082,D601665
P61587,D601665
Q96I15,D601665
P60953,D601665
P41091,D601665
Q99835,D601665
P31327,D601665
P01106,D601665
P01583,D601665
P18510,D601665
P31639,D601665
Q14145,D601665
Q15303,D601665
P48065,D601665
P02795,D601665
Q96S37,D601665
P79483,D601665
P02786,D601665
P08686,D601665
Q13315,D601665
Q15125,D601665
Q05513,D601665
P04839,D601665
P13498,D601665
P14598,D601665
P19878,D601665
P54646,D601665
Q9UGJ0,D601665
Q14571,D601665
Q14573,D601665
P18847,D601665
P18848,D601665
P18850,D601665
Q07021,D601665
P60709,D601665
O95718,D601665
Q9HBK9,D601665
P05090,D601665
Q92736,D601665
P28907,D601665
P17676,D601665
P60484,D601665
P49908,D601665
P36956,D601665
Q9HC97,D601665
Q8TDU6,D601665
Q9C0B1,D601665
Q9Y2T6,D601665
Q9Y5S8,D601665
O95750,D601665
O60502,D601665
P46939,D601665
Q0VD83,D601665
Q16552,D601665
Q8NBP7,D601665
Q96DB2,D601665
P07438,D601665
P80303,D601665
P28676,D601665
Q96FQ6,D601665
Q96PD7,D601665
P02656,D601665
P05109,D601665
P10809,D601665
P31943,D601665
P23246,D601665
P56537,D601665
P07288,D601665
F7VJQ1,D601665
P06702,D601665
O15350,D601665
Q15238,D601665
Q92570,D601665
P12644,D601665
P53805,D601665
Q16602,D601665
P38936,D601665
P00846,D601665
Q14457,D601665
P54652,D601665
P34932,D601665
Q9NR63,D601665
P12004,D601665
Q9UHF0,D601665
P02765,D601665
P08603,D601665
P10909,D601665
P00739,D601665
P35858,D601665
P02750,D601665
P51884,D601665
P29622,D601665
P36955,D601665
O14791,D601665
P08779,D601665
Q06481,D601665
Q6FHJ7,D601665
P21333,D601665
P27635,D601665
P39019,D601665
P37802,D601665
Q07955,D601665
P47775,D601665
Q02083,D601665
Q9HBA0,D601665
P36894,D601665
P31391,D601665
Q9HC29,D601665
Q13873,D601665
P22897,D601665
Q92911,D601665
P20393,D601665
Q9NYP7,D601665
Q9BYT3,D601665
Q9UEW8,D601665
Q9H2K8,D601665
Q9UHD2,D601665
P35590,D601665
Q59H18,D601665
Q06418,D601665
O75385,D601665
Q8NFD2,D601665
P51451,D601665
Q9NSY1,D601665
Q96RR4,D601665
P49760,D601665
Q9UIK4,D601665
P19525,D601665
Q9P2K8,D601665
P07332,D601665
P49840,D601665
Q14164,D601665
P14616,D601665
Q9Y616,D601665
Q9Y2K2,D601665
P46734,D601665
Q13163,D601665
P52564,D601665
Q99759,D601665
O95819,D601665
Q9Y4K4,D601665
Q13164,D601665
Q8IW41,D601665
Q9P0L2,D601665
P27448,D601665
Q96L34,D601665
Q14680,D601665
Q04912,D601665
O15146,D601665
O75914,D601665
Q15139,D601665
P08922,D601665
Q9H0K1,D601665
Q15910,D601665
Q9BQB4,D601665
Q99814,D601665
P32245,D601665
P41968,D601665
P33032,D601665
Q86U10,D601665
P48764,D601665
Q8IXJ6,D601665
P35232,D601665
P11532,D601665
Q86YN6,D601665
Q99677,D601665
Q99572,D601665
Q9Y6J6,D601665
P53396,D601665
P41222,D601665
P04114,D601665
P00738,D601665
P41238,D601665
O15393,D601665
P06307,D601665
P52429,D601665
P29350,D601665
P20702,D601665
Q9H2H9,D601665
Q96QD8,D601665
P16278,D601665
Q02223,D601665
Q9NRA0,D601665
O15123,D601665
O95363,D601682
P14780,D601682
P03372,D601682
P08588,D601682
P10826,D601682
P16442,D601682
P12821,D601682
P05121,D601682
P35354,D601682
P23975,D601682
P43088,D601682
P08253,D601682
P04278,D601682
P07550,D601682
P01375,D601682
P15121,D601682
Q92731,D601682
P09488,D601682
P30711,D601682
P03956,D601682
P27169,D601682
P10145,D601682
P15502,D601682
P01019,D601682
P17302,D601682
Q16678,D601682
P02649,D601682
P07900,D601682
P42898,D601682
Q16760,D601682
P43115,D601682
O00206,D601682
P04141,D601682
O60547,D601682
P04637,D601682
O96017,D601682
Q9NNW7,D601682
P23560,D601682
P22570,D601682
Q9UGJ0,D601682
Q9NP56,D601682
P28907,D601682
Q9ULU8,D601682
Q99829,D601682
P38936,D601682
P39019,D601682
Q9UHD2,D601682
P35228,D602068
P35610,D602068
P07741,D602068
Q15758,D602068
P10415,D602068
Q9Y478,D602068
Q96GD0,D602068
P05089,D602068
P00374,D602068
Q9NR19,D602068
O95479,D602068
P60880,D602068
P04083,D602068
P31749,D602068
O94788,D602068
P20701,D602068
P04406,D602068
P00352,D602068
P13612,D602068
P06126,D602068
P18031,D602068
Q13131,D602068
P01375,D602068
P09601,D602068
P00533,D602068
P11473,D602068
P42081,D602068
P27487,D602068
Q16850,D602068
P02741,D602068
P29972,D602068
P16410,D602068
P30044,D602068
P51681,D602068
P05231,D602068
P28482,D602068
P01574,D602068
P25116,D602068
P02778,D602068
P00156,D602068
P07858,D602068
P01579,D602068
O75469,D602068
P01137,D602068
Q9Y275,D602068
P29965,D602068
P22830,D602068
P13500,D602068
P01584,D602068
P35557,D602068
P27361,D602068
P01374,D602068
P11413,D602068
P16070,D602068
O60603,D602068
P25942,D602068
P48736,D602068
P32119,D602068
P12318,D602068
P07711,D602068
P00813,D602068
O00341,D602068
Q16665,D602068
P42336,D602068
P42345,D602068
P08865,D602068
O00329,D602068
P42338,D602068
O60674,D602068
P27695,D602068
P35225,D602068
O00206,D602068
P22301,D602068
P80075,D602068
P15086,D602068
P07384,D602068
Q86VB7,D602068
P41597,D602068
P05019,D602068
P40238,D602068
Q9NZQ7,D602068
Q07820,D602068
P05112,D602068
P35869,D602068
P13051,D602068
Q15078,D602068
P09466,D602068
P13639,D602068
P11226,D602068
P01583,D602068
Q9HAB3,D602068
Q13315,D602068
P54646,D602068
Q9Y5S8,D602068
Q16552,D602068
P29372,D602068
P10809,D602068
Q15238,D602068
Q8TCT9,D602068
P34932,D602068
P62753,D602068
P22897,D602068
Q9C098,D602068
P19525,D602068
Q02779,D602068
P31152,D602068
P35232,D602068
P29350,D602068
P23634,D602068
P03372,D602080
P08700,D602080
P10275,D602080
P10415,D602080
P35348,D602080
P41180,D602080
P04626,D602080
P25101,D602080
P14778,D602080
P18089,D602080
P01375,D602080
P02818,D602080
P11473,D602080
Q9Y2Q3,D602080
Q99519,D602080
P05231,D602080
P10997,D602080
P28482,D602080
P07858,D602080
P01133,D602080
P10145,D602080
P35222,D602080
P09038,D602080
P01584,D602080
P17302,D602080
P06881,D602080
P01100,D602080
O15530,D602080
P68363,D602080
Q71U36,D602080
P55055,D602080
P68133,D602080
P05787,D602080
P42345,D602080
Q00653,D602080
P00441,D602080
P27695,D602080
P08729,D602080
P04141,D602080
P01270,D602080
Q16769,D602080
P04637,D602080
P05067,D602080
Q9Y6Q6,D602080
P15941,D602080
O14788,D602080
P06731,D602080
P29323,D602080
P55072,D602080
P01583,D602080
Q14145,D602080
P17544,D602080
P17676,D602080
P29590,D602080
P22626,D602080
P35858,D602080
P31391,D602080
Q9BQB4,D602080
P11532,D602080
P30556,D602522
P80365,D602522
P35354,D602522
P00797,D602522
P55011,D602522
P55017,D602522
P35348,D602522
Q13621,D602522
P41180,D602522
P25101,D602522
P18089,D602522
P48048,D602522
P04278,D602522
P15538,D602522
P01019,D602522
Q05315,D602522
P51800,D602522
P01270,D602522
P78508,D602522
P31391,D602522
P29320,D602522
P35228,D603165
P12319,D603165
P35916,D603165
P30273,D603165
P14780,D603165
P29475,D603165
Q07869,D603165
P35610,D603165
P03372,D603165
P49419,D603165
Q9H3N8,D603165
O43175,D603165
P15692,D603165
P00747,D603165
P16442,D603165
P37231,D603165
P20061,D603165
P10415,D603165
P14679,D603165
O76054,D603165
P35354,D603165
P08473,D603165
P08908,D603165
Q13258,D603165
P16050,D603165
P00918,D603165
P28845,D603165
P00395,D603165
P25103,D603165
Q9GZT4,D603165
Q16719,D603165
P04083,D603165
P31749,D603165
O15528,D603165
P29466,D603165
P28223,D603165
Q07343,D603165
P04626,D603165
P02768,D603165
P00352,D603165
P14778,D603165
P42330,D603165
P06126,D603165
P14784,D603165
P01589,D603165
P24298,D603165
P14902,D603165
P07550,D603165
P01375,D603165
Q9Y271,D603165
Q13946,D603165
P15260,D603165
Q03405,D603165
P09601,D603165
P31645,D603165
P21731,D603165
P00533,D603165
P35372,D603165
P11473,D603165
P04150,D603165
P09488,D603165
Q9Y2Q3,D603165
P09211,D603165
P30711,D603165
O94925,D603165
P42081,D603165
P43681,D603165
P27487,D603165
P02741,D603165
P16410,D603165
P51692,D603165
P26358,D603165
P00749,D603165
P12724,D603165
P51681,D603165
P05231,D603165
P61073,D603165
P28482,D603165
P02763,D603165
P08174,D603165
P02778,D603165
P01579,D603165
P02775,D603165
P01189,D603165
Q6W5P4,D603165
P20333,D603165
P01009,D603165
P01133,D603165
P27986,D603165
O75469,D603165
P10145,D603165
P17405,D603165
P13501,D603165
P29460,D603165
P01137,D603165
P02788,D603165
P62937,D603165
Q16539,D603165
Q8NER1,D603165
P06850,D603165
P60568,D603165
P08183,D603165
P23946,D603165
P04629,D603165
P05412,D603165
P11168,D603165
P13500,D603165
P01584,D603165
Q9UNQ0,D603165
P16581,D603165
P05164,D603165
P80188,D603165
P05362,D603165
P19838,D603165
P01374,D603165
P23297,D603165
P06870,D603165
P01138,D603165
P06881,D603165
P19320,D603165
O75762,D603165
P01100,D603165
P02776,D603165
P27815,D603165
P19438,D603165
P16455,D603165
P16109,D603165
P42574,D603165
O60603,D603165
O60760,D603165
Q9NR96,D603165
P63104,D603165
P04271,D603165
P02751,D603165
P15559,D603165
Q7Z2W7,D603165
P25942,D603165
P05113,D603165
Q08188,D603165
Q08499,D603165
Q9NP99,D603165
P10153,D603165
P43403,D603165
P43405,D603165
Q08881,D603165
P68371,D603165
P35030,D603165
Q92876,D603165
Q9Y286,D603165
P14174,D603165
O60911,D603165
Q96AZ6,D603165
P07711,D603165
Q01362,D603165
P42898,D603165
P27338,D603165
P00813,D603165
P30520,D603165
O95864,D603165
Q07973,D603165
P10635,D603165
Q16665,D603165
P42345,D603165
P08865,D603165
O60674,D603165
P01911,D603165
P24394,D603165
Q14627,D603165
P50135,D603165
P35225,D603165
O00206,D603165
Q96EB6,D603165
P10147,D603165
P04141,D603165
P22301,D603165
P31949,D603165
P25311,D603165
P08887,D603165
P80075,D603165
P01270,D603165
Q16769,D603165
Q86VB7,D603165
P04637,D603165
P05305,D603165
P00403,D603165
P41597,D603165
P51671,D603165
P23560,D603165
Q9NZ42,D603165
Q9NPF7,D603165
Q8NET8,D603165
P09429,D603165
P01563,D603165
P01024,D603165
Q14790,D603165
P40763,D603165
P06734,D603165
P25963,D603165
P01303,D603165
P40933,D603165
Q15722,D603165
P52333,D603165
Q12884,D603165
P05112,D603165
O60656,D603165
P04798,D603165
P52209,D603165
Q9Y5Y4,D603165
P35869,D603165
P78536,D603165
P31151,D603165
Q9NZK7,D603165
P45983,D603165
P60174,D603165
P09466,D603165
P09668,D603165
P04054,D603165
P01889,D603165
P23458,D603165
P29597,D603165
P49862,D603165
P11684,D603165
Q15796,D603165
P29508,D603165
P01920,D603165
P11226,D603165
P09382,D603165
P15813,D603165
P49913,D603165
P35398,D603165
P29323,D603165
Q6UWN8,D603165
P62258,D603165
Q13838,D603165
P01583,D603165
P18510,D603165
Q9UGJ0,D603165
O95718,D603165
Q04206,D603165
P06733,D603165
O60502,D603165
Q16552,D603165
P34998,D603165
P13693,D603165
P05109,D603165
P06702,D603165
Q9UEW3,D603165
P38936,D603165
P34932,D603165
P04264,D603165
P13645,D603165
P81605,D603165
Q86YZ3,D603165
P01591,D603165
P02533,D603165
P08779,D603165
Q92945,D603165
P46940,D603165
P06748,D603165
Q16518,D603165
Q02083,D603165
Q9HC29,D603165
P22897,D603165
P51813,D603165
Q9Y616,D603165
O15146,D603165
P08922,D603165
Q92482,D603165
Q99814,D603165
P51679,D603165
P41222,D603165
P29350,D603165
P16278,D603165
O15123,D603165
P00915,D604278
Q9Y666,D604278
P00918,D604278
P55017,D604278
P04626,D604278
Q12791,D604278
P08235,D604278
P15538,D604278
P07858,D604278
Q13285,D604278
P29320,D604278
Q9Y487,D604278
Q9HBG4,D604278
P15313,D604278
P14060,D604416
P10275,D604416
P37231,D604416
P12821,D604416
P06858,D604416
P05121,D604416
P35354,D604416
P37058,D604416
P05093,D604416
Q9Y617,D604416
P08253,D604416
P24298,D604416
P01375,D604416
P11473,D604416
Q9UKV0,D604416
P26358,D604416
P51681,D604416
P05231,D604416
P50225,D604416
P07225,D604416
P20333,D604416
P01009,D604416
O75469,D604416
P10145,D604416
P05120,D604416
P13501,D604416
Q03181,D604416
P47929,D604416
P06850,D604416
P08183,D604416
P01584,D604416
P80188,D604416
P06881,D604416
O60603,D604416
Q9NR96,D604416
Q9BY41,D604416
P06132,D604416
P22749,D604416
P11511,D604416
Q16270,D604416
P00441,D604416
O00206,D604416
P22301,D604416
P23560,D604416
Q96BI3,D604416
P05019,D604416
P55786,D604416
P61626,D604416
P45983,D604416
P30301,D604416
P09466,D604416
P49913,D604416
P01583,D604416
P18510,D604416
P36956,D604416
Q16552,D604416
P02656,D604416
P23246,D604416
P07288,D604416
P32004,D604416
P81605,D604416
Q9HC29,D604416
P01350,D604416
P20702,D604416
P48728,D604827
P30542,D604827
P23219,D604827
P02452,D604827
O95363,D604827
Q9UPY5,D604827
P06213,D604827
P20309,D604827
Q9H2X9,D604827
P00734,D604827
P48167,D604827
P14780,D604827
P21554,D604827
P30556,D604827
Q07869,D604827
Q12809,D604827
P11229,D604827
Q9Y289,D604827
P34972,D604827
Q9H244,D604827
P07741,D604827
Q05940,D604827
O95477,D604827
P03372,D604827
P10275,D604827
P49419,D604827
Q8WY07,D604827
P09172,D604827
Q9UHW9,D604827
P35498,D604827
P23368,D604827
P51649,D604827
Q9NYK1,D604827
O43175,D604827
P15692,D604827
P00367,D604827
Q9NVS9,D604827
P07814,D604827
Q14524,D604827
O95069,D604827
P37231,D604827
Q9UBS5,D604827
P12821,D604827
P26640,D604827
Q02252,D604827
P06858,D604827
P10415,D604827
P30531,D604827
P80404,D604827
P35354,D604827
P29474,D604827
P00797,D604827
Q96GD0,D604827
P55011,D604827
P08913,D604827
P08908,D604827
P16050,D604827
P34896,D604827
P00395,D604827
P39086,D604827
P03923,D604827
O00555,D604827
P00740,D604827
Q05586,D604827
P48029,D604827
Q99259,D604827
P47869,D604827
P25103,D604827
P21917,D604827
P60880,D604827
O15399,D604827
P11926,D604827
P50416,D604827
O75311,D604827
Q13224,D604827
P55017,D604827
P41143,D604827
P04083,D604827
P22303,D604827
P31749,D604827
Q13936,D604827
P23415,D604827
O60669,D604827
P28223,D604827
P30872,D604827
Q14957,D604827
O60706,D604827
P31644,D604827
P48169,D604827
O43497,D604827
P16473,D604827
P51172,D604827
Q13621,D604827
P07202,D604827
P34903,D604827
Q9P0J0,D604827
P02768,D604827
O60391,D604827
P04406,D604827
Q12791,D604827
P08172,D604827
Q9NWM0,D604827
P08559,D604827
P18089,D604827
P42330,D604827
Q05329,D604827
P07101,D604827
P11586,D604827
P41145,D604827
P15056,D604827
P42261,D604827
P08253,D604827
Q01959,D604827
P14784,D604827
P47712,D604827
P53985,D604827
P51787,D604827
Q16515,D604827
P04278,D604827
O14842,D604827
P54289,D604827
P17735,D604827
P14902,D604827
Q9NS40,D604827
P01375,D604827
Q14654,D604827
P25100,D604827
Q99707,D604827
P30536,D604827
Q15822,D604827
P23416,D604827
P31645,D604827
P19634,D604827
P49448,D604827
P14416,D604827
Q12879,D604827
P16219,D604827
Q9UBK8,D604827
Q16445,D604827
P51788,D604827
P00533,D604827
P35372,D604827
Q07912,D604827
P11473,D604827
Q09470,D604827
P40261,D604827
P33527,D604827
Q92731,D604827
P04150,D604827
P14867,D604827
P09488,D604827
P07203,D604827
P30711,D604827
Q13255,D604827
Q13002,D604827
Q16099,D604827
P42262,D604827
P48058,D604827
P42263,D604827
Q14833,D604827
Q14831,D604827
O00222,D604827
P06241,D604827
P43681,D604827
P17787,D604827
P07333,D604827
P27487,D604827
P43220,D604827
O95180,D604827
Q14289,D604827
P05771,D604827
P02741,D604827
P37840,D604827
P29972,D604827
Q9UKV0,D604827
P43004,D604827
Q00535,D604827
P00749,D604827
O43526,D604827
P30044,D604827
P05231,D604827
P28482,D604827
P29274,D604827
P25116,D604827
P00156,D604827
P07339,D604827
P98164,D604827
P07225,D604827
P01579,D604827
P01189,D604827
P20333,D604827
O75469,D604827
P16220,D604827
Q04760,D604827
P52788,D604827
O95831,D604827
P10646,D604827
Q14416,D604827
P29074,D604827
P01137,D604827
P35222,D604827
P32418,D604827
P56817,D604827
Q99497,D604827
Q7L0J3,D604827
Q9Y275,D604827
P62937,D604827
P01042,D604827
Q8NER1,D604827
P60568,D604827
P48051,D604827
P98160,D604827
P08183,D604827
P23946,D604827
P04629,D604827
P05412,D604827
O94956,D604827
P15502,D604827
P13500,D604827
P01584,D604827
P43005,D604827
P11166,D604827
P49841,D604827
Q9UNQ0,D604827
Q92887,D604827
P05164,D604827
O60733,D604827
P06493,D604827
P05362,D604827
P19838,D604827
P00750,D604827
P01138,D604827
P17302,D604827
P21589,D604827
P53779,D604827
P06881,D604827
P04156,D604827
P19367,D604827
P19320,D604827
P43003,D604827
P08254,D604827
P02649,D604827
P07900,D604827
P01100,D604827
P17252,D604827
P00450,D604827
P02774,D604827
Q15858,D604827
P22061,D604827
P48745,D604827
P42574,D604827
O60760,D604827
P45844,D604827
P04271,D604827
P02751,D604827
Q7Z2W7,D604827
P28161,D604827
P41594,D604827
O15530,D604827
P04040,D604827
O75874,D604827
P68363,D604827
P48736,D604827
Q71U36,D604827
Q13509,D604827
P55055,D604827
P06132,D604827
Q9Y286,D604827
P09874,D604827
P53355,D604827
P14174,D604827
Q05315,D604827
P08238,D604827
Q16881,D604827
Q99250,D604827
Q9NY46,D604827
P35499,D604827
Q9UQD0,D604827
P21964,D604827
P11511,D604827
P07942,D604827
P11362,D604827
P22607,D604827
P63027,D604827
Q8N9I0,D604827
P02458,D604827
P35237,D604827
O94903,D604827
P42898,D604827
P06276,D604827
P19021,D604827
P00813,D604827
Q00975,D604827
P15104,D604827
Q5JPH6,D604827
Q9BW92,D604827
O43766,D604827
O43272,D604827
Q13427,D604827
Q7L3T8,D604827
Q96I59,D604827
P36544,D604827
Q14832,D604827
P28472,D604827
P47870,D604827
Q13698,D604827
O00305,D604827
Q01668,D604827
P20815,D604827
P10635,D604827
Q92769,D604827
Q16665,D604827
P41146,D604827
P42336,D604827
P42345,D604827
P00441,D604827
Q9NY47,D604827
O43525,D604827
P56696,D604827
Q9NR82,D604827
O14672,D604827
O00329,D604827
P42338,D604827
P07949,D604827
Q05655,D604827
P49146,D604827
P05177,D604827
P35225,D604827
O00206,D604827
O14746,D604827
Q96EB6,D604827
P07237,D604827
P21796,D604827
P45880,D604827
Q86US8,D604827
P04141,D604827
P22301,D604827
P39905,D604827
P42768,D604827
P08684,D604827
Q9NQX3,D604827
P11712,D604827
P25311,D604827
Q16698,D604827
P15289,D604827
P18509,D604827
P01270,D604827
P07384,D604827
P48357,D604827
P04637,D604827
P00403,D604827
P41597,D604827
P05067,D604827
P23560,D604827
Q13885,D604827
P15328,D604827
P05019,D604827
Q92843,D604827
Q92934,D604827
P50052,D604827
P09429,D604827
P04792,D604827
Q14790,D604827
P40763,D604827
P10636,D604827
P01303,D604827
P04439,D604827
P01308,D604827
P01127,D604827
P49674,D604827
P30411,D604827
O14788,D604827
P05112,D604827
P56524,D604827
P33261,D604827
O60656,D604827
P55263,D604827
P04798,D604827
P05186,D604827
P20813,D604827
P38606,D604827
O14649,D604827
Q9NPC2,D604827
P18507,D604827
P28476,D604827
O14764,D604827
Q9NZV8,D604827
Q9UK17,D604827
Q16620,D604827
P33260,D604827
Q07699,D604827
O60939,D604827
Q9NY72,D604827
O15440,D604827
P23258,D604827
Q96RD7,D604827
P15085,D604827
P24666,D604827
P45983,D604827
Q8IVS2,D604827
P21281,D604827
O75460,D604827
Q494W8,D604827
P00414,D604827
P10176,D604827
P04054,D604827
Q13627,D604827
P41235,D604827
Q16566,D604827
P01116,D604827
P01889,D604827
P0CG48,D604827
O00141,D604827
Q13557,D604827
Q08209,D604827
O15144,D604827
P13639,D604827
Q92793,D604827
Q15648,D604827
O43612,D604827
P04179,D604827
P08670,D604827
P20472,D604827
P17600,D604827
Q9NPH2,D604827
P46459,D604827
P26572,D604827
P78352,D604827
P19883,D604827
P48735,D604827
P35398,D604827
Q9NTG7,D604827
P29323,D604827
P09104,D604827
P62826,D604827
O14874,D604827
P55072,D604827
P55789,D604827
Q9UL51,D604827
P41091,D604827
O00142,D604827
P16389,D604827
Q14721,D604827
P48547,D604827
P48066,D604827
P01583,D604827
P18510,D604827
P31639,D604827
Q14145,D604827
P57059,D604827
Q15303,D604827
Q9NSD5,D604827
P48065,D604827
Q9HAB3,D604827
Q13315,D604827
Q01118,D604827
Q9Y698,D604827
Q15878,D604827
P04839,D604827
P78508,D604827
P18847,D604827
P60709,D604827
P63261,D604827
P50993,D604827
P13637,D604827
O95259,D604827
Q9ULB1,D604827
Q92736,D604827
P67870,D604827
P28907,D604827
P60484,D604827
Q04206,D604827
P09936,D604827
Q99571,D604827
Q9C0B1,D604827
Q16555,D604827
Q8TAB3,D604827
O60502,D604827
P46663,D604827
Q16552,D604827
P30626,D604827
P22676,D604827
Q86UW7,D604827
P63244,D604827
P43652,D604827
P08648,D604827
F7VJQ1,D604827
P04080,D604827
O15350,D604827
P12644,D604827
Q14457,D604827
P34932,D604827
P60903,D604827
P04217,D604827
P10909,D604827
P35858,D604827
P13645,D604827
P13647,D604827
P51693,D604827
Q92945,D604827
P21333,D604827
P27635,D604827
P39019,D604827
Q9HBA0,D604827
Q8NI60,D604827
Q96RR4,D604827
P29320,D604827
P54762,D604827
O15146,D604827
O75914,D604827
Q9H4B4,D604827
Q13237,D604827
P11532,D604827
Q9UBL9,D604827
Q99572,D604827
Q8NCM2,D604827
Q8TDN2,D604827
Q14722,D604827
Q13303,D604827
Q9Y6K1,D604827
P41238,D604827
P52429,D604827
Q9Y487,D604827
P55211,D604827
P35498,D605021
P01189,D605021
P62330,D605021
P19113,D605055
Q9UI32,D605055
P00488,D605055
P35228,D605055
P30542,D605055
P00519,D605055
P23219,D605055
P21728,D605055
P35916,D605055
P17948,D605055
Q9UPY5,D605055
P06213,D605055
O60931,D605055
P04049,D605055
P29401,D605055
P20309,D605055
P00734,D605055
P13716,D605055
P14780,D605055
P21554,D605055
P30556,D605055
P34995,D605055
P11836,D605055
P29475,D605055
P24752,D605055
Q07869,D605055
P51843,D605055
P10912,D605055
Q8IWU9,D605055
P12277,D605055
Q13639,D605055
P14618,D605055
P11229,D605055
P34972,D605055
P17707,D605055
P35610,D605055
O76082,D605055
P51606,D605055
Q9H244,D605055
P06746,D605055
P07741,D605055
Q05940,D605055
O95477,D605055
P17752,D605055
P03372,D605055
P10275,D605055
P05091,D605055
P22888,D605055
P49419,D605055
P09172,D605055
P35498,D605055
Q99720,D605055
Q9H3S4,D605055
Q02218,D605055
P15692,D605055
P20132,D605055
P49916,D605055
Q9UJ68,D605055
P08588,D605055
O76074,D605055
P56937,D605055
P45381,D605055
Q8WTV0,D605055
P14061,D605055
O15374,D605055
P18858,D605055
Q13564,D605055
P09619,D605055
Q09428,D605055
P00747,D605055
P56556,D605055
P16442,D605055
P37231,D605055
Q9UBS5,D605055
P16083,D605055
P12821,D605055
P23381,D605055
P06858,D605055
P05121,D605055
P10415,D605055
P09917,D605055
P30531,D605055
P00491,D605055
P14679,D605055
Q9Y478,D605055
O76054,D605055
P35354,D605055
P29474,D605055
P08473,D605055
P00797,D605055
P14207,D605055
P01008,D605055
P05089,D605055
P08913,D605055
P08908,D605055
P30518,D605055
Q13258,D605055
P31153,D605055
Q16795,D605055
P00480,D605055
P16050,D605055
P02753,D605055
Q99714,D605055
P00918,D605055
P35520,D605055
P49286,D605055
P28845,D605055
P00374,D605055
P00395,D605055
P02766,D605055
P25098,D605055
P05093,D605055
P20648,D605055
Q9NR19,D605055
Q96I99,D605055
P63098,D605055
P00740,D605055
Q05586,D605055
P43116,D605055
P35968,D605055
Q99259,D605055
P04070,D605055
P47869,D605055
P23945,D605055
Q9GZT4,D605055
P21917,D605055
P60880,D605055
P08246,D605055
P02794,D605055
P00325,D605055
P32238,D605055
P11926,D605055
P50416,D605055
Q00266,D605055
P51659,D605055
P13196,D605055
P19793,D605055
Q13224,D605055
P0DP23,D605055
P55017,D605055
P41143,D605055
P04083,D605055
P04181,D605055
P00338,D605055
P22303,D605055
P31749,D605055
Q13936,D605055
P30988,D605055
P17516,D605055
O60669,D605055
P29466,D605055
Q96RQ3,D605055
Q96A70,D605055
O15427,D605055
Q9UIC8,D605055
P28223,D605055
P37023,D605055
P30939,D605055
O95665,D605055
O60706,D605055
Q16718,D605055
Q16739,D605055
O43497,D605055
P23975,D605055
P16473,D605055
P41252,D605055
Q9Y5K3,D605055
P01130,D605055
P35348,D605055
P03886,D605055
P41180,D605055
P02787,D605055
P04626,D605055
O94788,D605055
P48039,D605055
P20701,D605055
P28329,D605055
P04424,D605055
P25101,D605055
P02768,D605055
P28335,D605055
O60391,D605055
P04406,D605055
P03905,D605055
Q12791,D605055
P00352,D605055
P06401,D605055
P08172,D605055
P14778,D605055
Q9NWM0,D605055
Q04609,D605055
P18089,D605055
P04035,D605055
Q14534,D605055
O43772,D605055
P35462,D605055
P30519,D605055
P40925,D605055
P12235,D605055
Q05329,D605055
Q9Y617,D605055
P07101,D605055
P49585,D605055
P11586,D605055
P52895,D605055
P18031,D605055
Q13085,D605055
Q9Y233,D605055
P41145,D605055
Q8TDS4,D605055
P42261,D605055
Q8TCU5,D605055
P08253,D605055
Q01959,D605055
P00390,D605055
P34969,D605055
P14784,D605055
P19235,D605055
P03891,D605055
P19429,D605055
P47712,D605055
P17181,D605055
P24298,D605055
P08235,D605055
P53985,D605055
P51787,D605055
P20138,D605055
O95169,D605055
Q13131,D605055
Q16515,D605055
P04278,D605055
P10827,D605055
O14842,D605055
P05230,D605055
P17735,D605055
P14902,D605055
P07550,D605055
P62942,D605055
P11498,D605055
O95342,D605055
P01375,D605055
Q13946,D605055
P12314,D605055
Q03405,D605055
O14556,D605055
Q99707,D605055
P09601,D605055
P30536,D605055
P09622,D605055
Q15822,D605055
P12081,D605055
P53004,D605055
P31645,D605055
P01178,D605055
Q9UI09,D605055
P14416,D605055
P78540,D605055
Q12879,D605055
Q9UBK8,D605055
O94760,D605055
P00533,D605055
Q9P2J5,D605055
P35372,D605055
P14324,D605055
P22033,D605055
P11473,D605055
P40926,D605055
P33527,D605055
Q92731,D605055
Q99062,D605055
P04150,D605055
P28222,D605055
Q9UHC9,D605055
P09488,D605055
Q9Y2Q3,D605055
P21266,D605055
P09211,D605055
P78417,D605055
P07203,D605055
P30711,D605055
O43708,D605055
Q13255,D605055
O94925,D605055
Q16099,D605055
P42262,D605055
P48058,D605055
P42263,D605055
O43451,D605055
P06241,D605055
P07947,D605055
P06239,D605055
P42081,D605055
P33681,D605055
P43681,D605055
P17787,D605055
P07333,D605055
P27487,D605055
P01031,D605055
P43220,D605055
P08069,D605055
O60895,D605055
P11086,D605055
Q16568,D605055
Q02750,D605055
Q14289,D605055
P05771,D605055
P02741,D605055
P37840,D605055
P29972,D605055
Q9UKV0,D605055
P22102,D605055
P43004,D605055
Q06520,D605055
P19440,D605055
Q00535,D605055
P26358,D605055
P00749,D605055
O95237,D605055
O75015,D605055
P20810,D605055
P35558,D605055
P01023,D605055
P51681,D605055
P05451,D605055
Q99519,D605055
P08581,D605055
P62993,D605055
P05231,D605055
P61073,D605055
P03956,D605055
P10997,D605055
P02652,D605055
P28482,D605055
P29274,D605055
P02763,D605055
P01574,D605055
P25116,D605055
P08174,D605055
P27169,D605055
O75891,D605055
P02778,D605055
P00156,D605055
P07858,D605055
P07339,D605055
P98164,D605055
P07225,D605055
P01579,D605055
P50406,D605055
P01189,D605055
P20333,D605055
P34913,D605055
P01009,D605055
P01133,D605055
P27986,D605055
O75469,D605055
P06730,D605055
P16220,D605055
P49327,D605055
P10145,D605055
Q04760,D605055
P45452,D605055
Q9Y5N1,D605055
P17936,D605055
P17405,D605055
Q14416,D605055
P13501,D605055
P35568,D605055
P04062,D605055
P29074,D605055
P29460,D605055
Q9BYF1,D605055
P01137,D605055
P35222,D605055
P32418,D605055
P56817,D605055
Q99497,D605055
Q7L0J3,D605055
P02788,D605055
Q16853,D605055
P31930,D605055
P29965,D605055
Q03181,D605055
P99999,D605055
P08311,D605055
P62937,D605055
P09038,D605055
Q13464,D605055
P01042,D605055
Q16539,D605055
P03951,D605055
Q8NER1,D605055
P06850,D605055
P24385,D605055
P60568,D605055
P98160,D605055
P08183,D605055
P21980,D605055
P04629,D605055
P05412,D605055
P04275,D605055
P15502,D605055
P13500,D605055
P01584,D605055
P43005,D605055
P11166,D605055
Q13231,D605055
P01019,D605055
P27361,D605055
O60858,D605055
P49841,D605055
Q9UNQ0,D605055
Q92887,D605055
Q06124,D605055
P16581,D605055
P05164,D605055
O60733,D605055
P15144,D605055
Q15111,D605055
P06493,D605055
P80188,D605055
P05362,D605055
P19838,D605055
P00750,D605055
P11413,D605055
P23297,D605055
Q9UM07,D605055
P01138,D605055
P17302,D605055
P21589,D605055
P53779,D605055
P11021,D605055
P48651,D605055
P11137,D605055
P15309,D605055
P06881,D605055
P04156,D605055
P19367,D605055
P63000,D605055
P16070,D605055
P19320,D605055
P43003,D605055
P08254,D605055
Q16873,D605055
P02649,D605055
P07900,D605055
P14210,D605055
O75762,D605055
P16870,D605055
Q08345,D605055
P08697,D605055
P01100,D605055
P17252,D605055
P27815,D605055
P36969,D605055
P19438,D605055
P00450,D605055
P02774,D605055
P48061,D605055
P29218,D605055
O14920,D605055
P05106,D605055
P98170,D605055
P42574,D605055
O60603,D605055
O60760,D605055
P45844,D605055
P78559,D605055
Q9NR96,D605055
P31751,D605055
P63104,D605055
P14410,D605055
P04271,D605055
P13726,D605055
P30086,D605055
P02751,D605055
P22894,D605055
P14735,D605055
P15559,D605055
Q08257,D605055
O15439,D605055
P28161,D605055
P61586,D605055
P41594,D605055
P13569,D605055
P25942,D605055
P08842,D605055
P06744,D605055
P08100,D605055
P22455,D605055
Q99808,D605055
P80511,D605055
P04040,D605055
P05113,D605055
P68400,D605055
P02743,D605055
P31939,D605055
Q10588,D605055
Q9P2W7,D605055
O75874,D605055
P68363,D605055
Q06187,D605055
Q08499,D605055
Q9NP99,D605055
P43403,D605055
P48736,D605055
P43405,D605055
P17931,D605055
P68371,D605055
P49137,D605055
P36959,D605055
P68366,D605055
P30405,D605055
P08631,D605055
P50579,D605055
P35030,D605055
Q92876,D605055
P55055,D605055
P06132,D605055
P14555,D605055
P25774,D605055
Q9Y286,D605055
Q9Y5Y6,D605055
P00751,D605055
P30305,D605055
P09874,D605055
P53355,D605055
Q9HAN9,D605055
P49759,D605055
Q16775,D605055
P55210,D605055
P00746,D605055
P52732,D605055
P14174,D605055
P37173,D605055
Q05315,D605055
P08238,D605055
P51161,D605055
P32119,D605055
Q16881,D605055
O00408,D605055
P21964,D605055
P11511,D605055
P00736,D605055
P02745,D605055
P08637,D605055
P12318,D605055
P11047,D605055
P25391,D605055
P27797,D605055
Q07954,D605055
P13727,D605055
P32927,D605055
P34741,D605055
P06400,D605055
P29120,D605055
Q16270,D605055
P02461,D605055
P11362,D605055
P22607,D605055
P07711,D605055
P23763,D605055
P63027,D605055
Q01362,D605055
P35237,D605055
P09486,D605055
P48147,D605055
Q6ZQY3,D605055
P42898,D605055
O14939,D605055
P06276,D605055
Q13393,D605055
O00519,D605055
P27338,D605055
P21397,D605055
Q9HBH1,D605055
P50750,D605055
P00813,D605055
P11802,D605055
P21452,D605055
P27708,D605055
Q7L266,D605055
P15104,D605055
Q07075,D605055
Q9H4Y5,D605055
Q9NY59,D605055
Q6IB77,D605055
Q9UGM6,D605055
Q9ULC6,D605055
Q9Y2J8,D605055
P67775,D605055
P23284,D605055
P45877,D605055
Q13427,D605055
Q96I59,D605055
P36544,D605055
Q14832,D605055
P49721,D605055
P10635,D605055
P16435,D605055
Q13547,D605055
Q92769,D605055
O15379,D605055
Q9UBN7,D605055
Q16665,D605055
P43115,D605055
P41146,D605055
P42336,D605055
P20292,D605055
O00459,D605055
Q92569,D605055
P42345,D605055
Q00653,D605055
P00441,D605055
P41231,D605055
P08865,D605055
O14672,D605055
O00329,D605055
P42338,D605055
O60674,D605055
Q13093,D605055
P07949,D605055
P43490,D605055
P27695,D605055
P01911,D605055
Q05655,D605055
P24394,D605055
P05177,D605055
P50135,D605055
P35225,D605055
P03952,D605055
O00206,D605055
P32320,D605055
Q01726,D605055
O14746,D605055
P05155,D605055
Q5T4S7,D605055
Q96EB6,D605055
P07237,D605055
P21796,D605055
P10147,D605055
Q15185,D605055
P04141,D605055
P22301,D605055
P39905,D605055
P42768,D605055
Q8WTS6,D605055
Q13363,D605055
P08684,D605055
Q9NQX3,D605055
P23141,D605055
P11712,D605055
P08887,D605055
P51687,D605055
P80075,D605055
P06703,D605055
Q6UWP2,D605055
P15531,D605055
Q16698,D605055
O76083,D605055
P49763,D605055
P15289,D605055
Q9Y691,D605055
P18509,D605055
P15086,D605055
P22392,D605055
P07998,D605055
Q03721,D605055
Q16769,D605055
P78368,D605055
P30291,D605055
P07384,D605055
Q13285,D605055
Q9NXA8,D605055
P35625,D605055
Q86VB7,D605055
P48357,D605055
P04637,D605055
O96017,D605055
O14757,D605055
Q92847,D605055
P05305,D605055
P00403,D605055
P41597,D605055
Q9NNW7,D605055
P51671,D605055
P05067,D605055
P23560,D605055
P15328,D605055
Q96BI3,D605055
Q9NZ42,D605055
Q13443,D605055
Q9NPF7,D605055
P43235,D605055
P05019,D605055
P55786,D605055
Q92843,D605055
P10644,D605055
P50052,D605055
P09429,D605055
Q02156,D605055
P04792,D605055
O14793,D605055
Q15116,D605055
Q9NZQ7,D605055
Q99527,D605055
Q9H6X2,D605055
P02647,D605055
P01024,D605055
Q14790,D605055
P40763,D605055
Q14956,D605055
P10636,D605055
P01303,D605055
O43174,D605055
P04439,D605055
P40933,D605055
P01308,D605055
P01127,D605055
P15391,D605055
P53420,D605055
P15941,D605055
P15169,D605055
Q07820,D605055
P49674,D605055
P30411,D605055
Q00613,D605055
Q96QU6,D605055
P11597,D605055
O14788,D605055
Q9NR97,D605055
P05112,D605055
P56524,D605055
P30874,D605055
P32745,D605055
P33261,D605055
P05108,D605055
P22309,D605055
P20813,D605055
P25024,D605055
P52209,D605055
P05556,D605055
P06756,D605055
P32297,D605055
Q99928,D605055
Q16620,D605055
Q9NRF9,D605055
P11717,D605055
Q12908,D605055
Q8TCC7,D605055
P19652,D605055
P09237,D605055
P50281,D605055
Q9Y5R2,D605055
P35869,D605055
P11474,D605055
Q8NEB9,D605055
Q08462,D605055
Q13526,D605055
P48552,D605055
P53350,D605055
P30153,D605055
P61626,D605055
P78536,D605055
P17612,D605055
P13051,D605055
P45984,D605055
Q99933,D605055
P11142,D605055
Q13133,D605055
P36897,D605055
Q9UQF2,D605055
P45983,D605055
P42892,D605055
P62136,D605055
P21281,D605055
Q15078,D605055
P61313,D605055
O75460,D605055
P25705,D605055
P06576,D605055
P60174,D605055
Q14994,D605055
Q15118,D605055
P28072,D605055
P09466,D605055
Q9Y6M4,D605055
Q494W8,D605055
P00414,D605055
P20674,D605055
P10176,D605055
P14854,D605055
P04054,D605055
Q13627,D605055
P41235,D605055
P98155,D605055
Q16566,D605055
Q9UQM7,D605055
P01889,D605055
P0CG48,D605055
O00141,D605055
P14920,D605055
P29597,D605055
P08758,D605055
P49862,D605055
P06396,D605055
Q14494,D605055
P23528,D605055
O75116,D605055
P06731,D605055
Q08209,D605055
P15151,D605055
P61160,D605055
P13639,D605055
P05187,D605055
P07948,D605055
P78362,D605055
Q8IU85,D605055
O00182,D605055
P09848,D605055
Q9NWZ3,D605055
P14550,D605055
Q92793,D605055
O14792,D605055
O43612,D605055
Q15796,D605055
P04179,D605055
O75390,D605055
P01920,D605055
P08670,D605055
P20472,D605055
P22694,D605055
P07108,D605055
Q8IWL2,D605055
P11226,D605055
P51149,D605055
P04053,D605055
P17600,D605055
P63096,D605055
P20645,D605055
Q99798,D605055
P10600,D605055
Q14643,D605055
P78352,D605055
P48735,D605055
P68104,D605055
P62837,D605055
P20339,D605055
P50897,D605055
P49913,D605055
P35398,D605055
Q9NTG7,D605055
P29323,D605055
P09104,D605055
P62166,D605055
P62491,D605055
P62826,D605055
P0CG47,D605055
O14874,D605055
P55072,D605055
Q92993,D605055
O60493,D605055
P55789,D605055
P78330,D605055
Q01082,D605055
Q13838,D605055
P13611,D605055
P60953,D605055
Q9BVM4,D605055
Q96QT4,D605055
O14964,D605055
Q9UL54,D605055
Q9Y6B6,D605055
P41091,D605055
Q9Y646,D605055
P30041,D605055
P31327,D605055
P00748,D605055
P54219,D605055
P0C0L4,D605055
P0C0L5,D605055
P01106,D605055
Q9UQQ2,D605055
Q14721,D605055
P01583,D605055
P18510,D605055
P28065,D605055
P42685,D605055
P11274,D605055
P36507,D605055
P31639,D605055
Q14145,D605055
Q15303,D605055
Q7RTT9,D605055
P48065,D605055
P02795,D605055
P01903,D605055
P13762,D605055
Q30154,D605055
Q9HAB3,D605055
P02786,D605055
Q13315,D605055
O00264,D605055
P04839,D605055
P14598,D605055
P15153,D605055
Q9H2S1,D605055
P54646,D605055
Q14571,D605055
Q14573,D605055
Q9NP56,D605055
O95263,D605055
P15336,D605055
P18848,D605055
P18850,D605055
Q07021,D605055
Q6UX15,D605055
P98066,D605055
P10599,D605055
P60709,D605055
P63261,D605055
P05090,D605055
Q15493,D605055
Q9ULB1,D605055
Q92736,D605055
P28907,D605055
P17676,D605055
P60484,D605055
P49908,D605055
Q04206,D605055
P09936,D605055
P25713,D605055
Q8TDU6,D605055
Q99571,D605055
Q9C0B1,D605055
Q16555,D605055
P06733,D605055
P29590,D605055
O14618,D605055
Q14978,D605055
O60502,D605055
P46939,D605055
Q06830,D605055
Q16552,D605055
O43614,D605055
Q8NBP7,D605055
P34998,D605055
P49281,D605055
Q99828,D605055
P13693,D605055
P28676,D605055
P0DP24,D605055
P0DP25,D605055
P22676,D605055
Q86UW7,D605055
P02655,D605055
P02656,D605055
P29372,D605055
P05109,D605055
P10809,D605055
P22626,D605055
P23246,D605055
P63244,D605055
P31948,D605055
P60842,D605055
P04155,D605055
P07288,D605055
Q96RI0,D605055
F7VJQ1,D605055
Q16595,D605055
P06702,D605055
O15350,D605055
P42858,D605055
Q92570,D605055
P32004,D605055
P12644,D605055
Q99623,D605055
P53805,D605055
P38936,D605055
Q14457,D605055
P54652,D605055
P61978,D605055
P34932,D605055
Q92598,D605055
P60903,D605055
P09493,D605055
P54578,D605055
P12004,D605055
P02765,D605055
P04003,D605055
P02748,D605055
P08603,D605055
P05156,D605055
P10909,D605055
P45973,D605055
P35858,D605055
P36955,D605055
P05160,D605055
Q14624,D605055
P02533,D605055
P01011,D605055
P51693,D605055
Q06481,D605055
Q92945,D605055
P48047,D605055
P21333,D605055
Q5SSJ5,D605055
P06748,D605055
P62753,D605055
Q07955,D605055
Q02083,D605055
Q9HBA0,D605055
P35579,D605055
P31391,D605055
P22897,D605055
Q9UHD2,D605055
Q13470,D605055
Q06418,D605055
Q2M2I8,D605055
Q8NFD2,D605055
Q96RR4,D605055
O14578,D605055
P49760,D605055
Q9UIK4,D605055
P19525,D605055
Q9P2K8,D605055
P21709,D605055
P54764,D605055
P29322,D605055
P07332,D605055
P49840,D605055
P14616,D605055
P51617,D605055
Q5S007,D605055
P46734,D605055
Q02779,D605055
Q12852,D605055
Q13164,D605055
Q8IW41,D605055
Q9P0L2,D605055
Q7KZI7,D605055
P27448,D605055
Q96L34,D605055
Q13153,D605055
O75914,D605055
Q9NYY3,D605055
Q13546,D605055
P08922,D605055
Q96BR1,D605055
O75716,D605055
P01350,D605055
Q15910,D605055
Q8IXJ6,D605055
P35232,D605055
P11532,D605055
Q86YN6,D605055
P51575,D605055
Q9UBL9,D605055
P56373,D605055
Q93086,D605055
O15547,D605055
Q99572,D605055
P47900,D605055
P51582,D605055
Q9Y6H6,D605055
Q9UQ05,D605055
Q96L42,D605055
P41222,D605055
P04114,D605055
P00738,D605055
P06307,D605055
P52824,D605055
Q13574,D605055
Q13488,D605055
P61421,D605055
O15342,D605055
P36543,D605055
Q9UI12,D605055
P49662,D605055
P20702,D605055
P23634,D605055
P55211,D605055
P16278,D605055
P0CG30,D605055
Q9UBC3,D605055
Q9NRA0,D605055
O15123,D605055
Q9UM73,D605839
P06401,D605839
P08581,D605839
Q00987,D605839
P11802,D605839
P04637,D605839
P35626,D606703
P21728,D606703
P21554,D606703
P51606,D606703
Q99720,D606703
P15692,D606703
P29474,D606703
P19801,D606703
O00555,D606703
Q99259,D606703
P21917,D606703
O15399,D606703
Q13224,D606703
P22303,D606703
P29466,D606703
P28223,D606703
Q9P0J0,D606703
P28335,D606703
Q12791,D606703
P00352,D606703
P35462,D606703
P07101,D606703
Q9Y233,D606703
Q01959,D606703
P04278,D606703
P01375,D606703
P14416,D606703
Q12879,D606703
P35372,D606703
Q09470,D606703
P28222,D606703
P09211,D606703
P07203,D606703
Q14833,D606703
P12931,D606703
P43681,D606703
P05771,D606703
P37840,D606703
P43004,D606703
P26358,D606703
O43526,D606703
P28482,D606703
P29274,D606703
P98164,D606703
P01189,D606703
P30793,D606703
P11166,D606703
P27361,D606703
Q06124,D606703
P02649,D606703
P17252,D606703
P00450,D606703
P15559,D606703
P41594,D606703
Q92947,D606703
P21964,D606703
P05154,D606703
P27338,D606703
P21397,D606703
Q00975,D606703
Q9UGM6,D606703
P10635,D606703
P41146,D606703
P42345,D606703
P04141,D606703
P39905,D606703
P23560,D606703
P04439,D606703
P35219,D606703
O95622,D606703
Q13554,D606703
P60174,D606703
P04179,D606703
P30084,D606703
P78352,D606703
P07478,D606703
P29323,D606703
P62258,D606703
Q15878,D606703
O60502,D606703
O75533,D606703
Q8NFD2,D606703
O14578,D606703
Q5S007,D606703
Q15139,D606703
P21918,D606798
Q01959,D606798
P98164,D606798
P00450,D606798
P23560,D606798
O14578,D606798
P03923,D607459
P49585,D607459
Q12879,D607459
P98164,D607459
P52788,D607459
P35222,D607459
P00450,D607459
P04350,D607459
Q14643,D607459
O95263,D607459
Q16595,D607459
Q5KSL6,D607459
Q8IWU9,D607498
P35498,D607498
P12821,D607498
O00555,D607498
P21917,D607498
P41595,D607498
Q13936,D607498
P28223,D607498
P01130,D607498
P25101,D607498
P35462,D607498
P11586,D607498
P42261,D607498
P01375,D607498
Q03405,D607498
P31645,D607498
P14416,D607498
P11473,D607498
P09488,D607498
O60894,D607498
P01137,D607498
P01374,D607498
P06881,D607498
O60760,D607498
Q7Z2W7,D607498
P04040,D607498
P21964,D607498
Q07954,D607498
P20711,D607498
P42898,D607498
P21397,D607498
P00441,D607498
P01911,D607498
P18509,D607498
P41597,D607498
P23560,D607498
O43612,D607498
P04179,D607498
Q15878,D607498
Q9UGI6,D607498
P50993,D607498
O43613,D607498
P31415,D607498
P14780,D607499
P21554,D607499
P17752,D607499
P03372,D607499
P08908,D607499
P46098,D607499
P21917,D607499
P28223,D607499
P28335,D607499
P00352,D607499
Q01959,D607499
P24298,D607499
P04278,D607499
P31645,D607499
P14416,D607499
Q92731,D607499
P04150,D607499
P28222,D607499
P30559,D607499
P27487,D607499
P43220,D607499
P37840,D607499
P50225,D607499
P24385,D607499
P08183,D607499
P11166,D607499
P21964,D607499
O00519,D607499
P08729,D607499
Q92847,D607499
P23560,D607499
P05019,D607499
Q07820,D607499
Q16620,D607499
Q96I15,D607499
O95264,D607499
Q9C0B1,D607499
O14578,D607499
P32245,D607499
Q8IWU9,D607501
P35498,D607501
P12821,D607501
O00555,D607501
P21917,D607501
P41595,D607501
Q13936,D607501
P28223,D607501
P01130,D607501
P25101,D607501
P35462,D607501
P11586,D607501
P42261,D607501
P01375,D607501
Q03405,D607501
P31645,D607501
P14416,D607501
P11473,D607501
P09488,D607501
O60894,D607501
P01137,D607501
P01374,D607501
P06881,D607501
O60760,D607501
Q7Z2W7,D607501
P04040,D607501
P21964,D607501
Q07954,D607501
P20711,D607501
P42898,D607501
P21397,D607501
P00441,D607501
P01911,D607501
P18509,D607501
P41597,D607501
P23560,D607501
O43612,D607501
P04179,D607501
Q15878,D607501
Q9UGI6,D607501
P50993,D607501
O43613,D607501
P31415,D607501
Q8IWU9,D607508
P35498,D607508
P12821,D607508
O00555,D607508
P21917,D607508
P41595,D607508
Q13936,D607508
P28223,D607508
P01130,D607508
P25101,D607508
P35462,D607508
P11586,D607508
P42261,D607508
P01375,D607508
Q03405,D607508
P31645,D607508
P14416,D607508
P11473,D607508
P09488,D607508
O60894,D607508
P01137,D607508
P01374,D607508
P06881,D607508
O60760,D607508
Q7Z2W7,D607508
P04040,D607508
P21964,D607508
Q07954,D607508
P20711,D607508
P42898,D607508
P21397,D607508
P00441,D607508
P01911,D607508
P18509,D607508
P41597,D607508
P23560,D607508
O43612,D607508
P04179,D607508
Q15878,D607508
Q9UGI6,D607508
P50993,D607508
O43613,D607508
P31415,D607508
Q8IWU9,D607516
P35498,D607516
P12821,D607516
O00555,D607516
P21917,D607516
P41595,D607516
Q13936,D607516
P28223,D607516
P01130,D607516
P25101,D607516
P35462,D607516
P11586,D607516
P42261,D607516
P01375,D607516
Q03405,D607516
P31645,D607516
P14416,D607516
P11473,D607516
P09488,D607516
O60894,D607516
P01137,D607516
P01374,D607516
P06881,D607516
O60760,D607516
Q7Z2W7,D607516
P04040,D607516
P21964,D607516
Q07954,D607516
P20711,D607516
P42898,D607516
P21397,D607516
P00441,D607516
P01911,D607516
P18509,D607516
P41597,D607516
P23560,D607516
O43612,D607516
P04179,D607516
Q15878,D607516
Q9UGI6,D607516
P50993,D607516
O43613,D607516
P31415,D607516
P51787,D607554
P48728,D607628
P30542,D607628
P23219,D607628
P02452,D607628
O95363,D607628
Q9UPY5,D607628
P06213,D607628
P20309,D607628
Q9H2X9,D607628
P00734,D607628
P48167,D607628
P14780,D607628
P21554,D607628
P30556,D607628
Q07869,D607628
Q12809,D607628
P11229,D607628
Q9Y289,D607628
P34972,D607628
Q9H244,D607628
P07741,D607628
Q05940,D607628
O95477,D607628
P03372,D607628
P10275,D607628
P49419,D607628
Q8WY07,D607628
P09172,D607628
Q9UHW9,D607628
P35498,D607628
P23368,D607628
P51649,D607628
Q9NYK1,D607628
O43175,D607628
P15692,D607628
P00367,D607628
Q9NVS9,D607628
P07814,D607628
Q14524,D607628
O95069,D607628
P37231,D607628
Q9UBS5,D607628
P12821,D607628
P26640,D607628
Q02252,D607628
P06858,D607628
P10415,D607628
P30531,D607628
P80404,D607628
P35354,D607628
P29474,D607628
P00797,D607628
Q96GD0,D607628
P55011,D607628
P08913,D607628
P08908,D607628
P16050,D607628
P34896,D607628
P00395,D607628
P39086,D607628
P03923,D607628
O00555,D607628
P00740,D607628
Q05586,D607628
P48029,D607628
Q99259,D607628
P47869,D607628
P25103,D607628
P21917,D607628
P60880,D607628
O15399,D607628
P11926,D607628
P50416,D607628
O75311,D607628
Q13224,D607628
P55017,D607628
P41143,D607628
P04083,D607628
P22303,D607628
P31749,D607628
Q13936,D607628
P23415,D607628
O60669,D607628
P28223,D607628
P30872,D607628
Q14957,D607628
O60706,D607628
P31644,D607628
P48169,D607628
O43497,D607628
P16473,D607628
P51172,D607628
Q13621,D607628
P07202,D607628
P34903,D607628
Q9P0J0,D607628
P02768,D607628
O60391,D607628
P04406,D607628
Q12791,D607628
P08172,D607628
Q9NWM0,D607628
P08559,D607628
P18089,D607628
P42330,D607628
Q05329,D607628
P07101,D607628
P11586,D607628
P41145,D607628
P15056,D607628
P42261,D607628
P08253,D607628
Q01959,D607628
P14784,D607628
P47712,D607628
P53985,D607628
P51787,D607628
Q16515,D607628
P04278,D607628
O14842,D607628
P54289,D607628
P17735,D607628
P14902,D607628
Q9NS40,D607628
P01375,D607628
Q14654,D607628
P25100,D607628
Q99707,D607628
P30536,D607628
Q15822,D607628
P23416,D607628
P31645,D607628
P19634,D607628
P49448,D607628
P14416,D607628
Q12879,D607628
P16219,D607628
Q9UBK8,D607628
Q16445,D607628
P51788,D607628
P00533,D607628
P35372,D607628
Q07912,D607628
P11473,D607628
Q09470,D607628
P40261,D607628
P33527,D607628
Q92731,D607628
P04150,D607628
P14867,D607628
P09488,D607628
P07203,D607628
P30711,D607628
Q13255,D607628
Q13002,D607628
Q16099,D607628
P42262,D607628
P48058,D607628
P42263,D607628
Q14833,D607628
Q14831,D607628
O00222,D607628
P06241,D607628
P43681,D607628
P17787,D607628
P07333,D607628
P27487,D607628
P43220,D607628
O95180,D607628
Q14289,D607628
P05771,D607628
P02741,D607628
P37840,D607628
P29972,D607628
Q9UKV0,D607628
P43004,D607628
Q00535,D607628
P00749,D607628
O43526,D607628
P30044,D607628
P05231,D607628
P28482,D607628
P29274,D607628
P25116,D607628
P00156,D607628
P07339,D607628
P98164,D607628
P07225,D607628
P01579,D607628
P01189,D607628
P20333,D607628
O75469,D607628
P16220,D607628
Q04760,D607628
P52788,D607628
O95831,D607628
P10646,D607628
Q14416,D607628
P29074,D607628
P01137,D607628
P35222,D607628
P32418,D607628
P56817,D607628
Q99497,D607628
Q7L0J3,D607628
Q9Y275,D607628
P62937,D607628
P01042,D607628
Q8NER1,D607628
P60568,D607628
P48051,D607628
P98160,D607628
P08183,D607628
P23946,D607628
P04629,D607628
P05412,D607628
O94956,D607628
P15502,D607628
P13500,D607628
P01584,D607628
P43005,D607628
P11166,D607628
P49841,D607628
Q9UNQ0,D607628
Q92887,D607628
P05164,D607628
O60733,D607628
P06493,D607628
P05362,D607628
P19838,D607628
P00750,D607628
P01138,D607628
P17302,D607628
P21589,D607628
P53779,D607628
P06881,D607628
P04156,D607628
P19367,D607628
P19320,D607628
P43003,D607628
P08254,D607628
P02649,D607628
P07900,D607628
P01100,D607628
P17252,D607628
P00450,D607628
P02774,D607628
Q15858,D607628
P22061,D607628
P48745,D607628
P42574,D607628
O60760,D607628
P45844,D607628
P04271,D607628
P02751,D607628
Q7Z2W7,D607628
P28161,D607628
P41594,D607628
O15530,D607628
P04040,D607628
O75874,D607628
P68363,D607628
P48736,D607628
Q71U36,D607628
Q13509,D607628
P55055,D607628
P06132,D607628
Q9Y286,D607628
P09874,D607628
P53355,D607628
P14174,D607628
Q05315,D607628
P08238,D607628
Q16881,D607628
Q99250,D607628
Q9NY46,D607628
P35499,D607628
Q9UQD0,D607628
P21964,D607628
P11511,D607628
P07942,D607628
P11362,D607628
P22607,D607628
P63027,D607628
Q8N9I0,D607628
P02458,D607628
P35237,D607628
O94903,D607628
P42898,D607628
P06276,D607628
P19021,D607628
P00813,D607628
Q00975,D607628
P15104,D607628
Q5JPH6,D607628
Q9BW92,D607628
O43766,D607628
O43272,D607628
Q13427,D607628
Q7L3T8,D607628
Q96I59,D607628
P36544,D607628
Q14832,D607628
P28472,D607628
P47870,D607628
Q13698,D607628
O00305,D607628
Q01668,D607628
P20815,D607628
P10635,D607628
Q92769,D607628
Q16665,D607628
P41146,D607628
P42336,D607628
P42345,D607628
P00441,D607628
Q9NY47,D607628
O43525,D607628
P56696,D607628
Q9NR82,D607628
O14672,D607628
O00329,D607628
P42338,D607628
P07949,D607628
Q05655,D607628
P49146,D607628
P05177,D607628
P35225,D607628
O00206,D607628
O14746,D607628
Q96EB6,D607628
P07237,D607628
P21796,D607628
P45880,D607628
Q86US8,D607628
P04141,D607628
P22301,D607628
P39905,D607628
P42768,D607628
P08684,D607628
Q9NQX3,D607628
P11712,D607628
P25311,D607628
Q16698,D607628
P15289,D607628
P18509,D607628
P01270,D607628
P07384,D607628
P48357,D607628
P04637,D607628
P00403,D607628
P41597,D607628
P05067,D607628
P23560,D607628
Q13885,D607628
P15328,D607628
P05019,D607628
Q92843,D607628
Q92934,D607628
P50052,D607628
P09429,D607628
P04792,D607628
Q14790,D607628
P40763,D607628
P10636,D607628
P01303,D607628
P04439,D607628
P01308,D607628
P01127,D607628
P49674,D607628
P30411,D607628
O14788,D607628
P05112,D607628
P56524,D607628
P33261,D607628
O60656,D607628
P55263,D607628
P04798,D607628
P05186,D607628
P20813,D607628
P38606,D607628
O14649,D607628
Q9NPC2,D607628
P18507,D607628
P28476,D607628
O14764,D607628
Q9NZV8,D607628
Q9UK17,D607628
Q16620,D607628
P33260,D607628
Q07699,D607628
O60939,D607628
Q9NY72,D607628
O15440,D607628
P23258,D607628
Q96RD7,D607628
P15085,D607628
P24666,D607628
P45983,D607628
Q8IVS2,D607628
P21281,D607628
O75460,D607628
Q494W8,D607628
P00414,D607628
P10176,D607628
P04054,D607628
Q13627,D607628
P41235,D607628
Q16566,D607628
P01116,D607628
P01889,D607628
P0CG48,D607628
O00141,D607628
Q13557,D607628
Q08209,D607628
O15144,D607628
P13639,D607628
Q92793,D607628
Q15648,D607628
O43612,D607628
P04179,D607628
P08670,D607628
P20472,D607628
P17600,D607628
Q9NPH2,D607628
P46459,D607628
P26572,D607628
P78352,D607628
P19883,D607628
P48735,D607628
P35398,D607628
Q9NTG7,D607628
P29323,D607628
P09104,D607628
P62826,D607628
O14874,D607628
P55072,D607628
P55789,D607628
Q9UL51,D607628
P41091,D607628
O00142,D607628
P16389,D607628
Q14721,D607628
P48547,D607628
P48066,D607628
P01583,D607628
P18510,D607628
P31639,D607628
Q14145,D607628
P57059,D607628
Q15303,D607628
Q9NSD5,D607628
P48065,D607628
Q9HAB3,D607628
Q13315,D607628
Q01118,D607628
Q9Y698,D607628
Q15878,D607628
P04839,D607628
P78508,D607628
P18847,D607628
P60709,D607628
P63261,D607628
P50993,D607628
P13637,D607628
O95259,D607628
Q9ULB1,D607628
Q92736,D607628
P67870,D607628
P28907,D607628
P60484,D607628
Q04206,D607628
P09936,D607628
Q99571,D607628
Q9C0B1,D607628
Q16555,D607628
Q8TAB3,D607628
O60502,D607628
P46663,D607628
Q16552,D607628
P30626,D607628
P22676,D607628
Q86UW7,D607628
P63244,D607628
P43652,D607628
P08648,D607628
F7VJQ1,D607628
P04080,D607628
O15350,D607628
P12644,D607628
Q14457,D607628
P34932,D607628
P60903,D607628
P04217,D607628
P10909,D607628
P35858,D607628
P13645,D607628
P13647,D607628
P51693,D607628
Q92945,D607628
P21333,D607628
P27635,D607628
P39019,D607628
Q9HBA0,D607628
Q8NI60,D607628
Q96RR4,D607628
P29320,D607628
P54762,D607628
O15146,D607628
O75914,D607628
Q9H4B4,D607628
Q13237,D607628
P11532,D607628
Q9UBL9,D607628
Q99572,D607628
Q8NCM2,D607628
Q8TDN2,D607628
Q14722,D607628
Q13303,D607628
Q9Y6K1,D607628
P41238,D607628
P52429,D607628
Q9Y487,D607628
P55211,D607628
P48728,D607631
P30542,D607631
P23219,D607631
P02452,D607631
O95363,D607631
Q9UPY5,D607631
P06213,D607631
P20309,D607631
Q9H2X9,D607631
P00734,D607631
P48167,D607631
P14780,D607631
P21554,D607631
P30556,D607631
Q07869,D607631
Q12809,D607631
P11229,D607631
Q9Y289,D607631
P34972,D607631
Q9H244,D607631
P07741,D607631
Q05940,D607631
O95477,D607631
P03372,D607631
P10275,D607631
P49419,D607631
Q8WY07,D607631
P09172,D607631
Q9UHW9,D607631
P35498,D607631
P23368,D607631
P51649,D607631
Q9NYK1,D607631
O43175,D607631
P15692,D607631
P00367,D607631
Q9NVS9,D607631
P07814,D607631
Q14524,D607631
O95069,D607631
P37231,D607631
Q9UBS5,D607631
P12821,D607631
P26640,D607631
Q02252,D607631
P06858,D607631
P10415,D607631
P30531,D607631
P80404,D607631
P35354,D607631
P29474,D607631
P00797,D607631
Q96GD0,D607631
P55011,D607631
P08913,D607631
P08908,D607631
P16050,D607631
P34896,D607631
P00395,D607631
P39086,D607631
P03923,D607631
O00555,D607631
P00740,D607631
Q05586,D607631
P48029,D607631
Q99259,D607631
P47869,D607631
P25103,D607631
P21917,D607631
P60880,D607631
O15399,D607631
P11926,D607631
P50416,D607631
O75311,D607631
Q13224,D607631
P55017,D607631
P41143,D607631
P04083,D607631
P22303,D607631
P31749,D607631
Q13936,D607631
P23415,D607631
O60669,D607631
P28223,D607631
P30872,D607631
Q14957,D607631
O60706,D607631
P31644,D607631
P48169,D607631
O43497,D607631
P16473,D607631
P51172,D607631
Q13621,D607631
P07202,D607631
P34903,D607631
Q9P0J0,D607631
P02768,D607631
O60391,D607631
P04406,D607631
Q12791,D607631
P08172,D607631
Q9NWM0,D607631
P08559,D607631
P18089,D607631
P42330,D607631
Q05329,D607631
P07101,D607631
P11586,D607631
P41145,D607631
P15056,D607631
P42261,D607631
P08253,D607631
Q01959,D607631
P14784,D607631
P47712,D607631
P53985,D607631
P51787,D607631
Q16515,D607631
P04278,D607631
O14842,D607631
P54289,D607631
P17735,D607631
P14902,D607631
Q9NS40,D607631
P01375,D607631
Q14654,D607631
P25100,D607631
Q99707,D607631
P30536,D607631
Q15822,D607631
P23416,D607631
P31645,D607631
P19634,D607631
P49448,D607631
P14416,D607631
Q12879,D607631
P16219,D607631
Q9UBK8,D607631
Q16445,D607631
P51788,D607631
P00533,D607631
P35372,D607631
Q07912,D607631
P11473,D607631
Q09470,D607631
P40261,D607631
P33527,D607631
Q92731,D607631
P04150,D607631
P14867,D607631
P09488,D607631
P07203,D607631
P30711,D607631
Q13255,D607631
Q13002,D607631
Q16099,D607631
P42262,D607631
P48058,D607631
P42263,D607631
Q14833,D607631
Q14831,D607631
O00222,D607631
P06241,D607631
P43681,D607631
P17787,D607631
P07333,D607631
P27487,D607631
P43220,D607631
O95180,D607631
Q14289,D607631
P05771,D607631
P02741,D607631
P37840,D607631
P29972,D607631
Q9UKV0,D607631
P43004,D607631
Q00535,D607631
P00749,D607631
O43526,D607631
P30044,D607631
P05231,D607631
P28482,D607631
P29274,D607631
P25116,D607631
P00156,D607631
P07339,D607631
P98164,D607631
P07225,D607631
P01579,D607631
P01189,D607631
P20333,D607631
O75469,D607631
P16220,D607631
Q04760,D607631
P52788,D607631
O95831,D607631
P10646,D607631
Q14416,D607631
P29074,D607631
P01137,D607631
P35222,D607631
P32418,D607631
P56817,D607631
Q99497,D607631
Q7L0J3,D607631
Q9Y275,D607631
P62937,D607631
P01042,D607631
Q8NER1,D607631
P60568,D607631
P48051,D607631
P98160,D607631
P08183,D607631
P23946,D607631
P04629,D607631
P05412,D607631
O94956,D607631
P15502,D607631
P13500,D607631
P01584,D607631
P43005,D607631
P11166,D607631
P49841,D607631
Q9UNQ0,D607631
Q92887,D607631
P05164,D607631
O60733,D607631
P06493,D607631
P05362,D607631
P19838,D607631
P00750,D607631
P01138,D607631
P17302,D607631
P21589,D607631
P53779,D607631
P06881,D607631
P04156,D607631
P19367,D607631
P19320,D607631
P43003,D607631
P08254,D607631
P02649,D607631
P07900,D607631
P01100,D607631
P17252,D607631
P00450,D607631
P02774,D607631
Q15858,D607631
P22061,D607631
P48745,D607631
P42574,D607631
O60760,D607631
P45844,D607631
P04271,D607631
P02751,D607631
Q7Z2W7,D607631
P28161,D607631
P41594,D607631
O15530,D607631
P04040,D607631
O75874,D607631
P68363,D607631
P48736,D607631
Q71U36,D607631
Q13509,D607631
P55055,D607631
P06132,D607631
Q9Y286,D607631
P09874,D607631
P53355,D607631
P14174,D607631
Q05315,D607631
P08238,D607631
Q16881,D607631
Q99250,D607631
Q9NY46,D607631
P35499,D607631
Q9UQD0,D607631
P21964,D607631
P11511,D607631
P07942,D607631
P11362,D607631
P22607,D607631
P63027,D607631
Q8N9I0,D607631
P02458,D607631
P35237,D607631
O94903,D607631
P42898,D607631
P06276,D607631
P19021,D607631
P00813,D607631
Q00975,D607631
P15104,D607631
Q5JPH6,D607631
Q9BW92,D607631
O43766,D607631
O43272,D607631
Q13427,D607631
Q7L3T8,D607631
Q96I59,D607631
P36544,D607631
Q14832,D607631
P28472,D607631
P47870,D607631
Q13698,D607631
O00305,D607631
Q01668,D607631
P20815,D607631
P10635,D607631
Q92769,D607631
Q16665,D607631
P41146,D607631
P42336,D607631
P42345,D607631
P00441,D607631
Q9NY47,D607631
O43525,D607631
P56696,D607631
Q9NR82,D607631
O14672,D607631
O00329,D607631
P42338,D607631
P07949,D607631
Q05655,D607631
P49146,D607631
P05177,D607631
P35225,D607631
O00206,D607631
O14746,D607631
Q96EB6,D607631
P07237,D607631
P21796,D607631
P45880,D607631
Q86US8,D607631
P04141,D607631
P22301,D607631
P39905,D607631
P42768,D607631
P08684,D607631
Q9NQX3,D607631
P11712,D607631
P25311,D607631
Q16698,D607631
P15289,D607631
P18509,D607631
P01270,D607631
P07384,D607631
P48357,D607631
P04637,D607631
P00403,D607631
P41597,D607631
P05067,D607631
P23560,D607631
Q13885,D607631
P15328,D607631
P05019,D607631
Q92843,D607631
Q92934,D607631
P50052,D607631
P09429,D607631
P04792,D607631
Q14790,D607631
P40763,D607631
P10636,D607631
P01303,D607631
P04439,D607631
P01308,D607631
P01127,D607631
P49674,D607631
P30411,D607631
O14788,D607631
P05112,D607631
P56524,D607631
P33261,D607631
O60656,D607631
P55263,D607631
P04798,D607631
P05186,D607631
P20813,D607631
P38606,D607631
O14649,D607631
Q9NPC2,D607631
P18507,D607631
P28476,D607631
O14764,D607631
Q9NZV8,D607631
Q9UK17,D607631
Q16620,D607631
P33260,D607631
Q07699,D607631
O60939,D607631
Q9NY72,D607631
O15440,D607631
P23258,D607631
Q96RD7,D607631
P15085,D607631
P24666,D607631
P45983,D607631
Q8IVS2,D607631
P21281,D607631
O75460,D607631
Q494W8,D607631
P00414,D607631
P10176,D607631
P04054,D607631
Q13627,D607631
P41235,D607631
Q16566,D607631
P01116,D607631
P01889,D607631
P0CG48,D607631
O00141,D607631
Q13557,D607631
Q08209,D607631
O15144,D607631
P13639,D607631
Q92793,D607631
Q15648,D607631
O43612,D607631
P04179,D607631
P08670,D607631
P20472,D607631
P17600,D607631
Q9NPH2,D607631
P46459,D607631
P26572,D607631
P78352,D607631
P19883,D607631
P48735,D607631
P35398,D607631
Q9NTG7,D607631
P29323,D607631
P09104,D607631
P62826,D607631
O14874,D607631
P55072,D607631
P55789,D607631
Q9UL51,D607631
P41091,D607631
O00142,D607631
P16389,D607631
Q14721,D607631
P48547,D607631
P48066,D607631
P01583,D607631
P18510,D607631
P31639,D607631
Q14145,D607631
P57059,D607631
Q15303,D607631
Q9NSD5,D607631
P48065,D607631
Q9HAB3,D607631
Q13315,D607631
Q01118,D607631
Q9Y698,D607631
Q15878,D607631
P04839,D607631
P78508,D607631
P18847,D607631
P60709,D607631
P63261,D607631
P50993,D607631
P13637,D607631
O95259,D607631
Q9ULB1,D607631
Q92736,D607631
P67870,D607631
P28907,D607631
P60484,D607631
Q04206,D607631
P09936,D607631
Q99571,D607631
Q9C0B1,D607631
Q16555,D607631
Q8TAB3,D607631
O60502,D607631
P46663,D607631
Q16552,D607631
P30626,D607631
P22676,D607631
Q86UW7,D607631
P63244,D607631
P43652,D607631
P08648,D607631
F7VJQ1,D607631
P04080,D607631
O15350,D607631
P12644,D607631
Q14457,D607631
P34932,D607631
P60903,D607631
P04217,D607631
P10909,D607631
P35858,D607631
P13645,D607631
P13647,D607631
P51693,D607631
Q92945,D607631
P21333,D607631
P27635,D607631
P39019,D607631
Q9HBA0,D607631
Q8NI60,D607631
Q96RR4,D607631
P29320,D607631
P54762,D607631
O15146,D607631
O75914,D607631
Q9H4B4,D607631
Q13237,D607631
P11532,D607631
Q9UBL9,D607631
Q99572,D607631
Q8NCM2,D607631
Q8TDN2,D607631
Q14722,D607631
Q13303,D607631
Q9Y6K1,D607631
P41238,D607631
P52429,D607631
Q9Y487,D607631
P55211,D607631
P48728,D607682
P30542,D607682
P23219,D607682
P02452,D607682
O95363,D607682
Q9UPY5,D607682
P06213,D607682
P20309,D607682
Q9H2X9,D607682
P00734,D607682
P48167,D607682
P14780,D607682
P21554,D607682
P30556,D607682
Q07869,D607682
Q12809,D607682
P11229,D607682
Q9Y289,D607682
P34972,D607682
Q9H244,D607682
P07741,D607682
Q05940,D607682
O95477,D607682
P03372,D607682
P10275,D607682
P49419,D607682
Q8WY07,D607682
P09172,D607682
Q9UHW9,D607682
P35498,D607682
P23368,D607682
P51649,D607682
Q9NYK1,D607682
O43175,D607682
P15692,D607682
P00367,D607682
Q9NVS9,D607682
P07814,D607682
Q14524,D607682
O95069,D607682
P37231,D607682
Q9UBS5,D607682
P12821,D607682
P26640,D607682
Q02252,D607682
P06858,D607682
P10415,D607682
P30531,D607682
P80404,D607682
P35354,D607682
P29474,D607682
P00797,D607682
Q96GD0,D607682
P55011,D607682
P08913,D607682
P08908,D607682
P16050,D607682
P34896,D607682
P00395,D607682
P39086,D607682
P03923,D607682
O00555,D607682
P00740,D607682
Q05586,D607682
P48029,D607682
Q99259,D607682
P47869,D607682
P25103,D607682
P21917,D607682
P60880,D607682
O15399,D607682
P11926,D607682
P50416,D607682
O75311,D607682
Q13224,D607682
P55017,D607682
P41143,D607682
P04083,D607682
P22303,D607682
P31749,D607682
Q13936,D607682
P23415,D607682
O60669,D607682
P28223,D607682
P30872,D607682
Q14957,D607682
O60706,D607682
P31644,D607682
P48169,D607682
O43497,D607682
P16473,D607682
P51172,D607682
Q13621,D607682
P07202,D607682
P34903,D607682
Q9P0J0,D607682
P02768,D607682
O60391,D607682
P04406,D607682
Q12791,D607682
P08172,D607682
Q9NWM0,D607682
P08559,D607682
P18089,D607682
P42330,D607682
Q05329,D607682
P07101,D607682
P11586,D607682
P41145,D607682
P15056,D607682
P42261,D607682
P08253,D607682
Q01959,D607682
P14784,D607682
P47712,D607682
P53985,D607682
P51787,D607682
Q16515,D607682
P04278,D607682
O14842,D607682
P54289,D607682
P17735,D607682
P14902,D607682
Q9NS40,D607682
P01375,D607682
Q14654,D607682
P25100,D607682
Q99707,D607682
P30536,D607682
Q15822,D607682
P23416,D607682
P31645,D607682
P19634,D607682
P49448,D607682
P14416,D607682
Q12879,D607682
P16219,D607682
Q9UBK8,D607682
Q16445,D607682
P51788,D607682
P00533,D607682
P35372,D607682
Q07912,D607682
P11473,D607682
Q09470,D607682
P40261,D607682
P33527,D607682
Q92731,D607682
P04150,D607682
P14867,D607682
P09488,D607682
P07203,D607682
P30711,D607682
Q13255,D607682
Q13002,D607682
Q16099,D607682
P42262,D607682
P48058,D607682
P42263,D607682
Q14833,D607682
Q14831,D607682
O00222,D607682
P06241,D607682
P43681,D607682
P17787,D607682
P07333,D607682
P27487,D607682
P43220,D607682
O95180,D607682
Q14289,D607682
P05771,D607682
P02741,D607682
P37840,D607682
P29972,D607682
Q9UKV0,D607682
P43004,D607682
Q00535,D607682
P00749,D607682
O43526,D607682
P30044,D607682
P05231,D607682
P28482,D607682
P29274,D607682
P25116,D607682
P00156,D607682
P07339,D607682
P98164,D607682
P07225,D607682
P01579,D607682
P01189,D607682
P20333,D607682
O75469,D607682
P16220,D607682
Q04760,D607682
P52788,D607682
O95831,D607682
P10646,D607682
Q14416,D607682
P29074,D607682
P01137,D607682
P35222,D607682
P32418,D607682
P56817,D607682
Q99497,D607682
Q7L0J3,D607682
Q9Y275,D607682
P62937,D607682
P01042,D607682
Q8NER1,D607682
P60568,D607682
P48051,D607682
P98160,D607682
P08183,D607682
P23946,D607682
P04629,D607682
P05412,D607682
O94956,D607682
P15502,D607682
P13500,D607682
P01584,D607682
P43005,D607682
P11166,D607682
P49841,D607682
Q9UNQ0,D607682
Q92887,D607682
P05164,D607682
O60733,D607682
P06493,D607682
P05362,D607682
P19838,D607682
P00750,D607682
P01138,D607682
P17302,D607682
P21589,D607682
P53779,D607682
P06881,D607682
P04156,D607682
P19367,D607682
P19320,D607682
P43003,D607682
P08254,D607682
P02649,D607682
P07900,D607682
P01100,D607682
P17252,D607682
P00450,D607682
P02774,D607682
Q15858,D607682
P22061,D607682
P48745,D607682
P42574,D607682
O60760,D607682
P45844,D607682
P04271,D607682
P02751,D607682
Q7Z2W7,D607682
P28161,D607682
P41594,D607682
O15530,D607682
P04040,D607682
O75874,D607682
P68363,D607682
P48736,D607682
Q71U36,D607682
Q13509,D607682
P55055,D607682
P06132,D607682
Q9Y286,D607682
P09874,D607682
P53355,D607682
P14174,D607682
Q05315,D607682
P08238,D607682
Q16881,D607682
Q99250,D607682
Q9NY46,D607682
P35499,D607682
Q9UQD0,D607682
P21964,D607682
P11511,D607682
P07942,D607682
P11362,D607682
P22607,D607682
P63027,D607682
Q8N9I0,D607682
P02458,D607682
P35237,D607682
O94903,D607682
P42898,D607682
P06276,D607682
P19021,D607682
P00813,D607682
Q00975,D607682
P15104,D607682
Q5JPH6,D607682
Q9BW92,D607682
O43766,D607682
O43272,D607682
Q13427,D607682
Q7L3T8,D607682
Q96I59,D607682
P36544,D607682
Q14832,D607682
P28472,D607682
P47870,D607682
Q13698,D607682
O00305,D607682
Q01668,D607682
P20815,D607682
P10635,D607682
Q92769,D607682
Q16665,D607682
P41146,D607682
P42336,D607682
P42345,D607682
P00441,D607682
Q9NY47,D607682
O43525,D607682
P56696,D607682
Q9NR82,D607682
O14672,D607682
O00329,D607682
P42338,D607682
P07949,D607682
Q05655,D607682
P49146,D607682
P05177,D607682
P35225,D607682
O00206,D607682
O14746,D607682
Q96EB6,D607682
P07237,D607682
P21796,D607682
P45880,D607682
Q86US8,D607682
P04141,D607682
P22301,D607682
P39905,D607682
P42768,D607682
P08684,D607682
Q9NQX3,D607682
P11712,D607682
P25311,D607682
Q16698,D607682
P15289,D607682
P18509,D607682
P01270,D607682
P07384,D607682
P48357,D607682
P04637,D607682
P00403,D607682
P41597,D607682
P05067,D607682
P23560,D607682
Q13885,D607682
P15328,D607682
P05019,D607682
Q92843,D607682
Q92934,D607682
P50052,D607682
P09429,D607682
P04792,D607682
Q14790,D607682
P40763,D607682
P10636,D607682
P01303,D607682
P04439,D607682
P01308,D607682
P01127,D607682
P49674,D607682
P30411,D607682
O14788,D607682
P05112,D607682
P56524,D607682
P33261,D607682
O60656,D607682
P55263,D607682
P04798,D607682
P05186,D607682
P20813,D607682
P38606,D607682
O14649,D607682
Q9NPC2,D607682
P18507,D607682
P28476,D607682
O14764,D607682
Q9NZV8,D607682
Q9UK17,D607682
Q16620,D607682
P33260,D607682
Q07699,D607682
O60939,D607682
Q9NY72,D607682
O15440,D607682
P23258,D607682
Q96RD7,D607682
P15085,D607682
P24666,D607682
P45983,D607682
Q8IVS2,D607682
P21281,D607682
O75460,D607682
Q494W8,D607682
P00414,D607682
P10176,D607682
P04054,D607682
Q13627,D607682
P41235,D607682
Q16566,D607682
P01116,D607682
P01889,D607682
P0CG48,D607682
O00141,D607682
Q13557,D607682
Q08209,D607682
O15144,D607682
P13639,D607682
Q92793,D607682
Q15648,D607682
O43612,D607682
P04179,D607682
P08670,D607682
P20472,D607682
P17600,D607682
Q9NPH2,D607682
P46459,D607682
P26572,D607682
P78352,D607682
P19883,D607682
P48735,D607682
P35398,D607682
Q9NTG7,D607682
P29323,D607682
P09104,D607682
P62826,D607682
O14874,D607682
P55072,D607682
P55789,D607682
Q9UL51,D607682
P41091,D607682
O00142,D607682
P16389,D607682
Q14721,D607682
P48547,D607682
P48066,D607682
P01583,D607682
P18510,D607682
P31639,D607682
Q14145,D607682
P57059,D607682
Q15303,D607682
Q9NSD5,D607682
P48065,D607682
Q9HAB3,D607682
Q13315,D607682
Q01118,D607682
Q9Y698,D607682
Q15878,D607682
P04839,D607682
P78508,D607682
P18847,D607682
P60709,D607682
P63261,D607682
P50993,D607682
P13637,D607682
O95259,D607682
Q9ULB1,D607682
Q92736,D607682
P67870,D607682
P28907,D607682
P60484,D607682
Q04206,D607682
P09936,D607682
Q99571,D607682
Q9C0B1,D607682
Q16555,D607682
Q8TAB3,D607682
O60502,D607682
P46663,D607682
Q16552,D607682
P30626,D607682
P22676,D607682
Q86UW7,D607682
P63244,D607682
P43652,D607682
P08648,D607682
F7VJQ1,D607682
P04080,D607682
O15350,D607682
P12644,D607682
Q14457,D607682
P34932,D607682
P60903,D607682
P04217,D607682
P10909,D607682
P35858,D607682
P13645,D607682
P13647,D607682
P51693,D607682
Q92945,D607682
P21333,D607682
P27635,D607682
P39019,D607682
Q9HBA0,D607682
Q8NI60,D607682
Q96RR4,D607682
P29320,D607682
P54762,D607682
O15146,D607682
O75914,D607682
Q9H4B4,D607682
Q13237,D607682
P11532,D607682
Q9UBL9,D607682
Q99572,D607682
Q8NCM2,D607682
Q8TDN2,D607682
Q14722,D607682
Q13303,D607682
Q9Y6K1,D607682
P41238,D607682
P52429,D607682
Q9Y487,D607682
P55211,D607682
P35228,D607685
P00519,D607685
P29475,D607685
P31358,D607685
P08700,D607685
P36888,D607685
P09619,D607685
P10721,D607685
P01589,D607685
P04150,D607685
P16234,D607685
P51692,D607685
P60568,D607685
P11166,D607685
P13726,D607685
P05113,D607685
P10153,D607685
Q96AZ6,D607685
P11362,D607685
O60674,D607685
P35225,D607685
P10147,D607685
P04141,D607685
P40238,D607685
P01563,D607685
Q9P2E9,D607685
Q01344,D607685
Q16552,D607685
P35228,D607850
P50213,D607850
P23219,D607850
P35916,D607850
P02452,D607850
P17948,D607850
O00217,D607850
P12259,D607850
P24530,D607850
P20309,D607850
P14780,D607850
P13674,D607850
P21554,D607850
P30556,D607850
Q07869,D607850
P10912,D607850
P00492,D607850
P02792,D607850
P14618,D607850
P34972,D607850
P35610,D607850
P51606,D607850
P07741,D607850
O95477,D607850
P17752,D607850
P03372,D607850
P08700,D607850
Q04828,D607850
P10275,D607850
Q9NYK1,D607850
Q99720,D607850
P15692,D607850
P31040,D607850
P45381,D607850
O15374,D607850
P10826,D607850
Q09428,D607850
P00747,D607850
P16442,D607850
P37231,D607850
P12821,D607850
O75746,D607850
P05121,D607850
P10415,D607850
P09917,D607850
P80404,D607850
Q9Y478,D607850
P40939,D607850
P35354,D607850
Q04771,D607850
P00797,D607850
P01008,D607850
P34897,D607850
P16050,D607850
P08620,D607850
P28845,D607850
P00395,D607850
P02766,D607850
P19801,D607850
P00740,D607850
P43116,D607850
P35968,D607850
P25103,D607850
P08246,D607850
P38435,D607850
Q13224,D607850
P0DP23,D607850
P41143,D607850
P04181,D607850
P31749,D607850
P30988,D607850
Q14432,D607850
Q96Q40,D607850
P29466,D607850
O15427,D607850
P22413,D607850
P37023,D607850
P49821,D607850
P43155,D607850
P01130,D607850
P03886,D607850
P41180,D607850
O94788,D607850
P28329,D607850
P25101,D607850
Q9P0J0,D607850
P04406,D607850
Q12791,D607850
P14778,D607850
Q9NWM0,D607850
Q04609,D607850
P08559,D607850
P13612,D607850
P52895,D607850
P18031,D607850
P41145,D607850
P42261,D607850
P08253,D607850
P14784,D607850
P03891,D607850
P47712,D607850
P01589,D607850
P10276,D607850
Q13131,D607850
P04278,D607850
P10827,D607850
P05230,D607850
P17735,D607850
P14902,D607850
P07550,D607850
P01375,D607850
Q03405,D607850
P02818,D607850
P09601,D607850
P30536,D607850
P12081,D607850
P21802,D607850
P78540,D607850
Q9UBK8,D607850
P00533,D607850
P35372,D607850
P11473,D607850
Q92731,D607850
P04150,D607850
P09488,D607850
Q9Y2Q3,D607850
O15217,D607850
P07203,D607850
P30711,D607850
O94925,D607850
P42081,D607850
P16234,D607850
P07333,D607850
P27487,D607850
P43220,D607850
Q02750,D607850
Q14289,D607850
P02741,D607850
P29972,D607850
Q9UKV0,D607850
P19440,D607850
P26358,D607850
P00749,D607850
P49747,D607850
O75015,D607850
P20810,D607850
P30044,D607850
P01023,D607850
P51681,D607850
P05451,D607850
P08581,D607850
P05231,D607850
P61073,D607850
P03956,D607850
P28482,D607850
P01574,D607850
P25116,D607850
P27169,D607850
P02778,D607850
P07858,D607850
P07339,D607850
P01579,D607850
P01189,D607850
P20333,D607850
P01133,D607850
P27986,D607850
O75469,D607850
P16220,D607850
P49327,D607850
P10145,D607850
Q04760,D607850
P45452,D607850
P05120,D607850
P17936,D607850
P13501,D607850
P35568,D607850
P01137,D607850
P35222,D607850
P32418,D607850
O14965,D607850
O60488,D607850
Q9Y275,D607850
Q00987,D607850
Q03181,D607850
P09038,D607850
P01042,D607850
Q16539,D607850
P03951,D607850
Q8NER1,D607850
P63316,D607850
P06850,D607850
P24385,D607850
P60568,D607850
P21980,D607850
P04629,D607850
P05412,D607850
P04275,D607850
P15502,D607850
P13500,D607850
P01584,D607850
P35557,D607850
P11166,D607850
P01019,D607850
P27361,D607850
P04004,D607850
Q06124,D607850
P24941,D607850
P16581,D607850
P05164,D607850
P15144,D607850
P06493,D607850
P80188,D607850
P05362,D607850
P19838,D607850
P23297,D607850
P06870,D607850
Q9UM07,D607850
P01138,D607850
P17302,D607850
P21589,D607850
P53779,D607850
P11021,D607850
P15309,D607850
P06881,D607850
P04156,D607850
P35247,D607850
P19367,D607850
P63000,D607850
Q16678,D607850
P16070,D607850
P19320,D607850
P08254,D607850
P02649,D607850
P07900,D607850
P14210,D607850
Q08345,D607850
P08697,D607850
P01100,D607850
P02776,D607850
P27815,D607850
P36969,D607850
P19438,D607850
P02774,D607850
Q15858,D607850
P48745,D607850
P16444,D607850
P48061,D607850
O14920,D607850
P05106,D607850
P98170,D607850
P42574,D607850
O60603,D607850
P14625,D607850
O60760,D607850
Q9NR96,D607850
P31751,D607850
P63104,D607850
P04271,D607850
P02751,D607850
P22894,D607850
P15559,D607850
P61586,D607850
O15530,D607850
P25942,D607850
P08842,D607850
P39900,D607850
P06744,D607850
P80511,D607850
P04040,D607850
P05113,D607850
Q9P2W7,D607850
Q9NP99,D607850
Q9UN19,D607850
P43403,D607850
P48736,D607850
P17931,D607850
P49137,D607850
P20231,D607850
Q9BY41,D607850
P25774,D607850
Q9Y286,D607850
Q9Y5Y6,D607850
P04075,D607850
P23526,D607850
P09874,D607850
P55210,D607850
P52732,D607850
P14174,D607850
P37173,D607850
Q05315,D607850
P32119,D607850
Q16881,D607850
Q9NY46,D607850
Q9UQD0,D607850
P62508,D607850
P21964,D607850
P11511,D607850
P00736,D607850
P08637,D607850
P31785,D607850
P05452,D607850
P27797,D607850
Q07954,D607850
P29120,D607850
Q16270,D607850
P05981,D607850
P11362,D607850
P22607,D607850
P07711,D607850
P02458,D607850
Q96LZ3,D607850
Q96EN8,D607850
P42898,D607850
O00469,D607850
O00519,D607850
O75936,D607850
P19021,D607850
P50750,D607850
Q8IVL6,D607850
P00813,D607850
Q9GZT9,D607850
O15460,D607850
P10768,D607850
P35754,D607850
Q6TGC4,D607850
Q9Y2J8,D607850
P67775,D607850
Q13427,D607850
P20618,D607850
P10635,D607850
Q13547,D607850
Q92769,D607850
O15379,D607850
Q9UBN7,D607850
Q16665,D607850
P43115,D607850
P42336,D607850
P20292,D607850
Q92569,D607850
P42345,D607850
P00441,D607850
P08865,D607850
O14672,D607850
O00329,D607850
P42338,D607850
O60674,D607850
P43490,D607850
P01911,D607850
Q05655,D607850
P24394,D607850
Q14627,D607850
P06280,D607850
P35225,D607850
Q8WXI7,D607850
O00206,D607850
P32320,D607850
P54760,D607850
Q96EB6,D607850
P07237,D607850
P45880,D607850
P10147,D607850
P04141,D607850
P22301,D607850
Q92831,D607850
P31949,D607850
P08887,D607850
P80075,D607850
Q05397,D607850
Q16698,D607850
P49763,D607850
P15289,D607850
P18509,D607850
P15086,D607850
O60547,D607850
P22392,D607850
P01270,D607850
O15169,D607850
P35625,D607850
Q86VB7,D607850
P48357,D607850
Q02763,D607850
P04637,D607850
P05305,D607850
P00403,D607850
P41597,D607850
P51671,D607850
P05067,D607850
P23560,D607850
Q5NUL3,D607850
P33151,D607850
Q96IY4,D607850
Q9NPF7,D607850
P43235,D607850
P05019,D607850
Q92934,D607850
P10644,D607850
P50052,D607850
P09429,D607850
Q02224,D607850
O14793,D607850
Q15116,D607850
Q9NZQ7,D607850
P02647,D607850
P01024,D607850
P20963,D607850
Q14790,D607850
Q9Y6Q6,D607850
P40763,D607850
P25963,D607850
Q14956,D607850
P10636,D607850
P40933,D607850
Q9NPC1,D607850
Q15722,D607850
P17813,D607850
P15391,D607850
Q12884,D607850
Q03431,D607850
Q07817,D607850
Q07820,D607850
P49674,D607850
P30411,D607850
P11597,D607850
O14788,D607850
P05112,D607850
P35408,D607850
P56524,D607850
Q8WUI4,D607850
P05186,D607850
P25024,D607850
O95749,D607850
P62745,D607850
P05556,D607850
Q16620,D607850
Q7LG56,D607850
Q8N1Q1,D607850
P09238,D607850
P09237,D607850
P50281,D607850
Q99542,D607850
Q9H239,D607850
P35869,D607850
P11474,D607850
Q9UNA0,D607850
P63092,D607850
Q15661,D607850
P53350,D607850
P30153,D607850
P78536,D607850
P61769,D607850
P36897,D607850
P45983,D607850
Q13554,D607850
P51955,D607850
P21281,D607850
O75460,D607850
P60174,D607850
P47985,D607850
Q15118,D607850
Q9UKQ2,D607850
P30301,D607850
P49720,D607850
P09466,D607850
P04054,D607850
P41235,D607850
Q00536,D607850
P16112,D607850
O00141,D607850
Q6UWM7,D607850
P08758,D607850
Q15418,D607850
P13639,D607850
Q6NVY1,D607850
O00182,D607850
Q15119,D607850
P26447,D607850
Q92793,D607850
O43612,D607850
Q15796,D607850
P04179,D607850
Q03403,D607850
P08670,D607850
P22694,D607850
P51178,D607850
P63096,D607850
P09382,D607850
Q9NPH2,D607850
P31323,D607850
P22459,D607850
P10600,D607850
P78352,D607850
P19883,D607850
P48735,D607850
P68104,D607850
P35398,D607850
Q9NTG7,D607850
P29323,D607850
P62826,D607850
P55789,D607850
Q01082,D607850
Q15382,D607850
Q99873,D607850
P60953,D607850
Q99661,D607850
O15111,D607850
P0C0L4,D607850
P0C0L5,D607850
P01106,D607850
Q14697,D607850
O75330,D607850
P49190,D607850
P01583,D607850
P18510,D607850
Q16832,D607850
Q9Y2U5,D607850
Q14145,D607850
P57059,D607850
P51812,D607850
O95644,D607850
Q05513,D607850
P04839,D607850
P13498,D607850
P14598,D607850
P54646,D607850
Q14123,D607850
P18847,D607850
P18850,D607850
P10915,D607850
Q14520,D607850
Q6UX15,D607850
P98066,D607850
P10599,D607850
P60709,D607850
O95718,D607850
P13637,D607850
P62807,D607850
O00299,D607850
P28907,D607850
P17676,D607850
P60484,D607850
P36956,D607850
Q04206,D607850
Q8TDU6,D607850
Q99571,D607850
Q9C0B1,D607850
Q16555,D607850
P06733,D607850
P08493,D607850
P46663,D607850
Q06830,D607850
Q16552,D607850
O43613,D607850
P34998,D607850
Q96DB2,D607850
Q14872,D607850
Q99653,D607850
P35556,D607850
P0DP24,D607850
P0DP25,D607850
P05109,D607850
P10809,D607850
P63244,D607850
P12814,D607850
P31946,D607850
P18669,D607850
P30101,D607850
P04155,D607850
F7VJQ1,D607850
P06702,D607850
Q92570,D607850
P12644,D607850
Q16602,D607850
Q9UJU2,D607850
P38936,D607850
Q14457,D607850
P61978,D607850
P34932,D607850
P60903,D607850
P09493,D607850
P54578,D607850
P27348,D607850
P12004,D607850
P04003,D607850
P10909,D607850
P02750,D607850
P51884,D607850
P29622,D607850
P36955,D607850
O14791,D607850
P15924,D607850
P19827,D607850
P13647,D607850
P01011,D607850
Q6FHJ7,D607850
Q92945,D607850
Q14103,D607850
Q16518,D607850
Q02083,D607850
Q9HBA0,D607850
P36894,D607850
Q9HC29,D607850
P55073,D607850
P22897,D607850
P20393,D607850
P35590,D607850
Q9UKI8,D607850
O75385,D607850
Q9C098,D607850
P19525,D607850
P29320,D607850
P54764,D607850
Q9UPZ9,D607850
Q14164,D607850
P14616,D607850
P51617,D607850
Q9Y2K2,D607850
Q16584,D607850
Q99759,D607850
Q9Y6R4,D607850
Q8IVH8,D607850
Q8N4C8,D607850
Q13177,D607850
Q15139,D607850
Q13546,D607850
O43353,D607850
P08922,D607850
Q15910,D607850
Q9BQB4,D607850
Q99814,D607850
Q9NPA2,D607850
Q8IXJ6,D607850
P51679,D607850
P11532,D607850
Q86YN6,D607850
Q99572,D607850
P53396,D607850
P41222,D607850
Q9Y6K1,D607850
P00738,D607850
P06307,D607850
Q9H2H9,D607850
P16278,D607850
Q9UBC3,D607850
Q02223,D607850
Q9NRA0,D607850
O15123,D607850
P50213,D608033
O95363,D608033
Q9UBM7,D608033
Q9Y234,D608033
P00734,D608033
Q07869,D608033
P19404,D608033
P35498,D608033
Q9H3S4,D608033
P00387,D608033
O43175,D608033
P15692,D608033
P31040,D608033
P23786,D608033
Q9Y619,D608033
P08243,D608033
P12821,D608033
P26640,D608033
P05121,D608033
P30531,D608033
Q9UJS0,D608033
P00480,D608033
P00918,D608033
P04818,D608033
P02766,D608033
O00555,D608033
Q9UM73,D608033
Q05586,D608033
P00505,D608033
Q00266,D608033
Q13224,D608033
P55017,D608033
P22303,D608033
P31644,D608033
P28331,D608033
O43181,D608033
P03886,D608033
P41180,D608033
P34903,D608033
P02768,D608033
O43772,D608033
P03915,D608033
P40925,D608033
Q9Y617,D608033
P07101,D608033
P15056,D608033
P24298,D608033
P00966,D608033
P01375,D608033
Q99707,D608033
Q12879,D608033
P11473,D608033
P14867,D608033
P09488,D608033
P07333,D608033
P37840,D608033
P43004,D608033
P16410,D608033
O43526,D608033
P01023,D608033
P05231,D608033
P29274,D608033
P01574,D608033
P01579,D608033
P01189,D608033
P01009,D608033
P10145,D608033
O95831,D608033
P01137,D608033
P08183,D608033
P13500,D608033
P01584,D608033
P43005,D608033
P30793,D608033
P11166,D608033
O60858,D608033
Q9UNQ0,D608033
P05164,D608033
P23297,D608033
P04156,D608033
P02649,D608033
P19438,D608033
P00450,D608033
P42574,D608033
O60760,D608033
P04271,D608033
P28161,D608033
P04350,D608033
P32119,D608033
Q99250,D608033
P35499,D608033
Q9UQD0,D608033
P02679,D608033
Q8TD30,D608033
Q9HD40,D608033
P06276,D608033
Q9BW92,D608033
Q5JTZ9,D608033
O43766,D608033
Q7L3T8,D608033
P28472,D608033
P42345,D608033
O43525,D608033
Q9NR82,D608033
Q06609,D608033
O00206,D608033
P04141,D608033
P22301,D608033
P11509,D608033
P41597,D608033
P05067,D608033
P15328,D608033
P10644,D608033
P09429,D608033
P15941,D608033
P49674,D608033
P05186,D608033
P20813,D608033
P38606,D608033
P18507,D608033
P78536,D608033
Q15078,D608033
Q14994,D608033
P01889,D608033
Q9BY32,D608033
P68104,D608033
P50897,D608033
P49411,D608033
O00142,D608033
P16389,D608033
Q14721,D608033
P48547,D608033
P01583,D608033
P04839,D608033
P50993,D608033
P13637,D608033
Q8TAB3,D608033
O75880,D608033
Q16552,D608033
P43652,D608033
F7VJQ1,D608033
Q16595,D608033
P04003,D608033
Q14624,D608033
Q8NI60,D608033
Q9Y6K1,D608033
O15123,D608033
P10515,D608105
P07101,D608105
P43681,D608105
P30793,D608105
P10635,D608105
P60709,D608105
P13637,D608105
Q09470,D608217
O43526,D608217
O43525,D608217
Q9NR82,D608217
P41968,D608217
P17174,D608320
P27169,D608320
P27708,D608320
P09958,D608320
Q86US8,D608320
P08887,D608320
P05305,D608320
Q14524,D608583
O60706,D608583
P15382,D608583
P51787,D608583
Q07699,D608583
O60939,D608583
Q9NY72,D608583
Q8IWT1,D608583
P22460,D608583
P63252,D608583
Q9Y6J6,D608583
